Fecha,Temp_Max,Temp_Min,Temp_Prom,Humedad_Max,Humedad_Min,Humedad_Prom,Lluvia,Presion,Viento_Max,Año,Decada
1990-01-01,29.5,20.3,24.44,92,55,75.21,0.9,1007.8,8.9,1990,1990
1990-01-02,29.9,21.3,24.87,91,49,72.88,0.2,1006.82,8.9,1990,1990
1990-01-03,30.3,20.6,25.14,84,47,66.83,0.3,1005.49,7.9,1990,1990
1990-01-04,29.9,21.7,25.04,89,53,73.04,1.5,1005.89,7.2,1990,1990
1990-01-05,30.2,21.4,25.08,89,54,76.46,5.6,1005.76,6.9,1990,1990
1990-01-06,28.7,21.3,24.39,95,66,83.71,12.3,1005.99,7.2,1990,1990
1990-01-07,29.0,20.3,24.24,91,59,78.75,3.1,1005.35,8.3,1990,1990
1990-01-08,29.6,20.3,24.66,91,53,75.71,2.7,1006.02,7.8,1990,1990
1990-01-09,30.0,20.7,25.0,92,48,72.25,1.4,1006.96,6.5,1990,1990
1990-01-10,30.2,20.6,24.87,86,44,65.42,0.0,1006.21,8.9,1990,1990
1990-01-11,30.8,19.6,24.55,81,40,64.5,0.2,1005.72,9.1,1990,1990
1990-01-12,31.1,20.0,24.83,89,42,66.75,1.6,1006.68,8.8,1990,1990
1990-01-13,31.5,20.1,25.02,88,42,66.88,1.1,1007.18,8.5,1990,1990
1990-01-14,31.0,20.2,25.24,85,45,68.54,0.8,1006.27,8.5,1990,1990
1990-01-15,30.7,22.5,25.97,81,46,64.04,0.2,1005.1,9.8,1990,1990
1990-01-16,31.4,21.7,26.21,78,43,60.33,0.0,1003.34,11.6,1990,1990
1990-01-17,31.6,23.9,27.01,74,45,59.75,0.6,1002.46,8.4,1990,1990
1990-01-18,31.5,23.1,26.73,80,45,63.33,1.3,1002.5,7.6,1990,1990
1990-01-19,31.8,21.9,26.39,86,47,67.04,2.2,1002.98,8.0,1990,1990
1990-01-20,32.0,23.0,26.34,89,46,70.83,7.1,1003.07,7.0,1990,1990
1990-01-21,31.5,21.8,26.48,86,48,67.08,0.7,1002.69,7.3,1990,1990
1990-01-22,32.1,22.4,26.91,83,45,62.67,0.0,1002.38,8.9,1990,1990
1990-01-23,32.0,24.1,27.25,72,42,59.75,0.0,1001.23,16.3,1990,1990
1990-01-24,32.6,24.4,27.68,68,42,57.88,0.0,1000.24,12.5,1990,1990
1990-01-25,32.8,23.3,27.67,80,43,62.38,0.9,1001.28,8.6,1990,1990
1990-01-26,33.2,22.9,27.58,81,41,59.92,0.0,1002.9,12.9,1990,1990
1990-01-27,33.0,23.6,27.85,77,43,59.42,0.1,1002.39,9.0,1990,1990
1990-01-28,32.9,24.8,27.95,75,41,58.88,0.1,1001.29,12.2,1990,1990
1990-01-29,32.7,24.3,27.64,68,40,57.71,0.6,1000.7,9.9,1990,1990
1990-01-30,32.8,23.5,27.4,72,40,58.54,1.2,1001.9,9.5,1990,1990
1990-01-31,32.6,23.5,27.45,70,41,57.54,0.3,1003.07,9.9,1990,1990
1990-02-01,33.1,23.8,27.68,69,40,58.38,1.2,1003.8,9.5,1990,1990
1990-02-02,33.3,23.4,27.69,73,40,60.25,0.9,1004.73,8.7,1990,1990
1990-02-03,32.8,24.2,27.67,76,43,62.88,1.9,1004.81,7.2,1990,1990
1990-02-04,32.7,23.7,27.68,75,41,59.21,1.7,1005.32,8.0,1990,1990
1990-02-05,32.3,23.5,27.21,73,40,56.88,0.7,1006.76,8.7,1990,1990
1990-02-06,32.7,22.5,26.97,64,31,50.21,0.0,1006.78,9.8,1990,1990
1990-02-07,32.4,22.6,26.55,63,39,52.83,0.0,1005.94,11.6,1990,1990
1990-02-08,33.0,22.2,26.87,62,34,50.46,0.0,1005.94,12.1,1990,1990
1990-02-09,33.3,22.3,27.05,74,37,58.79,0.2,1006.17,9.8,1990,1990
1990-02-10,33.3,22.1,27.18,78,39,60.79,1.2,1005.27,8.2,1990,1990
1990-02-11,33.3,23.2,27.58,79,39,62.21,3.2,1005.3,7.3,1990,1990
1990-02-12,33.5,22.3,27.18,76,25,52.38,0.0,1005.83,10.5,1990,1990
1990-02-13,32.8,22.3,26.75,67,35,52.88,0.0,1006.92,11.5,1990,1990
1990-02-14,33.0,21.6,26.86,73,34,55.04,0.6,1007.2,9.4,1990,1990
1990-02-15,33.3,20.8,26.63,77,31,58.54,0.8,1007.58,9.0,1990,1990
1990-02-16,33.2,23.2,27.45,77,37,59.46,0.3,1007.3,7.0,1990,1990
1990-02-17,32.6,21.5,26.49,69,35,54.04,0.2,1007.21,10.2,1990,1990
1990-02-18,32.2,21.0,26.18,73,34,53.46,0.0,1008.21,10.2,1990,1990
1990-02-19,32.7,20.8,26.32,68,31,52.75,0.0,1008.3,9.8,1990,1990
1990-02-20,32.7,21.3,26.68,72,36,56.79,0.5,1007.87,9.0,1990,1990
1990-02-21,32.7,21.5,26.54,76,40,61.83,0.8,1007.96,8.6,1990,1990
1990-02-22,33.4,22.4,27.2,79,40,63.62,1.0,1007.64,9.1,1990,1990
1990-02-23,33.4,22.5,27.13,79,38,64.62,2.4,1007.46,8.4,1990,1990
1990-02-24,33.2,22.7,27.09,75,32,56.08,0.0,1007.45,10.3,1990,1990
1990-02-25,31.7,20.7,25.95,73,32,52.21,0.0,1007.39,16.9,1990,1990
1990-02-26,32.4,23.0,26.58,62,32,49.92,0.0,1007.78,14.2,1990,1990
1990-02-27,32.6,20.9,26.25,71,32,49.58,0.0,1006.95,14.1,1990,1990
1990-02-28,33.1,22.1,26.71,63,28,47.54,0.0,1006.69,11.6,1990,1990
1990-03-01,33.5,20.8,26.47,69,26,51.5,0.0,1007.05,10.5,1990,1990
1990-03-02,33.4,19.8,26.23,74,30,55.33,0.2,1007.25,9.3,1990,1990
1990-03-03,33.1,20.5,26.5,81,34,60.88,0.8,1007.87,10.8,1990,1990
1990-03-04,33.3,22.2,27.2,78,34,58.33,0.1,1007.2,7.4,1990,1990
1990-03-05,33.7,22.3,27.58,74,30,53.38,0.0,1006.46,9.7,1990,1990
1990-03-06,33.2,21.8,26.98,72,37,54.54,0.0,1004.52,10.6,1990,1990
1990-03-07,33.6,23.8,27.6,68,35,53.5,0.0,1004.15,11.9,1990,1990
1990-03-08,33.2,23.2,27.1,66,32,51.54,0.0,1003.74,16.5,1990,1990
1990-03-09,33.5,23.6,27.48,63,35,52.04,0.0,1003.59,17.8,1990,1990
1990-03-10,34.1,24.9,28.5,66,37,54.04,0.0,1003.3,17.6,1990,1990
1990-03-11,34.2,25.1,28.6,71,39,57.29,0.0,1003.94,12.9,1990,1990
1990-03-12,33.9,25.2,28.54,71,40,58.54,0.0,1003.22,14.6,1990,1990
1990-03-13,34.5,24.7,28.72,68,37,54.33,0.0,1001.72,16.9,1990,1990
1990-03-14,34.6,24.5,28.75,74,39,58.17,1.9,1001.26,10.3,1990,1990
1990-03-15,33.3,24.2,27.81,85,47,70.38,6.5,1003.19,6.9,1990,1990
1990-03-16,33.2,24.7,27.28,88,48,72.83,5.8,1003.88,5.9,1990,1990
1990-03-17,33.1,23.6,27.19,90,47,73.25,7.1,1004.28,5.8,1990,1990
1990-03-18,32.8,23.1,27.39,84,42,65.83,0.9,1005.12,8.4,1990,1990
1990-03-19,33.3,22.3,27.65,82,40,60.21,1.2,1005.45,8.1,1990,1990
1990-03-20,33.0,24.5,27.78,67,40,55.21,0.4,1005.42,12.6,1990,1990
1990-03-21,33.0,23.8,27.35,59,35,50.21,0.0,1005.62,14.3,1990,1990
1990-03-22,34.4,23.3,27.75,58,22,38.71,0.0,1005.61,15.4,1990,1990
1990-03-23,33.7,23.1,27.68,62,35,46.92,0.0,1005.28,14.3,1990,1990
1990-03-24,34.0,24.2,28.1,65,33,52.58,0.3,1005.36,10.1,1990,1990
1990-03-25,34.6,22.8,28.01,69,29,52.42,0.2,1006.89,9.7,1990,1990
1990-03-26,34.3,23.6,28.15,70,36,56.42,0.0,1007.42,9.1,1990,1990
1990-03-27,33.8,23.8,28.19,76,35,56.04,2.5,1006.86,7.8,1990,1990
1990-03-28,33.9,22.8,27.69,71,32,53.83,0.1,1006.27,8.4,1990,1990
1990-03-29,34.1,22.3,27.56,72,33,56.21,0.5,1005.5,8.8,1990,1990
1990-03-30,34.0,23.3,27.93,75,34,58.12,0.2,1005.25,11.3,1990,1990
1990-03-31,32.6,23.4,27.2,85,45,69.46,2.5,1005.59,6.0,1990,1990
1990-04-01,31.1,24.0,26.57,91,54,76.21,4.1,1006.42,6.6,1990,1990
1990-04-02,31.1,23.0,26.27,92,51,75.42,2.7,1006.69,11.5,1990,1990
1990-04-03,32.1,22.7,26.24,93,48,75.71,6.3,1006.3,8.0,1990,1990
1990-04-04,30.1,22.9,25.95,91,57,77.88,3.9,1006.25,9.3,1990,1990
1990-04-05,32.8,21.6,26.45,93,40,70.33,3.0,1006.7,9.0,1990,1990
1990-04-06,32.8,21.8,27.0,87,39,65.75,0.0,1006.42,9.5,1990,1990
1990-04-07,32.0,23.5,27.07,86,50,70.17,5.9,1005.85,6.9,1990,1990
1990-04-08,33.3,24.5,28.04,87,48,70.33,4.5,1004.94,6.3,1990,1990
1990-04-09,34.1,24.9,28.75,82,35,59.67,0.3,1004.64,8.7,1990,1990
1990-04-10,34.2,24.6,28.52,62,34,50.04,0.2,1004.5,9.4,1990,1990
1990-04-11,34.3,22.5,27.99,71,36,56.33,0.6,1003.72,8.5,1990,1990
1990-04-12,34.7,23.7,28.7,70,35,54.0,0.1,1003.89,8.7,1990,1990
1990-04-13,35.2,24.4,28.94,68,33,53.83,0.4,1005.24,8.8,1990,1990
1990-04-14,34.5,24.9,28.47,81,39,59.71,4.5,1006.0,7.2,1990,1990
1990-04-15,33.1,24.6,27.95,80,41,63.83,4.3,1005.78,7.4,1990,1990
1990-04-16,32.8,24.0,27.24,98,44,70.67,5.9,1005.2,8.5,1990,1990
1990-04-17,32.3,23.4,27.39,90,43,67.5,3.5,1005.08,6.3,1990,1990
1990-04-18,33.4,23.0,27.9,77,40,59.5,0.3,1004.45,8.4,1990,1990
1990-04-19,34.4,23.6,28.36,72,30,52.29,0.4,1004.34,10.2,1990,1990
1990-04-20,34.1,24.0,28.31,65,33,49.88,0.0,1004.41,10.5,1990,1990
1990-04-21,34.3,23.7,28.51,64,34,51.46,0.3,1003.83,9.4,1990,1990
1990-04-22,33.7,24.7,28.23,71,38,58.04,1.7,1003.1,8.4,1990,1990
1990-04-23,33.0,24.6,27.44,83,43,65.92,4.7,1004.04,7.2,1990,1990
1990-04-24,33.4,24.0,27.58,82,40,65.33,4.0,1004.56,7.3,1990,1990
1990-04-25,33.5,23.7,27.73,82,39,64.54,1.1,1005.09,9.4,1990,1990
1990-04-26,32.0,22.8,26.66,92,52,76.33,6.8,1004.59,7.0,1990,1990
1990-04-27,32.1,23.7,26.46,92,52,78.75,14.1,1004.46,8.5,1990,1990
1990-04-28,30.3,23.0,26.05,98,63,83.29,9.0,1005.6,8.4,1990,1990
1990-04-29,28.7,23.5,25.02,99,73,91.38,15.9,1005.99,7.1,1990,1990
1990-04-30,28.9,23.0,25.12,99,72,88.88,16.7,1005.92,5.6,1990,1990
1990-05-01,28.7,21.4,25.29,98,69,84.21,4.4,1004.86,6.3,1990,1990
1990-05-02,28.9,22.9,25.6,93,69,81.62,10.9,1004.64,6.6,1990,1990
1990-05-03,29.0,22.5,25.4,90,59,78.75,5.6,1005.36,7.8,1990,1990
1990-05-04,27.9,21.9,25.06,92,63,80.25,6.7,1005.42,7.6,1990,1990
1990-05-05,29.9,21.2,25.04,97,60,83.79,24.9,1004.56,6.2,1990,1990
1990-05-06,30.0,22.4,25.84,92,63,80.5,3.0,1003.9,7.9,1990,1990
1990-05-07,30.7,22.8,26.02,92,62,81.38,5.0,1004.4,6.6,1990,1990
1990-05-08,30.2,23.1,26.18,94,63,83.0,8.6,1005.02,5.5,1990,1990
1990-05-09,30.0,23.3,25.28,98,65,88.0,59.6,1005.3,9.7,1990,1990
1990-05-10,29.0,22.6,25.32,99,74,88.75,14.8,1005.09,7.2,1990,1990
1990-05-11,30.5,22.4,25.8,96,63,83.75,7.8,1004.5,5.4,1990,1990
1990-05-12,30.2,21.8,25.83,93,60,80.0,6.3,1004.61,6.9,1990,1990
1990-05-13,28.6,22.6,25.21,93,69,85.12,19.2,1005.23,7.2,1990,1990
1990-05-14,27.0,22.8,24.88,97,79,87.58,8.3,1005.78,8.1,1990,1990
1990-05-15,30.1,22.0,25.52,99,67,85.96,8.9,1004.38,6.8,1990,1990
1990-05-16,30.5,23.4,26.47,92,63,80.42,5.9,1004.45,5.9,1990,1990
1990-05-17,28.9,23.7,25.69,94,70,85.67,13.9,1004.99,9.3,1990,1990
1990-05-18,30.4,22.8,25.82,94,64,84.75,7.7,1004.99,7.7,1990,1990
1990-05-19,29.9,23.3,26.42,94,71,84.29,4.5,1004.35,7.6,1990,1990
1990-05-20,30.2,23.6,26.16,94,67,84.71,13.8,1004.15,8.2,1990,1990
1990-05-21,29.2,22.8,25.3,99,70,89.12,27.7,1004.95,9.3,1990,1990
1990-05-22,28.6,22.2,24.98,99,79,91.38,11.7,1004.79,8.0,1990,1990
1990-05-23,27.3,23.3,24.75,99,82,93.83,15.0,1005.25,6.3,1990,1990
1990-05-24,27.7,22.3,24.82,99,81,92.42,7.8,1005.98,8.3,1990,1990
1990-05-25,28.5,22.6,24.87,99,76,92.17,12.3,1007.19,6.3,1990,1990
1990-05-26,27.1,22.1,24.2,99,84,94.33,19.1,1006.59,6.9,1990,1990
1990-05-27,28.1,22.7,24.44,99,75,91.62,31.0,1006.26,10.1,1990,1990
1990-05-28,28.7,22.4,25.05,98,75,88.88,9.0,1006.12,7.7,1990,1990
1990-05-29,28.2,22.6,25.22,99,76,89.79,7.5,1006.9,8.5,1990,1990
1990-05-30,27.8,22.2,24.54,98,79,92.54,25.9,1006.57,6.4,1990,1990
1990-05-31,28.9,21.6,24.39,99,73,90.08,17.3,1006.28,9.2,1990,1990
1990-06-01,27.0,22.2,24.4,99,79,91.5,10.1,1006.99,9.1,1990,1990
1990-06-02,28.2,22.3,24.64,99,79,91.0,16.9,1007.05,7.0,1990,1990
1990-06-03,28.2,21.5,24.49,99,75,90.79,9.1,1006.04,5.4,1990,1990
1990-06-04,29.4,22.7,25.18,96,67,86.71,7.4,1005.52,4.9,1990,1990
1990-06-05,29.8,22.1,25.65,94,68,83.46,2.5,1004.94,6.6,1990,1990
1990-06-06,29.3,22.6,25.65,96,69,85.42,5.6,1004.99,5.9,1990,1990
1990-06-07,29.5,23.2,25.74,95,72,85.5,9.4,1004.65,6.1,1990,1990
1990-06-08,28.3,23.3,25.23,99,81,90.71,18.5,1004.76,7.0,1990,1990
1990-06-09,28.9,22.3,24.89,99,73,91.38,15.8,1005.62,5.2,1990,1990
1990-06-10,27.4,22.2,24.65,99,78,92.38,12.8,1006.11,5.6,1990,1990
1990-06-11,28.4,21.9,24.71,99,79,91.21,12.3,1006.55,7.2,1990,1990
1990-06-12,27.2,22.9,24.24,99,85,94.96,60.2,1006.58,9.2,1990,1990
1990-06-13,29.9,22.3,25.2,99,68,89.04,12.3,1006.02,7.9,1990,1990
1990-06-14,28.9,22.4,25.28,99,71,88.38,4.7,1006.19,6.3,1990,1990
1990-06-15,26.1,22.9,24.36,97,89,92.96,10.6,1006.05,8.7,1990,1990
1990-06-16,27.4,22.2,24.22,99,83,92.38,10.8,1006.35,9.1,1990,1990
1990-06-17,27.9,21.2,24.7,99,74,88.79,3.5,1005.95,5.4,1990,1990
1990-06-18,29.8,23.0,25.8,94,69,85.04,4.8,1005.01,7.1,1990,1990
1990-06-19,29.4,23.1,25.75,97,72,87.0,6.2,1004.43,7.2,1990,1990
1990-06-20,28.8,22.6,25.52,98,77,89.17,5.0,1004.57,6.4,1990,1990
1990-06-21,29.9,23.0,25.7,96,68,88.08,6.7,1004.66,8.0,1990,1990
1990-06-22,29.1,22.7,25.12,100,74,90.92,30.9,1004.86,9.2,1990,1990
1990-06-23,26.6,22.7,24.3,99,87,95.38,9.3,1005.08,6.2,1990,1990
1990-06-24,27.5,22.1,24.3,99,82,92.33,22.9,1005.51,8.9,1990,1990
1990-06-25,27.9,21.8,24.03,99,78,92.21,10.9,1005.97,7.1,1990,1990
1990-06-26,29.7,21.1,24.53,99,66,89.29,7.1,1005.3,8.8,1990,1990
1990-06-27,28.2,21.3,24.73,99,73,89.29,15.7,1004.24,5.6,1990,1990
1990-06-28,28.5,22.1,24.4,99,71,91.08,21.9,1003.16,7.3,1990,1990
1990-06-29,28.6,21.8,25.15,99,77,89.17,5.4,1003.35,6.9,1990,1990
1990-06-30,28.5,23.1,25.74,95,75,87.38,9.4,1004.93,5.5,1990,1990
1990-07-01,28.7,22.3,24.99,99,73,90.0,18.1,1005.72,8.7,1990,1990
1990-07-02,27.5,22.2,24.28,99,76,91.33,24.0,1006.29,8.4,1990,1990
1990-07-03,27.9,22.7,24.47,96,76,90.83,16.2,1006.01,9.5,1990,1990
1990-07-04,27.1,22.3,23.87,99,80,94.54,20.1,1007.71,6.6,1990,1990
1990-07-05,27.4,22.0,24.25,99,76,90.62,7.0,1008.02,6.2,1990,1990
1990-07-06,27.9,21.9,24.37,98,78,90.67,8.0,1006.93,6.4,1990,1990
1990-07-07,28.7,21.9,24.76,98,71,87.92,8.2,1006.72,7.0,1990,1990
1990-07-08,28.4,22.4,25.16,96,71,86.08,9.0,1006.68,6.6,1990,1990
1990-07-09,28.8,21.9,24.3,98,68,89.75,18.8,1006.55,7.2,1990,1990
1990-07-10,27.4,21.3,24.27,99,75,88.38,13.9,1006.82,7.5,1990,1990
1990-07-11,28.4,21.7,24.56,96,70,86.29,3.3,1006.86,7.1,1990,1990
1990-07-12,29.2,21.7,24.72,96,69,88.04,5.4,1007.78,6.1,1990,1990
1990-07-13,28.9,22.5,24.75,97,68,88.58,9.2,1007.27,5.7,1990,1990
1990-07-14,28.0,21.1,24.11,99,73,90.5,17.4,1006.26,7.0,1990,1990
1990-07-15,27.8,21.8,24.05,99,75,91.08,19.9,1006.02,7.5,1990,1990
1990-07-16,27.2,21.5,24.11,99,80,90.62,16.0,1006.88,5.7,1990,1990
1990-07-17,27.8,22.2,24.28,97,72,88.83,11.1,1006.67,8.2,1990,1990
1990-07-18,28.2,21.0,24.15,99,75,90.12,35.7,1005.92,10.0,1990,1990
1990-07-19,28.7,21.3,24.29,99,68,87.42,5.5,1005.46,7.2,1990,1990
1990-07-20,28.7,21.9,24.84,95,68,85.42,2.2,1006.06,5.6,1990,1990
1990-07-21,29.6,21.4,25.08,95,65,84.25,4.4,1005.92,6.5,1990,1990
1990-07-22,28.7,22.5,24.83,99,71,88.71,26.3,1005.53,7.6,1990,1990
1990-07-23,29.2,21.5,24.32,98,71,90.25,10.6,1005.71,6.5,1990,1990
1990-07-24,27.6,22.0,24.47,97,78,90.12,12.7,1004.96,6.1,1990,1990
1990-07-25,28.3,21.7,24.85,96,77,88.08,10.3,1005.0,6.8,1990,1990
1990-07-26,28.3,22.9,25.14,93,76,86.75,4.5,1005.66,5.4,1990,1990
1990-07-27,29.2,21.9,24.82,96,67,85.62,7.0,1006.42,6.2,1990,1990
1990-07-28,28.1,22.1,24.79,97,77,88.96,4.5,1006.65,7.4,1990,1990
1990-07-29,27.9,22.1,25.0,97,79,89.21,5.1,1006.88,6.1,1990,1990
1990-07-30,28.6,21.8,25.05,99,73,88.5,15.8,1006.5,9.0,1990,1990
1990-07-31,29.1,22.3,25.52,96,68,84.54,10.5,1006.41,6.0,1990,1990
1990-08-01,28.6,22.1,25.03,95,72,86.88,8.0,1006.57,6.4,1990,1990
1990-08-02,29.2,22.5,24.88,96,67,86.08,9.9,1006.73,4.7,1990,1990
1990-08-03,28.5,21.9,24.32,99,72,90.33,20.2,1006.55,9.0,1990,1990
1990-08-04,26.3,22.1,24.15,99,87,93.0,6.4,1006.48,7.0,1990,1990
1990-08-05,27.3,21.3,24.39,99,83,91.42,11.6,1006.15,7.4,1990,1990
1990-08-06,28.5,22.1,24.72,99,71,87.83,6.3,1005.83,6.5,1990,1990
1990-08-07,28.7,21.4,24.59,98,71,88.54,14.4,1005.28,6.2,1990,1990
1990-08-08,29.8,22.5,24.67,99,64,89.08,14.0,1005.52,6.1,1990,1990
1990-08-09,27.5,22.0,24.43,99,76,91.83,22.8,1005.91,5.8,1990,1990
1990-08-10,27.9,22.4,24.73,96,74,88.83,11.5,1006.07,6.7,1990,1990
1990-08-11,28.5,22.3,24.78,95,72,88.21,9.3,1006.44,9.2,1990,1990
1990-08-12,28.6,21.6,24.56,98,72,89.5,10.2,1007.01,6.3,1990,1990
1990-08-13,28.1,21.8,24.21,96,72,89.79,18.5,1007.69,7.1,1990,1990
1990-08-14,27.4,22.0,24.23,99,80,92.29,13.0,1007.87,8.0,1990,1990
1990-08-15,26.9,21.3,23.84,99,84,94.21,17.8,1007.25,7.2,1990,1990
1990-08-16,27.9,21.1,24.39,99,76,89.88,8.1,1005.91,5.8,1990,1990
1990-08-17,28.4,22.0,24.78,96,75,89.08,11.7,1004.89,8.7,1990,1990
1990-08-18,28.5,22.3,24.85,96,75,88.83,12.0,1005.03,6.6,1990,1990
1990-08-19,28.9,22.4,25.16,95,71,87.0,6.3,1004.52,5.9,1990,1990
1990-08-20,29.4,22.9,25.49,95,68,85.5,6.6,1004.17,4.7,1990,1990
1990-08-21,27.7,22.3,24.3,96,75,90.33,19.8,1004.48,7.4,1990,1990
1990-08-22,25.3,22.1,23.74,99,90,95.0,22.7,1005.92,6.2,1990,1990
1990-08-23,27.8,22.0,24.65,96,77,90.29,8.8,1006.58,5.8,1990,1990
1990-08-24,28.3,22.2,24.82,96,76,89.0,14.1,1007.62,6.1,1990,1990
1990-08-25,28.6,20.9,24.75,99,72,87.75,7.1,1007.9,6.0,1990,1990
1990-08-26,28.8,22.3,24.84,96,70,88.38,13.4,1007.29,6.2,1990,1990
1990-08-27,28.7,21.4,24.3,96,67,87.71,11.0,1006.86,5.9,1990,1990
1990-08-28,27.4,21.5,23.44,99,79,94.17,21.9,1007.06,6.1,1990,1990
1990-08-29,28.5,21.1,24.42,99,70,88.33,3.9,1007.28,9.3,1990,1990
1990-08-30,29.0,21.7,25.09,99,71,88.67,4.6,1007.69,6.5,1990,1990
1990-08-31,28.1,22.6,24.6,96,80,90.88,15.3,1007.44,8.0,1990,1990
1990-09-01,28.1,21.9,24.61,97,74,88.75,8.5,1006.27,6.3,1990,1990
1990-09-02,28.4,22.0,24.63,96,73,87.67,9.6,1005.38,5.9,1990,1990
1990-09-03,28.5,21.4,24.04,99,71,89.83,21.9,1005.7,7.8,1990,1990
1990-09-04,27.8,21.1,24.34,99,76,90.38,8.5,1006.19,7.6,1990,1990
1990-09-05,28.5,22.1,24.67,96,75,89.04,4.4,1005.58,7.0,1990,1990
1990-09-06,27.8,22.8,24.99,96,73,87.0,7.1,1004.91,6.9,1990,1990
1990-09-07,27.9,22.2,24.79,96,75,88.88,12.8,1005.26,5.6,1990,1990
1990-09-08,29.0,22.2,24.21,100,70,90.54,17.1,1005.61,7.4,1990,1990
1990-09-09,29.7,21.3,24.62,99,64,87.96,7.2,1005.61,8.0,1990,1990
1990-09-10,29.3,22.0,24.53,99,66,88.79,8.9,1005.84,7.2,1990,1990
1990-09-11,28.4,21.6,24.35,99,77,90.92,22.0,1005.81,4.4,1990,1990
1990-09-12,27.5,21.9,24.22,96,75,90.5,13.3,1005.38,7.4,1990,1990
1990-09-13,28.9,21.8,24.25,99,71,91.21,12.0,1005.86,5.9,1990,1990
1990-09-14,27.4,22.2,24.22,98,80,91.46,11.3,1007.01,6.6,1990,1990
1990-09-15,28.0,21.6,23.94,99,79,91.79,11.3,1006.53,7.9,1990,1990
1990-09-16,28.4,21.8,24.43,99,76,90.04,12.2,1005.75,6.6,1990,1990
1990-09-17,29.1,21.6,24.58,99,72,89.92,7.6,1006.04,6.4,1990,1990
1990-09-18,28.6,22.3,25.26,96,69,85.33,5.5,1005.85,5.9,1990,1990
1990-09-19,28.5,22.4,24.53,99,70,89.29,33.6,1005.43,5.8,1990,1990
1990-09-20,26.9,20.5,23.42,99,78,92.08,18.9,1005.72,7.7,1990,1990
1990-09-21,27.3,21.9,23.92,94,74,89.42,18.2,1006.38,8.8,1990,1990
1990-09-22,26.2,21.5,23.39,99,83,93.25,18.7,1006.53,7.2,1990,1990
1990-09-23,27.0,20.7,23.74,99,82,92.5,8.5,1006.69,8.4,1990,1990
1990-09-24,27.8,20.3,24.08,99,72,89.29,4.9,1007.28,7.3,1990,1990
1990-09-25,28.2,21.9,24.45,99,75,90.04,10.6,1006.68,6.9,1990,1990
1990-09-26,26.9,21.7,23.64,100,79,93.71,24.7,1005.67,9.7,1990,1990
1990-09-27,27.7,21.2,23.67,99,76,92.88,22.2,1005.4,11.5,1990,1990
1990-09-28,27.7,22.2,24.21,97,72,89.12,5.2,1005.69,6.2,1990,1990
1990-09-29,28.9,22.3,24.82,96,72,87.83,7.9,1006.09,6.1,1990,1990
1990-09-30,28.8,22.0,24.72,95,70,89.0,8.3,1006.75,7.2,1990,1990
1990-10-01,27.1,22.3,24.37,98,78,89.58,16.3,1007.05,7.3,1990,1990
1990-10-02,26.3,21.0,23.14,99,80,95.04,16.0,1007.46,5.7,1990,1990
1990-10-03,27.6,21.5,23.86,99,76,91.58,19.6,1007.61,7.6,1990,1990
1990-10-04,27.6,21.8,23.91,99,80,92.71,19.6,1006.72,7.3,1990,1990
1990-10-05,27.7,21.4,23.9,99,73,91.29,16.5,1005.02,8.2,1990,1990
1990-10-06,27.6,21.7,23.54,99,76,93.04,23.6,1005.15,8.6,1990,1990
1990-10-07,25.0,21.7,23.1,99,89,96.25,46.6,1005.88,9.8,1990,1990
1990-10-08,26.0,22.1,23.48,99,83,93.79,11.1,1005.5,10.7,1990,1990
1990-10-09,26.7,22.6,23.85,96,81,91.75,13.2,1005.53,15.6,1990,1990
1990-10-10,26.0,22.8,23.98,97,85,92.42,10.9,1006.15,9.5,1990,1990
1990-10-11,25.7,22.2,23.82,99,86,93.29,28.8,1006.37,7.2,1990,1990
1990-10-12,26.6,21.4,23.52,99,83,93.67,20.0,1006.98,7.1,1990,1990
1990-10-13,27.4,21.6,23.74,99,80,92.12,19.0,1006.74,9.6,1990,1990
1990-10-14,26.6,20.6,23.42,99,85,94.38,17.3,1006.8,5.7,1990,1990
1990-10-15,26.7,20.7,23.53,100,87,93.88,9.7,1007.34,7.6,1990,1990
1990-10-16,27.2,22.1,23.84,99,83,92.79,12.1,1007.01,6.0,1990,1990
1990-10-17,27.2,21.4,23.9,96,81,90.75,20.4,1006.66,8.9,1990,1990
1990-10-18,28.1,21.5,23.97,97,71,90.21,14.4,1005.52,5.5,1990,1990
1990-10-19,27.2,21.5,24.02,99,81,92.0,10.6,1004.69,6.3,1990,1990
1990-10-20,27.0,21.7,24.0,99,79,91.62,24.1,1004.9,6.4,1990,1990
1990-10-21,26.0,22.1,23.6,99,85,93.62,17.1,1005.4,9.7,1990,1990
1990-10-22,24.4,22.0,22.96,99,93,97.21,47.9,1005.95,11.6,1990,1990
1990-10-23,27.1,21.7,23.5,99,79,92.88,13.6,1006.4,9.8,1990,1990
1990-10-24,26.8,21.6,23.58,99,85,93.54,10.2,1007.17,9.9,1990,1990
1990-10-25,27.1,21.3,23.89,99,81,90.92,12.5,1006.99,10.5,1990,1990
1990-10-26,27.2,21.4,23.72,99,83,93.46,18.1,1006.91,7.4,1990,1990
1990-10-27,28.3,21.1,23.85,99,74,91.38,19.2,1007.39,5.2,1990,1990
1990-10-28,30.2,21.6,23.65,99,64,92.25,56.7,1007.77,4.5,1990,1990
1990-10-29,26.3,20.8,23.4,99,79,90.25,36.0,1007.76,6.7,1990,1990
1990-10-30,26.7,20.8,23.41,97,80,90.21,39.5,1007.61,5.9,1990,1990
1990-10-31,24.2,21.3,22.77,99,90,97.92,121.3,1006.96,5.6,1990,1990
1990-11-01,26.2,21.8,23.11,99,80,95.79,31.3,1005.92,6.5,1990,1990
1990-11-02,24.0,21.9,22.91,99,92,97.38,93.6,1005.22,8.8,1990,1990
1990-11-03,24.2,21.8,22.8,99,92,98.08,51.1,1005.43,12.6,1990,1990
1990-11-04,23.7,21.8,22.64,99,93,98.25,51.0,1005.46,10.5,1990,1990
1990-11-05,26.2,21.5,23.47,99,87,94.5,12.7,1005.34,8.4,1990,1990
1990-11-06,27.4,20.9,23.74,99,78,91.67,12.6,1005.02,8.7,1990,1990
1990-11-07,27.9,21.3,24.1,96,71,88.29,5.6,1004.36,6.5,1990,1990
1990-11-08,27.6,21.3,23.87,98,73,90.75,24.2,1004.24,9.1,1990,1990
1990-11-09,26.2,21.7,23.79,99,82,92.21,25.1,1005.67,7.3,1990,1990
1990-11-10,27.8,21.4,24.09,99,78,91.88,25.6,1005.83,5.6,1990,1990
1990-11-11,27.1,21.4,23.82,99,83,93.17,14.0,1005.82,6.5,1990,1990
1990-11-12,27.5,21.3,23.91,99,83,92.96,10.1,1005.26,8.9,1990,1990
1990-11-13,27.5,21.6,24.47,98,79,89.71,3.2,1004.21,6.6,1990,1990
1990-11-14,27.6,22.6,24.56,97,82,91.79,17.0,1004.19,6.7,1990,1990
1990-11-15,28.5,22.7,24.62,97,72,91.17,23.0,1004.28,9.2,1990,1990
1990-11-16,27.1,22.1,24.42,99,84,92.67,14.8,1003.99,4.6,1990,1990
1990-11-17,26.0,21.9,23.37,99,86,96.46,90.9,1004.34,5.5,1990,1990
1990-11-18,27.9,20.5,23.05,100,74,94.21,16.7,1005.37,5.9,1990,1990
1990-11-19,29.4,20.5,24.25,99,64,85.96,0.7,1005.25,7.8,1990,1990
1990-11-20,28.1,21.4,24.42,95,69,85.04,14.7,1005.17,6.9,1990,1990
1990-11-21,28.9,22.6,24.9,93,67,85.71,6.7,1004.62,5.4,1990,1990
1990-11-22,29.4,22.0,25.11,93,63,81.71,4.4,1003.97,7.2,1990,1990
1990-11-23,29.7,20.3,24.56,95,59,81.04,2.0,1004.66,7.6,1990,1990
1990-11-24,29.5,21.5,24.72,94,60,81.67,1.5,1006.82,7.9,1990,1990
1990-11-25,28.9,20.4,24.32,94,66,83.83,2.5,1006.75,7.1,1990,1990
1990-11-26,28.5,21.6,24.43,93,68,84.08,5.6,1005.64,7.3,1990,1990
1990-11-27,28.0,21.3,24.12,94,70,86.67,17.7,1004.31,7.1,1990,1990
1990-11-28,26.5,21.5,23.78,99,80,92.08,6.5,1005.2,11.8,1990,1990
1990-11-29,26.7,21.8,23.91,97,78,90.54,8.7,1006.64,8.2,1990,1990
1990-11-30,28.4,19.8,23.84,99,74,89.54,1.9,1005.87,6.3,1990,1990
1990-12-01,29.0,21.5,24.88,95,67,83.96,1.9,1005.28,6.5,1990,1990
1990-12-02,27.1,22.2,24.52,95,79,88.21,7.0,1004.4,6.0,1990,1990
1990-12-03,27.8,21.8,24.25,95,72,87.33,8.7,1005.54,6.2,1990,1990
1990-12-04,27.2,22.0,23.83,99,80,93.29,28.4,1007.45,7.1,1990,1990
1990-12-05,24.7,22.0,23.19,99,91,97.42,136.7,1008.02,4.3,1990,1990
1990-12-06,24.9,21.6,22.75,99,93,98.21,26.8,1006.57,6.3,1990,1990
1990-12-07,24.3,21.3,22.3,99,94,98.25,50.3,1006.79,6.7,1990,1990
1990-12-08,27.6,21.2,23.77,98,71,87.83,4.7,1008.03,6.8,1990,1990
1990-12-09,28.0,20.5,23.89,97,68,86.04,9.6,1007.82,6.6,1990,1990
1990-12-10,27.3,22.5,24.25,96,72,86.83,33.9,1007.78,5.2,1990,1990
1990-12-11,28.0,21.0,23.99,95,65,83.29,8.2,1007.39,7.1,1990,1990
1990-12-12,28.8,19.8,23.82,94,60,80.62,0.4,1006.66,7.6,1990,1990
1990-12-13,29.6,19.8,24.12,93,53,77.46,0.0,1004.75,8.9,1990,1990
1990-12-14,28.5,21.8,24.78,92,66,80.17,0.6,1004.57,6.5,1990,1990
1990-12-15,29.8,22.2,25.63,92,63,80.96,1.0,1003.34,6.9,1990,1990
1990-12-16,29.5,23.0,25.65,92,64,80.62,1.8,1004.0,6.2,1990,1990
1990-12-17,29.4,22.6,25.62,93,65,81.42,0.9,1003.68,6.2,1990,1990
1990-12-18,29.7,22.5,25.34,92,64,82.67,2.4,1002.73,6.9,1990,1990
1990-12-19,29.3,22.4,25.51,93,65,82.12,2.8,1003.66,6.5,1990,1990
1990-12-20,30.1,21.9,25.51,94,57,78.46,0.4,1004.21,8.0,1990,1990
1990-12-21,29.8,20.3,24.74,83,54,72.21,0.4,1003.97,10.1,1990,1990
1990-12-22,30.1,20.3,24.63,87,53,72.67,0.2,1003.76,10.7,1990,1990
1990-12-23,29.9,20.1,24.42,89,53,73.62,0.0,1004.1,9.8,1990,1990
1990-12-24,30.0,20.1,24.37,87,50,72.17,0.1,1005.07,10.0,1990,1990
1990-12-25,30.0,21.0,24.92,83,53,71.88,0.2,1005.65,9.1,1990,1990
1990-12-26,29.9,22.5,25.42,74,48,65.46,0.1,1005.75,10.9,1990,1990
1990-12-27,30.1,21.7,25.25,71,47,62.42,0.0,1005.46,11.9,1990,1990
1990-12-28,30.1,22.3,25.41,80,52,66.5,0.0,1005.21,11.4,1990,1990
1990-12-29,30.1,22.4,25.53,80,55,70.08,0.8,1006.33,8.8,1990,1990
1990-12-30,30.7,21.5,25.44,86,51,72.12,1.5,1006.05,9.1,1990,1990
1990-12-31,30.2,21.8,25.4,88,53,73.54,3.1,1006.22,8.0,1990,1990
1991-01-01,29.5,22.0,24.51,93,58,81.08,9.5,1006.54,7.2,1991,1990
1991-01-02,29.0,21.2,24.23,93,62,81.0,4.3,1005.74,6.6,1991,1990
1991-01-03,29.8,21.3,24.85,88,57,75.92,1.1,1004.95,8.0,1991,1990
1991-01-04,30.6,21.2,25.24,87,51,72.58,0.6,1004.89,8.6,1991,1990
1991-01-05,30.3,21.2,25.35,87,55,74.54,1.2,1005.7,9.1,1991,1990
1991-01-06,29.9,21.9,25.63,87,56,74.04,1.5,1006.84,7.2,1991,1990
1991-01-07,30.4,21.8,25.62,87,51,72.71,5.4,1006.41,6.9,1991,1990
1991-01-08,30.6,21.8,25.72,86,52,72.17,0.9,1005.3,7.7,1991,1990
1991-01-09,30.9,22.2,26.15,84,51,69.42,0.9,1005.18,7.4,1991,1990
1991-01-10,31.3,22.7,26.51,88,49,70.0,1.1,1005.61,6.6,1991,1990
1991-01-11,31.8,21.9,26.38,83,46,68.29,1.6,1005.86,8.7,1991,1990
1991-01-12,31.7,21.5,26.1,84,44,67.71,2.2,1005.91,8.7,1991,1990
1991-01-13,31.7,21.2,25.91,79,43,65.21,1.1,1006.08,8.8,1991,1990
1991-01-14,31.8,20.8,25.85,78,41,63.92,1.4,1006.72,9.9,1991,1990
1991-01-15,29.4,20.3,24.58,91,54,76.62,2.9,1007.39,6.7,1991,1990
1991-01-16,29.2,21.9,24.7,98,60,84.75,12.9,1007.71,7.2,1991,1990
1991-01-17,29.8,20.3,24.6,100,55,81.21,1.8,1007.83,8.0,1991,1990
1991-01-18,30.8,21.5,25.31,91,48,73.21,3.7,1007.98,9.1,1991,1990
1991-01-19,29.8,21.7,25.07,91,53,73.88,2.2,1008.62,7.1,1991,1990
1991-01-20,29.7,20.9,24.74,92,52,75.75,2.4,1007.59,7.7,1991,1990
1991-01-21,30.7,20.7,25.11,90,44,70.71,0.5,1007.18,8.0,1991,1990
1991-01-22,31.1,19.6,25.15,81,41,62.83,0.0,1006.75,10.0,1991,1990
1991-01-23,31.6,21.2,25.5,70,32,54.46,0.0,1005.68,11.3,1991,1990
1991-01-24,31.6,22.2,26.16,72,38,57.38,0.6,1004.47,11.3,1991,1990
1991-01-25,31.9,21.5,26.31,79,43,61.0,0.3,1004.21,9.4,1991,1990
1991-01-26,32.0,22.2,26.56,74,41,58.54,0.5,1004.49,10.2,1991,1990
1991-01-27,32.0,21.5,26.44,78,42,61.5,0.6,1004.67,9.4,1991,1990
1991-01-28,32.4,21.5,26.62,80,44,64.83,0.0,1004.86,8.8,1991,1990
1991-01-29,32.6,22.8,27.15,81,43,64.75,0.9,1004.75,8.2,1991,1990
1991-01-30,32.8,21.7,26.72,81,40,64.21,1.0,1004.99,9.0,1991,1990
1991-01-31,32.5,21.8,26.61,81,43,65.33,3.4,1006.3,8.0,1991,1990
1991-02-01,32.0,22.9,26.58,81,42,61.71,0.3,1006.71,12.4,1991,1990
1991-02-02,32.5,22.3,26.46,66,31,51.08,0.0,1007.48,13.2,1991,1990
1991-02-03,31.7,22.2,26.28,69,39,55.54,0.1,1008.07,10.1,1991,1990
1991-02-04,32.1,21.7,26.21,74,38,56.88,0.0,1007.44,9.4,1991,1990
1991-02-05,32.1,21.5,26.32,73,36,54.79,0.0,1006.46,11.0,1991,1990
1991-02-06,32.0,21.7,26.27,70,38,55.92,0.0,1005.76,10.4,1991,1990
1991-02-07,32.4,21.9,26.47,71,34,54.04,0.0,1005.57,10.2,1991,1990
1991-02-08,31.9,22.0,25.85,73,38,56.54,0.0,1004.96,11.5,1991,1990
1991-02-09,32.0,21.5,25.88,62,33,47.71,0.0,1004.25,14.6,1991,1990
1991-02-10,33.6,22.6,27.09,65,30,44.38,0.0,1004.02,16.1,1991,1990
1991-02-11,32.8,23.8,27.29,73,40,58.29,0.0,1005.72,12.6,1991,1990
1991-02-12,32.5,23.6,26.93,69,38,56.17,0.0,1005.86,15.5,1991,1990
1991-02-13,33.2,22.2,27.01,66,37,55.5,0.4,1004.43,15.8,1991,1990
1991-02-14,33.7,22.6,27.42,83,40,63.33,0.9,1004.19,8.0,1991,1990
1991-02-15,32.9,23.3,27.3,87,45,69.25,1.1,1005.54,7.7,1991,1990
1991-02-16,32.8,23.7,27.2,75,34,56.25,0.0,1005.97,19.5,1991,1990
1991-02-17,32.2,23.6,27.1,63,41,52.42,0.0,1005.08,16.6,1991,1990
1991-02-18,34.0,24.1,27.92,68,30,51.38,0.0,1004.7,13.3,1991,1990
1991-02-19,33.7,22.7,27.4,71,30,51.46,0.0,1004.62,10.7,1991,1990
1991-02-20,33.0,21.6,26.7,67,34,52.08,0.0,1004.66,10.9,1991,1990
1991-02-21,33.2,22.8,27.28,67,35,52.5,0.1,1003.53,10.7,1991,1990
1991-02-22,33.5,23.1,27.45,68,40,57.54,1.1,1003.87,9.3,1991,1990
1991-02-23,34.5,23.4,28.15,73,37,58.54,0.0,1004.36,9.2,1991,1990
1991-02-24,34.3,24.5,28.74,73,39,56.33,0.1,1004.28,8.0,1991,1990
1991-02-25,34.4,24.1,28.86,78,40,58.38,1.0,1003.91,8.0,1991,1990
1991-02-26,33.5,24.4,28.18,85,44,65.21,5.6,1004.47,6.2,1991,1990
1991-02-27,33.8,23.6,28.1,82,43,63.62,2.2,1004.81,7.4,1991,1990
1991-02-28,32.6,24.5,27.81,82,48,65.25,4.7,1005.48,5.8,1991,1990
1991-03-01,31.9,24.4,27.54,82,51,66.83,9.2,1006.23,6.0,1991,1990
1991-03-02,31.6,22.7,26.89,87,53,71.79,4.9,1005.65,8.1,1991,1990
1991-03-03,28.9,23.0,25.68,94,70,82.67,7.9,1004.5,9.7,1991,1990
1991-03-04,30.7,22.7,26.12,96,59,80.25,3.1,1004.69,8.2,1991,1990
1991-03-05,31.1,23.8,26.62,88,46,66.62,0.0,1005.77,12.1,1991,1990
1991-03-06,32.6,23.4,27.33,69,42,57.88,0.5,1004.75,12.3,1991,1990
1991-03-07,33.1,22.8,27.41,85,40,62.38,2.0,1004.05,9.3,1991,1990
1991-03-08,33.1,23.1,27.56,83,40,64.54,0.8,1003.77,7.1,1991,1990
1991-03-09,32.8,22.6,27.25,87,43,66.58,0.8,1004.1,7.6,1991,1990
1991-03-10,33.4,23.1,27.72,88,37,60.08,0.0,1005.37,10.3,1991,1990
1991-03-11,33.2,22.2,27.1,64,35,52.04,0.0,1005.4,12.3,1991,1990
1991-03-12,33.9,22.2,27.48,70,28,51.67,0.0,1005.24,11.3,1991,1990
1991-03-13,33.5,22.0,27.52,80,39,61.25,0.0,1004.38,10.7,1991,1990
1991-03-14,33.9,22.7,27.84,82,40,66.04,0.2,1003.82,11.9,1991,1990
1991-03-15,34.1,23.8,27.94,88,38,68.38,1.8,1004.63,10.2,1991,1990
1991-03-16,33.7,23.1,27.36,87,41,68.96,4.9,1005.43,6.9,1991,1990
1991-03-17,33.0,22.8,27.42,91,44,70.33,1.1,1005.88,10.0,1991,1990
1991-03-18,33.9,22.8,27.59,82,38,62.42,0.4,1004.81,7.8,1991,1990
1991-03-19,34.2,23.4,28.16,78,37,59.54,0.1,1004.42,8.7,1991,1990
1991-03-20,34.3,22.2,27.6,70,26,48.54,0.0,1004.58,11.2,1991,1990
1991-03-21,34.9,22.6,28.0,60,25,44.0,0.0,1004.73,10.6,1991,1990
1991-03-22,34.6,23.3,28.24,70,29,50.54,0.1,1004.98,10.1,1991,1990
1991-03-23,33.8,23.5,28.09,65,38,52.0,0.0,1004.88,8.8,1991,1990
1991-03-24,34.7,23.1,28.33,70,28,51.33,0.4,1005.08,9.2,1991,1990
1991-03-25,34.3,22.9,27.86,73,34,55.88,0.4,1005.46,9.0,1991,1990
1991-03-26,33.0,22.8,27.58,75,38,58.04,0.1,1006.72,8.7,1991,1990
1991-03-27,33.1,23.2,27.68,76,39,58.92,0.4,1007.04,7.3,1991,1990
1991-03-28,33.5,23.1,27.8,76,34,57.29,0.2,1005.16,8.0,1991,1990
1991-03-29,33.2,22.0,27.2,79,35,60.17,0.9,1004.47,13.0,1991,1990
1991-03-30,31.3,23.0,26.23,96,52,76.12,33.2,1006.4,6.9,1991,1990
1991-03-31,32.0,21.3,26.12,99,46,76.25,5.5,1008.12,5.3,1991,1990
1991-04-01,31.8,22.5,26.44,93,44,68.25,6.3,1008.28,6.8,1991,1990
1991-04-02,33.0,22.0,26.91,86,38,59.83,0.3,1006.58,8.7,1991,1990
1991-04-03,33.5,21.8,27.19,74,30,52.5,0.0,1005.67,9.8,1991,1990
1991-04-04,33.9,21.8,27.27,71,28,50.38,0.0,1006.25,11.4,1991,1990
1991-04-05,34.2,20.5,27.26,72,30,51.46,0.0,1006.59,11.0,1991,1990
1991-04-06,32.7,24.7,28.26,68,44,57.46,0.5,1005.82,9.0,1991,1990
1991-04-07,33.1,24.9,28.17,71,41,59.04,1.4,1005.08,7.6,1991,1990
1991-04-08,33.5,24.1,27.46,86,40,63.46,3.9,1006.23,7.3,1991,1990
1991-04-09,31.6,23.4,26.2,88,48,74.04,8.4,1007.07,7.3,1991,1990
1991-04-10,31.6,22.9,26.28,89,50,74.62,3.5,1005.91,6.5,1991,1990
1991-04-11,31.7,22.9,26.63,89,51,73.5,3.1,1005.03,6.9,1991,1990
1991-04-12,32.2,23.1,26.94,87,48,71.62,3.7,1004.72,6.3,1991,1990
1991-04-13,31.6,22.6,26.27,87,48,72.62,1.8,1005.03,6.5,1991,1990
1991-04-14,31.6,21.8,26.09,91,49,72.88,8.6,1004.28,7.1,1991,1990
1991-04-15,32.1,23.2,26.57,89,47,72.17,5.9,1004.36,7.1,1991,1990
1991-04-16,32.9,22.8,27.12,92,45,69.71,1.8,1003.89,8.4,1991,1990
1991-04-17,33.3,23.4,27.46,81,44,67.17,3.5,1003.89,8.4,1991,1990
1991-04-18,31.5,22.7,26.5,90,50,74.71,3.6,1003.36,9.5,1991,1990
1991-04-19,31.2,23.3,26.6,91,52,74.42,2.0,1004.21,7.8,1991,1990
1991-04-20,31.8,22.1,26.47,95,49,75.75,2.4,1005.29,11.2,1991,1990
1991-04-21,32.4,22.3,26.99,93,46,72.71,1.3,1005.01,12.8,1991,1990
1991-04-22,32.8,22.7,27.03,92,40,72.46,0.3,1004.37,12.9,1991,1990
1991-04-23,31.2,23.4,27.09,95,55,76.33,14.0,1005.14,9.7,1991,1990
1991-04-24,30.2,24.4,26.76,91,63,79.17,6.3,1005.57,9.3,1991,1990
1991-04-25,30.8,23.4,26.41,94,62,80.54,8.8,1005.24,8.7,1991,1990
1991-04-26,31.8,23.2,26.01,98,55,83.46,10.0,1004.95,5.8,1991,1990
1991-04-27,31.9,20.8,25.81,98,53,79.96,4.8,1004.62,10.2,1991,1990
1991-04-28,31.1,22.4,26.2,93,55,77.88,2.6,1004.95,11.8,1991,1990
1991-04-29,30.6,23.1,26.36,91,54,76.92,2.1,1005.36,12.6,1991,1990
1991-04-30,30.1,23.1,25.8,95,61,83.5,19.5,1005.82,10.0,1991,1990
1991-05-01,29.6,22.8,25.57,96,68,84.58,8.3,1004.35,9.0,1991,1990
1991-05-02,29.0,23.7,25.72,95,69,85.42,24.0,1003.9,5.9,1991,1990
1991-05-03,27.7,22.7,25.28,99,77,88.67,15.8,1003.55,8.1,1991,1990
1991-05-04,27.5,22.3,24.55,99,77,91.42,28.9,1004.54,5.5,1991,1990
1991-05-05,28.5,22.3,24.87,99,69,89.04,14.2,1004.8,6.2,1991,1990
1991-05-06,28.9,22.0,25.29,98,70,85.79,14.4,1004.99,5.8,1991,1990
1991-05-07,30.2,23.5,26.39,94,63,81.25,7.7,1004.94,5.8,1991,1990
1991-05-08,30.9,24.3,26.9,92,63,79.83,6.8,1004.1,5.1,1991,1990
1991-05-09,28.8,23.6,25.58,95,71,86.54,11.2,1004.5,6.9,1991,1990
1991-05-10,29.5,22.9,25.86,94,66,83.58,5.9,1005.32,7.9,1991,1990
1991-05-11,28.1,23.5,25.39,99,76,87.46,26.5,1005.81,6.3,1991,1990
1991-05-12,29.7,22.6,25.25,99,66,87.29,20.3,1006.24,6.5,1991,1990
1991-05-13,28.8,22.4,25.44,99,72,87.17,5.5,1005.88,8.4,1991,1990
1991-05-14,28.7,23.3,25.2,99,72,90.08,20.8,1005.65,8.1,1991,1990
1991-05-15,29.5,22.5,25.05,99,68,89.42,23.2,1005.58,8.7,1991,1990
1991-05-16,27.2,22.7,24.78,99,80,91.67,14.9,1006.21,7.6,1991,1990
1991-05-17,27.6,22.7,24.47,99,78,92.04,14.4,1007.15,9.9,1991,1990
1991-05-18,28.4,22.2,24.45,99,71,90.88,10.2,1007.38,10.0,1991,1990
1991-05-19,24.1,22.4,23.09,99,91,98.5,32.0,1007.33,8.8,1991,1990
1991-05-20,24.5,22.0,22.95,99,89,97.5,47.0,1006.49,12.0,1991,1990
1991-05-21,25.7,21.3,22.87,99,82,96.21,24.3,1007.32,12.1,1991,1990
1991-05-22,27.7,21.2,24.04,99,80,91.21,5.7,1008.19,11.7,1991,1990
1991-05-23,27.5,22.8,24.86,97,77,89.25,7.9,1007.97,10.5,1991,1990
1991-05-24,27.5,21.9,24.46,97,83,91.67,12.0,1007.28,7.2,1991,1990
1991-05-25,27.9,21.8,24.65,97,79,90.42,9.6,1005.45,7.3,1991,1990
1991-05-26,29.2,21.7,25.36,97,75,87.29,2.7,1004.45,6.8,1991,1990
1991-05-27,29.9,22.6,25.92,96,66,84.38,4.1,1004.0,5.4,1991,1990
1991-05-28,29.4,22.9,25.65,95,70,85.54,5.6,1003.11,5.8,1991,1990
1991-05-29,29.2,23.2,25.37,95,69,86.25,11.1,1003.58,6.9,1991,1990
1991-05-30,27.6,22.9,24.98,95,79,89.96,24.0,1004.45,8.3,1991,1990
1991-05-31,28.4,22.8,24.94,99,76,90.96,21.2,1005.62,7.0,1991,1990
1991-06-01,29.5,21.9,25.03,99,72,89.67,11.8,1005.78,6.8,1991,1990
1991-06-02,27.8,23.1,24.96,96,84,91.79,20.9,1005.58,9.0,1991,1990
1991-06-03,28.7,22.9,25.11,97,75,90.5,11.9,1004.89,7.1,1991,1990
1991-06-04,28.7,22.2,25.23,99,77,89.67,21.6,1004.33,6.9,1991,1990
1991-06-05,28.0,23.1,25.08,99,80,91.12,15.0,1004.56,5.9,1991,1990
1991-06-06,28.8,22.4,25.28,99,76,89.42,7.4,1004.75,6.8,1991,1990
1991-06-07,30.2,23.1,26.08,95,68,85.29,1.3,1004.81,6.1,1991,1990
1991-06-08,29.6,22.9,26.3,96,72,85.33,5.2,1004.68,6.6,1991,1990
1991-06-09,29.8,23.6,26.4,96,69,85.58,2.7,1004.95,4.9,1991,1990
1991-06-10,31.0,23.4,26.56,95,63,83.17,3.8,1004.09,8.3,1991,1990
1991-06-11,30.7,23.3,26.6,95,69,84.46,8.7,1003.98,6.2,1991,1990
1991-06-12,30.0,23.9,26.23,97,70,86.79,9.7,1003.88,5.6,1991,1990
1991-06-13,28.1,22.8,25.09,99,77,91.25,28.6,1005.37,5.2,1991,1990
1991-06-14,27.3,22.1,24.87,99,78,90.88,8.2,1006.77,8.7,1991,1990
1991-06-15,25.9,22.4,24.03,100,91,95.62,18.0,1007.14,5.6,1991,1990
1991-06-16,28.3,22.5,24.89,99,75,89.46,10.8,1006.45,5.6,1991,1990
1991-06-17,28.1,21.9,24.74,99,79,90.25,8.3,1006.28,7.1,1991,1990
1991-06-18,27.3,22.1,24.52,99,82,92.08,18.1,1006.05,8.0,1991,1990
1991-06-19,27.6,22.7,25.12,96,81,88.75,6.8,1005.86,5.2,1991,1990
1991-06-20,28.5,21.9,24.8,99,73,90.42,14.8,1005.82,6.5,1991,1990
1991-06-21,27.1,22.5,24.56,99,81,92.04,23.6,1006.17,6.2,1991,1990
1991-06-22,29.2,22.0,24.82,99,71,90.71,20.2,1006.93,8.1,1991,1990
1991-06-23,28.8,21.0,25.21,99,73,88.29,3.7,1006.97,6.7,1991,1990
1991-06-24,27.9,22.2,24.98,99,78,89.88,26.2,1006.64,7.2,1991,1990
1991-06-25,29.2,22.6,24.74,99,70,89.54,26.8,1006.46,6.2,1991,1990
1991-06-26,25.6,22.2,23.54,99,87,96.42,34.1,1007.03,4.0,1991,1990
1991-06-27,28.2,21.6,24.14,99,74,91.46,12.5,1008.15,10.6,1991,1990
1991-06-28,27.1,21.9,24.08,99,78,91.29,19.1,1007.81,6.6,1991,1990
1991-06-29,28.1,20.3,23.45,99,72,91.33,19.9,1006.79,7.4,1991,1990
1991-06-30,25.6,20.9,23.16,99,89,95.42,9.7,1007.06,6.8,1991,1990
1991-07-01,27.4,21.4,24.28,99,77,90.67,3.4,1007.6,5.4,1991,1990
1991-07-02,29.5,21.7,25.34,97,68,86.83,0.4,1006.6,7.1,1991,1990
1991-07-03,29.4,22.6,25.28,96,70,85.71,10.3,1005.8,6.5,1991,1990
1991-07-04,28.8,22.3,24.43,99,72,91.0,23.5,1005.91,7.6,1991,1990
1991-07-05,27.5,21.5,23.77,99,77,92.75,21.9,1006.42,6.4,1991,1990
1991-07-06,28.8,22.3,25.0,96,70,87.25,3.9,1006.75,6.2,1991,1990
1991-07-07,27.8,22.1,24.42,96,74,89.62,17.0,1006.51,7.5,1991,1990
1991-07-08,27.7,21.4,24.02,99,78,92.75,17.2,1006.34,6.4,1991,1990
1991-07-09,28.1,20.9,23.92,99,75,92.38,13.1,1005.58,7.6,1991,1990
1991-07-10,27.8,21.7,24.4,99,74,90.42,13.5,1005.18,6.1,1991,1990
1991-07-11,28.5,22.0,24.65,96,73,88.08,12.1,1005.69,6.2,1991,1990
1991-07-12,28.9,21.8,25.04,96,70,86.04,8.5,1006.57,5.9,1991,1990
1991-07-13,29.2,21.4,24.97,94,67,83.54,5.8,1005.88,6.6,1991,1990
1991-07-14,30.6,22.4,25.94,94,55,79.62,0.5,1005.15,5.6,1991,1990
1991-07-15,28.7,22.6,25.25,94,68,81.79,9.9,1005.69,9.0,1991,1990
1991-07-16,28.4,23.0,25.28,93,73,86.96,11.3,1006.12,6.5,1991,1990
1991-07-17,28.9,21.7,24.64,99,72,90.42,21.8,1006.44,9.2,1991,1990
1991-07-18,28.6,22.0,24.76,99,73,89.17,4.7,1005.79,6.7,1991,1990
1991-07-19,29.1,21.8,25.1,96,72,87.67,9.7,1005.78,6.5,1991,1990
1991-07-20,28.3,21.3,25.22,99,75,86.71,7.6,1006.17,5.8,1991,1990
1991-07-21,28.3,21.7,25.2,98,73,86.88,15.1,1006.84,6.3,1991,1990
1991-07-22,28.9,22.6,25.2,96,74,87.62,9.4,1006.77,5.4,1991,1990
1991-07-23,28.8,21.9,25.51,96,72,85.67,7.4,1006.02,6.5,1991,1990
1991-07-24,29.3,23.2,25.65,99,66,85.29,11.2,1005.25,3.4,1991,1990
1991-07-25,29.3,23.2,25.41,99,71,87.25,15.3,1005.07,5.9,1991,1990
1991-07-26,29.5,22.1,25.09,98,69,88.04,11.9,1005.79,8.4,1991,1990
1991-07-27,28.6,21.5,24.84,99,69,88.42,2.8,1006.36,5.8,1991,1990
1991-07-28,29.0,22.9,25.55,94,66,83.71,4.1,1006.0,5.6,1991,1990
1991-07-29,28.2,21.6,24.94,94,70,84.21,14.5,1006.42,7.3,1991,1990
1991-07-30,28.7,21.9,24.32,99,66,88.21,30.6,1007.67,9.9,1991,1990
1991-07-31,27.3,21.8,23.71,99,80,93.58,23.1,1008.2,7.8,1991,1990
1991-08-01,27.1,20.9,23.58,99,78,92.21,9.1,1007.72,7.6,1991,1990
1991-08-02,28.1,21.4,24.4,98,72,89.08,6.1,1007.1,5.8,1991,1990
1991-08-03,27.7,21.8,24.2,98,75,90.62,17.0,1007.35,6.2,1991,1990
1991-08-04,27.9,20.7,23.93,99,78,91.58,13.6,1006.7,7.2,1991,1990
1991-08-05,28.6,21.4,24.16,99,71,90.29,12.0,1006.53,8.6,1991,1990
1991-08-06,27.9,21.7,23.72,99,72,92.17,26.1,1006.28,9.2,1991,1990
1991-08-07,29.5,20.9,24.06,99,66,89.75,12.9,1005.52,5.9,1991,1990
1991-08-08,26.7,21.2,23.86,99,78,91.38,23.4,1005.3,5.1,1991,1990
1991-08-09,28.1,21.5,24.2,99,73,90.58,11.7,1005.1,6.8,1991,1990
1991-08-10,28.6,22.2,24.85,96,71,87.25,7.3,1005.4,5.2,1991,1990
1991-08-11,28.9,21.9,25.04,94,72,85.92,12.3,1005.46,5.1,1991,1990
1991-08-12,28.8,22.7,25.09,94,68,84.79,11.8,1005.97,4.9,1991,1990
1991-08-13,28.6,23.1,24.99,93,72,87.0,7.5,1005.83,6.1,1991,1990
1991-08-14,28.9,21.7,24.79,96,76,87.96,5.8,1006.08,5.9,1991,1990
1991-08-15,29.6,22.1,25.51,95,67,84.5,8.1,1006.71,6.5,1991,1990
1991-08-16,28.9,22.4,25.0,98,73,87.54,8.0,1007.45,9.0,1991,1990
1991-08-17,29.0,22.3,24.99,99,69,87.0,9.0,1007.58,7.2,1991,1990
1991-08-18,28.2,21.6,24.56,95,72,87.54,7.5,1007.23,7.2,1991,1990
1991-08-19,28.2,21.8,24.82,95,76,87.12,10.5,1007.18,8.0,1991,1990
1991-08-20,27.8,22.2,24.28,99,77,89.79,14.8,1008.14,9.4,1991,1990
1991-08-21,28.1,22.1,24.88,96,71,87.08,6.0,1007.32,5.6,1991,1990
1991-08-22,27.4,21.8,24.36,96,79,89.83,8.2,1005.43,8.4,1991,1990
1991-08-23,27.9,21.8,24.18,99,75,90.12,14.9,1006.57,7.2,1991,1990
1991-08-24,29.1,21.6,24.52,97,72,88.62,3.3,1008.04,8.1,1991,1990
1991-08-25,29.1,22.1,25.24,95,69,86.25,5.5,1006.72,5.8,1991,1990
1991-08-26,28.0,21.9,24.7,95,72,87.96,12.4,1005.74,5.8,1991,1990
1991-08-27,28.0,21.7,24.66,95,71,86.58,4.0,1005.72,5.8,1991,1990
1991-08-28,28.5,22.1,24.72,96,71,87.08,14.7,1006.75,6.5,1991,1990
1991-08-29,28.2,21.9,24.32,99,73,90.21,21.7,1006.12,7.7,1991,1990
1991-08-30,26.3,22.1,23.26,99,83,96.75,16.7,1005.3,6.0,1991,1990
1991-08-31,27.1,21.1,23.95,99,69,87.5,4.3,1006.6,6.2,1991,1990
1991-09-01,28.6,22.1,24.88,97,68,85.96,4.7,1007.98,6.6,1991,1990
1991-09-02,29.1,21.9,24.92,97,70,87.12,5.1,1007.69,7.0,1991,1990
1991-09-03,28.2,22.0,24.56,97,74,89.75,9.8,1006.87,5.7,1991,1990
1991-09-04,27.1,21.0,23.9,99,77,91.79,12.5,1005.69,8.3,1991,1990
1991-09-05,28.0,21.4,24.43,97,76,89.71,8.4,1005.2,9.5,1991,1990
1991-09-06,27.8,21.6,24.65,98,79,89.21,8.5,1005.84,6.9,1991,1990
1991-09-07,28.5,20.8,24.5,97,76,88.08,9.3,1005.92,7.2,1991,1990
1991-09-08,28.4,21.6,24.78,95,74,87.25,4.0,1004.8,6.2,1991,1990
1991-09-09,29.0,22.2,24.95,95,72,87.0,9.4,1003.93,6.1,1991,1990
1991-09-10,29.0,22.5,25.08,99,71,88.79,15.5,1004.42,6.3,1991,1990
1991-09-11,27.4,21.8,24.59,99,78,91.21,9.4,1005.12,6.8,1991,1990
1991-09-12,28.0,22.8,24.82,95,79,89.38,10.5,1006.12,8.0,1991,1990
1991-09-13,29.0,21.3,24.68,96,68,88.08,5.6,1006.28,7.5,1991,1990
1991-09-14,28.4,21.7,24.59,96,73,88.04,8.4,1005.69,6.5,1991,1990
1991-09-15,29.5,21.5,24.98,98,65,85.0,12.7,1005.83,7.3,1991,1990
1991-09-16,26.3,21.8,23.62,99,80,92.83,43.7,1006.8,6.6,1991,1990
1991-09-17,27.0,21.0,23.29,99,74,92.71,23.6,1006.2,8.9,1991,1990
1991-09-18,25.1,21.4,23.03,99,89,95.88,18.5,1006.1,5.5,1991,1990
1991-09-19,25.7,21.7,23.25,99,85,94.88,11.9,1006.19,8.2,1991,1990
1991-09-20,24.7,22.2,23.15,99,87,95.54,31.9,1005.74,9.2,1991,1990
1991-09-21,25.7,21.8,23.35,99,86,95.29,22.9,1005.71,6.7,1991,1990
1991-09-22,25.6,21.7,23.31,99,86,94.54,15.6,1006.35,8.2,1991,1990
1991-09-23,26.3,21.8,23.8,99,86,93.5,12.9,1006.7,6.4,1991,1990
1991-09-24,28.7,20.6,23.98,99,69,90.62,27.4,1006.49,10.1,1991,1990
1991-09-25,27.7,21.4,24.04,99,76,91.75,21.6,1006.0,6.2,1991,1990
1991-09-26,27.3,21.9,24.16,99,82,92.75,17.6,1005.44,9.1,1991,1990
1991-09-27,28.8,21.7,24.27,99,71,91.25,15.7,1004.58,9.5,1991,1990
1991-09-28,27.5,21.3,23.79,99,77,93.04,26.2,1005.11,6.0,1991,1990
1991-09-29,27.7,22.0,23.99,99,74,92.42,14.4,1006.07,7.2,1991,1990
1991-09-30,27.7,22.1,23.9,99,74,92.75,27.4,1005.12,5.8,1991,1990
1991-10-01,27.8,21.2,23.99,99,75,90.42,12.5,1004.16,6.2,1991,1990
1991-10-02,27.8,22.4,24.2,97,76,90.0,10.5,1005.27,8.3,1991,1990
1991-10-03,27.0,21.2,23.67,99,81,92.08,10.8,1006.78,7.8,1991,1990
1991-10-04,27.6,20.7,23.7,98,79,91.92,15.8,1006.79,7.8,1991,1990
1991-10-05,27.5,21.7,23.79,95,77,90.12,18.7,1006.52,6.6,1991,1990
1991-10-06,29.2,21.9,24.29,97,67,87.75,8.7,1006.33,6.4,1991,1990
1991-10-07,28.6,21.6,24.17,97,68,87.54,7.3,1006.41,5.4,1991,1990
1991-10-08,28.5,20.7,24.33,95,66,85.17,2.6,1006.92,6.9,1991,1990
1991-10-09,27.3,21.1,23.94,96,71,88.92,13.2,1007.39,7.3,1991,1990
1991-10-10,27.9,21.3,23.23,99,72,93.46,20.4,1007.23,9.6,1991,1990
1991-10-11,26.5,21.1,22.86,99,82,94.5,9.6,1007.58,7.8,1991,1990
1991-10-12,26.3,20.5,22.74,99,80,93.29,14.9,1007.68,7.0,1991,1990
1991-10-13,27.0,21.2,23.8,96,80,89.46,7.5,1007.48,6.9,1991,1990
1991-10-14,27.6,21.8,23.83,94,72,88.88,5.7,1006.15,6.5,1991,1990
1991-10-15,27.2,21.2,23.54,97,76,90.79,11.1,1004.67,6.4,1991,1990
1991-10-16,28.6,21.5,24.0,99,70,89.29,23.8,1003.98,7.4,1991,1990
1991-10-17,27.4,20.6,23.62,99,80,92.62,17.0,1004.32,8.7,1991,1990
1991-10-18,27.2,20.9,23.31,99,79,92.67,14.4,1005.13,10.5,1991,1990
1991-10-19,27.4,20.7,23.35,98,72,89.42,4.7,1004.65,9.0,1991,1990
1991-10-20,28.1,21.5,24.42,96,69,85.62,0.3,1004.29,8.2,1991,1990
1991-10-21,28.8,21.5,24.6,97,72,87.62,5.3,1004.62,7.0,1991,1990
1991-10-22,28.7,21.4,24.36,96,71,86.79,7.9,1004.7,6.6,1991,1990
1991-10-23,29.2,20.9,24.49,96,70,87.5,4.0,1003.09,5.9,1991,1990
1991-10-24,29.5,21.7,24.93,93,67,83.62,7.6,1002.71,8.3,1991,1990
1991-10-25,27.4,21.5,24.08,98,76,89.12,11.5,1004.08,6.5,1991,1990
1991-10-26,27.2,20.7,23.71,99,75,90.38,9.6,1004.63,7.6,1991,1990
1991-10-27,27.5,21.6,23.89,96,74,88.62,8.4,1004.62,8.1,1991,1990
1991-10-28,27.4,21.5,23.93,98,79,89.46,12.5,1004.88,8.4,1991,1990
1991-10-29,27.4,21.7,23.79,99,76,91.83,20.2,1005.23,6.7,1991,1990
1991-10-30,28.0,21.1,23.55,99,74,92.04,18.6,1004.64,6.3,1991,1990
1991-10-31,28.0,21.3,23.88,98,73,90.21,16.7,1004.51,7.2,1991,1990
1991-11-01,28.4,20.5,24.11,98,72,88.29,6.3,1004.94,5.0,1991,1990
1991-11-02,26.8,21.3,23.63,98,77,91.62,31.2,1006.35,5.8,1991,1990
1991-11-03,26.3,21.2,23.23,99,85,93.46,12.1,1007.47,8.7,1991,1990
1991-11-04,26.8,21.2,23.42,96,75,90.38,19.1,1006.47,7.2,1991,1990
1991-11-05,28.2,20.8,23.85,96,72,87.5,2.4,1004.73,7.5,1991,1990
1991-11-06,28.1,20.8,24.09,96,71,87.04,3.2,1004.72,6.8,1991,1990
1991-11-07,28.9,21.4,24.41,96,67,85.96,3.7,1005.4,5.8,1991,1990
1991-11-08,28.2,21.6,24.24,96,68,85.88,5.7,1006.18,6.6,1991,1990
1991-11-09,27.8,21.7,24.42,96,74,87.12,6.9,1006.55,5.7,1991,1990
1991-11-10,28.0,21.1,24.22,96,67,85.79,8.6,1005.94,6.5,1991,1990
1991-11-11,28.3,21.5,24.26,94,67,86.12,10.9,1005.06,6.2,1991,1990
1991-11-12,27.9,21.7,24.38,99,71,87.58,11.4,1004.07,5.5,1991,1990
1991-11-13,28.3,21.3,24.38,96,68,86.25,15.4,1004.45,6.4,1991,1990
1991-11-14,28.4,18.8,23.38,98,64,85.04,3.5,1005.95,7.4,1991,1990
1991-11-15,28.9,20.3,23.96,96,61,83.33,2.2,1006.97,7.6,1991,1990
1991-11-16,28.4,19.9,23.68,97,66,84.83,2.1,1006.7,6.2,1991,1990
1991-11-17,28.9,20.3,24.02,96,59,80.88,1.2,1005.71,7.3,1991,1990
1991-11-18,28.6,20.9,24.22,96,64,82.12,1.5,1004.92,7.3,1991,1990
1991-11-19,28.7,20.3,24.23,94,66,83.96,1.6,1005.49,6.9,1991,1990
1991-11-20,30.3,21.4,25.07,93,59,80.17,2.6,1005.62,7.6,1991,1990
1991-11-21,26.8,22.2,24.19,94,75,87.62,14.0,1005.2,5.5,1991,1990
1991-11-22,26.9,22.1,23.33,99,76,93.29,41.8,1004.72,6.0,1991,1990
1991-11-23,27.8,21.2,23.98,99,75,90.0,4.4,1004.67,6.2,1991,1990
1991-11-24,29.9,21.8,25.09,93,59,79.88,9.4,1004.0,7.6,1991,1990
1991-11-25,27.7,21.4,24.37,96,72,87.38,21.5,1003.67,5.5,1991,1990
1991-11-26,27.9,22.1,24.34,95,70,87.0,6.0,1003.88,5.8,1991,1990
1991-11-27,27.7,22.4,24.44,95,72,87.79,6.2,1004.66,6.6,1991,1990
1991-11-28,27.8,22.5,24.65,96,74,88.29,14.1,1004.8,4.7,1991,1990
1991-11-29,27.9,22.0,24.64,99,79,90.42,10.4,1004.43,6.4,1991,1990
1991-11-30,27.2,22.6,24.32,97,82,92.08,10.4,1005.2,7.3,1991,1990
1991-12-01,27.0,22.3,24.48,97,80,90.83,6.8,1005.24,4.8,1991,1990
1991-12-02,27.5,22.2,24.43,97,78,90.88,13.6,1005.28,5.0,1991,1990
1991-12-03,27.8,22.4,24.67,97,81,90.04,7.2,1004.82,9.4,1991,1990
1991-12-04,27.2,21.7,24.16,99,81,91.71,19.9,1004.32,6.5,1991,1990
1991-12-05,28.2,21.3,24.35,99,64,84.54,0.3,1004.23,9.2,1991,1990
1991-12-06,29.2,21.4,24.66,88,58,76.17,0.2,1003.95,8.9,1991,1990
1991-12-07,29.7,20.4,24.62,87,55,75.21,0.0,1003.53,9.9,1991,1990
1991-12-08,28.4,22.3,24.85,91,67,80.96,2.8,1003.84,7.3,1991,1990
1991-12-09,28.5,22.3,24.6,93,67,84.75,4.4,1003.85,6.3,1991,1990
1991-12-10,28.1,21.7,24.3,93,67,82.83,2.9,1004.25,6.9,1991,1990
1991-12-11,29.6,21.4,24.9,91,55,76.29,0.2,1004.01,8.8,1991,1990
1991-12-12,29.1,21.3,24.86,82,61,73.79,0.2,1004.57,9.8,1991,1990
1991-12-13,29.7,21.4,24.93,88,51,73.04,0.4,1005.59,9.5,1991,1990
1991-12-14,28.9,20.9,24.25,88,60,74.92,0.8,1006.06,9.3,1991,1990
1991-12-15,29.6,21.0,24.73,88,54,73.04,0.1,1005.68,8.3,1991,1990
1991-12-16,29.5,20.0,24.54,86,53,72.33,0.2,1005.91,9.3,1991,1990
1991-12-17,29.5,19.6,24.18,84,53,72.88,0.9,1006.83,8.8,1991,1990
1991-12-18,30.0,21.0,24.8,86,52,71.67,0.0,1006.58,10.5,1991,1990
1991-12-19,30.0,20.2,24.58,83,54,70.83,0.0,1006.82,9.8,1991,1990
1991-12-20,30.0,19.5,24.5,85,49,68.88,0.0,1007.22,10.9,1991,1990
1991-12-21,30.0,21.0,24.95,87,46,67.54,0.0,1006.59,14.5,1991,1990
1991-12-22,29.5,20.7,24.87,80,55,68.71,0.3,1005.75,8.5,1991,1990
1991-12-23,30.1,21.3,25.26,82,51,68.5,0.1,1004.63,9.2,1991,1990
1991-12-24,30.1,21.5,25.24,80,53,69.25,0.0,1003.85,9.7,1991,1990
1991-12-25,30.3,22.9,25.75,77,49,64.83,0.1,1004.53,10.4,1991,1990
1991-12-26,30.3,22.3,25.52,79,52,67.92,0.1,1004.81,10.5,1991,1990
1991-12-27,30.8,21.5,25.73,83,51,69.17,0.1,1004.51,9.1,1991,1990
1991-12-28,30.4,21.9,25.85,86,53,69.38,1.3,1004.24,8.7,1991,1990
1991-12-29,30.0,22.2,25.4,84,53,69.75,0.5,1004.03,8.4,1991,1990
1991-12-30,30.9,21.7,25.62,75,42,61.42,0.0,1003.84,10.5,1991,1990
1991-12-31,30.7,22.5,25.88,78,47,63.88,0.0,1004.46,10.0,1991,1990
1992-01-01,31.0,21.8,25.93,73,48,63.62,0.5,1004.13,9.9,1992,1990
1992-01-02,31.6,21.7,26.11,82,46,66.75,0.2,1003.09,8.9,1992,1990
1992-01-03,31.6,22.2,26.23,81,46,67.75,0.7,1003.23,8.6,1992,1990
1992-01-04,31.9,21.9,26.28,82,45,67.0,0.6,1003.91,9.6,1992,1990
1992-01-05,31.6,22.3,26.24,78,46,66.46,1.0,1004.66,8.4,1992,1990
1992-01-06,31.9,21.7,26.14,89,44,68.71,2.7,1005.26,8.1,1992,1990
1992-01-07,31.5,21.7,25.95,90,45,69.08,0.2,1005.31,8.7,1992,1990
1992-01-08,31.5,22.1,26.35,78,46,63.46,0.1,1004.23,9.1,1992,1990
1992-01-09,32.1,22.0,26.66,80,41,60.12,0.0,1003.65,8.8,1992,1990
1992-01-10,32.2,22.1,26.41,71,37,56.42,0.0,1003.44,10.7,1992,1990
1992-01-11,31.7,22.3,26.3,72,43,59.33,0.1,1004.47,9.1,1992,1990
1992-01-12,31.7,21.5,26.27,78,41,60.25,0.1,1005.13,10.2,1992,1990
1992-01-13,32.0,22.5,26.51,78,43,64.38,1.1,1004.5,9.3,1992,1990
1992-01-14,30.8,22.2,26.09,83,46,68.42,3.5,1004.57,8.0,1992,1990
1992-01-15,31.4,21.7,26.14,80,43,65.42,0.1,1004.45,8.4,1992,1990
1992-01-16,31.4,21.5,26.07,76,44,61.21,0.0,1004.99,11.1,1992,1990
1992-01-17,31.4,22.5,26.04,66,37,53.58,0.0,1003.85,13.4,1992,1990
1992-01-18,32.1,23.0,26.68,67,40,54.33,0.0,1002.58,13.3,1992,1990
1992-01-19,32.6,23.3,26.93,70,40,57.88,0.0,1003.77,14.8,1992,1990
1992-01-20,32.5,23.6,27.0,64,35,51.83,0.0,1005.4,11.2,1992,1990
1992-01-21,32.1,22.5,26.7,68,40,55.25,0.0,1005.34,10.6,1992,1990
1992-01-22,32.3,22.5,26.9,78,43,62.71,1.0,1005.43,9.5,1992,1990
1992-01-23,32.5,22.6,26.78,87,43,68.67,1.8,1005.93,8.0,1992,1990
1992-01-24,32.8,22.5,27.11,88,41,64.62,0.9,1006.82,8.1,1992,1990
1992-01-25,32.2,23.2,26.91,76,40,59.29,0.0,1006.33,9.6,1992,1990
1992-01-26,31.8,22.5,26.56,70,40,56.75,0.2,1005.69,11.7,1992,1990
1992-01-27,32.2,22.3,26.59,72,40,57.83,0.1,1005.88,9.6,1992,1990
1992-01-28,32.6,22.1,26.65,73,39,59.33,1.1,1006.01,8.6,1992,1990
1992-01-29,32.1,21.7,26.6,79,39,60.71,0.6,1006.68,8.8,1992,1990
1992-01-30,32.5,22.2,26.77,75,40,59.96,0.0,1006.4,8.9,1992,1990
1992-01-31,32.0,23.2,26.97,74,41,58.79,0.3,1006.77,8.6,1992,1990
1992-02-01,32.3,22.7,26.88,68,39,56.17,0.1,1005.93,9.2,1992,1990
1992-02-02,32.3,22.5,26.85,73,39,57.21,0.0,1004.7,9.7,1992,1990
1992-02-03,32.8,21.6,26.62,74,34,57.54,0.0,1004.16,9.8,1992,1990
1992-02-04,31.9,23.0,26.71,83,40,63.54,0.7,1004.59,10.2,1992,1990
1992-02-05,29.2,23.2,25.89,89,62,79.33,3.6,1004.32,12.2,1992,1990
1992-02-06,30.0,23.7,26.16,97,65,82.08,5.6,1004.74,7.4,1992,1990
1992-02-07,30.9,21.9,25.78,95,52,78.29,0.8,1004.62,9.4,1992,1990
1992-02-08,30.6,23.0,26.14,91,55,76.54,2.5,1006.04,6.2,1992,1990
1992-02-09,31.0,22.6,26.17,89,53,75.71,2.6,1006.93,7.8,1992,1990
1992-02-10,31.9,22.8,26.07,91,49,76.88,16.0,1007.06,6.2,1992,1990
1992-02-11,30.1,21.3,25.22,96,58,79.96,7.5,1007.76,6.5,1992,1990
1992-02-12,31.3,21.7,25.7,93,47,71.21,0.3,1008.29,8.2,1992,1990
1992-02-13,32.1,21.5,26.05,76,39,62.67,0.1,1007.18,9.4,1992,1990
1992-02-14,32.3,21.4,26.05,75,34,58.08,0.0,1005.17,10.7,1992,1990
1992-02-15,32.1,22.0,26.48,68,40,56.25,0.0,1005.3,10.9,1992,1990
1992-02-16,32.4,22.8,26.87,70,41,58.04,0.2,1005.02,10.2,1992,1990
1992-02-17,32.5,22.0,26.82,77,42,60.88,0.6,1004.58,10.0,1992,1990
1992-02-18,33.2,22.1,26.98,77,39,61.67,0.4,1004.0,9.4,1992,1990
1992-02-19,33.1,22.6,27.18,77,41,58.92,0.0,1004.15,9.5,1992,1990
1992-02-20,32.6,23.8,27.08,68,34,53.54,0.0,1004.88,11.0,1992,1990
1992-02-21,32.5,22.6,26.72,65,37,53.08,0.2,1005.2,12.7,1992,1990
1992-02-22,32.7,23.0,27.08,68,39,54.54,0.0,1004.32,9.9,1992,1990
1992-02-23,33.1,23.2,27.51,71,38,57.08,0.1,1002.96,10.3,1992,1990
1992-02-24,34.0,22.2,27.56,84,33,61.33,0.2,1003.28,8.7,1992,1990
1992-02-25,33.7,21.9,27.51,83,35,64.17,0.0,1004.48,11.0,1992,1990
1992-02-26,34.4,23.7,28.22,84,35,63.46,0.8,1005.55,7.9,1992,1990
1992-02-27,33.5,23.3,28.04,85,39,62.33,1.5,1005.93,7.9,1992,1990
1992-02-28,33.8,24.7,28.11,70,32,53.88,0.0,1005.32,13.9,1992,1990
1992-02-29,33.7,22.9,27.57,62,28,48.79,0.0,1005.07,13.2,1992,1990
1992-03-01,33.5,24.6,27.93,67,39,56.12,0.0,1005.0,13.5,1992,1990
1992-03-02,33.3,24.9,28.07,66,39,55.83,0.0,1003.9,21.4,1992,1990
1992-03-03,34.1,24.9,28.26,63,33,51.29,0.0,1002.11,18.7,1992,1990
1992-03-04,34.0,24.0,28.05,63,33,50.21,0.0,1002.43,13.7,1992,1990
1992-03-05,34.4,22.8,28.18,64,35,51.58,0.0,1002.08,10.6,1992,1990
1992-03-06,35.0,24.3,28.8,71,35,57.33,0.8,1002.62,9.9,1992,1990
1992-03-07,34.3,24.2,28.6,74,37,55.71,0.6,1003.63,9.8,1992,1990
1992-03-08,34.0,23.2,28.04,72,34,53.96,0.0,1003.68,10.0,1992,1990
1992-03-09,34.4,22.9,27.97,71,33,53.46,0.0,1002.51,10.7,1992,1990
1992-03-10,34.4,23.1,28.19,70,37,56.5,0.0,1001.41,9.4,1992,1990
1992-03-11,35.3,22.8,28.51,76,30,54.04,0.0,1001.29,10.8,1992,1990
1992-03-12,34.7,22.4,28.14,69,33,54.83,0.0,1002.12,10.4,1992,1990
1992-03-13,35.0,24.2,28.89,72,35,56.0,0.8,1003.37,9.1,1992,1990
1992-03-14,34.3,23.7,28.48,73,35,55.5,0.3,1004.52,9.4,1992,1990
1992-03-15,34.2,24.2,28.31,68,36,53.0,0.0,1004.65,11.8,1992,1990
1992-03-16,34.0,24.1,27.9,61,32,48.67,0.0,1004.71,15.0,1992,1990
1992-03-17,34.5,23.7,28.1,60,29,46.75,0.0,1004.26,15.0,1992,1990
1992-03-18,34.3,24.1,28.41,65,35,51.96,0.0,1004.3,12.3,1992,1990
1992-03-19,34.7,23.8,28.54,69,36,53.75,0.2,1005.22,10.8,1992,1990
1992-03-20,34.6,23.8,28.6,72,36,55.79,0.2,1005.11,10.8,1992,1990
1992-03-21,34.5,23.6,28.21,74,35,55.38,0.0,1005.52,10.5,1992,1990
1992-03-22,34.1,22.4,27.85,75,33,55.25,0.0,1004.8,10.4,1992,1990
1992-03-23,34.9,22.5,28.19,73,29,54.46,0.7,1005.17,8.4,1992,1990
1992-03-24,34.6,22.6,28.17,76,31,57.38,0.0,1006.04,10.7,1992,1990
1992-03-25,34.3,23.0,27.96,76,35,60.5,0.5,1006.01,10.8,1992,1990
1992-03-26,34.2,23.2,28.04,79,34,61.12,0.6,1005.43,8.1,1992,1990
1992-03-27,34.8,22.2,27.95,67,29,49.54,0.0,1005.05,10.6,1992,1990
1992-03-28,35.2,22.6,28.08,62,26,46.17,0.0,1004.57,12.2,1992,1990
1992-03-29,35.2,22.9,28.22,68,28,52.75,0.0,1005.27,10.4,1992,1990
1992-03-30,34.7,22.3,27.98,77,32,56.04,0.4,1006.57,10.4,1992,1990
1992-03-31,33.1,23.2,27.51,89,42,67.71,1.2,1007.41,6.9,1992,1990
1992-04-01,34.0,23.8,27.95,83,38,64.83,1.9,1006.1,8.9,1992,1990
1992-04-02,33.3,22.8,27.6,86,41,67.25,1.9,1004.34,12.1,1992,1990
1992-04-03,33.0,24.5,27.9,87,49,71.79,2.4,1003.22,10.3,1992,1990
1992-04-04,33.3,24.4,27.69,92,49,76.17,3.8,1004.03,6.8,1992,1990
1992-04-05,32.7,23.5,27.4,93,47,73.12,2.3,1005.08,11.2,1992,1990
1992-04-06,34.5,23.3,28.05,90,38,64.5,0.0,1004.67,8.6,1992,1990
1992-04-07,34.9,22.9,28.62,75,32,53.38,0.0,1003.18,10.0,1992,1990
1992-04-08,35.1,24.2,28.98,65,34,51.21,0.0,1001.61,11.5,1992,1990
1992-04-09,35.2,25.0,29.03,65,34,50.88,0.0,1001.02,13.5,1992,1990
1992-04-10,35.3,24.3,29.25,61,35,50.33,0.0,1001.86,10.5,1992,1990
1992-04-11,34.6,24.5,28.35,82,38,61.33,3.3,1003.3,9.2,1992,1990
1992-04-12,30.1,24.7,26.88,84,56,71.5,8.5,1005.63,5.2,1992,1990
1992-04-13,33.3,23.5,27.7,84,39,64.54,0.7,1005.41,8.7,1992,1990
1992-04-14,33.4,23.3,27.37,84,43,67.08,4.8,1005.22,6.9,1992,1990
1992-04-15,32.2,24.1,27.46,84,46,65.67,7.3,1005.17,6.6,1992,1990
1992-04-16,33.1,24.0,27.73,86,43,67.25,5.5,1005.15,8.0,1992,1990
1992-04-17,33.5,24.3,27.9,84,43,68.88,4.7,1004.8,7.9,1992,1990
1992-04-18,33.8,23.6,28.03,92,44,70.83,0.8,1004.9,9.8,1992,1990
1992-04-19,31.9,23.9,27.2,90,50,74.92,1.9,1004.78,8.9,1992,1990
1992-04-20,32.8,22.5,27.17,95,49,76.33,2.3,1002.87,8.8,1992,1990
1992-04-21,33.4,22.7,27.54,94,45,72.17,1.8,1002.21,8.9,1992,1990
1992-04-22,33.9,23.4,28.1,88,41,67.83,0.8,1003.6,6.7,1992,1990
1992-04-23,34.8,22.9,28.58,76,34,56.71,0.2,1004.12,10.0,1992,1990
1992-04-24,34.4,24.5,28.84,71,38,56.75,2.6,1002.9,8.7,1992,1990
1992-04-25,33.1,25.3,28.0,81,45,65.21,13.9,1001.66,6.6,1992,1990
1992-04-26,31.7,25.1,27.16,86,53,74.33,15.9,1004.08,4.9,1992,1990
1992-04-27,28.7,23.7,25.79,98,65,82.67,19.8,1006.73,5.8,1992,1990
1992-04-28,28.0,22.7,24.51,99,68,89.21,21.3,1007.03,7.9,1992,1990
1992-04-29,30.5,22.2,25.48,98,57,79.54,3.8,1005.46,9.2,1992,1990
1992-04-30,32.2,23.6,27.11,88,47,68.88,4.4,1004.48,9.3,1992,1990
1992-05-01,32.2,23.3,27.21,74,45,61.58,1.2,1005.41,9.0,1992,1990
1992-05-02,32.7,22.5,27.24,73,43,60.33,0.5,1006.33,9.7,1992,1990
1992-05-03,33.2,24.1,27.72,86,45,65.62,6.5,1005.35,7.9,1992,1990
1992-05-04,31.5,23.9,27.02,86,54,73.04,8.5,1003.17,7.1,1992,1990
1992-05-05,30.2,24.0,26.09,91,62,79.88,16.3,1003.05,7.2,1992,1990
1992-05-06,29.9,22.4,25.73,98,60,80.38,13.2,1004.38,6.0,1992,1990
1992-05-07,32.0,22.8,26.19,90,51,76.33,23.7,1004.96,7.0,1992,1990
1992-05-08,31.0,22.6,26.05,91,54,76.46,15.8,1004.88,6.5,1992,1990
1992-05-09,32.0,23.4,27.18,91,55,75.12,7.5,1003.5,6.0,1992,1990
1992-05-10,32.9,23.9,27.98,86,49,68.96,1.5,1003.05,6.3,1992,1990
1992-05-11,32.8,24.0,27.9,79,47,65.29,2.1,1003.65,8.0,1992,1990
1992-05-12,32.4,23.8,27.22,89,49,72.25,4.3,1003.91,6.2,1992,1990
1992-05-13,32.2,23.4,27.09,90,50,73.5,4.2,1003.29,6.5,1992,1990
1992-05-14,32.2,22.5,26.72,90,42,71.54,3.2,1003.71,9.2,1992,1990
1992-05-15,32.0,22.9,27.0,91,47,71.79,0.7,1003.77,12.1,1992,1990
1992-05-16,32.4,23.6,27.3,88,46,72.38,5.4,1004.88,8.9,1992,1990
1992-05-17,31.2,23.9,26.59,92,54,77.75,2.6,1004.75,8.6,1992,1990
1992-05-18,31.9,23.8,26.37,94,53,80.54,18.0,1004.04,8.1,1992,1990
1992-05-19,29.5,23.3,25.58,99,65,85.54,22.7,1003.77,7.4,1992,1990
1992-05-20,28.5,23.0,25.07,97,73,89.33,20.0,1004.53,7.6,1992,1990
1992-05-21,29.1,23.2,24.95,99,70,89.92,20.3,1005.11,8.0,1992,1990
1992-05-22,27.2,22.6,24.25,99,82,94.46,23.3,1005.8,7.8,1992,1990
1992-05-23,29.7,22.3,25.8,99,63,83.29,1.2,1005.72,7.9,1992,1990
1992-05-24,28.4,23.7,25.52,94,74,86.71,5.7,1005.35,7.2,1992,1990
1992-05-25,29.8,23.3,26.01,94,68,84.54,4.6,1005.09,6.8,1992,1990
1992-05-26,29.8,23.4,25.31,97,66,88.46,33.6,1005.68,6.3,1992,1990
1992-05-27,29.2,22.1,24.73,99,67,90.54,28.8,1005.3,8.4,1992,1990
1992-05-28,27.6,21.6,23.92,99,71,91.33,22.8,1005.43,7.9,1992,1990
1992-05-29,27.7,21.5,24.18,99,80,92.46,20.8,1005.59,6.5,1992,1990
1992-05-30,28.6,21.8,24.98,98,74,88.5,14.4,1006.18,6.5,1992,1990
1992-05-31,29.7,22.2,24.98,99,67,88.5,6.0,1005.44,6.8,1992,1990
1992-06-01,28.8,21.9,24.8,100,69,88.96,11.4,1003.83,7.9,1992,1990
1992-06-02,29.6,20.9,24.61,98,67,89.38,14.7,1004.46,7.7,1992,1990
1992-06-03,28.7,21.5,24.71,99,75,90.12,20.2,1005.54,5.6,1992,1990
1992-06-04,28.5,22.6,24.98,96,71,88.17,11.7,1005.17,6.5,1992,1990
1992-06-05,29.3,22.3,25.28,96,72,87.58,5.7,1003.99,7.5,1992,1990
1992-06-06,27.5,23.0,25.48,96,79,88.17,7.7,1003.75,6.5,1992,1990
1992-06-07,27.3,22.1,24.61,97,79,90.25,21.5,1005.29,6.6,1992,1990
1992-06-08,27.5,22.3,24.12,99,84,93.38,24.6,1005.99,8.5,1992,1990
1992-06-09,28.8,21.1,24.74,99,71,88.42,11.0,1004.77,4.3,1992,1990
1992-06-10,29.2,22.1,25.2,98,68,86.75,4.7,1004.3,6.8,1992,1990
1992-06-11,28.2,22.4,25.09,99,77,89.67,17.5,1004.92,6.9,1992,1990
1992-06-12,29.3,22.4,24.94,99,72,89.67,17.4,1005.02,5.6,1992,1990
1992-06-13,28.5,22.5,24.72,99,79,92.58,19.4,1004.38,7.6,1992,1990
1992-06-14,28.7,22.0,24.91,99,76,91.96,14.2,1003.7,6.0,1992,1990
1992-06-15,29.0,22.5,25.02,97,72,89.88,8.7,1003.57,7.6,1992,1990
1992-06-16,27.8,22.7,24.95,97,79,90.29,10.7,1004.73,10.0,1992,1990
1992-06-17,27.7,23.0,24.9,96,82,90.62,12.3,1005.27,6.8,1992,1990
1992-06-18,27.8,22.4,24.83,96,82,90.21,9.1,1004.97,7.9,1992,1990
1992-06-19,29.0,22.2,24.83,99,72,90.04,28.1,1004.32,9.2,1992,1990
1992-06-20,26.6,22.3,24.2,99,84,93.0,12.9,1004.17,6.7,1992,1990
1992-06-21,29.3,22.4,25.4,99,69,87.25,2.2,1004.22,9.8,1992,1990
1992-06-22,29.0,23.3,25.62,96,76,88.96,8.4,1003.27,6.1,1992,1990
1992-06-23,29.6,23.1,25.55,96,70,88.38,5.8,1002.51,7.9,1992,1990
1992-06-24,28.9,22.4,25.29,99,78,90.08,11.5,1003.28,7.2,1992,1990
1992-06-25,27.4,22.9,24.61,99,83,92.71,18.0,1004.67,7.2,1992,1990
1992-06-26,27.8,22.3,24.68,96,80,91.42,5.6,1005.99,7.3,1992,1990
1992-06-27,28.2,22.3,24.62,98,75,90.46,12.2,1006.32,7.7,1992,1990
1992-06-28,28.0,22.4,24.49,99,75,91.58,17.3,1005.88,5.8,1992,1990
1992-06-29,27.1,21.8,24.47,99,87,93.25,7.9,1005.25,7.9,1992,1990
1992-06-30,28.7,22.9,24.77,99,72,90.88,19.6,1005.47,5.6,1992,1990
1992-07-01,27.2,23.0,24.83,97,79,89.25,14.4,1005.62,11.5,1992,1990
1992-07-02,27.8,22.3,24.18,99,79,92.62,18.9,1005.3,7.1,1992,1990
1992-07-03,27.0,21.9,24.38,96,77,88.54,0.0,1005.87,6.3,1992,1990
1992-07-04,28.0,22.8,24.49,96,76,88.79,12.2,1006.04,7.6,1992,1990
1992-07-05,28.6,21.8,24.89,96,70,85.12,6.3,1005.61,7.3,1992,1990
1992-07-06,28.3,22.6,24.54,95,72,87.21,15.5,1005.51,5.5,1992,1990
1992-07-07,28.6,21.8,24.5,98,71,89.08,22.4,1005.5,8.4,1992,1990
1992-07-08,27.2,21.0,24.36,99,77,90.54,14.7,1005.77,5.4,1992,1990
1992-07-09,27.7,21.1,23.8,99,73,91.83,36.0,1006.28,5.9,1992,1990
1992-07-10,26.8,21.6,23.93,99,79,91.33,7.3,1007.31,7.1,1992,1990
1992-07-11,26.7,21.0,23.58,99,80,92.0,7.4,1006.83,5.6,1992,1990
1992-07-12,26.9,21.8,23.8,97,75,89.33,11.0,1007.52,9.1,1992,1990
1992-07-13,26.6,20.7,23.17,99,77,92.25,32.3,1008.24,10.6,1992,1990
1992-07-14,26.0,21.0,23.11,99,85,94.38,17.8,1008.0,7.4,1992,1990
1992-07-15,27.2,21.2,23.56,99,73,91.08,5.7,1006.69,9.9,1992,1990
1992-07-16,28.6,22.0,24.48,96,70,87.29,6.7,1006.54,8.0,1992,1990
1992-07-17,28.6,21.4,24.96,96,69,84.96,3.5,1006.33,6.2,1992,1990
1992-07-18,30.7,21.7,25.8,96,61,82.83,2.4,1005.07,7.3,1992,1990
1992-07-19,30.3,22.6,25.31,96,63,83.96,8.3,1004.69,7.3,1992,1990
1992-07-20,27.9,22.3,24.88,95,76,87.92,6.1,1005.3,7.0,1992,1990
1992-07-21,28.7,22.5,24.37,95,70,88.58,8.7,1006.51,7.3,1992,1990
1992-07-22,27.6,21.2,24.0,96,75,89.12,4.5,1006.44,7.8,1992,1990
1992-07-23,27.9,21.1,24.65,99,77,88.33,7.4,1006.18,6.4,1992,1990
1992-07-24,27.9,22.0,24.64,97,73,88.54,10.1,1006.92,5.6,1992,1990
1992-07-25,28.7,21.6,24.66,96,71,87.92,9.2,1006.8,5.6,1992,1990
1992-07-26,27.4,21.8,24.16,99,75,90.25,16.6,1006.77,6.4,1992,1990
1992-07-27,24.3,21.7,22.83,99,92,97.12,29.4,1007.83,5.6,1992,1990
1992-07-28,28.3,20.8,23.74,99,69,92.17,17.0,1007.79,4.9,1992,1990
1992-07-29,27.8,21.1,23.79,99,71,91.21,18.2,1006.78,7.0,1992,1990
1992-07-30,27.3,20.7,23.66,99,78,91.75,14.2,1006.68,7.2,1992,1990
1992-07-31,28.6,20.8,23.75,99,69,91.42,18.4,1007.13,6.2,1992,1990
1992-08-01,28.0,21.2,24.65,99,76,88.38,9.5,1006.68,6.7,1992,1990
1992-08-02,29.6,21.5,25.18,98,65,84.54,0.8,1006.14,5.5,1992,1990
1992-08-03,28.7,22.3,25.08,94,71,84.67,7.5,1005.97,7.2,1992,1990
1992-08-04,27.2,22.1,24.41,96,78,89.88,15.0,1005.5,6.3,1992,1990
1992-08-05,28.2,21.6,24.64,98,72,89.5,10.1,1005.98,6.9,1992,1990
1992-08-06,28.2,21.2,24.32,99,71,89.58,18.5,1006.21,5.4,1992,1990
1992-08-07,28.0,22.2,24.5,96,71,88.25,15.6,1006.01,7.9,1992,1990
1992-08-08,27.3,21.6,24.45,96,74,87.08,2.2,1006.83,6.1,1992,1990
1992-08-09,28.8,22.0,24.64,95,69,86.67,7.3,1007.25,6.1,1992,1990
1992-08-10,27.0,22.2,23.94,99,80,91.33,22.8,1007.0,7.3,1992,1990
1992-08-11,26.8,21.5,23.82,99,83,92.46,18.8,1006.27,10.1,1992,1990
1992-08-12,28.6,20.8,23.97,99,68,90.25,6.3,1006.9,8.0,1992,1990
1992-08-13,28.6,21.8,24.63,96,71,86.83,3.2,1007.59,10.2,1992,1990
1992-08-14,28.1,22.4,24.43,98,72,88.88,18.1,1007.8,9.0,1992,1990
1992-08-15,26.2,21.5,23.22,99,86,94.21,9.7,1007.8,5.4,1992,1990
1992-08-16,26.8,21.2,23.48,99,79,91.67,9.2,1007.76,8.1,1992,1990
1992-08-17,27.2,21.3,23.94,96,75,88.21,7.3,1007.51,5.4,1992,1990
1992-08-18,28.9,21.5,24.5,95,68,85.83,5.9,1006.85,5.8,1992,1990
1992-08-19,28.3,21.3,24.58,96,70,87.46,6.3,1005.85,6.7,1992,1990
1992-08-20,28.3,21.8,24.48,99,75,89.33,11.5,1005.61,5.8,1992,1990
1992-08-21,28.1,20.8,24.15,99,74,90.38,11.9,1006.02,5.4,1992,1990
1992-08-22,28.3,22.4,24.98,97,72,87.58,8.9,1005.88,6.8,1992,1990
1992-08-23,28.5,21.4,24.74,99,68,86.38,8.3,1005.46,5.4,1992,1990
1992-08-24,29.7,21.4,24.95,94,63,83.58,8.3,1005.4,7.9,1992,1990
1992-08-25,28.3,22.1,24.27,96,71,88.96,12.2,1006.91,9.0,1992,1990
1992-08-26,27.9,21.5,24.29,98,74,90.0,8.4,1007.73,6.5,1992,1990
1992-08-27,28.1,20.9,24.02,99,78,91.12,21.8,1007.65,7.4,1992,1990
1992-08-28,27.2,21.9,24.21,96,77,90.21,16.8,1007.17,6.0,1992,1990
1992-08-29,26.9,22.1,24.31,96,79,90.42,20.7,1007.08,7.6,1992,1990
1992-08-30,26.3,20.8,23.2,99,80,95.12,38.2,1007.08,5.6,1992,1990
1992-08-31,28.4,20.5,23.63,99,73,91.71,25.2,1006.2,9.0,1992,1990
1992-09-01,28.0,21.3,24.09,97,74,90.25,15.6,1005.02,6.3,1992,1990
1992-09-02,28.3,22.3,24.74,95,75,87.33,9.9,1004.65,7.3,1992,1990
1992-09-03,29.0,21.5,24.76,96,68,86.42,7.7,1004.28,7.5,1992,1990
1992-09-04,28.0,21.5,24.4,99,72,88.17,16.7,1004.75,6.6,1992,1990
1992-09-05,28.1,22.5,24.43,96,71,88.92,8.5,1004.62,6.9,1992,1990
1992-09-06,28.5,22.0,24.52,96,73,87.79,12.8,1004.68,6.6,1992,1990
1992-09-07,28.6,21.7,24.61,95,67,85.75,5.7,1005.49,5.8,1992,1990
1992-09-08,27.5,20.7,24.11,98,79,89.17,8.1,1006.16,6.8,1992,1990
1992-09-09,28.4,21.7,23.93,99,69,90.25,25.5,1005.45,6.8,1992,1990
1992-09-10,28.7,20.9,24.09,99,70,90.04,15.2,1005.13,8.2,1992,1990
1992-09-11,28.5,21.8,24.4,96,71,88.38,8.3,1005.59,8.4,1992,1990
1992-09-12,27.9,22.0,24.36,97,74,89.04,12.8,1005.94,7.1,1992,1990
1992-09-13,27.2,22.1,24.03,95,74,88.96,14.0,1005.39,6.6,1992,1990
1992-09-14,28.4,21.2,23.36,99,69,91.0,22.5,1004.81,6.6,1992,1990
1992-09-15,26.0,21.1,22.72,99,80,94.54,24.1,1006.2,7.1,1992,1990
1992-09-16,25.6,20.6,23.0,99,83,92.96,8.6,1006.47,5.1,1992,1990
1992-09-17,26.9,20.5,23.0,99,78,93.38,21.7,1006.26,9.5,1992,1990
1992-09-18,27.2,20.0,23.09,99,78,92.04,10.9,1005.84,11.0,1992,1990
1992-09-19,26.9,20.8,23.68,99,82,91.88,17.8,1005.74,6.8,1992,1990
1992-09-20,26.9,21.8,24.01,95,79,89.33,11.7,1005.75,7.9,1992,1990
1992-09-21,27.9,21.6,23.72,96,74,90.67,10.5,1006.32,7.6,1992,1990
1992-09-22,26.8,21.5,23.7,99,82,92.25,17.3,1005.88,7.2,1992,1990
1992-09-23,26.9,20.6,23.09,99,83,94.33,28.3,1005.52,6.5,1992,1990
1992-09-24,25.6,20.6,22.85,99,86,94.92,13.8,1005.72,7.9,1992,1990
1992-09-25,25.6,21.6,23.21,99,83,93.71,16.8,1005.46,9.3,1992,1990
1992-09-26,26.3,21.3,23.43,98,86,92.38,11.4,1005.58,8.0,1992,1990
1992-09-27,26.7,20.8,23.03,99,80,94.25,32.3,1005.32,9.9,1992,1990
1992-09-28,26.6,21.3,23.68,99,80,91.62,14.4,1005.43,9.6,1992,1990
1992-09-29,28.7,21.7,24.42,96,69,87.83,8.4,1006.35,8.2,1992,1990
1992-09-30,29.0,21.3,24.53,96,68,87.08,4.1,1005.55,7.1,1992,1990
1992-10-01,28.4,21.8,24.37,99,76,90.38,19.1,1004.68,7.2,1992,1990
1992-10-02,27.6,21.0,23.61,99,75,92.33,15.7,1004.42,7.6,1992,1990
1992-10-03,26.6,21.6,23.18,99,83,93.42,16.8,1005.24,9.5,1992,1990
1992-10-04,26.8,20.5,23.29,99,74,89.88,8.0,1006.35,5.8,1992,1990
1992-10-05,27.9,20.9,23.8,99,71,88.21,10.4,1007.28,8.2,1992,1990
1992-10-06,27.3,20.4,23.54,99,73,90.62,13.1,1007.05,6.2,1992,1990
1992-10-07,28.3,21.3,23.86,96,70,87.67,11.3,1006.16,6.3,1992,1990
1992-10-08,28.3,20.7,23.62,98,71,90.25,12.2,1006.1,9.7,1992,1990
1992-10-09,26.9,21.2,23.67,99,82,90.96,14.2,1006.25,5.4,1992,1990
1992-10-10,26.2,21.1,22.94,99,80,95.0,37.0,1006.51,6.7,1992,1990
1992-10-11,28.2,21.1,23.31,99,69,90.79,41.5,1006.55,7.5,1992,1990
1992-10-12,27.6,21.0,23.7,99,73,90.75,23.0,1006.04,6.5,1992,1990
1992-10-13,28.3,21.4,24.07,99,72,87.88,7.6,1004.92,6.7,1992,1990
1992-10-14,29.5,21.3,24.99,93,64,81.83,1.4,1005.12,7.6,1992,1990
1992-10-15,29.5,22.1,25.36,93,69,83.29,4.4,1005.23,6.8,1992,1990
1992-10-16,29.0,22.7,25.08,94,68,85.75,6.6,1005.12,6.6,1992,1990
1992-10-17,27.6,22.1,24.58,95,75,87.38,18.5,1004.63,4.8,1992,1990
1992-10-18,28.4,21.3,24.23,98,70,89.04,23.4,1004.8,5.6,1992,1990
1992-10-19,26.9,21.6,23.77,99,78,92.75,29.2,1005.04,5.4,1992,1990
1992-10-20,26.6,21.1,23.64,99,80,93.21,9.8,1005.35,6.8,1992,1990
1992-10-21,28.2,20.4,23.85,99,72,89.54,8.6,1006.63,7.4,1992,1990
1992-10-22,27.0,21.5,23.95,98,79,89.79,18.1,1006.65,6.6,1992,1990
1992-10-23,27.3,20.8,24.01,99,74,87.88,13.4,1006.29,5.6,1992,1990
1992-10-24,27.7,22.0,23.94,98,78,90.46,12.6,1006.05,7.8,1992,1990
1992-10-25,28.0,20.8,23.81,99,75,90.75,13.5,1006.4,5.9,1992,1990
1992-10-26,28.2,22.1,24.37,95,71,88.58,11.7,1006.5,5.8,1992,1990
1992-10-27,29.1,21.2,24.62,96,68,86.54,5.3,1005.38,6.2,1992,1990
1992-10-28,28.4,22.0,24.52,96,71,88.25,6.5,1004.41,7.1,1992,1990
1992-10-29,27.0,22.1,24.24,96,83,91.08,11.3,1003.91,8.2,1992,1990
1992-10-30,26.4,21.4,23.25,100,84,95.58,18.4,1004.96,4.8,1992,1990
1992-10-31,28.8,20.8,23.97,99,70,89.54,4.4,1004.75,6.7,1992,1990
1992-11-01,29.0,21.7,25.32,96,68,85.17,2.8,1003.36,5.9,1992,1990
1992-11-02,30.1,21.8,25.02,97,62,83.12,2.7,1003.12,8.4,1992,1990
1992-11-03,28.5,21.2,24.31,99,69,88.33,6.3,1003.61,8.2,1992,1990
1992-11-04,28.5,20.6,24.25,98,70,88.79,6.0,1004.04,6.8,1992,1990
1992-11-05,28.5,21.9,24.3,96,70,89.04,10.2,1004.52,9.5,1992,1990
1992-11-06,27.0,21.2,23.97,98,78,90.21,5.5,1005.24,9.0,1992,1990
1992-11-07,28.2,20.5,24.05,98,76,89.62,7.4,1005.54,7.6,1992,1990
1992-11-08,27.9,21.4,24.56,99,76,89.17,5.2,1004.96,5.9,1992,1990
1992-11-09,27.9,21.8,24.35,97,74,88.88,5.5,1004.96,6.5,1992,1990
1992-11-10,28.7,20.3,24.13,95,67,86.38,3.5,1005.3,5.9,1992,1990
1992-11-11,28.1,21.7,24.07,96,69,87.58,10.1,1005.86,5.9,1992,1990
1992-11-12,27.2,20.8,23.61,96,72,87.62,20.1,1005.36,6.8,1992,1990
1992-11-13,28.6,21.7,24.35,98,69,85.17,4.5,1005.02,7.2,1992,1990
1992-11-14,28.3,20.1,23.7,99,72,89.0,5.9,1005.55,6.5,1992,1990
1992-11-15,27.7,20.6,23.82,95,71,84.79,7.8,1005.75,7.7,1992,1990
1992-11-16,27.5,20.5,23.7,95,71,87.38,7.9,1006.15,6.5,1992,1990
1992-11-17,28.2,21.5,23.8,95,70,87.88,11.2,1006.08,6.5,1992,1990
1992-11-18,28.2,20.7,24.07,97,67,85.38,2.5,1005.33,6.8,1992,1990
1992-11-19,28.4,20.9,24.3,95,69,86.12,3.0,1004.54,5.9,1992,1990
1992-11-20,28.6,21.2,24.56,95,67,83.54,1.4,1004.41,7.2,1992,1990
1992-11-21,29.2,21.6,24.45,94,64,84.29,3.3,1004.56,6.8,1992,1990
1992-11-22,27.7,22.0,24.0,99,72,89.58,17.1,1005.1,5.1,1992,1990
1992-11-23,26.8,21.5,23.7,97,85,91.88,14.9,1004.13,5.7,1992,1990
1992-11-24,25.8,21.3,23.11,99,83,94.08,18.9,1004.85,8.1,1992,1990
1992-11-25,27.1,21.0,23.43,99,76,93.54,24.0,1005.98,6.9,1992,1990
1992-11-26,26.8,21.8,23.81,99,79,91.83,15.2,1006.28,5.3,1992,1990
1992-11-27,26.7,21.6,23.58,99,78,90.54,18.2,1006.09,7.1,1992,1990
1992-11-28,26.8,20.9,22.56,99,76,95.58,27.2,1006.65,6.1,1992,1990
1992-11-29,27.4,21.0,23.42,99,69,89.08,10.2,1007.39,6.1,1992,1990
1992-11-30,28.6,21.0,24.11,95,64,83.79,1.9,1006.71,7.0,1992,1990
1992-12-01,28.0,21.1,24.09,93,69,82.79,4.4,1006.28,7.2,1992,1990
1992-12-02,28.1,21.8,24.82,93,67,81.67,5.5,1006.4,6.1,1992,1990
1992-12-03,28.7,22.2,24.66,94,65,85.08,5.9,1005.61,5.0,1992,1990
1992-12-04,28.6,21.5,24.47,94,65,84.42,5.6,1005.87,5.4,1992,1990
1992-12-05,27.6,20.8,23.42,95,69,86.75,13.2,1006.72,6.5,1992,1990
1992-12-06,27.2,20.2,23.48,96,70,87.71,6.2,1006.71,6.5,1992,1990
1992-12-07,27.7,21.1,23.87,97,77,88.92,3.1,1006.28,6.9,1992,1990
1992-12-08,29.2,21.4,24.39,95,60,82.83,3.1,1006.12,8.0,1992,1990
1992-12-09,28.0,21.4,24.05,94,67,84.33,2.6,1005.9,6.5,1992,1990
1992-12-10,28.2,21.9,24.31,95,67,84.58,6.0,1005.92,5.6,1992,1990
1992-12-11,28.6,21.9,24.62,93,62,82.92,1.8,1005.86,5.5,1992,1990
1992-12-12,28.9,21.0,24.22,93,59,79.62,1.6,1006.0,8.1,1992,1990
1992-12-13,28.7,20.5,24.15,94,62,81.83,2.3,1006.08,7.2,1992,1990
1992-12-14,29.3,20.4,24.49,92,60,79.83,0.8,1004.78,8.0,1992,1990
1992-12-15,28.7,21.7,24.84,92,65,82.17,2.6,1005.29,7.2,1992,1990
1992-12-16,29.8,21.5,24.76,95,61,84.62,3.2,1006.43,7.2,1992,1990
1992-12-17,30.0,20.1,24.34,94,55,80.25,1.1,1006.35,8.9,1992,1990
1992-12-18,29.5,20.4,24.35,91,57,77.83,2.0,1005.88,8.1,1992,1990
1992-12-19,28.8,20.9,24.09,92,57,78.29,4.1,1005.57,8.8,1992,1990
1992-12-20,29.8,20.2,24.16,85,50,71.21,0.1,1004.85,8.9,1992,1990
1992-12-21,29.0,20.1,24.14,88,55,75.0,2.0,1005.58,9.3,1992,1990
1992-12-22,29.8,20.5,24.37,87,51,72.88,0.2,1005.62,8.9,1992,1990
1992-12-23,30.1,20.3,24.68,85,51,71.58,0.4,1004.5,9.2,1992,1990
1992-12-24,30.4,20.8,25.12,81,51,68.79,0.0,1003.85,9.3,1992,1990
1992-12-25,30.0,22.1,25.72,86,56,72.62,0.2,1003.74,8.2,1992,1990
1992-12-26,30.5,22.6,25.88,90,55,75.96,1.2,1004.1,8.4,1992,1990
1992-12-27,30.0,22.9,25.7,90,59,77.54,4.4,1004.13,6.6,1992,1990
1992-12-28,30.9,23.3,26.22,89,53,74.0,0.2,1003.65,8.4,1992,1990
1992-12-29,30.9,21.8,25.94,82,44,63.54,0.0,1002.95,8.0,1992,1990
1992-12-30,30.7,19.8,24.98,82,46,66.38,1.4,1002.53,9.7,1992,1990
1992-12-31,31.0,20.7,25.08,85,45,70.42,1.0,1003.5,9.0,1992,1990
1993-01-01,30.8,21.6,25.38,87,49,70.67,0.5,1004.71,8.4,1993,1990
1993-01-02,30.8,22.0,25.5,86,51,71.46,2.6,1005.17,8.2,1993,1990
1993-01-03,30.8,22.1,25.59,90,53,74.38,3.6,1005.58,7.8,1993,1990
1993-01-04,30.4,21.8,25.32,93,54,77.83,5.3,1006.44,6.5,1993,1990
1993-01-05,30.7,21.0,25.44,90,50,72.88,2.2,1006.74,8.3,1993,1990
1993-01-06,30.5,21.4,24.77,93,49,76.17,5.3,1008.21,7.4,1993,1990
1993-01-07,27.4,21.2,23.39,99,69,87.83,23.2,1009.45,5.4,1993,1990
1993-01-08,26.4,19.4,22.84,99,77,91.62,10.4,1008.89,6.6,1993,1990
1993-01-09,27.2,20.0,22.83,99,72,88.71,8.2,1007.0,8.0,1993,1990
1993-01-10,27.3,18.4,22.66,99,69,88.88,9.1,1007.12,7.1,1993,1990
1993-01-11,28.5,20.6,23.88,96,64,82.29,3.7,1006.97,8.0,1993,1990
1993-01-12,29.3,20.9,24.35,92,60,79.5,3.3,1006.42,7.6,1993,1990
1993-01-13,28.8,20.5,23.79,93,61,81.33,4.0,1007.0,7.3,1993,1990
1993-01-14,28.5,20.1,23.93,91,60,79.29,2.0,1007.53,7.7,1993,1990
1993-01-15,27.8,21.4,23.96,93,64,83.42,3.8,1007.82,7.2,1993,1990
1993-01-16,28.0,21.5,24.3,94,69,84.71,3.0,1007.81,7.1,1993,1990
1993-01-17,28.6,21.3,24.49,94,64,82.67,3.7,1007.82,7.4,1993,1990
1993-01-18,30.2,20.7,24.83,93,55,75.38,0.0,1007.3,9.1,1993,1990
1993-01-19,30.8,21.5,25.52,86,50,72.17,0.3,1006.2,8.4,1993,1990
1993-01-20,30.7,20.2,24.88,83,42,65.29,0.0,1005.35,11.0,1993,1990
1993-01-21,30.4,20.7,24.96,77,48,65.83,0.0,1005.2,10.7,1993,1990
1993-01-22,30.7,21.0,25.47,83,50,68.62,0.3,1004.27,10.0,1993,1990
1993-01-23,30.6,22.1,25.72,84,52,70.75,0.9,1003.62,7.5,1993,1990
1993-01-24,31.2,21.8,25.96,84,49,70.67,1.0,1003.07,8.0,1993,1990
1993-01-25,31.7,21.8,25.98,88,49,73.12,2.3,1002.53,8.1,1993,1990
1993-01-26,31.7,21.7,26.09,92,48,73.33,6.0,1003.47,7.7,1993,1990
1993-01-27,31.7,22.7,26.23,88,45,68.58,0.9,1005.52,8.7,1993,1990
1993-01-28,30.2,23.6,25.98,73,47,62.0,0.0,1006.08,12.7,1993,1990
1993-01-29,31.7,22.6,26.52,72,45,60.67,0.4,1005.24,11.2,1993,1990
1993-01-30,32.2,23.3,26.9,74,41,59.21,0.0,1005.25,11.3,1993,1990
1993-01-31,32.2,23.8,27.05,70,41,57.88,0.2,1005.52,9.7,1993,1990
1993-02-01,31.9,22.2,26.5,79,42,62.25,1.2,1005.72,9.5,1993,1990
1993-02-02,31.2,21.2,26.18,84,47,67.04,1.7,1005.7,7.7,1993,1990
1993-02-03,30.9,23.0,26.16,86,51,70.58,2.9,1006.26,6.9,1993,1990
1993-02-04,32.1,22.2,26.54,74,40,58.5,0.5,1006.25,10.0,1993,1990
1993-02-05,32.2,21.3,26.34,74,34,55.46,0.0,1005.37,10.7,1993,1990
1993-02-06,32.5,20.9,26.23,76,35,57.75,0.1,1005.13,10.1,1993,1990
1993-02-07,32.6,21.6,26.6,67,40,55.38,0.2,1004.37,10.5,1993,1990
1993-02-08,32.5,22.6,26.77,75,40,60.83,1.4,1005.12,9.3,1993,1990
1993-02-09,32.1,22.8,26.92,72,35,57.46,0.0,1006.2,9.3,1993,1990
1993-02-10,32.9,23.1,26.74,87,43,64.33,9.0,1006.71,8.4,1993,1990
1993-02-11,32.6,21.6,26.54,86,42,66.83,4.3,1006.34,7.3,1993,1990
1993-02-12,31.6,22.1,26.11,91,47,70.29,3.1,1005.94,7.6,1993,1990
1993-02-13,32.8,20.2,26.05,91,34,63.92,0.2,1004.45,9.2,1993,1990
1993-02-14,33.6,22.2,26.92,69,32,53.5,0.0,1004.24,10.5,1993,1990
1993-02-15,32.8,23.4,26.94,68,38,55.58,0.0,1004.91,9.7,1993,1990
1993-02-16,33.4,20.3,26.57,70,29,50.75,0.1,1005.62,10.2,1993,1990
1993-02-17,32.9,21.8,26.75,72,33,54.08,0.0,1005.96,9.8,1993,1990
1993-02-18,32.5,21.2,26.4,77,34,54.88,0.0,1005.84,10.1,1993,1990
1993-02-19,32.5,21.8,26.45,66,37,53.21,0.0,1005.97,11.1,1993,1990
1993-02-20,32.4,20.9,26.35,76,34,54.88,0.0,1006.13,9.6,1993,1990
1993-02-21,33.2,20.7,26.49,70,30,54.12,0.0,1006.08,10.2,1993,1990
1993-02-22,34.0,20.9,26.82,78,27,57.54,0.0,1005.44,10.5,1993,1990
1993-02-23,32.2,22.6,27.2,80,44,63.83,1.4,1006.19,5.5,1993,1990
1993-02-24,33.0,21.9,27.11,83,38,64.08,1.2,1006.08,8.5,1993,1990
1993-02-25,33.2,20.8,26.35,91,32,61.92,0.8,1006.08,8.2,1993,1990
1993-02-26,33.2,21.1,26.65,75,33,57.71,0.0,1005.65,8.6,1993,1990
1993-02-27,33.7,21.7,27.12,75,26,50.96,0.1,1006.33,9.0,1993,1990
1993-02-28,32.8,21.5,26.79,64,36,52.5,0.0,1007.02,9.4,1993,1990
1993-03-01,33.2,21.9,26.86,70,26,51.46,0.3,1007.1,8.8,1993,1990
1993-03-02,33.0,20.4,26.23,77,30,56.33,0.0,1006.8,8.9,1993,1990
1993-03-03,32.8,20.5,26.28,82,31,60.79,0.0,1007.02,10.8,1993,1990
1993-03-04,33.3,21.0,26.55,84,35,62.46,0.7,1007.1,9.0,1993,1990
1993-03-05,33.9,20.2,26.58,83,27,55.25,0.9,1006.5,10.0,1993,1990
1993-03-06,33.4,20.8,26.85,71,31,52.75,0.0,1005.88,10.5,1993,1990
1993-03-07,33.4,21.6,27.04,76,29,53.08,0.0,1005.78,10.0,1993,1990
1993-03-08,33.1,21.4,26.97,67,37,52.54,0.0,1005.85,10.5,1993,1990
1993-03-09,33.5,22.9,27.58,66,33,50.58,0.0,1005.54,10.6,1993,1990
1993-03-10,34.1,22.9,27.71,67,29,49.54,0.0,1004.95,11.9,1993,1990
1993-03-11,34.3,24.2,28.6,63,37,51.75,0.1,1003.41,11.6,1993,1990
1993-03-12,34.2,24.2,28.56,80,41,62.54,3.6,1002.62,6.9,1993,1990
1993-03-13,34.4,23.5,28.54,85,41,65.92,1.5,1003.42,6.6,1993,1990
1993-03-14,31.2,25.2,27.24,84,46,65.0,0.3,1004.81,20.4,1993,1990
1993-03-15,31.1,24.9,27.43,70,50,61.54,0.0,1005.34,15.0,1993,1990
1993-03-16,33.5,24.6,27.71,83,41,65.25,3.1,1005.64,8.0,1993,1990
1993-03-17,31.2,22.8,26.59,85,50,71.79,3.6,1005.69,6.7,1993,1990
1993-03-18,32.4,22.6,27.0,87,40,65.83,1.6,1005.92,7.6,1993,1990
1993-03-19,33.2,22.3,27.17,85,39,62.62,2.2,1006.0,8.6,1993,1990
1993-03-20,32.3,23.6,27.3,77,46,63.79,5.1,1006.54,7.1,1993,1990
1993-03-21,32.9,23.3,27.45,78,39,59.58,3.2,1006.05,7.9,1993,1990
1993-03-22,33.8,22.4,27.64,68,35,53.29,0.0,1005.62,10.0,1993,1990
1993-03-23,33.1,23.5,27.8,68,41,56.88,2.8,1006.88,8.7,1993,1990
1993-03-24,32.7,22.8,27.1,79,41,62.38,2.2,1007.2,7.3,1993,1990
1993-03-25,32.5,22.5,26.72,85,41,68.0,2.5,1006.71,7.2,1993,1990
1993-03-26,32.6,21.4,26.42,88,39,68.54,2.8,1006.68,9.5,1993,1990
1993-03-27,31.4,22.3,25.81,89,53,76.58,7.1,1006.44,9.1,1993,1990
1993-03-28,29.7,22.5,25.64,91,61,79.62,8.6,1006.03,7.1,1993,1990
1993-03-29,30.1,22.2,25.64,92,60,79.5,8.8,1005.4,6.9,1993,1990
1993-03-30,30.9,22.5,26.22,89,54,74.79,4.6,1004.92,6.4,1993,1990
1993-03-31,32.1,22.0,26.36,89,45,72.5,1.6,1003.92,8.4,1993,1990
1993-04-01,32.8,21.3,26.92,90,41,66.83,0.7,1003.41,8.6,1993,1990
1993-04-02,33.1,21.9,27.21,84,40,64.96,0.3,1003.59,9.6,1993,1990
1993-04-03,33.7,22.3,27.69,78,38,57.96,0.1,1002.87,10.6,1993,1990
1993-04-04,33.8,24.3,28.46,69,36,55.62,1.0,1002.22,9.3,1993,1990
1993-04-05,32.9,22.9,27.15,83,42,64.71,6.4,1002.78,8.7,1993,1990
1993-04-06,33.0,22.4,27.28,92,42,68.71,1.9,1003.27,8.4,1993,1990
1993-04-07,32.5,23.6,26.88,86,42,68.79,5.4,1004.37,7.2,1993,1990
1993-04-08,31.5,22.4,26.07,91,52,77.46,5.2,1005.16,9.2,1993,1990
1993-04-09,31.7,23.0,26.78,94,55,78.12,12.0,1005.55,5.8,1993,1990
1993-04-10,32.5,23.1,27.32,93,47,73.21,2.5,1005.03,7.3,1993,1990
1993-04-11,33.7,21.9,27.22,92,37,65.08,0.2,1004.62,8.9,1993,1990
1993-04-12,33.8,22.4,27.28,89,41,66.71,2.5,1004.2,9.1,1993,1990
1993-04-13,32.1,23.7,26.43,92,52,78.12,17.8,1004.58,7.9,1993,1990
1993-04-14,30.0,22.8,25.66,95,65,82.17,4.5,1004.48,7.6,1993,1990
1993-04-15,29.5,22.5,25.8,94,67,82.96,4.7,1005.28,6.8,1993,1990
1993-04-16,30.0,22.7,26.02,96,64,83.12,3.5,1006.19,7.4,1993,1990
1993-04-17,30.8,22.5,26.24,97,59,80.58,6.0,1006.61,7.2,1993,1990
1993-04-18,30.3,21.6,25.63,98,60,82.0,3.6,1005.92,8.4,1993,1990
1993-04-19,29.5,21.9,25.65,96,60,80.75,2.2,1004.71,8.0,1993,1990
1993-04-20,31.1,22.6,26.25,93,57,78.29,1.7,1004.94,7.2,1993,1990
1993-04-21,32.4,22.9,26.96,93,49,74.42,1.7,1005.49,7.4,1993,1990
1993-04-22,32.5,22.9,26.8,90,48,73.17,7.3,1005.17,9.0,1993,1990
1993-04-23,31.4,23.8,26.26,92,57,79.67,16.3,1004.84,5.4,1993,1990
1993-04-24,31.7,22.7,26.39,90,57,78.04,8.8,1004.71,8.3,1993,1990
1993-04-25,30.8,23.2,25.68,98,60,83.12,20.3,1005.0,6.9,1993,1990
1993-04-26,29.9,22.1,25.0,97,63,85.96,22.7,1005.27,6.5,1993,1990
1993-04-27,29.7,21.2,24.95,99,64,86.88,6.5,1005.46,5.6,1993,1990
1993-04-28,30.6,21.7,26.2,99,60,80.12,5.5,1005.86,6.1,1993,1990
1993-04-29,30.7,23.4,26.6,89,60,76.42,8.6,1005.29,7.6,1993,1990
1993-04-30,30.8,23.4,26.45,92,60,78.71,9.4,1004.36,7.0,1993,1990
1993-05-01,29.7,22.6,25.49,98,65,83.67,20.1,1005.1,7.3,1993,1990
1993-05-02,27.7,22.2,24.9,98,77,89.12,14.0,1005.86,8.3,1993,1990
1993-05-03,29.3,22.4,24.8,100,69,90.67,19.7,1005.68,8.3,1993,1990
1993-05-04,29.2,22.5,25.59,96,69,85.75,8.9,1005.37,6.3,1993,1990
1993-05-05,30.3,22.9,26.16,95,61,81.54,5.9,1005.19,6.2,1993,1990
1993-05-06,30.1,22.1,25.99,93,61,80.83,3.3,1004.3,7.1,1993,1990
1993-05-07,29.8,22.6,25.6,93,63,83.79,5.7,1003.34,6.3,1993,1990
1993-05-08,30.0,22.8,25.73,94,64,84.38,11.0,1003.65,7.4,1993,1990
1993-05-09,28.3,22.4,24.93,99,73,89.08,11.5,1005.19,9.4,1993,1990
1993-05-10,28.0,22.5,24.45,100,76,92.54,20.2,1005.61,7.2,1993,1990
1993-05-11,28.3,21.1,24.73,99,71,89.33,7.4,1004.32,8.7,1993,1990
1993-05-12,28.1,22.4,24.74,98,75,90.33,16.5,1003.88,7.1,1993,1990
1993-05-13,27.2,21.9,24.25,99,80,91.96,22.3,1004.71,8.5,1993,1990
1993-05-14,28.7,22.1,24.62,99,72,89.96,14.0,1005.07,5.5,1993,1990
1993-05-15,29.3,22.4,25.52,98,71,87.29,7.1,1005.05,6.0,1993,1990
1993-05-16,27.9,22.5,24.82,99,83,92.25,11.9,1005.38,5.0,1993,1990
1993-05-17,27.5,22.9,24.34,99,82,92.92,21.7,1005.55,6.5,1993,1990
1993-05-18,29.1,22.8,25.24,98,74,88.83,3.9,1005.47,9.6,1993,1990
1993-05-19,28.2,22.6,24.8,96,74,89.67,10.1,1005.32,7.6,1993,1990
1993-05-20,28.7,22.4,24.76,96,72,90.0,10.1,1005.53,8.5,1993,1990
1993-05-21,28.1,21.5,24.5,99,78,92.5,11.2,1006.27,9.1,1993,1990
1993-05-22,28.7,21.6,24.58,99,77,92.08,13.3,1006.02,6.0,1993,1990
1993-05-23,28.8,22.2,24.54,99,74,91.67,36.8,1005.0,6.0,1993,1990
1993-05-24,25.9,22.0,23.62,99,88,96.54,27.5,1004.92,5.9,1993,1990
1993-05-25,24.4,21.5,22.71,99,86,97.62,67.5,1005.83,17.7,1993,1990
1993-05-26,24.6,20.7,22.47,100,84,94.54,27.0,1005.22,5.9,1993,1990
1993-05-27,24.9,21.2,22.54,99,92,98.46,104.5,1005.65,6.9,1993,1990
1993-05-28,30.1,21.9,23.6,99,64,94.54,36.8,1007.26,7.4,1993,1990
1993-05-29,28.0,21.1,24.22,99,78,90.38,2.3,1008.34,8.2,1993,1990
1993-05-30,27.1,21.7,24.01,99,78,92.0,9.2,1008.12,11.2,1993,1990
1993-05-31,28.8,21.8,25.03,96,70,86.12,0.0,1006.58,10.0,1993,1990
1993-06-01,29.6,22.2,25.82,97,70,86.5,2.5,1005.61,8.3,1993,1990
1993-06-02,29.1,23.5,25.77,97,75,89.25,6.1,1005.72,6.1,1993,1990
1993-06-03,28.9,22.7,25.65,96,74,88.38,2.7,1005.26,6.5,1993,1990
1993-06-04,28.4,23.4,25.67,95,79,88.54,12.8,1004.32,6.6,1993,1990
1993-06-05,29.9,21.2,25.6,99,69,86.79,12.4,1004.65,5.8,1993,1990
1993-06-06,28.8,22.3,25.49,99,72,87.58,8.5,1005.65,5.9,1993,1990
1993-06-07,29.9,22.5,25.8,94,66,84.08,4.4,1004.79,6.7,1993,1990
1993-06-08,29.8,22.3,25.51,95,68,84.67,7.5,1002.71,7.6,1993,1990
1993-06-09,29.9,22.7,25.72,94,66,84.33,5.1,1002.18,6.6,1993,1990
1993-06-10,29.6,22.2,25.54,99,70,87.12,13.5,1003.25,7.8,1993,1990
1993-06-11,29.8,22.0,25.06,99,68,90.29,45.1,1003.73,10.7,1993,1990
1993-06-12,29.0,22.5,25.3,99,71,89.67,7.5,1004.36,9.3,1993,1990
1993-06-13,28.0,22.7,25.09,98,76,90.67,11.3,1004.87,5.9,1993,1990
1993-06-14,28.7,23.3,25.23,96,74,89.46,8.2,1004.49,9.9,1993,1990
1993-06-15,28.7,22.6,25.1,99,76,90.5,14.7,1004.78,7.9,1993,1990
1993-06-16,27.0,22.7,24.94,100,80,91.04,16.7,1004.71,6.0,1993,1990
1993-06-17,27.3,22.9,24.77,96,84,90.71,8.8,1005.05,6.5,1993,1990
1993-06-18,28.2,23.1,24.67,98,75,91.21,19.3,1005.62,10.1,1993,1990
1993-06-19,29.1,22.7,25.1,99,80,90.75,22.2,1005.3,8.9,1993,1990
1993-06-20,27.5,22.1,24.88,99,78,89.75,7.0,1005.77,13.7,1993,1990
1993-06-21,29.0,22.9,25.42,97,70,87.71,2.7,1005.1,7.1,1993,1990
1993-06-22,27.4,22.8,24.5,99,81,92.88,30.9,1005.36,7.3,1993,1990
1993-06-23,28.8,22.2,24.4,99,75,92.29,23.4,1005.3,5.8,1993,1990
1993-06-24,26.5,22.0,23.86,99,82,94.5,8.7,1005.86,5.8,1993,1990
1993-06-25,29.5,22.2,25.12,97,66,85.54,4.0,1006.08,13.1,1993,1990
1993-06-26,27.3,22.7,24.75,99,79,90.71,24.1,1005.69,6.8,1993,1990
1993-06-27,27.1,22.2,23.92,99,78,93.08,12.1,1005.82,8.0,1993,1990
1993-06-28,28.0,21.7,24.4,99,73,90.25,2.6,1006.46,8.7,1993,1990
1993-06-29,29.3,22.9,25.24,96,70,87.08,9.5,1006.26,7.3,1993,1990
1993-06-30,28.3,21.8,24.36,99,76,91.83,16.4,1006.66,7.9,1993,1990
1993-07-01,27.3,22.2,23.95,99,77,93.29,55.7,1006.43,7.4,1993,1990
1993-07-02,25.6,21.8,23.24,99,84,94.0,47.0,1006.95,9.4,1993,1990
1993-07-03,27.8,20.8,24.04,99,73,90.12,4.9,1006.08,6.9,1993,1990
1993-07-04,26.9,22.5,24.22,99,82,91.71,25.9,1006.24,6.2,1993,1990
1993-07-05,27.9,20.5,24.28,99,74,88.67,6.7,1006.4,8.8,1993,1990
1993-07-06,27.3,21.5,24.09,99,79,92.25,21.5,1006.88,8.4,1993,1990
1993-07-07,28.0,21.1,24.64,99,77,89.33,7.4,1005.87,5.7,1993,1990
1993-07-08,29.5,22.7,25.38,94,66,84.29,6.5,1004.89,6.1,1993,1990
1993-07-09,28.8,22.7,24.5,96,70,88.0,8.8,1005.24,7.1,1993,1990
1993-07-10,26.6,21.5,23.63,99,79,91.38,12.7,1006.33,5.5,1993,1990
1993-07-11,28.2,21.4,24.12,99,76,91.96,14.5,1005.62,6.4,1993,1990
1993-07-12,28.7,22.0,24.52,97,72,89.54,8.8,1004.26,8.0,1993,1990
1993-07-13,28.5,22.3,24.97,99,71,87.96,7.2,1005.07,7.2,1993,1990
1993-07-14,27.8,22.4,24.84,96,74,87.12,6.1,1005.76,6.8,1993,1990
1993-07-15,28.2,21.3,24.36,98,71,89.17,17.6,1006.15,5.2,1993,1990
1993-07-16,27.6,21.7,23.98,96,74,90.21,17.1,1006.5,6.9,1993,1990
1993-07-17,28.3,21.4,24.83,99,68,86.75,0.3,1006.61,7.6,1993,1990
1993-07-18,29.2,21.7,25.63,95,67,83.96,3.7,1006.84,6.4,1993,1990
1993-07-19,29.3,21.8,25.13,95,70,85.88,9.8,1006.48,6.6,1993,1990
1993-07-20,29.4,21.7,25.18,94,63,82.38,1.2,1005.56,7.2,1993,1990
1993-07-21,29.1,21.6,24.99,94,65,82.25,9.5,1005.52,7.9,1993,1990
1993-07-22,28.9,21.7,24.89,95,70,87.21,6.6,1005.63,5.9,1993,1990
1993-07-23,27.2,22.2,24.58,96,76,87.29,13.5,1006.04,6.9,1993,1990
1993-07-24,27.8,22.0,24.39,95,76,89.71,14.6,1007.17,6.5,1993,1990
1993-07-25,28.1,21.5,24.34,99,76,90.46,13.6,1007.41,8.6,1993,1990
1993-07-26,28.4,22.1,24.59,96,74,88.83,7.8,1005.68,5.4,1993,1990
1993-07-27,28.5,22.3,24.68,96,75,89.58,8.4,1004.41,6.4,1993,1990
1993-07-28,29.2,21.9,24.74,95,71,88.29,12.7,1004.72,7.4,1993,1990
1993-07-29,29.8,22.0,25.42,96,66,85.12,7.2,1005.19,7.2,1993,1990
1993-07-30,27.9,22.6,25.16,95,79,88.42,9.0,1005.83,6.2,1993,1990
1993-07-31,28.3,22.1,25.23,98,74,86.62,7.9,1006.66,5.9,1993,1990
1993-08-01,30.3,21.4,25.42,95,62,82.0,3.2,1005.19,7.4,1993,1990
1993-08-02,29.5,23.1,25.75,94,66,82.75,6.6,1004.43,6.5,1993,1990
1993-08-03,29.3,22.6,25.51,94,70,84.17,4.4,1004.62,8.0,1993,1990
1993-08-04,28.6,23.0,25.54,95,73,87.17,7.9,1005.14,5.4,1993,1990
1993-08-05,29.2,23.2,25.22,96,72,88.29,15.4,1004.56,7.3,1993,1990
1993-08-06,26.6,22.4,24.52,99,82,91.38,10.4,1004.55,8.1,1993,1990
1993-08-07,28.0,21.1,24.83,99,75,88.83,15.8,1005.12,7.6,1993,1990
1993-08-08,29.4,23.3,25.25,96,72,88.42,12.4,1005.0,4.7,1993,1990
1993-08-09,29.0,22.5,24.28,99,65,88.75,36.6,1004.35,11.6,1993,1990
1993-08-10,24.3,22.1,22.89,100,97,98.71,85.1,1004.77,11.2,1993,1990
1993-08-11,26.5,22.0,23.34,99,86,97.04,44.0,1006.17,8.5,1993,1990
1993-08-12,27.8,21.0,24.22,99,76,90.54,20.4,1005.68,6.9,1993,1990
1993-08-13,28.9,22.2,24.46,99,69,89.88,21.1,1006.2,7.6,1993,1990
1993-08-14,26.3,22.2,24.17,99,83,93.46,7.9,1007.38,6.4,1993,1990
1993-08-15,29.0,22.4,24.89,97,70,86.96,13.1,1007.4,7.6,1993,1990
1993-08-16,27.9,22.2,24.55,99,76,90.33,18.1,1007.15,6.4,1993,1990
1993-08-17,26.9,21.8,23.85,99,81,93.21,38.5,1007.61,7.4,1993,1990
1993-08-18,26.6,21.5,23.46,99,85,94.12,11.7,1007.53,6.8,1993,1990
1993-08-19,27.3,21.4,24.06,99,81,92.33,12.4,1006.88,4.3,1993,1990
1993-08-20,28.9,22.2,25.12,95,72,85.79,3.8,1006.33,6.1,1993,1990
1993-08-21,29.5,21.9,25.15,98,65,85.25,11.5,1006.62,6.4,1993,1990
1993-08-22,27.5,20.9,24.46,98,78,89.79,15.2,1007.08,7.6,1993,1990
1993-08-23,27.3,22.6,24.45,99,84,90.88,19.2,1006.72,6.7,1993,1990
1993-08-24,26.6,21.8,23.85,99,83,93.12,22.6,1007.22,9.4,1993,1990
1993-08-25,26.9,21.7,23.66,99,81,93.67,19.9,1007.5,6.8,1993,1990
1993-08-26,28.0,21.2,23.77,99,73,92.96,18.4,1007.6,5.5,1993,1990
1993-08-27,27.2,22.0,24.05,97,75,90.0,7.5,1007.59,9.0,1993,1990
1993-08-28,27.2,21.5,23.91,98,78,91.75,5.1,1007.18,9.7,1993,1990
1993-08-29,30.2,20.7,24.57,96,63,86.08,4.0,1005.86,6.9,1993,1990
1993-08-30,29.0,22.9,25.19,96,69,85.38,7.1,1005.68,7.2,1993,1990
1993-08-31,28.2,21.8,24.55,99,77,90.38,6.6,1004.9,7.2,1993,1990
1993-09-01,27.7,21.6,24.54,96,78,88.29,9.7,1005.11,7.6,1993,1990
1993-09-02,28.4,21.5,24.38,99,70,88.75,13.7,1006.11,7.5,1993,1990
1993-09-03,29.5,21.1,24.25,99,72,91.08,19.3,1007.26,7.2,1993,1990
1993-09-04,27.7,22.0,24.02,99,74,91.5,11.5,1006.83,7.8,1993,1990
1993-09-05,27.5,21.4,22.63,99,72,96.29,17.3,1006.49,5.2,1993,1990
1993-09-06,24.9,21.8,22.8,99,89,96.71,93.6,1007.24,9.5,1993,1990
1993-09-07,27.2,21.8,24.09,99,72,87.83,2.4,1007.43,9.2,1993,1990
1993-09-08,27.9,20.6,23.57,99,75,92.21,32.7,1007.58,6.1,1993,1990
1993-09-09,28.4,21.3,24.19,99,74,90.75,12.6,1006.94,6.2,1993,1990
1993-09-10,28.1,21.1,23.97,98,72,89.75,17.0,1006.36,7.3,1993,1990
1993-09-11,27.6,20.8,23.81,96,74,90.04,19.2,1006.85,7.7,1993,1990
1993-09-12,26.7,22.1,23.8,96,83,91.67,29.3,1007.14,7.4,1993,1990
1993-09-13,28.3,20.5,23.63,99,70,91.83,26.7,1006.99,9.9,1993,1990
1993-09-14,26.2,21.0,22.89,100,83,95.75,44.0,1005.99,15.1,1993,1990
1993-09-15,27.4,21.8,23.68,99,81,92.42,13.5,1005.88,15.1,1993,1990
1993-09-16,26.8,21.5,23.6,99,80,91.25,6.0,1006.66,13.7,1993,1990
1993-09-17,27.4,21.8,24.1,96,72,87.75,7.9,1006.53,13.4,1993,1990
1993-09-18,27.5,21.9,23.83,99,75,90.29,26.5,1005.96,8.8,1993,1990
1993-09-19,26.6,21.7,23.93,99,80,90.96,16.8,1005.53,6.2,1993,1990
1993-09-20,27.6,20.9,23.78,99,81,92.04,8.5,1005.23,9.5,1993,1990
1993-09-21,28.4,21.0,24.32,96,77,88.62,6.5,1005.55,10.3,1993,1990
1993-09-22,27.6,22.0,24.13,99,78,91.21,29.2,1006.37,6.0,1993,1990
1993-09-23,28.0,22.0,24.03,99,73,90.67,11.0,1006.93,7.0,1993,1990
1993-09-24,26.5,21.6,23.82,99,80,92.67,19.2,1006.55,10.0,1993,1990
1993-09-25,27.8,21.4,24.19,97,80,89.96,8.4,1005.39,6.6,1993,1990
1993-09-26,29.0,22.0,24.58,96,70,88.08,7.4,1005.4,6.4,1993,1990
1993-09-27,28.2,21.5,24.17,96,74,90.0,8.6,1005.73,5.5,1993,1990
1993-09-28,28.8,21.6,24.46,99,72,88.88,25.8,1005.34,6.8,1993,1990
1993-09-29,27.2,21.2,23.72,99,77,91.83,17.3,1005.38,9.5,1993,1990
1993-09-30,28.0,21.1,23.5,99,71,90.25,33.0,1005.45,10.9,1993,1990
1993-10-01,27.1,21.2,23.18,99,77,92.46,9.5,1006.39,9.3,1993,1990
1993-10-02,28.4,20.7,23.91,99,70,89.75,8.2,1006.87,5.9,1993,1990
1993-10-03,28.2,22.0,24.53,96,72,88.54,10.9,1006.34,7.7,1993,1990
1993-10-04,28.6,21.8,24.39,97,74,88.88,11.0,1005.55,6.6,1993,1990
1993-10-05,28.1,21.0,24.06,97,75,90.62,10.5,1006.28,7.2,1993,1990
1993-10-06,28.9,22.3,24.8,96,71,87.46,7.6,1006.26,6.5,1993,1990
1993-10-07,28.9,21.4,24.58,96,69,86.21,10.2,1005.41,7.4,1993,1990
1993-10-08,28.3,22.6,24.49,99,73,89.46,13.6,1004.87,7.8,1993,1990
1993-10-09,28.0,21.2,24.18,99,80,91.71,7.4,1005.06,6.8,1993,1990
1993-10-10,27.5,21.6,24.55,99,78,89.54,13.8,1005.85,7.9,1993,1990
1993-10-11,28.0,22.2,24.37,96,76,90.33,16.1,1005.81,6.9,1993,1990
1993-10-12,27.7,22.1,24.12,96,73,91.17,15.3,1005.81,8.8,1993,1990
1993-10-13,26.5,21.1,23.81,99,84,93.46,6.0,1006.68,6.0,1993,1990
1993-10-14,27.9,21.7,24.12,95,79,90.54,16.7,1007.23,7.4,1993,1990
1993-10-15,27.8,21.8,24.06,97,76,90.38,11.5,1007.1,6.2,1993,1990
1993-10-16,26.9,22.1,24.15,97,78,90.58,9.9,1005.74,6.5,1993,1990
1993-10-17,28.6,22.1,24.31,99,75,90.54,15.6,1004.9,11.3,1993,1990
1993-10-18,28.0,21.5,23.85,100,75,91.54,14.6,1005.71,6.0,1993,1990
1993-10-19,29.0,20.3,24.32,99,65,86.08,3.9,1005.38,8.5,1993,1990
1993-10-20,29.0,21.4,24.55,95,70,85.62,2.7,1004.98,6.9,1993,1990
1993-10-21,28.7,20.8,24.6,95,68,84.33,8.2,1004.46,6.2,1993,1990
1993-10-22,27.6,21.4,24.44,95,72,86.83,8.2,1004.05,6.2,1993,1990
1993-10-23,26.8,22.3,24.24,96,78,90.21,8.5,1004.88,7.2,1993,1990
1993-10-24,28.0,22.4,24.55,99,75,89.12,14.7,1004.81,8.4,1993,1990
1993-10-25,27.7,22.0,24.22,99,83,92.58,16.0,1004.61,8.7,1993,1990
1993-10-26,26.5,21.9,23.88,99,85,92.42,17.1,1005.19,6.6,1993,1990
1993-10-27,28.5,21.4,23.87,99,71,92.46,9.7,1006.29,8.2,1993,1990
1993-10-28,27.9,21.8,24.28,99,83,92.0,8.5,1006.89,7.3,1993,1990
1993-10-29,28.7,21.3,24.16,99,70,90.42,13.5,1007.62,9.4,1993,1990
1993-10-30,27.8,21.5,24.25,99,78,91.0,8.5,1007.8,8.0,1993,1990
1993-10-31,27.7,21.9,24.14,99,78,90.75,15.2,1007.01,8.4,1993,1990
1993-11-01,27.5,20.9,23.78,99,75,90.79,5.1,1006.51,8.4,1993,1990
1993-11-02,25.9,21.1,23.13,99,84,94.08,12.3,1008.1,5.6,1993,1990
1993-11-03,28.1,21.5,24.05,99,71,89.79,9.5,1009.27,6.6,1993,1990
1993-11-04,29.0,20.7,24.28,95,65,84.21,4.2,1008.38,6.8,1993,1990
1993-11-05,28.1,21.2,24.28,95,69,84.75,6.3,1006.79,6.5,1993,1990
1993-11-06,28.3,21.2,24.46,95,71,85.12,4.5,1004.95,7.3,1993,1990
1993-11-07,29.1,22.3,24.61,94,64,85.0,15.1,1004.93,7.3,1993,1990
1993-11-08,29.9,21.7,25.06,93,59,81.08,2.4,1005.32,6.2,1993,1990
1993-11-09,28.6,22.5,24.84,94,68,84.21,6.9,1005.13,6.5,1993,1990
1993-11-10,27.8,21.5,24.36,95,78,89.42,15.7,1004.9,6.1,1993,1990
1993-11-11,27.0,21.9,23.98,99,78,92.33,18.6,1004.78,4.5,1993,1990
1993-11-12,27.8,21.0,24.17,99,73,91.04,22.0,1004.15,5.2,1993,1990
1993-11-13,28.6,21.2,24.3,99,71,88.0,5.6,1004.55,6.1,1993,1990
1993-11-14,28.7,21.2,24.31,96,68,85.92,7.3,1004.76,6.8,1993,1990
1993-11-15,28.7,21.2,23.97,95,70,87.88,15.7,1004.97,6.7,1993,1990
1993-11-16,29.3,21.9,24.75,94,61,83.5,3.1,1004.93,6.9,1993,1990
1993-11-17,28.9,21.3,24.37,94,67,85.0,3.4,1005.25,6.3,1993,1990
1993-11-18,28.6,21.2,24.45,95,65,84.42,2.6,1005.56,8.2,1993,1990
1993-11-19,28.3,21.4,24.46,95,67,84.88,3.2,1005.18,8.7,1993,1990
1993-11-20,27.1,21.8,23.64,99,80,92.42,39.0,1005.2,8.7,1993,1990
1993-11-21,27.7,22.1,23.24,99,75,93.92,91.1,1005.85,7.9,1993,1990
1993-11-22,26.6,21.3,23.46,99,84,92.5,15.0,1006.25,8.4,1993,1990
1993-11-23,27.7,20.5,23.67,99,79,92.38,5.4,1006.36,8.5,1993,1990
1993-11-24,29.7,21.0,23.37,99,66,93.38,29.2,1005.89,8.1,1993,1990
1993-11-25,27.6,20.4,23.4,99,69,90.17,8.8,1006.14,8.4,1993,1990
1993-11-26,28.0,20.8,23.93,99,73,88.5,6.3,1006.48,5.2,1993,1990
1993-11-27,28.4,20.7,24.26,93,65,83.29,10.3,1006.78,6.6,1993,1990
1993-11-28,28.0,20.8,24.05,95,66,85.88,16.3,1007.97,6.0,1993,1990
1993-11-29,28.2,20.9,23.88,95,66,86.88,7.7,1007.64,6.1,1993,1990
1993-11-30,27.5,20.6,23.69,98,70,89.0,13.0,1006.93,5.4,1993,1990
1993-12-01,27.7,19.8,23.75,98,71,87.21,4.1,1005.35,7.0,1993,1990
1993-12-02,28.5,20.9,24.11,95,65,84.92,5.2,1004.66,6.2,1993,1990
1993-12-03,27.7,21.0,23.58,96,70,86.58,15.2,1005.08,7.2,1993,1990
1993-12-04,28.3,21.1,24.28,98,67,86.83,4.8,1004.34,5.8,1993,1990
1993-12-05,29.6,20.9,24.72,93,61,81.75,0.3,1003.0,7.8,1993,1990
1993-12-06,30.1,20.8,24.72,89,53,76.5,0.5,1003.32,9.3,1993,1990
1993-12-07,29.9,21.0,24.84,83,57,73.12,0.7,1003.38,10.0,1993,1990
1993-12-08,30.1,22.1,25.35,87,56,75.67,0.4,1003.35,7.8,1993,1990
1993-12-09,29.3,23.0,25.44,92,65,82.54,4.9,1004.42,5.6,1993,1990
1993-12-10,28.0,23.1,25.19,95,71,86.83,15.4,1005.42,5.5,1993,1990
1993-12-11,28.8,21.9,24.9,96,66,84.5,10.0,1006.03,7.6,1993,1990
1993-12-12,28.9,22.1,24.7,97,67,85.25,10.5,1005.5,5.5,1993,1990
1993-12-13,29.0,21.4,24.52,94,65,83.71,5.5,1004.5,6.9,1993,1990
1993-12-14,28.6,22.4,24.25,99,68,89.5,18.7,1004.11,6.8,1993,1990
1993-12-15,27.4,21.9,23.95,99,78,92.29,9.3,1004.38,9.9,1993,1990
1993-12-16,27.9,20.6,23.93,99,74,90.08,8.9,1005.68,4.8,1993,1990
1993-12-17,29.1,22.2,24.61,94,60,84.0,2.7,1006.97,6.9,1993,1990
1993-12-18,29.5,20.6,24.47,91,58,77.54,1.3,1007.34,7.6,1993,1990
1993-12-19,29.5,21.8,24.96,90,58,77.58,0.2,1005.61,7.6,1993,1990
1993-12-20,30.1,20.2,24.58,88,53,72.25,0.0,1004.24,10.5,1993,1990
1993-12-21,30.2,20.8,24.87,91,58,75.0,0.2,1005.06,9.5,1993,1990
1993-12-22,29.2,21.1,24.81,93,62,79.5,3.5,1004.87,7.6,1993,1990
1993-12-23,30.1,21.6,25.17,93,58,79.33,1.5,1005.52,7.3,1993,1990
1993-12-24,30.0,21.5,25.21,88,55,76.04,2.3,1005.23,8.8,1993,1990
1993-12-25,30.2,21.0,25.15,86,51,72.08,0.9,1006.24,8.9,1993,1990
1993-12-26,29.8,20.9,24.71,85,48,68.62,0.1,1007.1,10.0,1993,1990
1993-12-27,29.6,19.5,24.38,83,51,66.17,0.0,1007.22,12.1,1993,1990
1993-12-28,30.4,21.1,25.29,79,48,66.88,0.3,1006.01,9.7,1993,1990
1993-12-29,29.8,20.8,24.86,89,53,73.33,1.9,1005.44,8.0,1993,1990
1993-12-30,29.6,21.2,25.11,90,55,74.75,1.3,1006.32,7.4,1993,1990
1993-12-31,30.0,21.2,25.02,92,51,74.62,1.0,1007.17,8.6,1993,1990
1994-01-01,30.4,21.0,24.91,86,51,70.42,0.4,1006.99,9.7,1994,1990
1994-01-02,30.8,20.8,25.27,85,49,71.96,1.5,1006.56,8.5,1994,1990
1994-01-03,30.1,20.7,25.03,90,50,72.71,1.9,1006.77,8.8,1994,1990
1994-01-04,29.8,20.9,24.81,90,52,74.12,2.2,1007.62,9.6,1994,1990
1994-01-05,30.2,20.7,24.86,92,48,69.46,0.1,1007.35,9.2,1994,1990
1994-01-06,30.1,21.2,25.15,85,48,68.0,1.1,1005.56,8.3,1994,1990
1994-01-07,30.9,20.8,25.25,79,45,66.75,0.9,1005.52,8.8,1994,1990
1994-01-08,30.6,20.1,24.99,87,46,68.71,1.5,1005.54,8.4,1994,1990
1994-01-09,30.5,22.2,25.55,89,47,68.88,2.8,1005.72,7.3,1994,1990
1994-01-10,30.6,21.0,25.32,82,43,62.75,0.0,1005.36,8.7,1994,1990
1994-01-11,30.8,21.5,25.56,68,44,58.12,0.1,1005.55,10.9,1994,1990
1994-01-12,31.3,22.0,25.77,74,42,60.58,0.3,1004.6,10.4,1994,1990
1994-01-13,31.3,20.2,25.26,84,43,66.17,1.3,1004.7,9.2,1994,1990
1994-01-14,31.2,21.5,25.87,89,47,71.46,1.1,1006.61,7.8,1994,1990
1994-01-15,31.3,21.7,25.65,86,41,67.96,0.7,1007.41,8.0,1994,1990
1994-01-16,30.5,21.3,25.33,86,52,72.12,6.8,1006.5,8.0,1994,1990
1994-01-17,30.7,20.5,25.41,83,46,68.88,1.5,1004.86,9.5,1994,1990
1994-01-18,30.0,21.8,25.51,86,52,71.17,2.3,1005.06,7.8,1994,1990
1994-01-19,30.4,21.8,25.72,87,45,64.75,0.0,1005.71,8.7,1994,1990
1994-01-20,31.0,22.6,26.01,71,41,57.67,0.0,1005.65,10.6,1994,1990
1994-01-21,31.5,22.2,25.88,66,32,51.42,0.0,1005.64,16.4,1994,1990
1994-01-22,31.3,22.2,25.75,65,37,52.88,0.0,1005.34,12.1,1994,1990
1994-01-23,31.1,21.8,25.79,72,40,56.08,0.0,1005.05,11.0,1994,1990
1994-01-24,31.6,21.2,25.88,66,37,53.67,0.4,1005.4,12.0,1994,1990
1994-01-25,31.6,21.2,25.9,71,41,58.96,0.3,1005.42,10.2,1994,1990
1994-01-26,32.4,21.0,26.47,79,40,60.08,0.3,1004.42,9.5,1994,1990
1994-01-27,32.6,22.3,26.88,76,39,60.54,0.1,1004.15,9.1,1994,1990
1994-01-28,32.4,22.0,26.69,78,40,61.33,0.5,1005.1,9.6,1994,1990
1994-01-29,32.5,20.9,26.2,79,38,62.88,1.3,1006.48,8.9,1994,1990
1994-01-30,32.0,20.6,25.72,81,41,64.62,1.3,1007.59,8.4,1994,1990
1994-01-31,31.3,21.0,26.1,83,42,62.62,0.4,1007.6,8.2,1994,1990
1994-02-01,31.7,20.6,25.57,80,37,59.79,0.5,1006.52,9.1,1994,1990
1994-02-02,31.6,20.9,25.78,79,40,60.42,0.3,1006.96,8.7,1994,1990
1994-02-03,32.6,21.5,26.48,70,35,54.67,0.5,1007.3,10.2,1994,1990
1994-02-04,32.0,22.0,26.37,75,36,56.75,0.0,1007.17,9.0,1994,1990
1994-02-05,32.3,20.9,26.27,74,36,56.79,3.3,1006.3,8.2,1994,1990
1994-02-06,31.3,22.2,26.13,76,44,62.12,2.5,1005.7,7.7,1994,1990
1994-02-07,31.9,22.4,26.62,73,42,58.42,0.0,1005.04,9.4,1994,1990
1994-02-08,32.7,23.3,27.06,74,37,55.88,0.0,1004.86,12.9,1994,1990
1994-02-09,32.0,23.7,27.08,68,41,56.62,0.4,1004.75,9.1,1994,1990
1994-02-10,32.9,22.6,27.11,71,38,56.92,0.3,1005.37,9.1,1994,1990
1994-02-11,33.4,21.3,26.82,76,35,59.21,0.1,1005.71,9.6,1994,1990
1994-02-12,33.1,21.8,26.87,76,38,58.33,0.5,1005.62,9.3,1994,1990
1994-02-13,33.1,23.0,27.23,70,39,56.71,0.3,1005.51,9.0,1994,1990
1994-02-14,32.1,23.0,26.74,66,37,53.54,0.0,1005.22,11.6,1994,1990
1994-02-15,32.3,22.7,26.59,66,37,53.5,0.0,1005.85,12.6,1994,1990
1994-02-16,32.7,22.3,26.75,67,33,52.12,0.0,1005.51,10.6,1994,1990
1994-02-17,32.8,22.3,27.05,68,38,55.25,0.2,1004.73,10.0,1994,1990
1994-02-18,33.0,22.5,27.03,76,39,59.58,0.2,1004.32,8.8,1994,1990
1994-02-19,33.3,22.3,27.24,74,37,58.33,0.0,1003.91,9.1,1994,1990
1994-02-20,33.8,22.7,27.45,74,38,59.38,0.3,1004.86,9.3,1994,1990
1994-02-21,33.9,22.8,27.9,76,36,58.04,0.5,1004.72,9.6,1994,1990
1994-02-22,33.8,23.0,27.74,77,33,57.71,0.4,1004.22,9.3,1994,1990
1994-02-23,33.5,21.2,26.88,77,31,58.29,0.6,1004.45,9.5,1994,1990
1994-02-24,32.9,21.6,26.98,80,38,63.04,0.9,1005.06,8.7,1994,1990
1994-02-25,33.4,22.3,27.27,77,34,60.83,0.2,1005.63,9.0,1994,1990
1994-02-26,32.3,22.3,27.06,79,41,62.54,1.4,1006.02,7.1,1994,1990
1994-02-27,32.8,23.7,27.58,81,40,60.5,1.2,1006.52,7.4,1994,1990
1994-02-28,33.2,22.8,27.61,76,38,57.67,0.0,1006.02,8.1,1994,1990
1994-03-01,34.0,23.3,27.98,72,36,57.33,0.2,1005.95,9.3,1994,1990
1994-03-02,33.9,22.3,27.78,76,36,59.17,1.5,1006.57,8.4,1994,1990
1994-03-03,34.4,22.2,27.75,74,24,53.92,1.2,1008.47,8.8,1994,1990
1994-03-04,32.9,22.2,26.9,74,38,59.12,0.0,1009.28,9.6,1994,1990
1994-03-05,32.9,23.6,27.66,74,40,58.08,1.6,1007.95,6.6,1994,1990
1994-03-06,33.6,21.9,27.35,81,35,59.62,0.4,1006.75,8.5,1994,1990
1994-03-07,33.4,23.3,27.69,75,37,56.79,0.0,1006.25,9.9,1994,1990
1994-03-08,34.2,21.9,27.27,68,27,52.5,0.0,1005.04,10.7,1994,1990
1994-03-09,34.1,20.9,26.91,73,29,54.67,0.3,1004.11,10.3,1994,1990
1994-03-10,34.2,20.6,26.92,76,23,53.12,0.0,1005.72,9.9,1994,1990
1994-03-11,34.2,21.2,26.82,63,21,42.92,0.0,1006.96,13.2,1994,1990
1994-03-12,33.8,22.1,27.15,54,25,41.54,0.2,1008.0,11.1,1994,1990
1994-03-13,33.7,20.3,26.54,63,28,47.54,0.0,1007.41,10.3,1994,1990
1994-03-14,33.5,20.8,26.82,70,30,53.42,0.0,1007.0,9.0,1994,1990
1994-03-15,33.8,21.0,26.98,75,29,55.58,0.4,1006.12,8.8,1994,1990
1994-03-16,33.3,21.4,26.85,76,35,59.33,0.3,1005.2,9.7,1994,1990
1994-03-17,33.5,22.8,27.21,82,36,63.58,2.4,1004.8,7.3,1994,1990
1994-03-18,33.9,21.7,27.23,82,31,58.42,0.0,1004.22,8.9,1994,1990
1994-03-19,33.2,23.6,27.65,81,40,60.92,2.9,1005.0,7.3,1994,1990
1994-03-20,32.3,23.6,27.22,89,50,72.92,6.9,1004.97,5.6,1994,1990
1994-03-21,31.4,23.0,26.95,93,54,73.92,4.9,1004.91,5.0,1994,1990
1994-03-22,33.4,22.6,27.39,87,37,63.75,0.2,1004.44,8.1,1994,1990
1994-03-23,33.8,21.9,27.64,75,36,58.67,0.1,1004.51,9.3,1994,1990
1994-03-24,33.0,24.2,28.2,78,42,59.92,0.0,1004.28,6.9,1994,1990
1994-03-25,34.6,24.3,28.58,73,29,53.08,0.0,1003.65,10.0,1994,1990
1994-03-26,34.2,23.1,27.92,77,36,58.33,0.7,1004.01,10.5,1994,1990
1994-03-27,33.1,23.0,27.75,81,44,65.58,2.3,1004.66,7.4,1994,1990
1994-03-28,33.2,23.8,27.42,85,44,70.5,10.0,1006.03,6.0,1994,1990
1994-03-29,31.9,22.9,26.32,89,49,74.5,8.1,1007.31,5.8,1994,1990
1994-03-30,32.4,22.8,26.87,91,30,63.92,0.2,1007.35,7.6,1994,1990
1994-03-31,32.6,22.3,26.87,72,35,55.92,0.8,1007.77,9.7,1994,1990
1994-04-01,32.8,21.9,26.99,71,36,56.38,1.4,1008.33,9.7,1994,1990
1994-04-02,32.8,22.9,27.14,70,39,57.67,3.2,1009.02,8.7,1994,1990
1994-04-03,33.5,22.3,27.24,70,29,50.96,0.0,1007.33,9.8,1994,1990
1994-04-04,32.8,22.9,27.32,64,41,52.83,0.0,1004.9,10.7,1994,1990
1994-04-05,33.3,22.9,27.77,74,40,58.46,2.4,1004.09,6.9,1994,1990
1994-04-06,33.1,22.9,27.51,79,37,61.71,3.0,1005.39,9.7,1994,1990
1994-04-07,33.4,23.1,27.48,84,35,60.92,2.9,1006.41,6.8,1994,1990
1994-04-08,33.3,23.0,27.57,79,37,59.46,1.6,1005.66,7.4,1994,1990
1994-04-09,34.3,23.5,28.33,66,32,51.08,0.1,1004.88,9.1,1994,1990
1994-04-10,34.2,23.0,28.01,65,32,52.96,0.3,1004.02,9.4,1994,1990
1994-04-11,33.5,23.7,28.08,70,37,57.04,1.7,1004.54,8.2,1994,1990
1994-04-12,34.2,22.6,27.52,77,35,59.88,2.3,1006.1,8.0,1994,1990
1994-04-13,33.8,23.1,27.5,80,36,62.67,2.9,1006.6,7.3,1994,1990
1994-04-14,32.7,23.4,27.23,80,44,65.79,5.9,1005.82,6.8,1994,1990
1994-04-15,33.8,23.1,27.78,77,37,59.25,0.1,1004.68,8.9,1994,1990
1994-04-16,34.6,23.0,28.24,75,29,52.25,0.0,1004.78,9.2,1994,1990
1994-04-17,34.2,23.3,28.16,70,32,51.92,0.0,1005.02,10.8,1994,1990
1994-04-18,34.0,24.7,28.38,66,37,54.42,0.4,1005.12,9.1,1994,1990
1994-04-19,33.7,23.9,27.7,79,38,60.17,2.2,1005.35,8.2,1994,1990
1994-04-20,33.4,23.6,27.67,77,40,62.33,4.1,1005.16,7.8,1994,1990
1994-04-21,32.6,23.0,27.11,85,47,69.54,5.9,1005.05,6.2,1994,1990
1994-04-22,32.7,23.0,27.41,87,47,70.17,3.6,1004.24,7.1,1994,1990
1994-04-23,31.7,23.6,27.02,91,53,74.88,5.7,1004.59,6.2,1994,1990
1994-04-24,30.9,23.3,26.81,90,57,76.5,8.4,1004.95,9.8,1994,1990
1994-04-25,30.3,23.9,26.85,91,61,77.54,16.0,1005.2,9.0,1994,1990
1994-04-26,31.0,23.7,25.96,95,59,82.5,9.4,1005.45,9.5,1994,1990
1994-04-27,28.4,23.0,25.52,95,72,86.21,7.5,1005.97,7.9,1994,1990
1994-04-28,27.6,23.2,24.89,99,74,88.88,26.4,1006.98,7.9,1994,1990
1994-04-29,26.9,22.3,24.5,99,77,88.38,14.4,1008.15,7.7,1994,1990
1994-04-30,27.9,22.6,24.65,97,73,88.96,8.7,1007.61,10.7,1994,1990
1994-05-01,27.6,22.0,24.78,99,77,88.67,8.7,1006.89,7.6,1994,1990
1994-05-02,30.0,22.6,25.31,98,68,87.67,15.7,1006.19,9.6,1994,1990
1994-05-03,30.5,21.2,25.82,98,60,81.79,2.3,1004.93,6.8,1994,1990
1994-05-04,31.4,22.7,26.84,91,55,74.92,2.9,1003.65,7.2,1994,1990
1994-05-05,30.1,22.7,26.17,92,62,79.75,9.3,1005.21,8.7,1994,1990
1994-05-06,30.1,23.1,25.7,92,59,82.33,8.5,1006.25,5.0,1994,1990
1994-05-07,27.8,22.6,24.69,99,75,90.21,22.2,1005.92,7.3,1994,1990
1994-05-08,30.5,20.8,25.52,99,61,81.29,1.0,1005.51,8.4,1994,1990
1994-05-09,30.8,23.4,25.93,94,58,81.0,6.1,1005.5,8.0,1994,1990
1994-05-10,30.5,22.6,25.83,94,61,83.12,6.2,1005.55,6.5,1994,1990
1994-05-11,30.3,22.6,26.42,94,64,80.79,4.4,1005.42,6.6,1994,1990
1994-05-12,30.7,22.4,25.94,98,62,82.25,15.3,1005.64,6.5,1994,1990
1994-05-13,29.4,23.1,25.78,98,67,83.04,3.2,1004.91,5.8,1994,1990
1994-05-14,29.2,23.2,25.58,95,69,85.0,3.4,1005.32,5.5,1994,1990
1994-05-15,29.5,23.0,25.56,99,69,86.33,9.0,1005.41,6.2,1994,1990
1994-05-16,29.0,22.9,25.22,96,69,87.0,11.3,1005.71,8.6,1994,1990
1994-05-17,28.0,22.4,24.55,99,77,91.38,14.9,1006.52,7.6,1994,1990
1994-05-18,28.2,21.1,24.35,99,74,91.21,17.7,1006.48,8.6,1994,1990
1994-05-19,27.0,21.8,24.07,99,80,92.38,11.3,1005.82,7.0,1994,1990
1994-05-20,27.7,22.8,24.85,96,80,89.42,4.5,1004.83,7.6,1994,1990
1994-05-21,27.6,22.4,25.2,95,78,87.46,5.7,1005.6,9.2,1994,1990
1994-05-22,29.3,22.5,25.0,99,71,89.29,15.8,1006.41,6.5,1994,1990
1994-05-23,28.3,22.5,24.68,99,74,89.96,37.5,1006.61,7.5,1994,1990
1994-05-24,28.1,22.5,24.14,99,76,93.17,37.5,1006.08,9.4,1994,1990
1994-05-25,25.3,22.0,23.3,99,87,97.29,21.3,1006.32,10.6,1994,1990
1994-05-26,27.8,21.8,24.19,99,75,91.04,9.1,1006.42,10.4,1994,1990
1994-05-27,26.6,22.1,24.1,99,83,91.62,17.8,1006.02,5.8,1994,1990
1994-05-28,27.6,21.3,24.6,99,79,89.88,7.5,1004.48,6.3,1994,1990
1994-05-29,28.1,21.6,24.42,99,77,90.83,22.3,1003.93,8.6,1994,1990
1994-05-30,27.6,21.9,24.28,99,80,91.92,21.7,1004.4,6.3,1994,1990
1994-05-31,28.3,22.2,24.43,99,78,91.17,8.5,1005.2,10.2,1994,1990
1994-06-01,28.9,22.5,24.98,98,75,89.5,11.1,1005.32,8.7,1994,1990
1994-06-02,28.3,22.0,24.95,99,72,90.29,15.8,1005.78,7.2,1994,1990
1994-06-03,27.4,22.5,25.23,99,78,88.42,13.8,1006.89,7.6,1994,1990
1994-06-04,26.6,22.9,24.17,99,83,95.62,35.2,1007.19,7.4,1994,1990
1994-06-05,28.3,22.3,24.96,99,70,87.96,3.0,1007.33,8.5,1994,1990
1994-06-06,30.1,22.2,25.67,95,65,83.58,2.4,1006.62,7.1,1994,1990
1994-06-07,28.6,23.0,25.33,99,72,86.54,14.3,1006.48,8.7,1994,1990
1994-06-08,26.7,22.7,24.33,99,82,92.12,20.8,1007.12,6.1,1994,1990
1994-06-09,28.9,22.2,25.18,97,73,87.79,11.2,1006.61,4.9,1994,1990
1994-06-10,29.9,22.7,25.92,95,70,85.08,3.6,1004.93,6.5,1994,1990
1994-06-11,28.7,22.7,25.56,94,73,84.83,14.5,1004.98,6.6,1994,1990
1994-06-12,29.0,22.5,25.14,95,67,85.58,9.2,1006.16,6.5,1994,1990
1994-06-13,28.3,22.4,24.6,96,73,88.62,14.9,1006.26,8.0,1994,1990
1994-06-14,27.8,21.3,24.67,99,73,88.12,18.2,1005.6,6.3,1994,1990
1994-06-15,27.9,22.6,24.9,94,80,88.08,8.0,1005.09,4.7,1994,1990
1994-06-16,28.5,22.5,24.81,95,77,89.88,9.0,1004.74,7.4,1994,1990
1994-06-17,28.9,22.6,24.97,99,71,89.08,18.4,1004.33,9.7,1994,1990
1994-06-18,28.5,22.4,24.62,99,72,90.75,12.3,1005.16,5.4,1994,1990
1994-06-19,27.9,21.5,24.38,99,77,90.88,19.0,1006.16,9.4,1994,1990
1994-06-20,27.8,21.6,24.23,99,74,90.54,13.7,1006.85,6.6,1994,1990
1994-06-21,27.8,21.8,24.31,99,75,90.33,8.6,1007.03,5.7,1994,1990
1994-06-22,28.2,21.8,24.28,99,71,89.46,14.0,1006.98,11.2,1994,1990
1994-06-23,28.5,21.3,24.5,99,72,89.04,6.8,1005.92,6.5,1994,1990
1994-06-24,27.3,21.9,24.34,98,77,89.12,9.3,1005.7,6.2,1994,1990
1994-06-25,28.3,21.7,24.39,96,71,88.71,12.5,1005.72,4.7,1994,1990
1994-06-26,28.9,21.6,24.47,96,70,87.83,10.4,1005.59,6.4,1994,1990
1994-06-27,27.8,22.0,24.7,96,73,87.71,11.2,1005.8,7.2,1994,1990
1994-06-28,28.0,21.9,24.59,97,73,88.17,15.5,1006.0,6.5,1994,1990
1994-06-29,26.7,22.4,24.3,99,80,91.38,9.1,1006.33,6.8,1994,1990
1994-06-30,29.3,21.4,24.68,96,66,85.12,13.5,1006.08,6.9,1994,1990
1994-07-01,28.3,21.6,24.8,94,70,85.42,9.7,1005.45,7.6,1994,1990
1994-07-02,27.2,21.9,24.21,99,81,91.58,19.3,1004.98,4.8,1994,1990
1994-07-03,27.8,21.4,23.68,99,75,92.96,34.6,1006.21,10.9,1994,1990
1994-07-04,27.2,21.7,23.76,99,78,93.0,11.1,1007.14,5.4,1994,1990
1994-07-05,27.6,22.2,24.17,96,73,89.33,19.7,1007.34,7.3,1994,1990
1994-07-06,27.6,20.8,24.05,97,80,89.54,12.9,1006.18,6.6,1994,1990
1994-07-07,27.9,21.8,24.31,96,77,89.58,8.2,1004.66,7.2,1994,1990
1994-07-08,28.5,21.6,24.43,96,72,88.12,7.5,1004.81,7.2,1994,1990
1994-07-09,28.8,21.8,24.86,96,72,86.79,7.7,1005.12,6.1,1994,1990
1994-07-10,29.7,22.3,25.92,98,70,85.67,11.3,1005.04,4.7,1994,1990
1994-07-11,30.0,21.8,25.55,98,65,85.33,7.6,1005.08,6.6,1994,1990
1994-07-12,28.7,22.3,25.1,98,75,88.25,16.5,1005.71,6.3,1994,1990
1994-07-13,27.7,22.0,24.9,98,80,89.29,8.5,1005.4,5.8,1994,1990
1994-07-14,29.0,22.8,25.63,94,70,85.04,6.8,1005.05,5.8,1994,1990
1994-07-15,28.3,22.2,25.08,96,74,86.54,10.7,1004.68,6.4,1994,1990
1994-07-16,29.3,22.9,24.84,96,66,87.79,9.3,1005.45,7.6,1994,1990
1994-07-17,28.2,22.0,24.75,98,73,87.54,5.9,1006.36,6.2,1994,1990
1994-07-18,27.9,21.7,24.52,98,73,87.88,12.2,1006.35,7.1,1994,1990
1994-07-19,27.7,22.0,24.43,98,78,89.46,6.1,1006.22,5.7,1994,1990
1994-07-20,28.2,22.3,24.76,95,72,86.88,8.2,1006.61,7.7,1994,1990
1994-07-21,28.5,22.6,24.89,96,70,87.04,8.7,1006.55,6.6,1994,1990
1994-07-22,28.4,21.7,24.53,95,71,87.62,12.9,1006.32,5.4,1994,1990
1994-07-23,28.6,21.8,24.68,96,73,87.29,5.8,1005.62,6.6,1994,1990
1994-07-24,28.9,21.8,24.78,96,72,87.33,9.7,1006.4,6.5,1994,1990
1994-07-25,28.8,22.2,25.06,95,72,86.71,4.2,1005.92,6.9,1994,1990
1994-07-26,28.7,22.8,24.75,95,69,87.42,14.1,1005.5,5.2,1994,1990
1994-07-27,28.2,22.1,24.74,95,72,86.17,9.6,1005.02,7.2,1994,1990
1994-07-28,29.5,21.7,25.27,97,68,84.5,16.9,1004.87,6.4,1994,1990
1994-07-29,26.8,21.7,24.22,99,80,91.38,14.6,1005.6,4.9,1994,1990
1994-07-30,27.5,21.6,24.15,99,76,92.0,22.9,1006.56,7.9,1994,1990
1994-07-31,27.5,21.2,24.33,99,82,91.54,8.8,1006.97,8.6,1994,1990
1994-08-01,26.6,22.3,24.23,99,80,91.42,22.3,1006.56,6.8,1994,1990
1994-08-02,28.4,22.2,24.78,96,77,88.96,10.5,1005.3,7.5,1994,1990
1994-08-03,28.7,21.7,24.7,99,76,88.79,8.8,1005.74,7.2,1994,1990
1994-08-04,29.3,22.1,24.98,98,69,87.5,6.9,1005.71,6.1,1994,1990
1994-08-05,28.0,21.9,25.02,98,75,88.58,7.0,1005.98,5.4,1994,1990
1994-08-06,26.3,22.7,23.93,99,81,92.71,34.8,1006.73,6.4,1994,1990
1994-08-07,27.1,21.7,23.61,99,79,94.5,22.9,1007.25,7.2,1994,1990
1994-08-08,27.3,20.8,23.9,99,77,91.17,8.3,1006.99,6.1,1994,1990
1994-08-09,26.5,21.7,23.94,99,82,92.33,16.2,1006.87,6.1,1994,1990
1994-08-10,26.1,22.2,23.88,96,83,90.96,16.6,1006.2,8.0,1994,1990
1994-08-11,28.4,21.2,24.16,97,66,87.54,5.7,1006.0,6.6,1994,1990
1994-08-12,27.3,21.1,24.11,99,77,89.96,7.5,1006.85,7.4,1994,1990
1994-08-13,28.0,22.0,24.5,96,72,87.96,15.6,1007.15,7.1,1994,1990
1994-08-14,27.1,21.0,23.8,98,76,90.88,13.4,1006.92,7.0,1994,1990
1994-08-15,27.2,21.2,23.98,99,76,91.25,6.4,1006.57,6.6,1994,1990
1994-08-16,29.2,22.5,25.2,96,68,86.46,3.7,1006.23,7.8,1994,1990
1994-08-17,28.9,21.6,25.09,94,72,85.0,6.3,1005.89,6.5,1994,1990
1994-08-18,27.0,22.2,24.38,96,77,89.04,14.5,1006.1,6.5,1994,1990
1994-08-19,27.7,21.4,24.29,98,77,89.79,16.7,1005.63,6.5,1994,1990
1994-08-20,26.4,22.0,23.84,99,83,92.33,22.4,1005.93,8.2,1994,1990
1994-08-21,27.8,21.2,23.98,99,74,90.79,22.5,1006.25,5.6,1994,1990
1994-08-22,28.1,21.5,24.41,96,71,86.83,13.1,1005.95,7.2,1994,1990
1994-08-23,27.0,21.7,24.09,96,77,89.96,11.8,1006.4,7.6,1994,1990
1994-08-24,27.7,22.4,24.36,96,75,87.25,6.7,1006.95,6.3,1994,1990
1994-08-25,27.9,21.7,24.37,97,73,89.08,20.0,1005.99,7.2,1994,1990
1994-08-26,28.0,21.5,24.65,96,78,88.62,3.6,1004.56,8.9,1994,1990
1994-08-27,28.3,22.5,24.78,96,75,88.71,14.4,1005.04,8.7,1994,1990
1994-08-28,28.4,21.3,24.92,99,73,88.79,5.5,1006.0,8.7,1994,1990
1994-08-29,29.5,22.7,25.02,96,67,87.62,6.4,1006.19,6.4,1994,1990
1994-08-30,28.6,21.8,24.4,99,69,88.62,15.3,1006.85,6.7,1994,1990
1994-08-31,27.7,21.8,24.62,95,76,88.54,13.2,1007.31,6.9,1994,1990
1994-09-01,28.0,22.2,24.51,96,72,88.71,10.0,1006.97,6.9,1994,1990
1994-09-02,28.3,21.3,24.69,96,70,85.17,7.9,1006.71,5.8,1994,1990
1994-09-03,28.2,22.0,24.66,96,69,86.75,10.4,1006.61,6.8,1994,1990
1994-09-04,28.2,21.9,24.78,97,73,88.33,10.9,1006.2,5.6,1994,1990
1994-09-05,29.7,22.0,25.46,95,70,85.75,4.9,1005.73,5.9,1994,1990
1994-09-06,28.8,22.2,25.35,99,70,86.92,12.5,1005.5,5.8,1994,1990
1994-09-07,30.1,22.3,25.69,95,64,83.88,8.3,1005.13,6.3,1994,1990
1994-09-08,28.6,22.6,25.32,95,72,87.21,8.0,1004.77,6.5,1994,1990
1994-09-09,28.6,21.8,24.58,99,71,88.88,11.3,1005.33,7.7,1994,1990
1994-09-10,28.6,21.4,24.72,99,73,89.5,14.4,1005.42,6.5,1994,1990
1994-09-11,28.2,22.3,24.53,96,74,90.88,27.3,1004.6,6.0,1994,1990
1994-09-12,28.6,22.3,24.79,99,76,91.08,13.5,1004.95,5.6,1994,1990
1994-09-13,29.0,21.7,24.32,99,73,91.5,15.8,1005.51,7.9,1994,1990
1994-09-14,29.9,22.1,24.66,99,66,90.08,9.2,1005.64,7.2,1994,1990
1994-09-15,28.7,21.8,24.5,99,73,91.12,19.4,1004.95,8.3,1994,1990
1994-09-16,29.3,21.9,25.04,99,71,88.75,8.2,1005.09,7.4,1994,1990
1994-09-17,28.0,22.5,24.68,98,82,91.75,19.2,1005.57,7.6,1994,1990
1994-09-18,28.6,21.8,24.53,99,79,91.25,8.6,1005.41,7.7,1994,1990
1994-09-19,27.5,22.4,24.8,98,81,90.58,9.9,1006.0,6.5,1994,1990
1994-09-20,28.6,22.6,25.12,95,71,87.17,8.5,1005.79,8.1,1994,1990
1994-09-21,28.1,22.4,24.58,96,77,90.29,5.7,1005.64,8.1,1994,1990
1994-09-22,26.8,22.0,24.22,96,82,91.21,13.0,1004.71,9.1,1994,1990
1994-09-23,27.4,22.0,24.19,99,79,92.46,13.2,1004.84,10.9,1994,1990
1994-09-24,27.0,22.5,23.85,99,83,94.21,20.0,1005.59,12.2,1994,1990
1994-09-25,26.5,22.1,23.32,100,81,95.33,24.8,1005.67,9.4,1994,1990
1994-09-26,26.2,22.0,23.6,99,82,93.33,10.9,1005.85,10.0,1994,1990
1994-09-27,26.9,21.8,23.61,99,79,93.21,11.2,1007.02,11.2,1994,1990
1994-09-28,28.3,22.1,23.98,98,72,90.5,24.9,1007.39,8.0,1994,1990
1994-09-29,26.5,21.5,23.62,99,83,92.54,25.9,1006.34,6.8,1994,1990
1994-09-30,28.2,20.8,23.63,99,72,91.0,25.1,1005.84,7.6,1994,1990
1994-10-01,27.3,20.5,23.63,99,75,89.96,6.1,1005.02,6.3,1994,1990
1994-10-02,28.0,20.9,24.07,99,77,90.96,7.0,1004.62,8.6,1994,1990
1994-10-03,27.9,22.0,24.39,96,77,90.08,10.9,1004.77,7.3,1994,1990
1994-10-04,28.5,21.5,24.19,99,72,89.25,11.3,1005.02,6.1,1994,1990
1994-10-05,28.1,21.3,24.15,95,69,88.17,4.7,1005.41,8.4,1994,1990
1994-10-06,27.2,22.2,23.98,96,73,89.58,4.8,1006.37,8.0,1994,1990
1994-10-07,28.6,21.1,23.81,96,70,89.12,19.6,1006.42,7.2,1994,1990
1994-10-08,26.8,20.9,23.28,96,80,91.0,8.9,1006.26,8.6,1994,1990
1994-10-09,26.7,21.3,23.25,96,81,91.58,12.8,1006.02,7.8,1994,1990
1994-10-10,27.1,20.8,23.13,99,80,92.96,8.1,1005.92,8.3,1994,1990
1994-10-11,27.0,21.0,23.25,99,80,92.67,15.9,1006.07,9.6,1994,1990
1994-10-12,27.4,20.5,23.14,99,80,93.62,30.0,1005.74,9.2,1994,1990
1994-10-13,28.5,19.9,23.71,99,68,88.96,15.3,1005.35,9.4,1994,1990
1994-10-14,27.2,20.9,23.71,98,80,91.33,10.9,1005.63,6.5,1994,1990
1994-10-15,27.4,21.4,24.07,98,76,90.79,4.5,1006.22,8.4,1994,1990
1994-10-16,27.6,21.9,24.18,97,73,88.67,6.0,1006.3,8.7,1994,1990
1994-10-17,26.5,22.2,23.89,96,84,91.46,18.7,1005.45,6.1,1994,1990
1994-10-18,27.4,21.5,23.7,99,76,91.29,30.6,1005.07,8.0,1994,1990
1994-10-19,26.1,21.0,23.44,99,83,91.88,14.7,1005.65,8.9,1994,1990
1994-10-20,27.7,20.7,23.43,98,72,90.12,12.8,1005.4,7.2,1994,1990
1994-10-21,27.3,20.9,23.84,98,75,89.88,6.8,1004.9,7.5,1994,1990
1994-10-22,27.9,21.0,23.98,96,75,89.12,8.1,1004.99,8.9,1994,1990
1994-10-23,27.5,21.0,23.88,99,73,89.75,22.1,1005.86,7.2,1994,1990
1994-10-24,28.0,21.0,23.75,99,68,89.75,11.6,1006.89,8.8,1994,1990
1994-10-25,25.0,21.6,23.04,99,92,96.08,19.6,1007.43,5.9,1994,1990
1994-10-26,27.9,21.1,23.92,97,74,89.62,10.9,1007.29,6.2,1994,1990
1994-10-27,28.2,20.9,24.35,99,72,87.42,4.1,1006.32,6.2,1994,1990
1994-10-28,28.4,21.5,24.15,96,71,88.08,11.1,1005.44,6.5,1994,1990
1994-10-29,28.9,21.5,24.69,95,67,84.71,5.9,1004.95,6.8,1994,1990
1994-10-30,29.4,22.1,25.09,95,65,84.12,3.8,1003.73,5.9,1994,1990
1994-10-31,27.8,21.8,24.63,93,76,87.12,11.2,1003.81,6.7,1994,1990
1994-11-01,26.1,21.7,23.38,99,85,94.96,28.9,1005.15,7.7,1994,1990
1994-11-02,26.7,21.2,23.64,99,79,92.58,14.8,1006.05,5.1,1994,1990
1994-11-03,28.4,21.5,23.7,98,74,91.08,19.9,1006.09,6.4,1994,1990
1994-11-04,27.5,21.4,23.66,97,77,91.54,4.9,1005.47,7.9,1994,1990
1994-11-05,25.3,21.6,22.91,99,87,95.38,18.9,1005.36,9.8,1994,1990
1994-11-06,24.3,21.6,22.41,99,90,97.5,33.0,1006.57,12.0,1994,1990
1994-11-07,24.8,21.3,22.68,99,87,96.54,35.5,1006.9,11.1,1994,1990
1994-11-08,25.4,21.2,22.89,99,85,95.08,13.8,1006.11,8.5,1994,1990
1994-11-09,25.4,21.1,22.64,99,87,96.17,20.5,1005.48,8.4,1994,1990
1994-11-10,26.8,21.2,23.66,99,80,90.33,4.1,1005.25,14.6,1994,1990
1994-11-11,28.3,20.6,24.24,95,69,86.46,1.6,1005.2,13.8,1994,1990
1994-11-12,28.9,21.9,24.63,96,72,87.88,11.8,1005.24,6.5,1994,1990
1994-11-13,27.8,21.7,24.31,96,78,89.71,4.9,1004.71,6.1,1994,1990
1994-11-14,28.0,21.1,24.2,97,67,86.88,1.8,1004.84,8.0,1994,1990
1994-11-15,28.0,21.7,23.96,98,71,90.08,13.2,1005.85,5.9,1994,1990
1994-11-16,28.8,21.3,24.53,99,66,85.71,5.4,1005.92,7.2,1994,1990
1994-11-17,28.7,21.1,24.17,95,67,85.62,10.9,1005.3,8.0,1994,1990
1994-11-18,27.6,21.4,24.28,98,76,88.04,6.8,1005.93,6.0,1994,1990
1994-11-19,26.8,21.6,24.35,97,76,87.71,12.2,1005.92,4.7,1994,1990
1994-11-20,27.4,22.5,24.46,95,73,87.21,15.2,1005.38,5.1,1994,1990
1994-11-21,28.3,20.7,24.18,95,67,85.29,2.4,1006.19,6.2,1994,1990
1994-11-22,29.3,21.8,24.65,95,63,82.08,2.0,1006.4,7.2,1994,1990
1994-11-23,28.4,21.4,24.33,95,66,83.62,13.8,1006.74,6.7,1994,1990
1994-11-24,27.0,21.2,23.78,98,73,89.38,18.4,1007.57,6.3,1994,1990
1994-11-25,25.8,21.2,23.06,99,81,93.88,56.8,1008.1,7.0,1994,1990
1994-11-26,25.2,20.8,22.72,99,88,97.17,40.7,1007.64,5.4,1994,1990
1994-11-27,25.2,21.4,23.05,99,87,94.5,15.2,1007.04,7.4,1994,1990
1994-11-28,27.5,20.6,23.84,98,72,87.96,6.6,1005.55,6.1,1994,1990
1994-11-29,28.8,22.3,24.61,94,65,84.96,2.4,1004.4,5.9,1994,1990
1994-11-30,29.6,21.4,24.78,93,60,80.17,0.9,1004.13,7.4,1994,1990
1994-12-01,29.5,21.3,24.84,91,58,79.42,1.2,1004.74,8.3,1994,1990
1994-12-02,29.5,21.5,24.64,95,58,78.33,2.0,1005.15,8.1,1994,1990
1994-12-03,29.7,20.2,24.29,94,57,78.54,1.7,1005.06,8.4,1994,1990
1994-12-04,30.1,20.9,24.91,92,58,78.62,0.9,1005.49,8.4,1994,1990
1994-12-05,30.2,21.7,25.51,91,58,77.04,0.7,1004.45,7.8,1994,1990
1994-12-06,29.9,22.9,25.78,88,58,77.0,1.1,1004.29,6.2,1994,1990
1994-12-07,28.6,22.9,24.99,93,66,83.83,3.3,1004.48,4.7,1994,1990
1994-12-08,27.1,22.7,24.41,98,78,90.67,8.3,1004.47,4.6,1994,1990
1994-12-09,28.7,21.5,24.53,96,71,88.25,7.7,1003.84,5.1,1994,1990
1994-12-10,29.6,22.0,25.27,93,62,81.79,0.5,1002.8,7.3,1994,1990
1994-12-11,30.3,22.2,25.77,92,59,79.83,3.2,1003.57,6.2,1994,1990
1994-12-12,29.6,22.3,25.66,93,64,81.83,2.5,1004.0,6.9,1994,1990
1994-12-13,30.1,23.3,26.12,91,61,79.04,1.1,1003.89,6.1,1994,1990
1994-12-14,29.8,22.4,25.66,91,61,77.92,1.4,1003.87,7.7,1994,1990
1994-12-15,30.7,21.8,25.67,86,54,74.79,0.5,1003.37,7.7,1994,1990
1994-12-16,31.0,21.1,25.45,85,49,72.38,0.1,1003.06,9.1,1994,1990
1994-12-17,30.9,21.3,25.2,81,42,66.0,0.4,1004.18,10.2,1994,1990
1994-12-18,31.1,20.1,24.79,82,40,67.54,0.2,1004.62,10.7,1994,1990
1994-12-19,30.7,20.6,24.9,83,48,63.29,0.1,1005.81,11.0,1994,1990
1994-12-20,30.7,20.1,24.91,89,49,71.46,0.6,1006.68,8.8,1994,1990
1994-12-21,31.3,21.3,25.69,91,53,74.92,0.3,1006.89,9.3,1994,1990
1994-12-22,31.0,22.4,26.12,90,52,73.67,1.2,1006.25,7.8,1994,1990
1994-12-23,30.9,21.2,25.5,88,48,70.75,0.9,1005.83,9.6,1994,1990
1994-12-24,30.2,21.7,25.44,86,50,71.33,1.2,1007.22,8.6,1994,1990
1994-12-25,29.5,21.8,25.09,90,59,76.88,7.7,1009.25,6.2,1994,1990
1994-12-26,29.3,22.0,25.36,91,56,74.08,3.8,1009.14,6.5,1994,1990
1994-12-27,29.7,21.0,24.64,89,51,72.08,4.4,1008.61,8.7,1994,1990
1994-12-28,28.8,22.1,24.73,95,60,79.33,4.4,1007.49,6.0,1994,1990
1994-12-29,29.0,22.1,25.07,93,62,80.04,2.4,1006.68,6.2,1994,1990
1994-12-30,30.4,21.9,25.53,90,53,75.29,0.1,1005.99,7.6,1994,1990
1994-12-31,30.5,22.1,25.79,78,49,65.38,0.3,1005.76,9.8,1994,1990
1995-01-01,31.8,21.6,25.94,76,41,62.12,0.0,1005.19,11.3,1995,1990
1995-01-02,31.5,21.8,26.3,82,41,60.58,0.3,1005.48,9.6,1995,1990
1995-01-03,31.2,20.8,25.7,77,45,63.12,0.8,1006.54,10.6,1995,1990
1995-01-04,31.5,22.1,26.04,79,44,64.04,0.4,1007.65,9.0,1995,1990
1995-01-05,31.6,21.7,26.04,79,43,61.46,0.1,1007.42,9.0,1995,1990
1995-01-06,31.6,20.5,25.87,85,37,63.33,0.7,1006.95,9.5,1995,1990
1995-01-07,31.9,20.6,25.75,77,40,63.12,0.1,1007.26,9.3,1995,1990
1995-01-08,31.8,22.1,26.32,73,45,59.92,0.0,1007.72,9.7,1995,1990
1995-01-09,31.0,20.8,26.11,75,44,58.75,4.7,1007.71,10.6,1995,1990
1995-01-10,31.4,22.2,25.96,73,39,57.88,0.1,1007.42,9.5,1995,1990
1995-01-11,31.5,20.6,25.42,68,39,55.54,0.2,1006.25,10.0,1995,1990
1995-01-12,31.7,20.8,25.66,71,41,59.46,0.5,1005.53,9.7,1995,1990
1995-01-13,30.7,20.6,25.33,82,45,67.54,0.0,1005.2,12.0,1995,1990
1995-01-14,30.8,20.4,25.74,92,48,71.5,0.2,1004.76,7.1,1995,1990
1995-01-15,32.8,21.2,26.5,84,33,62.83,0.5,1005.58,8.6,1995,1990
1995-01-16,32.8,22.2,26.74,64,36,52.96,0.3,1004.97,11.3,1995,1990
1995-01-17,32.2,22.0,26.75,77,42,60.46,0.3,1004.23,9.9,1995,1990
1995-01-18,33.0,21.1,26.72,77,37,59.08,0.4,1004.28,9.4,1995,1990
1995-01-19,33.4,21.3,26.74,77,34,60.75,0.2,1004.26,9.5,1995,1990
1995-01-20,32.9,23.4,27.28,71,35,54.21,0.0,1004.98,11.7,1995,1990
1995-01-21,32.5,22.0,26.78,60,39,50.71,0.1,1005.5,10.2,1995,1990
1995-01-22,32.5,23.6,27.37,66,44,56.12,3.0,1004.23,10.3,1995,1990
1995-01-23,33.0,23.1,27.67,80,43,61.92,1.0,1003.58,7.7,1995,1990
1995-01-24,33.0,24.6,27.6,71,35,56.75,0.0,1004.66,13.8,1995,1990
1995-01-25,32.2,23.9,27.17,63,38,53.42,0.0,1004.72,18.2,1995,1990
1995-01-26,32.8,24.4,27.43,63,36,53.21,0.0,1004.94,15.8,1995,1990
1995-01-27,32.7,24.0,27.44,66,38,54.38,0.0,1004.52,11.0,1995,1990
1995-01-28,33.6,23.3,27.62,72,35,55.46,0.2,1004.95,10.2,1995,1990
1995-01-29,33.0,22.2,27.21,77,38,61.04,3.3,1005.18,8.0,1995,1990
1995-01-30,33.7,22.2,27.34,77,37,62.12,0.7,1004.4,8.4,1995,1990
1995-01-31,32.3,22.3,27.25,78,44,59.79,1.2,1005.44,8.9,1995,1990
1995-02-01,32.6,23.4,27.24,75,40,61.58,0.7,1006.54,7.5,1995,1990
1995-02-02,32.9,21.8,26.84,75,36,58.0,0.1,1007.25,9.0,1995,1990
1995-02-03,33.0,22.0,26.8,68,35,56.33,0.1,1007.45,9.6,1995,1990
1995-02-04,32.7,21.4,26.68,76,34,54.96,0.3,1008.21,9.6,1995,1990
1995-02-05,33.0,22.5,26.97,67,35,53.08,0.0,1007.6,10.5,1995,1990
1995-02-06,32.6,23.3,27.1,71,39,56.17,0.0,1007.38,9.9,1995,1990
1995-02-07,32.9,22.4,27.02,63,35,51.75,0.0,1006.75,11.3,1995,1990
1995-02-08,33.3,21.8,27.39,77,38,57.75,0.8,1007.87,10.7,1995,1990
1995-02-09,32.9,24.3,27.68,73,41,58.58,0.3,1008.45,9.0,1995,1990
1995-02-10,33.3,23.8,27.7,71,38,56.42,0.3,1006.75,9.8,1995,1990
1995-02-11,34.2,22.3,27.55,74,30,57.58,0.0,1005.55,9.2,1995,1990
1995-02-12,33.9,21.4,27.29,81,33,61.0,0.5,1006.0,8.8,1995,1990
1995-02-13,33.8,21.0,27.03,75,31,57.04,0.0,1006.29,8.7,1995,1990
1995-02-14,34.0,22.5,27.7,74,35,55.0,0.0,1005.17,12.3,1995,1990
1995-02-15,33.5,23.4,27.7,70,33,53.58,0.1,1004.54,11.6,1995,1990
1995-02-16,33.6,22.8,27.38,63,33,51.21,0.1,1005.05,9.7,1995,1990
1995-02-17,33.6,21.6,27.0,74,33,54.38,0.0,1006.04,11.4,1995,1990
1995-02-18,33.5,22.4,27.1,67,32,51.67,0.0,1005.59,11.8,1995,1990
1995-02-19,33.5,23.1,27.2,57,27,45.12,0.0,1004.75,12.6,1995,1990
1995-02-20,33.3,21.4,26.97,60,29,47.08,0.0,1005.51,10.5,1995,1990
1995-02-21,33.2,21.3,26.8,67,31,51.17,0.0,1006.68,9.0,1995,1990
1995-02-22,33.1,21.7,26.9,68,32,51.54,0.2,1006.63,9.4,1995,1990
1995-02-23,33.0,22.5,26.94,72,38,56.33,0.4,1005.94,9.3,1995,1990
1995-02-24,33.0,22.3,26.95,75,35,57.62,1.3,1006.09,8.1,1995,1990
1995-02-25,33.6,21.2,26.96,76,32,55.62,0.0,1006.26,9.2,1995,1990
1995-02-26,33.6,22.4,27.43,73,36,55.0,0.0,1006.48,8.8,1995,1990
1995-02-27,33.8,23.0,27.78,70,33,54.58,0.0,1005.53,9.6,1995,1990
1995-02-28,34.1,21.9,27.36,74,34,57.67,0.4,1004.42,8.5,1995,1990
1995-03-01,33.9,21.5,27.15,77,33,59.38,0.1,1003.83,8.7,1995,1990
1995-03-02,34.4,21.8,27.57,71,28,51.46,0.0,1004.23,9.9,1995,1990
1995-03-03,33.8,23.8,27.83,65,34,52.33,0.0,1003.76,13.5,1995,1990
1995-03-04,34.6,24.5,28.39,62,30,49.46,0.0,1004.26,12.1,1995,1990
1995-03-05,34.2,23.6,28.04,65,33,51.29,0.0,1003.76,11.0,1995,1990
1995-03-06,34.7,23.1,28.28,65,30,49.75,0.0,1004.21,10.5,1995,1990
1995-03-07,34.3,22.5,27.78,76,35,59.04,0.7,1004.8,9.3,1995,1990
1995-03-08,32.0,23.0,27.09,87,48,69.5,9.9,1005.17,5.4,1995,1990
1995-03-09,34.5,22.4,27.95,82,28,54.58,0.2,1005.35,8.3,1995,1990
1995-03-10,34.2,21.9,27.54,65,25,45.79,0.0,1006.17,10.5,1995,1990
1995-03-11,34.0,21.3,27.35,65,29,50.38,0.7,1007.44,10.5,1995,1990
1995-03-12,32.7,22.3,26.8,77,37,61.21,7.6,1008.11,7.7,1995,1990
1995-03-13,32.5,22.1,26.53,82,39,65.12,1.2,1007.03,11.0,1995,1990
1995-03-14,32.0,22.6,26.23,88,42,70.62,9.9,1006.05,6.6,1995,1990
1995-03-15,30.2,22.6,25.39,91,53,77.42,13.7,1005.57,7.3,1995,1990
1995-03-16,31.1,21.7,25.4,96,50,77.79,3.4,1005.91,6.4,1995,1990
1995-03-17,31.6,22.5,26.24,89,48,73.12,1.1,1006.69,6.8,1995,1990
1995-03-18,32.1,23.3,27.25,85,46,66.92,8.3,1006.59,7.5,1995,1990
1995-03-19,31.6,22.5,26.26,87,51,73.08,7.3,1006.96,6.5,1995,1990
1995-03-20,30.5,23.7,26.0,89,57,77.17,8.6,1007.8,6.5,1995,1990
1995-03-21,31.1,22.3,26.16,89,52,73.75,3.5,1008.23,8.9,1995,1990
1995-03-22,29.7,22.0,25.23,97,57,79.75,14.5,1007.94,11.7,1995,1990
1995-03-23,27.5,22.6,24.28,99,72,88.96,18.4,1007.05,8.0,1995,1990
1995-03-24,26.6,21.4,23.98,99,76,89.29,4.4,1005.78,6.8,1995,1990
1995-03-25,30.1,21.8,25.35,95,57,80.29,9.8,1004.97,8.4,1995,1990
1995-03-26,32.1,22.2,26.53,89,48,71.71,0.6,1005.02,7.9,1995,1990
1995-03-27,32.7,21.4,26.65,80,42,62.62,0.0,1004.31,9.2,1995,1990
1995-03-28,31.1,23.3,26.9,79,52,65.71,11.5,1004.28,7.7,1995,1990
1995-03-29,32.6,22.5,27.28,80,41,60.12,0.0,1003.82,8.4,1995,1990
1995-03-30,33.4,22.2,27.25,77,40,60.12,0.0,1003.55,9.7,1995,1990
1995-03-31,33.5,22.5,27.62,77,41,61.29,2.1,1003.45,8.7,1995,1990
1995-04-01,32.4,23.6,26.36,94,51,77.25,27.5,1004.59,6.2,1995,1990
1995-04-02,30.8,22.6,25.88,96,60,82.29,4.8,1005.16,5.7,1995,1990
1995-04-03,31.2,23.4,26.12,92,62,82.12,15.6,1004.3,6.3,1995,1990
1995-04-04,32.2,23.6,27.18,87,49,72.71,1.0,1003.28,6.3,1995,1990
1995-04-05,30.7,23.6,26.62,90,58,77.0,3.0,1002.91,6.5,1995,1990
1995-04-06,28.1,24.0,25.43,94,74,87.79,34.7,1004.13,10.4,1995,1990
1995-04-07,29.7,23.7,25.67,95,71,86.88,12.3,1005.09,7.8,1995,1990
1995-04-08,29.8,23.1,25.93,96,65,84.12,4.3,1005.0,9.5,1995,1990
1995-04-09,30.4,22.6,25.98,96,59,82.38,2.4,1003.56,10.2,1995,1990
1995-04-10,30.3,22.4,25.91,94,59,81.12,3.7,1002.95,10.8,1995,1990
1995-04-11,28.7,23.0,25.69,99,73,85.58,13.4,1004.9,6.9,1995,1990
1995-04-12,30.1,23.1,26.14,94,62,81.04,1.2,1005.62,8.0,1995,1990
1995-04-13,31.5,22.9,26.21,90,52,74.96,2.4,1005.45,8.3,1995,1990
1995-04-14,31.3,21.2,25.58,92,47,73.79,1.9,1004.98,8.2,1995,1990
1995-04-15,30.9,21.6,25.7,96,56,78.58,2.8,1004.39,6.9,1995,1990
1995-04-16,31.6,22.8,26.36,87,49,72.17,1.2,1004.68,8.1,1995,1990
1995-04-17,31.6,22.5,26.38,91,49,73.29,4.8,1005.83,7.6,1995,1990
1995-04-18,31.4,22.7,25.97,92,53,77.46,10.3,1005.77,8.7,1995,1990
1995-04-19,30.4,22.9,25.73,95,63,83.54,10.9,1005.24,7.7,1995,1990
1995-04-20,29.8,22.5,25.36,96,66,86.92,10.5,1005.0,8.4,1995,1990
1995-04-21,27.6,22.6,24.69,99,79,90.88,25.3,1005.5,7.2,1995,1990
1995-04-22,29.6,22.6,24.85,96,70,88.21,20.0,1004.68,6.5,1995,1990
1995-04-23,30.2,21.4,25.41,98,59,80.04,1.7,1003.3,8.4,1995,1990
1995-04-24,29.9,23.2,26.13,92,64,81.42,3.4,1002.88,6.3,1995,1990
1995-04-25,30.1,23.6,26.03,95,64,83.38,10.4,1003.76,5.2,1995,1990
1995-04-26,29.7,22.3,25.54,94,66,83.38,6.7,1004.32,7.2,1995,1990
1995-04-27,28.4,22.2,24.77,99,78,90.75,62.8,1004.32,6.5,1995,1990
1995-04-28,26.8,22.6,24.33,99,83,93.71,25.7,1004.07,9.9,1995,1990
1995-04-29,27.0,22.5,24.24,96,80,91.79,21.6,1004.97,9.9,1995,1990
1995-04-30,28.3,22.0,25.07,96,73,88.0,3.1,1005.16,9.7,1995,1990
1995-05-01,29.3,22.8,25.09,96,71,89.42,19.8,1004.58,12.8,1995,1990
1995-05-02,28.0,22.3,24.62,97,78,91.5,17.4,1004.86,6.2,1995,1990
1995-05-03,27.9,22.6,24.73,98,84,91.83,12.5,1005.51,7.1,1995,1990
1995-05-04,28.8,22.1,24.79,99,73,90.58,14.6,1006.79,5.6,1995,1990
1995-05-05,29.0,22.8,24.97,99,71,89.71,17.1,1006.93,5.8,1995,1990
1995-05-06,27.9,22.2,24.17,99,78,93.88,89.7,1006.75,9.1,1995,1990
1995-05-07,28.3,21.6,24.38,99,78,92.17,30.1,1006.83,5.9,1995,1990
1995-05-08,28.7,21.6,24.49,99,72,89.54,9.1,1006.26,9.4,1995,1990
1995-05-09,29.2,21.8,24.88,99,70,88.96,5.8,1006.6,7.8,1995,1990
1995-05-10,29.3,22.1,25.27,96,71,85.46,2.9,1005.91,7.0,1995,1990
1995-05-11,29.9,22.7,25.72,96,69,84.88,3.8,1004.75,6.8,1995,1990
1995-05-12,29.5,23.3,25.6,95,68,85.42,11.0,1004.02,6.8,1995,1990
1995-05-13,28.2,22.6,24.73,99,74,91.58,30.0,1004.23,6.8,1995,1990
1995-05-14,28.5,22.3,24.52,99,75,93.04,23.4,1005.22,7.4,1995,1990
1995-05-15,27.9,22.3,24.72,99,76,90.25,28.1,1005.13,6.1,1995,1990
1995-05-16,28.2,21.7,24.72,99,70,87.04,17.8,1005.2,6.8,1995,1990
1995-05-17,26.8,21.6,23.8,100,86,94.58,11.6,1006.41,7.9,1995,1990
1995-05-18,27.9,21.3,24.43,99,77,91.12,19.5,1007.35,5.9,1995,1990
1995-05-19,29.6,21.0,24.93,97,69,87.96,6.0,1006.87,5.9,1995,1990
1995-05-20,28.2,22.5,24.69,99,74,91.38,11.9,1006.18,5.0,1995,1990
1995-05-21,29.0,22.4,24.95,97,74,89.46,7.4,1006.63,7.2,1995,1990
1995-05-22,29.2,22.4,25.14,95,69,86.21,3.5,1006.75,7.8,1995,1990
1995-05-23,27.3,22.2,24.78,96,78,88.71,9.0,1006.55,6.5,1995,1990
1995-05-24,29.2,21.7,24.68,99,69,87.71,11.0,1006.26,8.0,1995,1990
1995-05-25,28.8,21.4,24.6,99,69,86.67,5.5,1006.31,8.2,1995,1990
1995-05-26,28.8,22.6,24.85,96,72,88.08,17.1,1006.62,6.5,1995,1990
1995-05-27,28.8,22.4,24.5,96,71,89.12,5.6,1006.34,6.2,1995,1990
1995-05-28,27.6,22.0,24.28,96,77,89.33,14.7,1006.45,5.8,1995,1990
1995-05-29,28.7,22.3,24.28,99,72,91.0,26.4,1006.39,7.7,1995,1990
1995-05-30,28.7,21.4,24.72,97,68,87.04,7.0,1005.69,7.2,1995,1990
1995-05-31,28.3,22.8,24.83,96,74,89.0,15.0,1005.5,10.0,1995,1990
1995-06-01,26.9,21.8,23.96,99,81,92.0,15.0,1005.94,8.2,1995,1990
1995-06-02,26.2,22.2,23.55,99,83,95.5,20.6,1006.27,9.4,1995,1990
1995-06-03,27.1,22.2,24.13,99,76,91.38,9.1,1006.66,8.5,1995,1990
1995-06-04,28.8,22.2,25.25,96,72,86.5,9.2,1006.45,6.1,1995,1990
1995-06-05,28.1,22.6,24.82,99,75,90.04,30.4,1006.48,6.9,1995,1990
1995-06-06,28.2,21.9,24.22,99,78,92.79,12.8,1006.65,6.9,1995,1990
1995-06-07,27.0,22.7,23.76,99,82,96.5,197.6,1006.52,10.1,1995,1990
1995-06-08,27.1,21.8,24.19,97,82,91.46,20.0,1006.75,8.4,1995,1990
1995-06-09,27.1,22.4,24.67,97,83,91.04,11.7,1006.16,6.7,1995,1990
1995-06-10,28.7,22.6,25.32,95,75,88.17,7.5,1004.83,5.4,1995,1990
1995-06-11,28.1,22.8,25.41,96,78,89.0,12.7,1004.8,5.7,1995,1990
1995-06-12,27.8,22.4,24.88,99,78,90.62,23.2,1005.68,7.4,1995,1990
1995-06-13,25.8,22.3,23.75,99,87,95.42,27.9,1006.91,7.1,1995,1990
1995-06-14,26.5,22.4,24.13,99,84,92.25,6.3,1007.51,9.1,1995,1990
1995-06-15,26.8,22.4,24.4,99,80,89.83,11.4,1007.11,9.8,1995,1990
1995-06-16,28.0,21.8,24.21,98,78,92.08,17.3,1006.07,6.7,1995,1990
1995-06-17,27.4,21.7,24.19,99,79,92.58,20.4,1005.78,5.4,1995,1990
1995-06-18,28.4,21.9,24.45,99,73,91.96,21.4,1006.03,7.4,1995,1990
1995-06-19,27.5,22.4,24.58,99,81,91.42,13.9,1005.71,7.9,1995,1990
1995-06-20,26.9,21.8,24.26,99,84,91.96,9.2,1005.54,10.3,1995,1990
1995-06-21,28.1,22.2,24.76,99,73,90.46,5.7,1005.63,8.6,1995,1990
1995-06-22,29.4,22.8,25.26,99,70,88.46,14.6,1005.68,6.9,1995,1990
1995-06-23,29.0,22.4,24.72,99,71,91.54,21.0,1005.51,5.1,1995,1990
1995-06-24,25.3,22.2,23.08,99,92,98.5,200.0,1005.49,5.8,1995,1990
1995-06-25,24.9,21.5,23.1,99,90,97.17,67.9,1006.34,5.1,1995,1990
1995-06-26,28.1,20.5,24.12,99,74,89.62,9.1,1006.14,5.9,1995,1990
1995-06-27,28.9,22.0,24.55,97,67,87.92,17.1,1006.02,7.3,1995,1990
1995-06-28,28.3,21.6,24.25,96,70,89.38,13.5,1006.19,6.3,1995,1990
1995-06-29,25.7,21.9,23.53,99,84,93.83,18.7,1006.26,5.8,1995,1990
1995-06-30,28.0,20.5,23.58,99,71,91.17,17.5,1006.23,6.5,1995,1990
1995-07-01,28.7,21.1,23.94,99,72,91.75,17.2,1006.31,7.3,1995,1990
1995-07-02,28.0,21.2,24.33,100,79,91.62,9.2,1006.83,6.5,1995,1990
1995-07-03,28.7,21.9,24.52,96,70,87.38,10.0,1006.55,7.6,1995,1990
1995-07-04,29.4,21.5,24.19,99,67,89.0,19.0,1007.77,7.6,1995,1990
1995-07-05,26.3,21.2,23.53,99,83,93.42,18.3,1007.48,5.6,1995,1990
1995-07-06,26.9,20.8,23.55,99,75,91.21,30.0,1006.77,7.6,1995,1990
1995-07-07,27.4,21.9,24.06,98,76,90.88,6.4,1007.0,7.2,1995,1990
1995-07-08,28.8,21.9,24.77,97,73,88.42,5.6,1006.22,4.3,1995,1990
1995-07-09,29.3,21.5,24.98,96,69,87.04,5.2,1005.1,6.3,1995,1990
1995-07-10,28.5,22.6,25.15,96,72,87.54,6.1,1004.75,6.1,1995,1990
1995-07-11,29.3,22.4,25.13,99,70,88.12,8.0,1004.74,7.7,1995,1990
1995-07-12,29.0,21.7,24.47,99,70,90.04,20.4,1004.3,5.4,1995,1990
1995-07-13,30.4,20.2,24.85,98,58,83.71,5.9,1004.67,6.8,1995,1990
1995-07-14,28.8,21.4,24.7,94,72,86.5,8.0,1005.02,6.2,1995,1990
1995-07-15,27.1,22.1,23.89,99,75,92.0,26.9,1005.36,6.1,1995,1990
1995-07-16,28.9,20.7,24.31,99,66,87.88,5.2,1005.91,6.9,1995,1990
1995-07-17,26.6,21.9,23.97,98,82,91.83,15.6,1006.23,7.1,1995,1990
1995-07-18,28.2,20.7,23.62,99,75,92.04,20.3,1006.8,8.4,1995,1990
1995-07-19,28.0,21.8,24.43,99,69,87.21,13.2,1006.71,5.9,1995,1990
1995-07-20,27.4,21.3,23.71,99,78,93.5,21.5,1006.55,6.1,1995,1990
1995-07-21,27.3,21.2,23.95,99,81,92.33,11.1,1006.95,7.1,1995,1990
1995-07-22,26.5,21.6,23.49,99,79,92.92,14.3,1006.58,6.8,1995,1990
1995-07-23,28.2,21.3,23.76,99,73,91.54,13.2,1006.33,9.8,1995,1990
1995-07-24,27.7,21.9,24.04,98,73,89.54,16.4,1006.22,6.9,1995,1990
1995-07-25,26.0,20.9,23.66,99,81,91.33,7.1,1005.99,7.2,1995,1990
1995-07-26,25.9,21.4,23.4,100,83,93.79,21.9,1005.97,11.4,1995,1990
1995-07-27,23.9,21.9,22.59,99,92,97.5,50.8,1006.44,14.0,1995,1990
1995-07-28,27.2,21.7,24.1,95,73,87.33,1.9,1005.92,10.4,1995,1990
1995-07-29,28.5,22.4,24.93,95,73,86.92,7.7,1005.31,6.5,1995,1990
1995-07-30,26.5,22.6,24.39,95,81,90.83,19.2,1004.45,7.5,1995,1990
1995-07-31,28.4,21.9,23.97,99,73,91.75,25.9,1004.18,8.3,1995,1990
1995-08-01,24.1,21.7,22.59,99,91,97.83,56.3,1005.8,13.6,1995,1990
1995-08-02,25.1,21.5,22.83,99,85,94.62,13.9,1007.57,9.5,1995,1990
1995-08-03,27.9,20.6,23.27,99,73,93.21,20.0,1007.79,6.2,1995,1990
1995-08-04,26.7,20.4,23.52,99,76,91.42,34.7,1006.15,8.0,1995,1990
1995-08-05,27.5,21.2,23.77,99,78,91.12,16.5,1004.76,8.7,1995,1990
1995-08-06,27.6,21.4,23.86,99,73,89.71,2.6,1005.1,9.7,1995,1990
1995-08-07,28.3,21.8,24.89,96,73,87.96,2.5,1005.51,4.6,1995,1990
1995-08-08,28.9,22.4,25.05,96,70,87.62,6.2,1005.58,6.9,1995,1990
1995-08-09,28.7,22.5,24.45,100,78,91.79,21.0,1004.83,8.4,1995,1990
1995-08-10,24.2,22.1,22.85,100,93,98.0,93.1,1006.45,8.6,1995,1990
1995-08-11,26.7,21.4,23.58,99,82,93.21,6.6,1007.18,8.1,1995,1990
1995-08-12,25.8,21.2,23.4,99,84,94.0,9.3,1007.4,8.6,1995,1990
1995-08-13,25.8,21.5,23.45,98,84,91.92,21.3,1007.48,11.0,1995,1990
1995-08-14,25.6,21.8,23.38,99,84,92.42,12.4,1007.06,11.5,1995,1990
1995-08-15,25.0,22.2,23.18,99,88,95.25,15.3,1006.26,13.8,1995,1990
1995-08-16,27.7,20.9,23.83,99,73,91.42,10.0,1006.92,6.1,1995,1990
1995-08-17,28.2,21.2,24.24,99,70,90.42,12.8,1006.67,5.1,1995,1990
1995-08-18,28.2,21.8,24.08,99,73,91.25,27.3,1006.02,9.7,1995,1990
1995-08-19,27.5,21.1,23.4,99,75,92.54,29.4,1006.24,11.3,1995,1990
1995-08-20,28.4,21.2,24.47,99,70,88.12,4.1,1007.15,11.4,1995,1990
1995-08-21,29.3,21.4,24.8,97,66,86.96,8.5,1007.67,6.4,1995,1990
1995-08-22,29.1,22.1,24.55,98,69,89.38,11.4,1007.09,6.5,1995,1990
1995-08-23,27.0,22.0,24.29,99,85,93.29,11.0,1006.14,8.7,1995,1990
1995-08-24,27.2,22.3,24.18,98,80,91.62,8.8,1005.65,9.2,1995,1990
1995-08-25,26.7,21.8,23.99,99,82,91.33,13.4,1005.87,8.5,1995,1990
1995-08-26,26.9,21.5,23.97,99,85,92.29,14.5,1005.55,5.4,1995,1990
1995-08-27,27.3,21.6,23.61,99,76,93.38,28.1,1005.4,10.0,1995,1990
1995-08-28,25.4,22.5,23.23,99,92,98.21,70.9,1005.85,11.1,1995,1990
1995-08-29,27.6,21.5,24.23,99,74,90.67,8.2,1006.1,8.5,1995,1990
1995-08-30,29.0,22.3,24.85,96,71,89.29,8.7,1005.9,7.2,1995,1990
1995-08-31,28.5,22.3,24.66,96,78,90.54,10.3,1005.59,7.6,1995,1990
1995-09-01,29.5,22.7,24.97,96,67,89.33,7.8,1005.22,7.9,1995,1990
1995-09-02,29.4,22.2,25.3,99,70,88.58,3.9,1005.65,7.6,1995,1990
1995-09-03,28.9,22.6,25.65,97,78,88.62,7.3,1005.9,6.3,1995,1990
1995-09-04,29.0,22.3,25.24,96,72,88.04,14.5,1006.02,7.9,1995,1990
1995-09-05,27.1,21.8,24.24,99,83,92.79,27.9,1005.9,7.1,1995,1990
1995-09-06,26.6,22.3,23.92,99,83,94.08,16.9,1006.12,9.7,1995,1990
1995-09-07,25.9,21.9,23.5,99,88,93.96,9.8,1006.23,10.2,1995,1990
1995-09-08,24.9,22.2,23.41,99,90,95.5,27.5,1006.23,8.9,1995,1990
1995-09-09,28.2,21.8,24.36,96,75,89.75,22.3,1006.39,7.8,1995,1990
1995-09-10,27.6,21.8,23.9,99,74,92.5,24.4,1006.93,6.8,1995,1990
1995-09-11,27.3,21.5,24.02,99,75,89.88,20.4,1006.77,6.3,1995,1990
1995-09-12,27.1,21.4,23.66,99,78,92.79,20.9,1006.75,6.1,1995,1990
1995-09-13,26.8,21.9,23.76,99,83,92.33,14.7,1006.81,8.2,1995,1990
1995-09-14,26.1,22.0,23.18,99,82,95.58,22.8,1007.58,10.5,1995,1990
1995-09-15,25.7,21.7,23.0,99,83,96.46,22.3,1008.14,11.8,1995,1990
1995-09-16,26.5,21.8,23.79,99,81,91.92,9.9,1007.67,8.6,1995,1990
1995-09-17,27.0,21.6,23.65,99,79,93.42,23.0,1006.51,12.2,1995,1990
1995-09-18,26.9,21.3,23.78,99,82,92.88,16.2,1006.61,6.9,1995,1990
1995-09-19,27.8,20.9,24.23,99,80,91.71,11.1,1006.61,7.6,1995,1990
1995-09-20,28.6,21.4,24.68,99,77,90.5,8.4,1006.25,7.4,1995,1990
1995-09-21,28.6,21.6,24.13,99,72,92.46,17.8,1005.68,8.8,1995,1990
1995-09-22,26.7,21.7,23.7,100,84,94.54,36.7,1005.74,9.3,1995,1990
1995-09-23,25.7,22.4,23.53,99,82,94.58,42.6,1006.58,12.8,1995,1990
1995-09-24,25.6,22.1,23.25,99,84,93.58,52.4,1006.63,12.9,1995,1990
1995-09-25,26.3,21.9,23.67,99,81,90.92,8.4,1006.45,12.8,1995,1990
1995-09-26,27.4,21.9,24.01,99,73,88.71,7.2,1006.86,13.5,1995,1990
1995-09-27,26.3,21.5,23.55,99,80,93.46,15.0,1007.17,7.9,1995,1990
1995-09-28,27.9,21.6,24.32,99,77,90.5,6.2,1006.82,10.7,1995,1990
1995-09-29,28.1,22.4,24.62,95,75,88.04,7.2,1005.9,8.4,1995,1990
1995-09-30,28.9,22.1,24.3,96,72,89.88,19.0,1005.39,10.2,1995,1990
1995-10-01,26.9,22.2,23.84,99,80,93.17,17.5,1005.67,9.9,1995,1990
1995-10-02,27.0,22.5,23.93,97,76,90.71,13.1,1005.79,11.6,1995,1990
1995-10-03,26.6,22.9,24.39,94,78,88.42,4.9,1005.89,12.4,1995,1990
1995-10-04,28.3,22.4,25.14,95,73,86.25,1.5,1005.35,12.1,1995,1990
1995-10-05,28.4,22.8,24.85,96,73,88.17,7.8,1004.56,9.7,1995,1990
1995-10-06,26.2,22.4,23.85,99,85,93.42,16.6,1003.36,12.1,1995,1990
1995-10-07,26.9,22.9,24.35,94,73,86.79,1.4,1004.07,19.9,1995,1990
1995-10-08,26.4,22.0,24.07,93,80,87.25,2.6,1005.75,15.7,1995,1990
1995-10-09,23.8,22.6,23.2,99,90,95.42,13.4,1006.36,10.8,1995,1990
1995-10-10,26.2,21.5,23.43,98,83,92.21,15.3,1005.75,12.1,1995,1990
1995-10-11,24.7,21.9,23.0,99,89,94.17,15.4,1005.07,13.6,1995,1990
1995-10-12,25.1,21.4,22.84,99,83,94.96,37.9,1005.37,13.3,1995,1990
1995-10-13,25.4,21.6,22.8,99,84,95.33,115.7,1005.71,12.1,1995,1990
1995-10-14,26.8,21.6,23.89,96,74,88.79,5.5,1006.2,12.2,1995,1990
1995-10-15,28.1,21.2,23.72,99,73,91.08,26.0,1006.45,10.7,1995,1990
1995-10-16,26.9,21.3,23.4,99,80,94.04,40.8,1006.4,8.4,1995,1990
1995-10-17,24.2,21.9,22.8,99,91,97.54,75.3,1006.16,9.6,1995,1990
1995-10-18,25.4,21.3,23.0,99,85,95.58,22.2,1005.8,11.4,1995,1990
1995-10-19,25.2,20.9,22.68,99,86,94.83,26.9,1006.22,10.2,1995,1990
1995-10-20,26.5,20.6,22.88,99,84,94.46,16.8,1005.78,10.4,1995,1990
1995-10-21,23.2,20.7,21.87,99,95,98.62,152.7,1005.56,6.6,1995,1990
1995-10-22,26.9,19.6,23.02,99,80,92.29,17.7,1005.8,7.0,1995,1990
1995-10-23,26.8,20.5,23.47,99,81,92.04,14.8,1005.64,11.6,1995,1990
1995-10-24,28.1,21.5,23.9,99,72,90.83,18.6,1005.36,6.7,1995,1990
1995-10-25,26.5,21.7,23.47,99,86,93.96,29.5,1005.57,7.9,1995,1990
1995-10-26,26.1,21.4,23.23,99,82,94.42,9.0,1004.83,7.1,1995,1990
1995-10-27,24.2,21.9,23.04,99,94,97.5,40.8,1004.64,8.3,1995,1990
1995-10-28,25.0,21.7,22.93,99,92,97.92,84.6,1005.63,6.6,1995,1990
1995-10-29,27.9,21.1,23.91,99,73,90.25,11.0,1005.53,6.5,1995,1990
1995-10-30,28.7,21.0,23.76,100,72,91.38,9.9,1005.68,6.5,1995,1990
1995-10-31,27.7,21.2,23.88,99,75,90.92,10.8,1005.83,6.2,1995,1990
1995-11-01,28.1,20.6,23.61,99,72,92.12,26.4,1006.12,8.7,1995,1990
1995-11-02,26.9,21.5,23.64,99,78,91.67,12.4,1006.15,5.8,1995,1990
1995-11-03,27.4,21.4,24.05,95,71,85.21,9.0,1005.32,6.5,1995,1990
1995-11-04,27.8,21.5,23.88,99,75,91.25,15.8,1005.2,4.8,1995,1990
1995-11-05,28.4,21.0,24.25,99,70,88.62,6.8,1005.4,6.9,1995,1990
1995-11-06,28.2,22.0,24.51,94,70,84.62,6.3,1005.95,7.2,1995,1990
1995-11-07,28.6,22.2,24.05,99,67,89.17,37.6,1006.75,6.6,1995,1990
1995-11-08,27.7,20.9,23.93,96,71,88.25,19.1,1007.01,6.1,1995,1990
1995-11-09,27.2,21.6,24.05,98,76,89.46,19.4,1006.94,5.4,1995,1990
1995-11-10,27.8,21.1,24.01,96,70,87.58,11.3,1006.51,5.8,1995,1990
1995-11-11,26.6,21.1,23.52,99,81,92.12,28.1,1006.93,5.8,1995,1990
1995-11-12,27.6,21.5,24.11,99,71,88.04,10.4,1006.82,7.1,1995,1990
1995-11-13,28.6,21.0,24.11,97,73,87.79,6.1,1006.24,6.7,1995,1990
1995-11-14,28.3,21.5,23.91,95,72,88.04,7.0,1006.53,6.0,1995,1990
1995-11-15,28.4,20.5,23.95,96,70,85.71,4.0,1007.19,7.0,1995,1990
1995-11-16,29.7,20.4,24.55,95,60,81.38,1.4,1006.36,7.8,1995,1990
1995-11-17,28.5,21.8,24.79,94,67,82.0,10.7,1005.12,8.4,1995,1990
1995-11-18,28.2,21.7,24.35,98,68,87.42,17.4,1005.22,6.8,1995,1990
1995-11-19,28.2,20.8,23.63,99,73,92.04,30.6,1005.75,6.9,1995,1990
1995-11-20,27.7,20.5,23.57,99,74,91.29,10.3,1006.28,6.3,1995,1990
1995-11-21,24.5,21.5,22.92,99,93,96.88,51.3,1005.94,6.1,1995,1990
1995-11-22,27.2,20.4,23.45,99,75,90.75,9.6,1006.0,5.1,1995,1990
1995-11-23,28.3,21.9,24.44,96,76,89.42,2.7,1005.17,5.9,1995,1990
1995-11-24,28.1,21.6,24.36,96,73,88.38,9.6,1005.85,6.6,1995,1990
1995-11-25,26.2,21.9,23.29,99,83,94.62,54.6,1006.25,7.7,1995,1990
1995-11-26,26.4,21.4,23.16,99,78,92.58,17.4,1006.45,7.2,1995,1990
1995-11-27,25.6,21.2,23.15,99,82,93.42,6.1,1005.91,5.9,1995,1990
1995-11-28,26.6,20.4,23.33,99,83,92.79,8.4,1006.84,7.6,1995,1990
1995-11-29,28.3,21.6,24.41,95,71,86.58,1.7,1006.77,6.6,1995,1990
1995-11-30,29.8,21.6,24.88,95,59,82.21,1.6,1005.41,7.3,1995,1990
1995-12-01,29.7,21.3,24.58,95,62,82.17,3.4,1005.54,7.6,1995,1990
1995-12-02,29.2,21.1,24.64,93,60,80.04,2.5,1005.7,7.2,1995,1990
1995-12-03,28.1,21.7,24.38,93,66,79.33,16.9,1006.54,8.0,1995,1990
1995-12-04,29.1,21.6,24.7,93,59,79.04,3.5,1006.21,7.6,1995,1990
1995-12-05,28.7,20.6,24.28,93,56,76.58,2.3,1006.44,8.0,1995,1990
1995-12-06,29.0,21.5,24.31,94,60,80.25,3.0,1005.82,7.6,1995,1990
1995-12-07,28.3,20.2,23.82,93,64,80.96,4.7,1006.1,8.0,1995,1990
1995-12-08,29.0,20.7,24.33,93,61,80.96,1.4,1006.4,7.3,1995,1990
1995-12-09,29.1,21.3,24.47,93,61,82.17,4.7,1006.46,6.4,1995,1990
1995-12-10,28.6,21.5,24.52,91,60,80.29,1.5,1007.56,6.9,1995,1990
1995-12-11,28.6,20.9,24.22,89,59,77.58,2.7,1007.42,7.8,1995,1990
1995-12-12,28.3,20.5,23.96,91,61,80.29,6.6,1007.14,7.2,1995,1990
1995-12-13,28.0,21.3,23.92,93,66,83.12,10.2,1007.16,6.9,1995,1990
1995-12-14,26.6,21.2,23.1,96,73,90.33,16.4,1007.32,6.5,1995,1990
1995-12-15,28.5,20.7,24.2,95,63,82.67,3.3,1006.35,6.9,1995,1990
1995-12-16,28.8,20.9,24.25,95,61,81.88,3.7,1004.82,7.4,1995,1990
1995-12-17,29.0,20.0,24.21,94,59,79.25,1.3,1004.99,7.6,1995,1990
1995-12-18,28.2,21.4,24.41,95,69,84.71,2.1,1005.83,7.8,1995,1990
1995-12-19,27.6,22.3,24.39,94,73,87.46,6.4,1006.5,6.4,1995,1990
1995-12-20,28.6,20.9,24.31,99,66,86.38,3.4,1006.79,6.8,1995,1990
1995-12-21,28.5,21.0,24.3,98,65,86.04,1.2,1006.82,7.2,1995,1990
1995-12-22,28.3,21.0,24.05,96,67,87.79,9.1,1006.65,9.1,1995,1990
1995-12-23,26.4,21.2,23.37,99,83,93.67,19.7,1007.65,5.8,1995,1990
1995-12-24,27.5,20.1,23.18,99,72,92.21,14.9,1007.92,5.1,1995,1990
1995-12-25,27.3,20.9,23.58,99,72,90.21,20.3,1007.82,7.7,1995,1990
1995-12-26,27.5,21.1,23.79,98,72,88.08,8.8,1007.13,7.8,1995,1990
1995-12-27,29.2,20.9,24.13,93,61,80.83,4.3,1006.59,8.3,1995,1990
1995-12-28,27.4,21.5,23.42,99,71,91.17,26.1,1007.71,8.3,1995,1990
1995-12-29,27.2,20.6,23.48,99,75,90.96,21.3,1008.56,5.5,1995,1990
1995-12-30,27.2,20.2,23.4,99,74,91.38,5.5,1007.92,6.4,1995,1990
1995-12-31,28.0,20.5,23.6,99,71,89.62,3.2,1006.71,6.4,1995,1990
1996-01-01,25.8,21.1,23.22,99,88,93.54,8.6,1005.79,8.2,1996,1990
1996-01-02,26.1,20.7,23.01,99,83,93.46,20.2,1005.73,11.0,1996,1990
1996-01-03,27.3,20.5,23.55,99,73,90.29,6.6,1006.12,5.8,1996,1990
1996-01-04,28.3,21.5,23.94,96,69,87.83,6.4,1007.25,5.9,1996,1990
1996-01-05,28.2,21.2,24.11,95,67,85.21,3.0,1006.88,6.5,1996,1990
1996-01-06,28.7,21.8,24.44,93,59,80.04,1.9,1005.62,6.8,1996,1990
1996-01-07,28.6,20.6,23.95,95,62,80.08,4.4,1005.61,8.4,1996,1990
1996-01-08,28.7,20.9,24.4,94,60,76.54,0.2,1006.67,8.7,1996,1990
1996-01-09,26.9,22.2,24.22,84,69,76.67,4.5,1006.79,8.3,1996,1990
1996-01-10,28.8,21.8,24.83,87,59,74.58,0.6,1006.07,8.8,1996,1990
1996-01-11,29.8,22.1,25.05,91,56,76.21,1.1,1005.25,8.3,1996,1990
1996-01-12,28.9,21.3,24.52,94,62,81.67,3.4,1005.4,7.8,1996,1990
1996-01-13,28.1,21.4,24.4,94,58,76.38,1.9,1005.84,7.9,1996,1990
1996-01-14,28.1,21.2,24.37,81,57,68.67,0.4,1006.58,8.7,1996,1990
1996-01-15,29.7,20.9,24.8,82,53,70.04,0.5,1006.39,10.2,1996,1990
1996-01-16,28.3,21.1,24.29,90,64,79.83,10.3,1005.1,7.6,1996,1990
1996-01-17,27.9,21.4,23.95,94,66,83.79,8.8,1005.02,6.9,1996,1990
1996-01-18,28.4,20.8,23.93,94,65,83.54,7.3,1005.6,6.6,1996,1990
1996-01-19,28.4,20.8,24.23,94,64,81.71,4.2,1006.0,7.6,1996,1990
1996-01-20,29.5,20.2,24.52,91,54,76.79,0.9,1006.33,8.0,1996,1990
1996-01-21,28.9,20.4,24.11,90,56,75.75,2.1,1007.01,7.6,1996,1990
1996-01-22,28.9,20.7,24.13,87,57,76.62,5.2,1005.95,7.2,1996,1990
1996-01-23,28.9,20.9,24.29,89,58,77.71,1.4,1004.52,6.6,1996,1990
1996-01-24,29.5,21.0,24.54,88,55,75.21,2.7,1005.25,8.4,1996,1990
1996-01-25,29.4,20.8,24.52,87,52,70.25,0.6,1005.88,8.9,1996,1990
1996-01-26,30.0,18.7,24.11,78,47,65.33,0.0,1005.25,10.4,1996,1990
1996-01-27,30.1,20.6,24.48,77,38,61.25,0.0,1005.44,9.5,1996,1990
1996-01-28,29.5,18.4,23.71,87,46,68.38,0.5,1004.9,10.8,1996,1990
1996-01-29,30.3,19.6,24.4,80,46,67.08,0.6,1005.1,9.9,1996,1990
1996-01-30,30.9,19.8,24.66,85,44,69.12,1.4,1005.28,8.2,1996,1990
1996-01-31,30.3,19.8,24.68,87,46,69.83,2.1,1005.15,8.1,1996,1990
1996-02-01,30.7,19.9,24.75,87,42,68.38,0.6,1005.79,8.0,1996,1990
1996-02-02,30.6,20.8,25.24,84,48,69.67,1.3,1006.65,7.3,1996,1990
1996-02-03,30.9,21.1,25.17,89,49,75.17,3.1,1007.3,7.1,1996,1990
1996-02-04,29.9,21.4,25.38,85,50,66.29,5.1,1007.7,8.8,1996,1990
1996-02-05,29.8,20.9,25.02,79,47,64.29,1.2,1007.09,10.4,1996,1990
1996-02-06,29.9,21.1,24.88,88,46,68.58,2.9,1005.78,8.4,1996,1990
1996-02-07,29.4,21.8,25.08,83,51,66.38,10.8,1005.59,6.2,1996,1990
1996-02-08,30.5,21.3,25.4,82,48,66.21,1.1,1005.93,7.4,1996,1990
1996-02-09,31.2,21.3,25.64,80,44,65.62,1.1,1006.55,8.4,1996,1990
1996-02-10,30.9,21.0,25.36,80,46,65.96,0.4,1006.52,8.8,1996,1990
1996-02-11,31.6,21.3,25.98,76,45,61.58,0.5,1005.1,9.4,1996,1990
1996-02-12,31.6,22.5,26.64,82,48,64.54,2.3,1004.58,8.4,1996,1990
1996-02-13,30.9,24.3,26.67,74,46,62.17,0.0,1004.94,18.7,1996,1990
1996-02-14,31.6,24.0,27.02,71,44,58.88,0.0,1004.9,9.7,1996,1990
1996-02-15,32.2,21.5,26.49,83,42,63.58,1.7,1004.87,9.8,1996,1990
1996-02-16,32.2,20.9,26.03,88,40,68.17,0.9,1005.41,9.7,1996,1990
1996-02-17,30.5,22.5,25.69,89,51,69.5,0.2,1005.55,7.3,1996,1990
1996-02-18,32.5,21.9,26.33,78,38,60.25,0.4,1003.86,9.2,1996,1990
1996-02-19,32.8,21.6,26.67,77,39,61.38,0.2,1004.5,9.1,1996,1990
1996-02-20,33.1,21.3,26.71,76,37,60.42,0.2,1005.46,9.6,1996,1990
1996-02-21,33.1,21.1,26.55,70,32,53.54,0.4,1005.44,10.2,1996,1990
1996-02-22,32.5,21.1,26.55,72,39,57.21,0.4,1004.67,9.0,1996,1990
1996-02-23,32.6,22.3,27.0,75,39,58.54,0.5,1004.43,8.6,1996,1990
1996-02-24,33.6,22.1,27.05,75,28,53.0,0.0,1004.91,11.6,1996,1990
1996-02-25,33.2,22.6,26.92,64,35,51.17,0.0,1004.18,13.4,1996,1990
1996-02-26,33.2,23.5,27.59,66,39,55.17,0.0,1003.69,12.9,1996,1990
1996-02-27,32.9,24.1,27.89,75,44,59.67,1.6,1003.83,8.4,1996,1990
1996-02-28,32.0,23.8,27.25,79,46,65.54,2.5,1004.18,6.8,1996,1990
1996-02-29,32.6,23.6,27.05,86,43,67.33,1.9,1004.66,6.2,1996,1990
1996-03-01,32.5,21.7,26.41,87,39,66.38,1.8,1004.46,9.8,1996,1990
1996-03-02,31.6,21.9,26.17,90,47,73.21,3.1,1005.54,7.3,1996,1990
1996-03-03,33.3,22.1,26.95,92,36,63.12,0.6,1005.68,8.0,1996,1990
1996-03-04,32.8,22.3,27.01,66,40,55.25,0.4,1005.59,10.4,1996,1990
1996-03-05,32.8,21.6,27.13,75,37,54.88,0.3,1005.18,9.7,1996,1990
1996-03-06,33.4,22.6,27.4,73,37,58.38,1.9,1004.6,9.5,1996,1990
1996-03-07,33.2,22.5,27.36,84,40,62.88,1.8,1004.83,8.3,1996,1990
1996-03-08,32.2,23.5,27.3,86,46,68.75,1.5,1005.69,6.5,1996,1990
1996-03-09,33.6,22.4,27.39,85,38,65.58,3.1,1006.92,8.6,1996,1990
1996-03-10,31.7,22.6,26.98,84,45,64.38,7.3,1009.1,5.8,1996,1990
1996-03-11,31.2,23.3,26.55,70,41,56.83,0.6,1009.0,9.7,1996,1990
1996-03-12,31.6,23.3,26.32,71,40,56.58,0.0,1007.91,10.1,1996,1990
1996-03-13,32.6,22.6,26.97,69,38,55.5,0.0,1007.16,10.8,1996,1990
1996-03-14,32.4,23.5,27.12,72,39,58.08,2.2,1007.42,8.7,1996,1990
1996-03-15,31.3,22.1,25.87,74,35,57.62,2.7,1007.65,9.5,1996,1990
1996-03-16,30.9,22.2,26.03,81,45,65.12,1.1,1007.22,10.0,1996,1990
1996-03-17,31.8,23.0,26.3,85,44,70.04,1.7,1005.97,10.6,1996,1990
1996-03-18,32.7,22.8,27.1,86,42,68.38,1.8,1005.0,8.8,1996,1990
1996-03-19,33.2,21.4,26.91,84,38,64.67,0.6,1004.97,8.0,1996,1990
1996-03-20,33.5,21.7,27.13,81,25,53.92,0.0,1005.69,9.3,1996,1990
1996-03-21,33.7,22.2,27.1,69,28,50.08,0.2,1005.33,10.5,1996,1990
1996-03-22,32.8,23.4,27.29,70,40,56.12,3.1,1004.77,10.5,1996,1990
1996-03-23,32.5,24.2,27.67,73,43,58.38,2.8,1004.89,8.9,1996,1990
1996-03-24,33.9,23.4,28.02,74,36,56.58,0.8,1004.6,8.2,1996,1990
1996-03-25,34.4,22.4,27.9,76,32,57.38,0.7,1004.54,9.5,1996,1990
1996-03-26,33.5,23.6,27.84,79,40,62.0,0.8,1004.07,8.3,1996,1990
1996-03-27,32.8,23.2,27.22,84,44,67.88,3.2,1004.47,5.8,1996,1990
1996-03-28,33.6,23.2,27.52,87,40,64.79,4.3,1004.7,7.8,1996,1990
1996-03-29,32.1,23.6,26.43,87,48,73.29,17.9,1005.63,6.1,1996,1990
1996-03-30,31.3,23.2,26.72,91,54,74.42,4.4,1004.32,6.3,1996,1990
1996-03-31,31.7,23.7,26.18,89,51,77.38,7.0,1003.64,6.2,1996,1990
1996-04-01,31.7,22.1,26.28,91,50,73.04,1.7,1003.8,8.1,1996,1990
1996-04-02,33.3,22.5,27.23,83,43,65.17,1.5,1004.11,9.0,1996,1990
1996-04-03,31.7,23.4,27.04,81,48,63.62,2.1,1004.69,7.6,1996,1990
1996-04-04,34.1,21.7,27.02,85,37,62.21,0.9,1003.98,8.7,1996,1990
1996-04-05,32.0,23.2,26.4,90,50,72.79,3.9,1004.52,7.0,1996,1990
1996-04-06,31.9,22.9,26.73,89,49,71.79,2.9,1002.41,7.1,1996,1990
1996-04-07,32.3,23.9,27.08,85,52,70.58,9.8,1002.69,6.9,1996,1990
1996-04-08,31.6,22.8,26.59,92,50,73.12,3.4,1004.57,8.3,1996,1990
1996-04-09,31.7,22.9,26.43,88,46,70.75,4.5,1005.98,10.5,1996,1990
1996-04-10,31.5,22.9,26.48,93,51,76.62,7.6,1006.83,7.4,1996,1990
1996-04-11,31.7,22.0,26.56,92,50,73.54,3.3,1007.35,6.2,1996,1990
1996-04-12,32.3,22.4,26.5,87,46,71.54,3.3,1006.48,7.1,1996,1990
1996-04-13,33.0,22.1,26.95,88,42,67.08,1.9,1004.69,8.0,1996,1990
1996-04-14,32.8,22.4,26.72,89,42,67.08,2.2,1005.01,9.5,1996,1990
1996-04-15,32.0,21.2,26.03,89,43,70.71,2.5,1006.23,9.3,1996,1990
1996-04-16,32.5,21.9,26.92,92,40,67.71,1.0,1006.42,7.4,1996,1990
1996-04-17,33.1,22.0,26.55,83,39,63.17,2.6,1006.7,7.8,1996,1990
1996-04-18,33.0,20.9,26.54,82,35,61.42,1.0,1006.8,9.1,1996,1990
1996-04-19,32.1,22.0,26.2,80,41,66.29,2.8,1006.92,8.0,1996,1990
1996-04-20,32.8,20.9,26.3,90,38,63.12,0.1,1005.94,9.0,1996,1990
1996-04-21,33.4,22.3,27.15,78,33,60.79,0.6,1005.83,8.7,1996,1990
1996-04-22,33.5,23.0,27.31,76,37,61.0,2.6,1006.1,8.3,1996,1990
1996-04-23,33.2,22.5,26.88,86,38,64.38,7.0,1007.38,9.0,1996,1990
1996-04-24,32.3,22.7,26.61,87,46,69.21,8.9,1007.65,8.0,1996,1990
1996-04-25,32.3,21.7,26.52,88,42,68.0,2.6,1006.52,7.8,1996,1990
1996-04-26,32.3,22.2,26.6,86,45,69.5,2.4,1005.12,8.4,1996,1990
1996-04-27,31.4,23.5,26.55,87,52,73.75,10.7,1004.22,6.6,1996,1990
1996-04-28,32.2,23.0,25.85,98,49,78.79,27.3,1004.3,7.2,1996,1990
1996-04-29,29.0,22.3,24.85,98,67,87.75,18.9,1005.38,6.8,1996,1990
1996-04-30,28.5,21.7,24.71,99,70,89.29,20.3,1006.66,7.2,1996,1990
1996-05-01,29.4,23.0,25.36,95,68,86.33,9.0,1006.25,7.2,1996,1990
1996-05-02,29.5,23.3,25.66,95,68,85.08,10.9,1005.93,5.2,1996,1990
1996-05-03,28.2,22.6,25.38,94,71,84.54,7.9,1005.74,5.4,1996,1990
1996-05-04,31.0,22.7,26.32,91,57,77.25,3.2,1005.09,6.6,1996,1990
1996-05-05,30.9,23.5,26.22,90,58,79.04,8.7,1004.93,6.5,1996,1990
1996-05-06,29.5,23.4,25.64,93,63,82.08,28.8,1005.0,7.2,1996,1990
1996-05-07,28.2,22.3,24.66,99,69,89.17,24.8,1005.73,5.7,1996,1990
1996-05-08,30.3,22.1,24.1,99,65,94.46,32.9,1006.13,7.2,1996,1990
1996-05-09,29.0,22.3,25.08,99,73,88.96,12.1,1005.99,5.2,1996,1990
1996-05-10,28.7,23.0,25.49,95,74,87.21,22.6,1005.01,5.8,1996,1990
1996-05-11,29.0,23.8,25.87,94,69,86.08,9.0,1004.65,7.2,1996,1990
1996-05-12,28.2,23.5,24.88,99,76,92.04,90.4,1005.37,8.9,1996,1990
1996-05-13,27.5,22.6,24.65,99,80,92.46,47.3,1007.3,7.6,1996,1990
1996-05-14,28.4,22.0,24.36,99,72,91.42,38.0,1007.15,10.4,1996,1990
1996-05-15,24.1,22.6,23.22,99,95,98.46,50.2,1007.22,6.9,1996,1990
1996-05-16,26.2,21.7,23.2,99,81,96.79,31.5,1007.2,5.8,1996,1990
1996-05-17,27.1,21.3,23.37,99,78,92.38,15.0,1007.63,8.7,1996,1990
1996-05-18,28.4,20.8,24.21,99,68,86.08,2.0,1007.99,11.8,1996,1990
1996-05-19,28.5,22.7,24.63,95,72,87.58,15.8,1008.34,6.5,1996,1990
1996-05-20,27.2,21.6,24.35,97,79,90.08,7.2,1007.25,6.6,1996,1990
1996-05-21,28.0,21.9,24.44,99,79,91.12,10.5,1006.9,8.7,1996,1990
1996-05-22,28.7,22.4,24.68,99,70,89.79,19.9,1006.95,7.9,1996,1990
1996-05-23,30.2,22.1,24.32,98,64,89.33,18.0,1007.2,6.4,1996,1990
1996-05-24,26.4,21.8,23.82,98,82,92.29,11.3,1007.22,7.3,1996,1990
1996-05-25,27.3,21.5,23.69,99,79,92.92,22.4,1007.32,7.6,1996,1990
1996-05-26,25.6,21.4,23.18,99,85,94.92,12.7,1007.36,6.6,1996,1990
1996-05-27,26.2,20.5,23.09,99,82,93.83,13.1,1007.76,6.9,1996,1990
1996-05-28,27.9,21.0,23.88,99,75,91.67,17.7,1007.57,6.8,1996,1990
1996-05-29,27.3,21.9,23.56,99,78,94.17,27.9,1007.48,6.9,1996,1990
1996-05-30,24.2,21.7,22.87,99,93,98.04,67.7,1007.53,6.0,1996,1990
1996-05-31,27.3,20.5,23.77,99,82,91.17,8.6,1006.97,8.2,1996,1990
1996-06-01,28.2,21.4,23.95,98,74,90.96,22.5,1006.92,8.2,1996,1990
1996-06-02,27.7,20.9,23.92,99,80,91.58,17.5,1006.97,6.8,1996,1990
1996-06-03,26.4,22.1,23.77,99,81,92.46,33.2,1006.82,7.9,1996,1990
1996-06-04,26.6,21.2,23.67,99,79,90.79,12.0,1006.75,7.2,1996,1990
1996-06-05,27.8,21.2,24.21,99,75,89.17,11.1,1006.66,4.9,1996,1990
1996-06-06,28.9,21.7,24.94,97,75,87.42,8.9,1005.9,6.5,1996,1990
1996-06-07,28.4,21.7,24.15,99,71,90.46,17.7,1005.92,6.7,1996,1990
1996-06-08,28.1,21.5,24.54,99,80,90.96,4.2,1006.1,7.7,1996,1990
1996-06-09,29.8,22.4,25.76,95,68,84.92,2.2,1006.14,6.3,1996,1990
1996-06-10,29.1,22.7,25.4,95,69,86.08,7.9,1005.93,6.1,1996,1990
1996-06-11,28.3,22.3,25.11,98,73,88.38,14.3,1005.84,6.4,1996,1990
1996-06-12,27.2,22.0,24.0,99,79,92.83,23.7,1006.55,5.2,1996,1990
1996-06-13,28.4,22.5,25.02,95,73,87.67,11.4,1006.38,5.4,1996,1990
1996-06-14,27.2,22.7,24.61,97,80,90.79,16.9,1005.97,5.2,1996,1990
1996-06-15,27.5,22.2,24.56,99,77,91.17,18.6,1005.04,6.1,1996,1990
1996-06-16,27.6,22.1,23.5,99,79,96.75,52.2,1005.15,9.2,1996,1990
1996-06-17,26.3,22.0,23.85,99,86,94.79,28.7,1005.87,6.1,1996,1990
1996-06-18,27.2,22.0,23.88,99,80,93.42,22.5,1005.7,5.9,1996,1990
1996-06-19,27.5,22.2,24.23,99,79,92.0,18.7,1005.93,7.7,1996,1990
1996-06-20,26.4,22.3,23.65,99,86,95.33,31.3,1006.01,6.6,1996,1990
1996-06-21,28.1,21.6,24.29,99,76,91.83,25.4,1005.95,5.6,1996,1990
1996-06-22,28.7,22.5,24.75,97,72,89.54,13.7,1006.31,6.2,1996,1990
1996-06-23,28.6,22.3,24.8,97,73,89.79,11.5,1006.78,5.8,1996,1990
1996-06-24,27.8,22.0,24.32,99,77,93.29,20.9,1007.14,10.6,1996,1990
1996-06-25,26.5,22.7,24.28,99,85,93.29,14.0,1007.3,6.4,1996,1990
1996-06-26,25.1,22.2,23.43,99,89,96.83,42.6,1007.8,8.0,1996,1990
1996-06-27,25.0,21.7,23.1,99,84,94.42,8.6,1007.24,8.5,1996,1990
1996-06-28,26.0,20.8,22.86,100,81,94.67,20.1,1007.25,10.1,1996,1990
1996-06-29,25.1,21.6,22.98,99,88,96.17,29.8,1007.24,10.0,1996,1990
1996-06-30,22.7,21.3,22.12,100,96,98.71,153.8,1007.79,8.4,1996,1990
1996-07-01,24.6,21.1,22.37,100,87,95.54,49.6,1009.31,9.9,1996,1990
1996-07-02,26.2,20.3,22.85,99,75,92.67,13.3,1009.05,6.6,1996,1990
1996-07-03,27.3,21.0,23.71,99,72,89.96,23.0,1008.15,6.4,1996,1990
1996-07-04,27.9,21.0,24.02,96,71,88.88,15.0,1007.66,5.6,1996,1990
1996-07-05,28.0,21.7,23.85,98,73,90.83,13.1,1008.42,9.4,1996,1990
1996-07-06,28.6,21.5,24.15,96,70,88.12,13.5,1008.45,6.6,1996,1990
1996-07-07,27.8,20.9,24.03,96,72,86.62,8.6,1007.42,6.6,1996,1990
1996-07-08,27.7,20.6,23.65,96,71,89.58,10.7,1006.67,7.1,1996,1990
1996-07-09,27.7,21.4,24.09,99,74,89.12,14.6,1006.49,5.6,1996,1990
1996-07-10,28.1,21.4,24.35,99,74,89.92,10.4,1007.22,5.4,1996,1990
1996-07-11,27.9,21.1,24.22,99,72,89.12,15.0,1007.24,5.0,1996,1990
1996-07-12,26.6,22.0,24.27,94,78,88.62,13.9,1006.59,6.4,1996,1990
1996-07-13,26.7,21.8,24.14,96,78,89.38,11.7,1006.09,8.0,1996,1990
1996-07-14,28.2,21.4,24.44,96,71,86.17,8.5,1006.16,8.1,1996,1990
1996-07-15,27.5,22.0,24.26,96,75,89.5,12.6,1006.38,7.6,1996,1990
1996-07-16,26.9,21.3,23.75,99,76,91.08,15.9,1005.99,6.9,1996,1990
1996-07-17,27.0,21.5,23.96,97,83,92.54,11.4,1005.78,8.7,1996,1990
1996-07-18,28.6,21.7,24.67,96,72,87.46,11.9,1005.62,7.6,1996,1990
1996-07-19,28.0,22.8,25.05,96,73,86.38,9.5,1005.78,7.6,1996,1990
1996-07-20,29.2,22.3,25.2,98,69,86.83,4.0,1005.87,7.5,1996,1990
1996-07-21,28.9,22.6,25.12,95,74,88.25,6.0,1006.52,7.6,1996,1990
1996-07-22,28.2,22.8,24.96,95,76,88.29,9.5,1006.93,8.4,1996,1990
1996-07-23,27.3,22.7,24.75,97,76,88.79,14.0,1007.29,5.9,1996,1990
1996-07-24,27.4,22.1,24.21,100,81,92.75,9.1,1007.22,7.9,1996,1990
1996-07-25,29.1,22.1,24.99,95,67,85.79,4.0,1005.99,6.6,1996,1990
1996-07-26,28.1,21.8,24.48,96,70,87.79,10.2,1005.8,6.0,1996,1990
1996-07-27,26.1,21.4,23.23,99,81,93.92,40.7,1005.03,13.4,1996,1990
1996-07-28,26.2,21.8,23.54,99,80,92.92,45.7,1007.88,13.4,1996,1990
1996-07-29,29.2,20.5,24.5,96,66,84.92,1.6,1007.56,5.9,1996,1990
1996-07-30,29.8,21.6,24.93,94,64,85.42,7.3,1007.22,5.8,1996,1990
1996-07-31,28.4,22.2,24.88,96,80,89.5,7.2,1007.61,6.2,1996,1990
1996-08-01,29.6,21.5,25.25,99,66,86.46,4.6,1006.59,4.7,1996,1990
1996-08-02,28.6,22.1,25.18,95,71,85.38,6.4,1006.5,6.5,1996,1990
1996-08-03,27.2,22.6,24.55,96,76,88.75,17.3,1006.77,5.9,1996,1990
1996-08-04,26.6,21.7,24.13,95,78,88.17,18.4,1006.5,7.0,1996,1990
1996-08-05,27.7,21.9,24.06,99,74,90.88,15.3,1006.12,8.1,1996,1990
1996-08-06,28.4,21.9,24.21,99,71,90.83,12.5,1005.72,8.2,1996,1990
1996-08-07,27.1,21.8,23.77,99,86,94.5,23.4,1005.92,8.4,1996,1990
1996-08-08,26.3,21.2,23.68,99,82,92.29,8.7,1007.64,8.0,1996,1990
1996-08-09,28.3,22.2,24.57,96,71,87.42,10.0,1007.94,6.9,1996,1990
1996-08-10,27.4,21.9,23.97,96,74,89.46,15.4,1007.52,6.6,1996,1990
1996-08-11,28.0,20.8,24.35,98,75,88.38,6.9,1007.2,7.2,1996,1990
1996-08-12,29.7,21.6,25.18,96,71,85.46,4.6,1007.47,5.8,1996,1990
1996-08-13,28.5,21.8,24.46,95,70,85.46,17.0,1007.07,6.4,1996,1990
1996-08-14,27.8,21.6,24.28,96,74,89.75,9.8,1006.65,6.8,1996,1990
1996-08-15,28.1,22.6,24.83,95,70,86.83,7.4,1006.32,7.2,1996,1990
1996-08-16,27.0,21.6,24.06,95,76,88.92,15.7,1006.89,10.5,1996,1990
1996-08-17,27.3,20.8,23.1,99,72,92.96,34.8,1007.46,9.6,1996,1990
1996-08-18,27.4,20.4,23.87,99,72,89.08,1.6,1007.05,8.0,1996,1990
1996-08-19,28.6,22.7,25.02,94,69,84.67,3.6,1006.73,7.7,1996,1990
1996-08-20,27.3,22.1,24.12,96,80,89.92,13.8,1006.07,7.6,1996,1990
1996-08-21,27.4,21.2,23.93,99,78,90.46,13.7,1005.49,5.2,1996,1990
1996-08-22,28.1,21.3,24.33,98,74,88.67,7.5,1005.98,7.6,1996,1990
1996-08-23,28.5,21.5,24.36,96,71,89.75,15.0,1006.88,7.5,1996,1990
1996-08-24,27.3,21.2,23.68,99,78,93.5,26.4,1007.09,6.5,1996,1990
1996-08-25,26.4,21.3,23.35,99,81,94.54,43.6,1006.62,8.4,1996,1990
1996-08-26,25.4,21.5,22.95,99,84,95.38,23.3,1007.35,6.2,1996,1990
1996-08-27,26.3,20.8,23.16,99,82,93.62,27.2,1006.92,5.4,1996,1990
1996-08-28,27.4,21.5,24.2,97,75,88.29,7.0,1006.36,6.9,1996,1990
1996-08-29,29.0,20.4,24.24,96,64,85.62,2.4,1005.88,7.6,1996,1990
1996-08-30,28.3,22.6,24.66,96,67,86.17,8.7,1005.63,5.2,1996,1990
1996-08-31,29.3,21.9,24.7,97,67,86.33,10.9,1005.68,7.9,1996,1990
1996-09-01,28.9,22.1,24.92,96,72,86.88,8.7,1005.32,5.4,1996,1990
1996-09-02,27.9,22.2,24.16,99,80,92.42,30.0,1005.76,7.6,1996,1990
1996-09-03,26.7,20.9,23.75,99,81,91.58,12.4,1006.13,7.1,1996,1990
1996-09-04,27.7,20.6,23.48,99,75,91.88,18.6,1005.29,8.7,1996,1990
1996-09-05,25.6,20.4,23.12,99,82,93.75,5.3,1005.24,5.5,1996,1990
1996-09-06,27.9,21.2,24.15,99,75,89.71,6.1,1005.08,8.2,1996,1990
1996-09-07,29.2,21.2,24.35,99,66,88.29,8.0,1004.35,6.6,1996,1990
1996-09-08,27.6,22.0,24.44,96,78,89.08,7.7,1004.22,8.0,1996,1990
1996-09-09,27.5,21.5,24.39,96,77,90.08,10.7,1004.42,6.2,1996,1990
1996-09-10,28.5,22.6,24.81,95,74,87.96,12.0,1004.87,7.5,1996,1990
1996-09-11,28.1,22.2,24.92,96,76,87.71,5.9,1004.93,6.2,1996,1990
1996-09-12,27.7,22.7,25.23,96,78,87.46,17.8,1004.97,7.4,1996,1990
1996-09-13,27.3,22.9,24.7,97,82,91.38,14.6,1004.62,7.2,1996,1990
1996-09-14,28.3,21.2,24.62,99,78,90.67,8.3,1003.95,8.2,1996,1990
1996-09-15,27.7,21.6,24.21,98,79,91.46,14.0,1004.02,8.1,1996,1990
1996-09-16,26.5,22.1,23.79,99,82,93.29,30.1,1006.15,11.0,1996,1990
1996-09-17,28.0,22.4,24.39,97,79,91.21,12.6,1006.74,6.1,1996,1990
1996-09-18,28.9,21.8,24.48,97,76,90.5,5.0,1006.52,7.2,1996,1990
1996-09-19,27.4,22.5,24.52,99,80,89.83,11.5,1005.48,10.4,1996,1990
1996-09-20,28.3,22.6,24.39,99,76,92.33,9.7,1005.55,9.5,1996,1990
1996-09-21,27.2,22.3,24.23,98,83,91.83,22.1,1006.2,6.9,1996,1990
1996-09-22,29.2,20.9,24.39,99,70,89.42,12.9,1006.67,6.4,1996,1990
1996-09-23,28.3,21.6,24.6,95,75,88.71,9.0,1006.61,6.9,1996,1990
1996-09-24,27.6,22.5,24.12,99,77,91.04,23.9,1006.12,5.8,1996,1990
1996-09-25,28.5,20.6,24.04,99,75,88.83,7.5,1005.18,10.3,1996,1990
1996-09-26,26.5,22.1,23.83,99,81,92.04,8.1,1005.84,7.6,1996,1990
1996-09-27,28.5,22.2,24.53,96,73,88.46,6.8,1006.59,8.4,1996,1990
1996-09-28,27.1,22.5,24.3,95,80,90.62,13.0,1006.15,7.2,1996,1990
1996-09-29,26.8,22.3,24.05,99,81,91.58,18.2,1005.98,7.4,1996,1990
1996-09-30,26.1,21.8,23.46,99,83,92.5,16.1,1007.34,8.9,1996,1990
1996-10-01,28.6,21.7,24.06,99,73,90.46,7.7,1007.53,9.1,1996,1990
1996-10-02,28.1,21.6,23.86,99,74,91.25,14.1,1006.54,6.5,1996,1990
1996-10-03,27.4,20.5,23.36,99,76,92.67,11.9,1005.76,6.5,1996,1990
1996-10-04,26.0,20.6,23.1,100,85,93.38,16.7,1006.2,9.4,1996,1990
1996-10-05,27.4,21.1,23.64,98,84,92.04,7.8,1005.83,6.8,1996,1990
1996-10-06,26.9,21.3,23.84,99,79,92.21,20.5,1005.72,9.3,1996,1990
1996-10-07,27.6,21.7,23.84,98,73,90.33,7.7,1005.19,9.8,1996,1990
1996-10-08,26.1,22.0,23.73,96,80,91.08,14.4,1006.0,9.4,1996,1990
1996-10-09,27.3,21.8,23.8,99,80,92.67,21.0,1007.07,6.4,1996,1990
1996-10-10,27.5,21.1,23.66,99,80,92.58,19.1,1006.45,7.6,1996,1990
1996-10-11,28.4,21.2,22.9,99,72,96.62,26.8,1005.34,6.6,1996,1990
1996-10-12,24.5,21.4,22.37,99,88,98.04,76.4,1005.23,8.7,1996,1990
1996-10-13,24.7,21.7,22.38,99,88,98.08,61.8,1006.0,10.6,1996,1990
1996-10-14,24.2,21.5,22.4,99,91,98.29,49.2,1005.98,14.8,1996,1990
1996-10-15,25.8,21.3,23.1,99,82,92.83,9.5,1006.95,12.3,1996,1990
1996-10-16,26.8,21.0,23.66,96,74,88.12,2.6,1006.84,13.5,1996,1990
1996-10-17,26.7,22.2,23.88,96,78,88.42,7.4,1007.0,10.8,1996,1990
1996-10-18,26.7,22.7,23.98,94,78,88.92,11.9,1007.05,10.5,1996,1990
1996-10-19,25.8,21.9,23.38,96,84,91.33,19.3,1006.85,8.0,1996,1990
1996-10-20,27.8,20.6,23.54,99,74,91.08,16.3,1006.31,6.6,1996,1990
1996-10-21,28.5,20.8,23.98,99,71,90.67,13.1,1005.9,5.4,1996,1990
1996-10-22,28.0,20.3,23.79,99,74,89.79,6.1,1005.25,7.4,1996,1990
1996-10-23,28.6,21.1,24.25,97,69,86.75,8.8,1005.32,6.8,1996,1990
1996-10-24,28.5,21.2,24.16,97,70,87.88,5.5,1005.3,7.2,1996,1990
1996-10-25,28.7,21.4,24.65,97,72,86.88,1.5,1005.21,7.3,1996,1990
1996-10-26,29.4,22.2,24.95,96,66,85.79,6.7,1005.6,5.8,1996,1990
1996-10-27,28.8,22.0,24.6,94,67,85.12,5.4,1005.97,6.2,1996,1990
1996-10-28,28.8,22.4,24.52,94,68,86.29,11.7,1005.26,5.7,1996,1990
1996-10-29,28.4,22.0,24.82,95,69,85.5,5.2,1004.26,6.5,1996,1990
1996-10-30,27.6,22.6,24.5,95,75,88.96,7.9,1004.45,7.8,1996,1990
1996-10-31,27.8,21.8,24.35,95,70,87.29,8.2,1004.65,6.9,1996,1990
1996-11-01,28.0,22.1,24.33,96,71,87.67,6.6,1003.92,9.5,1996,1990
1996-11-02,26.5,21.9,23.94,99,79,92.42,12.3,1003.57,8.9,1996,1990
1996-11-03,26.8,21.3,23.6,99,85,94.08,24.7,1003.73,6.8,1996,1990
1996-11-04,28.2,21.3,23.9,99,70,91.5,17.5,1003.52,7.7,1996,1990
1996-11-05,26.9,21.0,23.59,99,79,93.25,9.2,1003.55,5.8,1996,1990
1996-11-06,29.4,21.7,24.4,99,66,88.58,5.8,1003.46,6.5,1996,1990
1996-11-07,27.7,22.4,24.6,94,73,86.25,6.9,1003.25,6.3,1996,1990
1996-11-08,28.2,22.2,24.38,95,69,85.88,12.4,1003.35,5.8,1996,1990
1996-11-09,29.1,21.5,24.33,95,61,83.17,10.0,1003.05,6.5,1996,1990
1996-11-10,28.7,20.8,23.81,95,63,84.21,10.3,1003.4,8.0,1996,1990
1996-11-11,30.0,20.9,24.23,94,58,82.33,4.9,1004.94,7.8,1996,1990
1996-11-12,29.8,20.7,24.4,94,61,83.17,4.5,1005.59,8.3,1996,1990
1996-11-13,28.9,21.9,24.6,99,69,86.92,46.5,1005.48,11.7,1996,1990
1996-11-14,25.7,21.7,23.17,99,85,95.75,103.7,1005.16,11.3,1996,1990
1996-11-15,26.2,21.7,23.38,99,81,93.17,11.9,1005.54,9.4,1996,1990
1996-11-16,26.5,21.4,23.45,96,81,89.92,3.2,1006.43,12.2,1996,1990
1996-11-17,26.6,21.2,23.3,96,82,91.38,9.4,1007.11,12.4,1996,1990
1996-11-18,26.8,21.0,23.36,95,77,89.21,5.7,1005.71,14.7,1996,1990
1996-11-19,24.7,21.3,22.76,99,83,91.71,29.0,1005.46,17.1,1996,1990
1996-11-20,25.0,21.1,22.59,98,74,88.71,14.0,1007.08,11.1,1996,1990
1996-11-21,25.6,20.4,22.62,98,71,85.54,2.8,1008.05,11.4,1996,1990
1996-11-22,26.5,20.9,22.98,94,70,85.42,1.1,1008.23,9.7,1996,1990
1996-11-23,26.3,21.4,23.23,95,73,86.62,5.6,1006.85,8.1,1996,1990
1996-11-24,27.6,19.8,23.44,95,66,85.42,1.8,1006.24,7.7,1996,1990
1996-11-25,28.9,20.9,24.38,95,64,83.62,0.9,1005.42,5.8,1996,1990
1996-11-26,26.8,21.6,24.05,95,76,87.62,11.2,1005.04,5.8,1996,1990
1996-11-27,27.7,21.8,24.12,98,74,89.92,11.3,1005.35,5.8,1996,1990
1996-11-28,26.1,21.4,23.38,98,78,89.92,10.8,1005.58,8.4,1996,1990
1996-11-29,24.6,20.8,22.61,99,95,98.17,18.4,1005.55,5.7,1996,1990
1996-11-30,27.1,19.9,23.14,99,70,89.0,2.7,1005.23,8.5,1996,1990
1996-12-01,27.9,22.0,24.44,94,71,86.25,3.7,1004.77,4.7,1996,1990
1996-12-02,27.8,21.9,24.12,95,71,87.0,13.4,1004.4,6.8,1996,1990
1996-12-03,28.2,21.4,24.05,96,67,86.29,2.5,1004.85,6.7,1996,1990
1996-12-04,28.2,19.8,23.37,95,61,80.83,8.6,1006.55,9.2,1996,1990
1996-12-05,27.3,20.1,23.45,95,68,84.5,2.9,1007.56,7.6,1996,1990
1996-12-06,28.8,19.1,23.55,95,58,81.62,1.6,1006.1,8.5,1996,1990
1996-12-07,28.7,20.6,24.04,92,60,78.92,1.8,1004.66,8.1,1996,1990
1996-12-08,28.3,21.8,24.38,90,64,79.04,3.3,1005.67,7.2,1996,1990
1996-12-09,28.7,20.9,24.01,92,61,80.38,3.3,1006.53,8.0,1996,1990
1996-12-10,28.9,20.9,24.46,90,59,77.71,1.1,1006.22,7.2,1996,1990
1996-12-11,28.4,21.3,24.48,90,62,79.08,1.9,1005.39,6.5,1996,1990
1996-12-12,27.9,21.3,23.98,94,68,83.42,11.9,1005.55,7.2,1996,1990
1996-12-13,28.4,20.9,24.12,92,66,82.17,6.6,1005.21,6.9,1996,1990
1996-12-14,29.3,21.1,24.42,93,60,82.46,2.9,1004.45,7.6,1996,1990
1996-12-15,28.5,22.3,24.66,93,66,84.04,3.4,1004.76,5.8,1996,1990
1996-12-16,28.7,22.5,24.64,93,69,85.0,5.4,1003.4,5.8,1996,1990
1996-12-17,28.7,22.0,24.63,94,69,85.54,4.7,1002.82,5.9,1996,1990
1996-12-18,28.4,21.8,24.56,96,69,85.33,6.6,1004.09,6.8,1996,1990
1996-12-19,29.6,20.7,24.61,99,64,85.62,6.3,1005.47,7.9,1996,1990
1996-12-20,29.0,21.9,25.29,94,64,78.12,0.8,1004.58,9.4,1996,1990
1996-12-21,29.6,23.3,25.89,82,60,71.0,0.4,1004.07,10.0,1996,1990
1996-12-22,29.9,23.1,25.56,73,50,64.25,0.0,1003.91,12.1,1996,1990
1996-12-23,29.5,20.4,24.97,77,56,66.88,0.4,1004.5,11.2,1996,1990
1996-12-24,30.2,21.7,25.41,81,53,70.58,0.4,1004.49,9.6,1996,1990
1996-12-25,30.4,21.2,25.39,85,51,71.92,0.4,1004.12,10.0,1996,1990
1996-12-26,30.3,21.6,25.45,87,56,75.08,1.7,1004.51,7.6,1996,1990
1996-12-27,30.4,22.8,25.88,87,53,72.33,1.6,1005.3,7.0,1996,1990
1996-12-28,30.2,19.8,24.78,85,48,70.58,0.5,1005.82,9.7,1996,1990
1996-12-29,29.9,19.6,24.2,84,46,71.29,0.3,1005.8,9.3,1996,1990
1996-12-30,30.2,19.8,24.4,84,48,68.12,0.8,1006.42,9.1,1996,1990
1996-12-31,30.3,20.4,24.65,84,48,69.21,1.7,1005.69,10.1,1996,1990
1997-01-01,29.3,19.7,23.91,89,53,75.29,2.0,1006.5,9.0,1997,1990
1997-01-02,29.5,20.2,24.09,91,51,74.17,1.6,1006.98,8.1,1997,1990
1997-01-03,29.8,19.8,24.18,92,52,75.62,1.1,1007.23,6.9,1997,1990
1997-01-04,29.9,20.9,24.7,88,49,72.96,1.1,1006.65,7.3,1997,1990
1997-01-05,30.2,20.4,24.56,91,48,71.79,1.1,1006.1,8.6,1997,1990
1997-01-06,29.5,20.2,24.27,91,53,76.58,3.3,1006.54,8.7,1997,1990
1997-01-07,29.7,21.0,24.38,94,57,79.67,1.8,1006.96,7.7,1997,1990
1997-01-08,28.9,21.5,24.39,94,58,79.08,2.6,1007.01,6.9,1997,1990
1997-01-09,30.0,19.8,24.53,91,52,76.17,1.2,1006.41,9.4,1997,1990
1997-01-10,29.9,20.8,24.74,92,50,75.25,1.4,1006.28,10.2,1997,1990
1997-01-11,29.0,21.0,24.22,96,57,80.33,3.1,1006.81,11.5,1997,1990
1997-01-12,27.7,21.0,23.52,98,64,86.54,6.0,1007.77,7.6,1997,1990
1997-01-13,27.0,20.4,23.73,99,70,86.71,3.3,1007.71,5.4,1997,1990
1997-01-14,30.4,20.3,24.67,93,48,75.33,3.2,1006.73,8.2,1997,1990
1997-01-15,29.8,20.5,24.5,90,51,71.67,1.3,1007.0,8.1,1997,1990
1997-01-16,29.9,19.9,24.15,92,51,74.38,2.1,1007.75,8.4,1997,1990
1997-01-17,30.5,20.4,24.68,90,45,68.0,0.4,1007.95,9.4,1997,1990
1997-01-18,31.1,20.0,25.04,84,39,65.46,0.5,1008.15,8.8,1997,1990
1997-01-19,30.0,19.6,24.68,84,48,66.54,0.6,1007.51,9.4,1997,1990
1997-01-20,30.0,21.5,25.35,81,50,65.62,5.4,1007.96,9.5,1997,1990
1997-01-21,30.9,20.1,25.25,83,44,64.62,1.4,1007.58,8.4,1997,1990
1997-01-22,31.4,21.2,25.71,80,44,64.0,0.8,1007.3,8.1,1997,1990
1997-01-23,31.3,21.2,25.75,84,40,65.17,1.5,1007.22,7.3,1997,1990
1997-01-24,31.2,20.2,25.11,86,41,66.04,0.6,1006.84,8.8,1997,1990
1997-01-25,31.8,20.8,25.72,85,42,65.42,1.5,1006.4,8.2,1997,1990
1997-01-26,31.4,21.5,25.72,77,39,63.29,0.3,1006.68,8.7,1997,1990
1997-01-27,32.0,21.1,25.73,78,39,63.0,0.7,1006.3,8.3,1997,1990
1997-01-28,31.4,21.4,25.62,82,43,66.92,3.0,1005.5,7.3,1997,1990
1997-01-29,31.7,20.9,25.86,83,43,66.54,2.0,1005.92,8.8,1997,1990
1997-01-30,31.9,21.2,26.13,78,39,60.79,0.5,1006.75,8.9,1997,1990
1997-01-31,30.9,21.4,25.49,77,46,63.33,4.1,1007.37,8.2,1997,1990
1997-02-01,31.8,21.4,26.07,74,36,58.67,0.5,1006.62,8.7,1997,1990
1997-02-02,31.8,21.0,25.98,75,39,58.83,0.3,1005.15,9.6,1997,1990
1997-02-03,31.8,21.1,25.95,77,39,60.67,0.3,1004.7,8.8,1997,1990
1997-02-04,32.3,20.6,25.94,77,39,61.46,0.5,1005.35,9.5,1997,1990
1997-02-05,31.8,20.4,26.0,82,41,63.42,1.9,1005.79,8.8,1997,1990
1997-02-06,30.8,22.9,26.08,77,47,65.0,6.9,1005.38,6.9,1997,1990
1997-02-07,31.1,21.9,25.78,83,45,66.0,4.4,1005.56,7.6,1997,1990
1997-02-08,31.8,21.6,26.13,83,41,62.33,3.7,1005.46,8.4,1997,1990
1997-02-09,31.4,21.6,26.41,79,45,60.75,1.1,1005.66,8.4,1997,1990
1997-02-10,31.6,23.0,26.62,77,43,61.29,4.9,1005.64,8.2,1997,1990
1997-02-11,30.7,23.1,26.26,76,46,60.21,1.3,1006.19,7.6,1997,1990
1997-02-12,31.4,22.7,26.56,76,45,60.54,7.0,1005.42,6.9,1997,1990
1997-02-13,31.7,22.8,27.0,79,50,63.96,4.1,1003.99,7.1,1997,1990
1997-02-14,32.8,24.2,27.81,76,44,62.21,0.6,1002.73,7.5,1997,1990
1997-02-15,32.7,23.8,27.61,80,44,62.0,4.1,1003.42,8.0,1997,1990
1997-02-16,31.4,24.8,26.96,71,45,60.21,4.5,1004.72,9.0,1997,1990
1997-02-17,31.6,23.3,26.57,72,34,53.62,0.0,1006.08,9.7,1997,1990
1997-02-18,32.3,22.6,26.55,69,39,55.58,0.0,1005.08,11.7,1997,1990
1997-02-19,32.4,23.7,27.2,68,41,56.21,0.0,1003.34,10.3,1997,1990
1997-02-20,33.1,23.3,27.37,69,40,57.29,0.4,1003.22,9.6,1997,1990
1997-02-21,32.8,23.6,27.62,76,43,61.33,0.2,1003.23,9.0,1997,1990
1997-02-22,33.3,23.6,28.04,75,40,58.38,0.4,1003.67,9.4,1997,1990
1997-02-23,33.1,24.5,27.83,72,41,58.92,0.0,1003.95,12.8,1997,1990
1997-02-24,33.1,25.0,27.98,67,41,57.46,0.0,1003.57,13.5,1997,1990
1997-02-25,33.0,24.7,28.04,70,40,57.29,0.0,1002.73,11.0,1997,1990
1997-02-26,33.3,24.2,28.06,72,41,58.75,0.8,1002.91,8.0,1997,1990
1997-02-27,34.0,24.3,28.51,77,42,60.92,2.3,1003.46,6.9,1997,1990
1997-02-28,33.6,25.2,28.58,74,44,61.54,0.4,1003.63,7.0,1997,1990
1997-03-01,33.2,25.0,28.25,76,45,61.75,1.7,1003.72,6.9,1997,1990
1997-03-02,33.7,24.3,28.28,75,41,59.88,1.1,1003.6,8.6,1997,1990
1997-03-03,33.6,24.5,28.15,71,35,54.42,0.2,1003.12,11.8,1997,1990
1997-03-04,33.3,22.9,27.0,66,34,53.5,0.0,1002.77,15.0,1997,1990
1997-03-05,33.3,23.0,27.15,64,36,52.75,0.0,1003.32,14.0,1997,1990
1997-03-06,33.5,23.1,27.2,65,37,55.33,0.0,1002.38,16.6,1997,1990
1997-03-07,32.6,24.4,27.34,67,36,54.71,0.0,1002.0,21.6,1997,1990
1997-03-08,32.9,24.4,27.43,64,37,54.17,0.0,1002.28,22.3,1997,1990
1997-03-09,32.9,24.5,27.43,64,37,53.75,0.0,1002.5,19.1,1997,1990
1997-03-10,32.8,23.6,27.16,60,37,51.42,0.0,1002.21,17.1,1997,1990
1997-03-11,33.9,24.3,28.02,64,38,53.88,0.0,1002.34,14.8,1997,1990
1997-03-12,34.0,24.3,28.33,68,37,54.46,0.0,1003.18,13.9,1997,1990
1997-03-13,34.4,23.4,28.4,73,34,56.25,0.0,1004.96,9.4,1997,1990
1997-03-14,35.2,22.8,28.44,74,35,58.04,0.1,1004.57,9.3,1997,1990
1997-03-15,35.0,23.7,28.67,73,34,54.5,0.1,1004.75,9.6,1997,1990
1997-03-16,33.9,23.8,27.74,68,30,52.58,0.0,1005.07,13.0,1997,1990
1997-03-17,34.1,23.0,27.5,66,29,51.0,0.0,1005.38,13.0,1997,1990
1997-03-18,34.1,22.5,27.51,66,26,49.12,0.0,1006.1,11.4,1997,1990
1997-03-19,34.1,21.5,27.2,67,32,52.79,1.3,1006.47,9.9,1997,1990
1997-03-20,32.5,22.3,26.61,83,43,65.12,2.5,1007.04,8.4,1997,1990
1997-03-21,31.8,22.5,26.61,87,46,68.88,3.4,1007.45,8.0,1997,1990
1997-03-22,30.8,23.1,26.23,89,49,73.79,9.9,1008.15,6.1,1997,1990
1997-03-23,31.9,23.0,26.99,92,41,69.58,4.0,1008.0,8.4,1997,1990
1997-03-24,32.9,23.2,27.18,85,33,61.12,0.2,1007.08,7.3,1997,1990
1997-03-25,33.4,21.2,27.06,78,26,52.83,0.0,1007.41,10.5,1997,1990
1997-03-26,33.5,21.0,26.88,74,31,53.33,0.0,1008.15,10.2,1997,1990
1997-03-27,34.0,21.3,27.17,73,31,55.46,0.0,1007.86,9.7,1997,1990
1997-03-28,33.6,22.3,27.41,75,33,56.5,0.2,1006.82,9.4,1997,1990
1997-03-29,34.2,22.0,27.48,77,32,57.33,0.0,1006.53,8.7,1997,1990
1997-03-30,34.6,22.0,27.55,78,26,56.21,0.1,1006.81,9.4,1997,1990
1997-03-31,34.2,21.6,27.56,77,31,55.25,0.1,1006.78,9.0,1997,1990
1997-04-01,34.0,22.5,27.98,74,28,51.17,0.0,1006.26,8.9,1997,1990
1997-04-02,34.2,22.4,27.71,67,26,47.42,0.0,1006.11,11.4,1997,1990
1997-04-03,34.4,21.8,27.48,70,26,49.17,0.0,1005.73,10.8,1997,1990
1997-04-04,34.3,22.1,27.67,74,31,54.42,0.0,1005.7,10.7,1997,1990
1997-04-05,34.7,21.7,27.79,74,31,55.67,0.0,1005.36,10.0,1997,1990
1997-04-06,34.5,22.7,28.15,71,33,54.62,0.0,1005.22,9.6,1997,1990
1997-04-07,34.6,23.4,28.4,73,33,55.58,0.0,1004.63,9.2,1997,1990
1997-04-08,34.3,23.3,28.07,72,32,56.04,0.5,1004.23,9.3,1997,1990
1997-04-09,33.7,22.5,27.77,75,37,56.88,0.1,1003.85,9.6,1997,1990
1997-04-10,34.1,23.2,28.14,71,34,54.67,0.1,1004.48,9.2,1997,1990
1997-04-11,34.3,23.4,28.2,69,36,55.75,0.0,1004.62,9.9,1997,1990
1997-04-12,34.8,24.3,28.73,74,34,58.54,1.7,1003.85,8.4,1997,1990
1997-04-13,34.7,23.6,28.42,79,36,61.04,1.3,1003.65,8.4,1997,1990
1997-04-14,34.2,24.0,28.18,82,43,67.5,1.9,1004.7,6.7,1997,1990
1997-04-15,34.0,24.3,28.43,88,40,65.67,1.6,1005.04,6.2,1997,1990
1997-04-16,34.7,24.1,28.75,71,32,53.0,0.0,1004.19,9.4,1997,1990
1997-04-17,34.6,24.1,28.52,70,34,55.42,0.3,1003.79,9.3,1997,1990
1997-04-18,34.0,24.0,28.38,72,34,57.42,0.7,1004.9,8.7,1997,1990
1997-04-19,33.8,23.1,27.38,82,31,62.67,2.3,1006.4,11.7,1997,1990
1997-04-20,31.5,22.9,26.55,87,47,72.25,3.3,1007.17,9.1,1997,1990
1997-04-21,32.0,23.6,26.23,92,49,76.58,16.0,1007.48,7.9,1997,1990
1997-04-22,28.7,22.2,24.82,96,67,84.29,7.3,1007.3,9.7,1997,1990
1997-04-23,27.1,22.5,24.31,96,73,86.67,3.0,1006.39,9.0,1997,1990
1997-04-24,29.3,22.7,25.23,95,65,83.29,7.0,1005.84,10.7,1997,1990
1997-04-25,29.9,21.5,25.65,95,60,80.0,0.7,1006.3,10.5,1997,1990
1997-04-26,29.5,22.4,25.26,95,64,84.29,4.3,1007.04,12.1,1997,1990
1997-04-27,26.6,22.7,24.24,99,78,91.71,11.0,1007.12,8.2,1997,1990
1997-04-28,29.3,22.1,25.02,98,68,87.25,11.7,1006.97,7.2,1997,1990
1997-04-29,31.0,21.8,26.17,96,58,80.12,1.1,1006.0,7.8,1997,1990
1997-04-30,31.5,22.0,26.41,94,52,75.58,4.0,1005.03,7.6,1997,1990
1997-05-01,32.9,21.9,26.89,91,42,69.46,0.2,1003.7,8.9,1997,1990
1997-05-02,32.8,23.4,27.33,88,51,71.54,5.1,1003.93,7.7,1997,1990
1997-05-03,32.6,24.2,26.86,89,51,75.88,7.4,1005.19,6.8,1997,1990
1997-05-04,30.1,23.5,26.36,91,63,78.96,6.9,1005.21,7.6,1997,1990
1997-05-05,31.9,23.5,27.0,91,48,68.42,0.0,1004.36,10.7,1997,1990
1997-05-06,32.1,22.3,26.97,72,45,60.04,0.9,1004.29,10.0,1997,1990
1997-05-07,32.5,23.9,27.52,69,44,59.29,0.0,1004.42,10.6,1997,1990
1997-05-08,32.8,24.5,28.18,71,45,60.12,1.3,1004.48,9.7,1997,1990
1997-05-09,31.2,24.7,27.51,86,53,67.29,8.2,1005.66,6.1,1997,1990
1997-05-10,30.8,23.7,26.11,99,58,79.46,12.8,1007.11,5.7,1997,1990
1997-05-11,29.4,23.2,25.12,99,68,89.17,22.8,1006.99,7.5,1997,1990
1997-05-12,29.9,22.7,25.18,97,65,86.5,12.7,1005.81,8.4,1997,1990
1997-05-13,29.8,22.4,25.21,95,66,86.54,15.9,1005.9,6.2,1997,1990
1997-05-14,29.6,22.9,25.12,94,69,86.75,14.5,1005.83,7.0,1997,1990
1997-05-15,31.1,22.5,25.95,95,62,82.62,3.1,1003.81,6.8,1997,1990
1997-05-16,31.7,22.7,26.72,92,52,73.96,1.8,1003.61,7.3,1997,1990
1997-05-17,32.0,22.6,26.61,89,52,73.67,1.9,1003.27,7.7,1997,1990
1997-05-18,31.8,23.3,26.83,89,54,73.12,1.8,1002.93,7.8,1997,1990
1997-05-19,32.1,23.4,27.46,84,51,69.58,1.0,1002.73,8.0,1997,1990
1997-05-20,33.4,23.5,27.78,82,47,67.33,1.1,1002.55,9.0,1997,1990
1997-05-21,32.1,24.7,27.1,86,50,71.62,4.7,1003.5,8.0,1997,1990
1997-05-22,31.3,24.2,26.29,89,57,78.38,12.6,1004.42,5.9,1997,1990
1997-05-23,31.8,23.7,27.0,90,56,77.08,4.0,1004.48,9.0,1997,1990
1997-05-24,31.7,24.6,27.51,85,53,72.67,1.9,1004.53,6.6,1997,1990
1997-05-25,30.9,23.8,27.05,89,55,72.46,4.1,1004.75,7.7,1997,1990
1997-05-26,30.9,23.8,25.92,93,57,82.08,16.9,1005.26,7.1,1997,1990
1997-05-27,29.0,23.2,25.39,95,74,87.12,6.1,1004.53,7.2,1997,1990
1997-05-28,29.9,23.3,25.42,99,69,87.17,17.0,1004.48,6.8,1997,1990
1997-05-29,29.9,22.7,25.35,99,69,86.58,6.8,1005.09,7.8,1997,1990
1997-05-30,29.3,23.1,24.92,99,65,89.04,28.8,1006.28,6.8,1997,1990
1997-05-31,27.4,22.3,24.78,99,78,90.92,8.1,1006.51,6.6,1997,1990
1997-06-01,29.3,23.4,25.44,97,71,86.88,9.5,1005.38,10.5,1997,1990
1997-06-02,29.7,22.7,25.3,96,69,87.54,14.5,1004.53,6.9,1997,1990
1997-06-03,29.6,22.9,25.55,96,68,86.58,10.4,1004.43,7.1,1997,1990
1997-06-04,27.1,22.8,24.42,99,78,92.67,24.6,1004.56,7.6,1997,1990
1997-06-05,28.2,22.8,24.55,99,76,91.38,9.8,1004.44,9.2,1997,1990
1997-06-06,27.5,21.6,23.87,99,76,93.29,14.1,1004.8,11.9,1997,1990
1997-06-07,27.3,22.3,24.37,99,74,91.25,4.2,1005.83,8.4,1997,1990
1997-06-08,29.2,22.2,25.28,94,61,80.46,0.0,1005.83,8.2,1997,1990
1997-06-09,30.1,23.3,25.81,94,66,84.12,7.9,1006.33,7.0,1997,1990
1997-06-10,30.2,22.6,25.65,94,64,83.29,3.1,1006.77,7.0,1997,1990
1997-06-11,29.9,22.5,25.89,94,65,83.12,3.1,1006.32,6.1,1997,1990
1997-06-12,28.6,22.8,25.18,96,71,87.46,6.0,1006.18,8.7,1997,1990
1997-06-13,27.0,21.6,24.53,99,84,91.54,10.8,1006.5,5.5,1997,1990
1997-06-14,29.0,22.3,24.75,99,72,90.08,18.7,1006.33,6.3,1997,1990
1997-06-15,28.7,22.6,24.7,98,72,89.58,11.5,1005.92,8.3,1997,1990
1997-06-16,29.9,22.3,25.33,95,65,85.08,7.5,1004.48,6.9,1997,1990
1997-06-17,28.2,22.9,25.14,95,71,87.46,10.3,1004.66,7.0,1997,1990
1997-06-18,28.0,22.6,24.65,99,73,90.5,15.0,1006.4,4.9,1997,1990
1997-06-19,30.1,22.2,25.02,99,64,87.12,7.8,1006.35,8.7,1997,1990
1997-06-20,28.5,22.0,24.82,94,70,85.71,13.6,1005.47,6.5,1997,1990
1997-06-21,26.9,22.9,24.38,98,80,90.62,18.7,1005.21,8.4,1997,1990
1997-06-22,30.7,22.4,25.74,98,61,82.88,2.7,1004.21,8.4,1997,1990
1997-06-23,30.5,23.4,26.05,92,64,81.29,4.5,1003.79,6.9,1997,1990
1997-06-24,29.9,23.0,25.29,93,64,85.04,16.5,1003.62,6.8,1997,1990
1997-06-25,28.3,21.8,24.28,100,74,91.88,21.8,1004.45,6.5,1997,1990
1997-06-26,27.7,22.1,24.64,99,84,91.71,9.6,1006.18,7.3,1997,1990
1997-06-27,29.5,21.1,24.69,99,67,88.79,12.9,1005.8,6.0,1997,1990
1997-06-28,28.1,22.9,24.77,94,72,86.92,8.2,1004.55,7.0,1997,1990
1997-06-29,27.3,22.2,24.27,97,83,91.67,11.8,1004.61,6.1,1997,1990
1997-06-30,28.6,21.7,24.61,96,75,89.67,10.6,1005.18,7.6,1997,1990
1997-07-01,29.0,22.3,24.9,96,73,89.08,24.7,1004.6,9.0,1997,1990
1997-07-02,28.9,22.1,24.96,99,72,89.0,8.9,1004.69,6.7,1997,1990
1997-07-03,29.8,23.0,25.63,94,69,85.38,5.5,1004.64,7.4,1997,1990
1997-07-04,30.6,22.6,25.83,95,63,81.83,4.8,1004.01,7.2,1997,1990
1997-07-05,31.1,22.9,26.61,92,58,77.5,0.3,1003.2,7.6,1997,1990
1997-07-06,31.8,23.1,26.93,87,55,74.08,2.0,1002.86,8.0,1997,1990
1997-07-07,30.3,23.6,26.42,91,62,79.92,4.0,1003.05,8.5,1997,1990
1997-07-08,29.2,23.3,25.68,93,69,83.29,19.5,1003.39,6.9,1997,1990
1997-07-09,27.4,23.4,24.98,93,76,87.17,5.5,1004.5,5.9,1997,1990
1997-07-10,28.4,22.1,25.1,94,70,85.33,2.1,1005.26,10.0,1997,1990
1997-07-11,29.9,22.8,25.86,94,69,84.62,7.0,1005.38,7.0,1997,1990
1997-07-12,31.6,23.1,26.62,94,60,79.79,1.3,1003.9,7.9,1997,1990
1997-07-13,29.6,23.7,25.9,94,68,84.5,8.3,1003.55,6.1,1997,1990
1997-07-14,29.2,23.2,25.31,94,70,87.33,10.6,1004.27,5.8,1997,1990
1997-07-15,28.7,22.8,25.18,99,73,87.83,20.2,1005.7,6.2,1997,1990
1997-07-16,29.3,21.9,24.8,99,70,89.62,7.5,1006.48,5.6,1997,1990
1997-07-17,29.5,23.0,25.29,94,69,86.5,5.5,1004.96,8.7,1997,1990
1997-07-18,30.2,22.3,25.95,94,66,82.0,3.4,1003.87,8.4,1997,1990
1997-07-19,29.9,23.1,26.28,92,64,80.42,5.1,1004.81,7.2,1997,1990
1997-07-20,31.1,23.2,26.5,93,61,79.58,2.8,1005.18,7.8,1997,1990
1997-07-21,31.4,23.3,26.71,91,57,77.96,0.6,1004.66,8.5,1997,1990
1997-07-22,31.9,23.6,27.04,92,55,78.5,1.7,1003.52,7.3,1997,1990
1997-07-23,32.3,24.2,27.5,89,58,77.67,1.0,1001.87,6.6,1997,1990
1997-07-24,32.5,23.8,27.57,88,57,76.46,2.0,1002.01,8.5,1997,1990
1997-07-25,31.3,23.8,26.39,93,62,81.5,9.1,1002.78,8.8,1997,1990
1997-07-26,31.2,23.4,26.31,94,62,82.67,6.9,1003.14,8.0,1997,1990
1997-07-27,30.1,23.5,25.89,96,66,84.92,9.2,1004.3,6.5,1997,1990
1997-07-28,26.2,22.9,24.29,99,84,95.0,24.7,1006.83,6.3,1997,1990
1997-07-29,29.1,22.8,25.31,98,69,86.17,3.5,1008.15,7.5,1997,1990
1997-07-30,30.1,22.2,25.81,96,67,84.79,6.2,1007.57,5.8,1997,1990
1997-07-31,30.6,22.8,26.04,94,61,81.0,2.9,1007.2,7.6,1997,1990
1997-08-01,30.2,23.2,25.91,93,65,83.46,5.9,1006.3,7.0,1997,1990
1997-08-02,29.4,23.8,25.91,95,72,85.46,6.3,1006.35,6.5,1997,1990
1997-08-03,31.0,22.7,26.29,94,64,83.96,5.0,1005.05,9.5,1997,1990
1997-08-04,30.1,22.9,26.37,93,65,80.25,2.4,1003.7,6.9,1997,1990
1997-08-05,30.6,23.7,26.6,89,64,78.21,3.0,1003.85,6.5,1997,1990
1997-08-06,31.8,23.2,26.78,89,57,78.21,1.9,1004.35,7.6,1997,1990
1997-08-07,31.5,23.7,26.38,92,59,81.5,7.8,1004.23,6.2,1997,1990
1997-08-08,29.3,23.2,25.42,94,66,85.29,10.4,1005.46,6.6,1997,1990
1997-08-09,29.0,23.2,25.88,93,66,82.29,5.6,1006.43,6.5,1997,1990
1997-08-10,29.9,22.6,25.45,93,65,83.83,4.4,1006.34,7.3,1997,1990
1997-08-11,30.3,22.3,25.03,99,63,85.33,16.7,1006.67,6.1,1997,1990
1997-08-12,30.5,21.1,25.4,98,63,84.29,7.0,1005.9,8.0,1997,1990
1997-08-13,30.7,23.0,25.51,93,58,79.88,12.9,1006.14,8.5,1997,1990
1997-08-14,29.1,23.1,25.06,94,69,85.33,10.9,1006.04,8.0,1997,1990
1997-08-15,30.1,22.4,25.85,96,65,84.12,3.1,1005.53,7.3,1997,1990
1997-08-16,31.7,23.4,26.8,93,55,77.83,0.5,1005.25,6.6,1997,1990
1997-08-17,30.9,22.1,25.86,92,59,75.29,7.7,1004.85,9.5,1997,1990
1997-08-18,29.6,23.1,25.62,92,64,82.62,5.4,1004.81,5.8,1997,1990
1997-08-19,29.2,23.1,25.24,98,66,85.38,23.6,1005.35,10.1,1997,1990
1997-08-20,29.8,23.0,25.76,93,69,84.71,4.0,1005.39,8.1,1997,1990
1997-08-21,31.2,22.3,26.1,93,60,79.79,3.2,1005.75,7.7,1997,1990
1997-08-22,30.9,23.4,26.42,91,61,79.79,1.8,1006.02,7.9,1997,1990
1997-08-23,29.4,22.7,25.47,92,66,83.67,12.5,1005.95,7.2,1997,1990
1997-08-24,30.1,23.7,25.99,91,66,82.12,6.6,1004.9,6.4,1997,1990
1997-08-25,31.1,23.0,26.57,94,61,80.71,1.9,1003.63,7.3,1997,1990
1997-08-26,31.0,23.6,26.8,91,59,77.33,3.0,1003.78,7.2,1997,1990
1997-08-27,30.1,23.2,25.93,92,64,82.75,9.9,1004.4,6.8,1997,1990
1997-08-28,29.3,22.6,25.67,96,69,85.33,4.0,1005.67,6.8,1997,1990
1997-08-29,29.9,22.8,25.82,96,66,84.62,5.9,1005.87,9.0,1997,1990
1997-08-30,29.8,22.9,25.72,95,69,86.33,6.8,1004.5,6.9,1997,1990
1997-08-31,28.7,22.8,25.3,96,72,86.79,8.2,1003.88,6.9,1997,1990
1997-09-01,30.5,21.5,25.32,96,63,84.17,6.4,1004.8,7.4,1997,1990
1997-09-02,29.2,22.6,25.23,95,65,84.67,5.2,1006.12,7.2,1997,1990
1997-09-03,29.0,22.6,24.78,100,69,89.08,17.6,1006.05,5.9,1997,1990
1997-09-04,29.9,23.1,25.45,96,67,86.79,7.0,1005.26,6.2,1997,1990
1997-09-05,29.5,22.6,25.79,97,68,84.79,6.5,1005.48,6.4,1997,1990
1997-09-06,29.0,22.3,25.11,94,66,85.29,16.5,1005.16,8.1,1997,1990
1997-09-07,27.9,22.5,24.07,99,74,92.54,21.5,1005.75,9.2,1997,1990
1997-09-08,27.4,22.1,24.09,99,79,93.96,19.7,1005.07,6.3,1997,1990
1997-09-09,29.6,21.6,25.12,99,63,85.62,4.0,1003.9,6.3,1997,1990
1997-09-10,29.7,23.4,25.54,94,68,86.96,7.3,1002.98,8.3,1997,1990
1997-09-11,29.4,22.4,25.43,99,71,88.79,16.8,1003.1,5.8,1997,1990
1997-09-12,28.3,22.1,24.83,99,74,89.29,17.0,1002.56,8.4,1997,1990
1997-09-13,29.3,22.9,25.03,99,71,88.79,37.8,1003.88,7.1,1997,1990
1997-09-14,29.4,22.8,25.31,99,72,90.17,7.3,1005.62,6.2,1997,1990
1997-09-15,30.1,22.5,25.74,99,66,85.42,2.4,1005.37,8.6,1997,1990
1997-09-16,29.8,23.5,25.7,95,67,84.75,12.5,1005.28,7.3,1997,1990
1997-09-17,28.3,22.5,24.81,96,75,90.75,23.1,1004.84,8.4,1997,1990
1997-09-18,29.2,23.0,24.62,99,73,92.17,22.7,1004.9,9.9,1997,1990
1997-09-19,27.4,22.9,24.76,96,85,92.04,13.0,1005.69,5.9,1997,1990
1997-09-20,29.2,22.6,24.93,99,70,88.33,22.5,1005.55,6.9,1997,1990
1997-09-21,28.0,21.3,24.44,96,73,89.0,22.0,1005.98,9.0,1997,1990
1997-09-22,28.3,22.6,24.75,98,75,89.71,16.4,1005.74,7.8,1997,1990
1997-09-23,27.6,22.5,24.27,99,80,93.0,11.7,1005.09,5.9,1997,1990
1997-09-24,27.7,21.6,24.03,99,76,92.38,14.0,1004.84,8.0,1997,1990
1997-09-25,27.0,21.1,23.64,99,85,94.54,12.3,1005.87,11.8,1997,1990
1997-09-26,26.2,22.5,24.17,99,85,93.04,3.3,1006.63,8.9,1997,1990
1997-09-27,27.4,21.6,23.99,100,77,93.58,33.2,1007.12,9.3,1997,1990
1997-09-28,28.4,22.3,24.39,99,73,91.17,26.4,1007.21,10.3,1997,1990
1997-09-29,28.1,22.1,24.92,98,70,87.5,3.0,1007.25,8.2,1997,1990
1997-09-30,30.0,21.8,25.44,95,64,83.0,2.7,1007.11,7.8,1997,1990
1997-10-01,30.3,21.7,25.48,95,62,82.71,6.9,1005.92,8.0,1997,1990
1997-10-02,29.6,22.9,25.14,96,67,86.88,11.1,1005.04,6.3,1997,1990
1997-10-03,28.1,22.3,24.27,99,77,92.38,14.0,1004.56,9.5,1997,1990
1997-10-04,28.3,21.9,24.3,99,76,91.92,13.9,1004.74,7.0,1997,1990
1997-10-05,28.7,22.1,24.35,99,72,92.33,12.8,1005.48,9.4,1997,1990
1997-10-06,29.7,22.4,25.73,99,67,86.0,2.2,1005.6,6.5,1997,1990
1997-10-07,30.0,22.9,25.74,96,66,85.71,3.9,1005.28,6.2,1997,1990
1997-10-08,30.7,23.1,25.42,95,64,86.46,8.5,1005.01,6.1,1997,1990
1997-10-09,29.3,22.5,25.1,97,72,90.33,13.3,1005.63,6.6,1997,1990
1997-10-10,26.9,22.4,24.25,99,88,94.75,36.6,1005.35,8.3,1997,1990
1997-10-11,27.0,21.4,23.68,99,80,93.54,9.3,1003.71,10.4,1997,1990
1997-10-12,26.2,21.4,23.36,99,85,95.21,9.3,1003.49,7.1,1997,1990
1997-10-13,25.4,21.6,22.99,100,90,97.62,16.4,1004.31,7.3,1997,1990
1997-10-14,27.7,20.7,23.6,99,76,92.83,11.9,1005.13,11.7,1997,1990
1997-10-15,25.8,20.7,23.39,99,84,93.83,24.1,1005.8,8.4,1997,1990
1997-10-16,27.8,22.1,23.56,99,77,94.71,33.2,1006.5,7.2,1997,1990
1997-10-17,26.5,21.8,23.42,99,80,94.17,34.6,1007.08,6.6,1997,1990
1997-10-18,28.5,21.5,24.46,99,73,90.17,13.4,1007.16,7.5,1997,1990
1997-10-19,29.6,22.5,25.28,94,68,85.12,8.0,1006.87,6.8,1997,1990
1997-10-20,29.2,22.9,24.89,95,69,87.42,19.4,1006.85,6.8,1997,1990
1997-10-21,28.6,21.9,24.62,98,70,88.04,11.1,1006.24,6.5,1997,1990
1997-10-22,28.9,21.2,24.4,98,68,89.79,8.1,1006.11,7.3,1997,1990
1997-10-23,29.1,22.7,25.03,96,68,86.08,7.9,1004.71,7.5,1997,1990
1997-10-24,29.7,23.1,25.51,93,69,86.12,3.9,1003.13,5.8,1997,1990
1997-10-25,29.8,23.3,25.48,96,68,86.42,12.7,1002.28,6.2,1997,1990
1997-10-26,29.0,22.6,25.3,96,72,87.96,7.5,1002.92,7.4,1997,1990
1997-10-27,29.1,23.0,25.44,96,74,88.88,14.6,1003.62,7.6,1997,1990
1997-10-28,30.5,22.5,25.58,96,64,86.04,8.2,1004.43,6.1,1997,1990
1997-10-29,29.7,23.1,25.46,99,67,86.96,2.3,1004.6,5.2,1997,1990
1997-10-30,30.0,23.9,25.92,92,68,84.25,5.1,1004.17,4.7,1997,1990
1997-10-31,29.8,23.2,25.6,92,66,83.25,10.1,1003.98,7.5,1997,1990
1997-11-01,29.5,22.2,25.25,94,66,82.79,1.8,1004.3,7.6,1997,1990
1997-11-02,29.4,22.9,25.36,96,72,87.67,9.6,1004.78,6.2,1997,1990
1997-11-03,29.5,23.2,25.76,96,74,87.17,11.6,1005.32,5.8,1997,1990
1997-11-04,29.2,22.8,25.3,98,70,89.46,13.4,1005.79,7.0,1997,1990
1997-11-05,28.5,22.3,24.44,99,79,93.58,32.8,1006.26,7.0,1997,1990
1997-11-06,26.6,22.0,23.95,99,89,95.25,22.2,1006.58,5.9,1997,1990
1997-11-07,27.8,22.3,24.32,99,79,94.04,52.9,1006.47,5.2,1997,1990
1997-11-08,26.4,22.3,23.93,99,82,94.08,29.5,1006.33,5.3,1997,1990
1997-11-09,26.4,22.3,23.68,99,88,96.92,35.4,1006.62,5.0,1997,1990
1997-11-10,25.4,21.7,23.45,99,83,92.88,18.6,1007.18,5.8,1997,1990
1997-11-11,27.8,22.2,23.8,99,75,91.25,6.5,1007.67,7.2,1997,1990
1997-11-12,28.0,21.8,24.02,98,71,90.12,18.7,1007.12,12.4,1997,1990
1997-11-13,26.5,22.0,23.49,99,85,95.08,11.0,1006.59,8.8,1997,1990
1997-11-14,26.0,21.0,23.27,100,83,94.33,15.2,1006.42,8.9,1997,1990
1997-11-15,26.9,20.5,23.18,100,84,94.17,17.0,1006.8,6.8,1997,1990
1997-11-16,27.3,21.8,23.93,96,83,91.92,13.4,1006.59,8.2,1997,1990
1997-11-17,29.6,21.9,25.02,95,61,82.83,5.2,1006.28,7.3,1997,1990
1997-11-18,28.6,21.7,24.61,95,72,86.96,9.3,1005.32,5.5,1997,1990
1997-11-19,28.3,22.4,24.38,99,74,90.08,21.7,1004.71,7.2,1997,1990
1997-11-20,28.1,22.1,23.32,99,75,96.92,42.8,1003.72,6.5,1997,1990
1997-11-21,29.2,20.8,24.55,99,72,89.33,10.8,1002.47,6.5,1997,1990
1997-11-22,30.0,22.3,25.21,96,69,86.88,7.4,1001.54,8.0,1997,1990
1997-11-23,30.1,22.8,25.6,94,66,85.5,10.6,1002.5,7.7,1997,1990
1997-11-24,28.7,22.4,24.8,99,68,88.08,9.5,1004.37,6.8,1997,1990
1997-11-25,26.5,22.0,23.67,99,80,94.46,17.8,1005.23,8.7,1997,1990
1997-11-26,26.6,21.3,23.25,99,83,95.08,18.5,1004.84,7.5,1997,1990
1997-11-27,26.7,21.6,23.7,99,80,91.96,12.9,1004.17,6.8,1997,1990
1997-11-28,28.4,21.4,24.28,96,72,89.08,1.7,1003.93,6.3,1997,1990
1997-11-29,28.4,22.4,24.55,97,71,89.21,19.1,1003.29,7.5,1997,1990
1997-11-30,28.2,21.9,24.21,96,76,91.29,14.4,1002.49,8.9,1997,1990
1997-12-01,28.9,21.9,24.23,99,72,90.67,14.9,1003.28,8.5,1997,1990
1997-12-02,29.1,22.3,24.93,96,72,89.04,15.9,1004.85,7.2,1997,1990
1997-12-03,30.3,21.7,25.52,96,64,84.0,0.5,1004.05,7.6,1997,1990
1997-12-04,30.5,22.4,25.99,90,61,78.67,0.2,1002.19,8.2,1997,1990
1997-12-05,31.6,22.5,26.22,89,55,75.58,0.0,1001.68,10.3,1997,1990
1997-12-06,31.3,23.0,26.66,87,59,76.38,0.1,1001.98,9.2,1997,1990
1997-12-07,31.2,24.2,27.16,84,58,72.33,0.2,1003.38,10.1,1997,1990
1997-12-08,31.2,23.4,26.68,92,59,75.62,0.2,1004.33,10.7,1997,1990
1997-12-09,29.8,23.4,26.05,92,66,81.25,3.6,1004.42,7.6,1997,1990
1997-12-10,29.8,23.0,25.67,93,67,84.04,2.1,1004.01,6.9,1997,1990
1997-12-11,30.6,22.6,26.07,90,60,79.33,2.0,1004.43,8.6,1997,1990
1997-12-12,30.6,23.4,26.32,92,57,79.04,1.1,1004.64,6.7,1997,1990
1997-12-13,30.8,22.2,26.01,92,57,78.46,0.2,1005.02,8.3,1997,1990
1997-12-14,30.9,21.1,25.6,89,48,69.58,0.2,1005.46,10.4,1997,1990
1997-12-15,30.0,22.8,25.61,76,55,66.83,0.0,1005.84,12.3,1997,1990
1997-12-16,29.6,23.6,25.88,77,56,68.58,0.0,1005.68,10.1,1997,1990
1997-12-17,30.8,23.5,26.36,78,54,69.29,0.5,1005.44,10.2,1997,1990
1997-12-18,31.2,23.3,26.46,82,52,68.92,0.0,1005.72,12.1,1997,1990
1997-12-19,30.7,23.1,26.18,74,50,64.5,0.0,1005.8,13.2,1997,1990
1997-12-20,31.9,21.6,26.08,77,41,61.75,0.0,1004.8,11.5,1997,1990
1997-12-21,31.7,21.2,25.85,80,45,66.79,0.0,1003.7,10.0,1997,1990
1997-12-22,32.1,21.3,26.06,81,42,65.29,0.0,1003.67,10.9,1997,1990
1997-12-23,31.7,23.0,26.72,75,50,64.25,0.0,1002.86,10.5,1997,1990
1997-12-24,32.9,23.1,27.01,83,44,66.42,0.0,1002.16,10.7,1997,1990
1997-12-25,32.7,21.9,26.5,83,44,67.5,0.0,1002.89,10.5,1997,1990
1997-12-26,32.6,21.8,26.51,85,46,68.54,0.0,1003.61,9.1,1997,1990
1997-12-27,32.7,21.6,26.62,87,45,70.5,0.0,1002.65,8.5,1997,1990
1997-12-28,32.4,22.8,26.8,81,43,64.67,0.0,1001.6,9.7,1997,1990
1997-12-29,32.1,21.0,26.09,80,41,61.04,0.0,1002.86,10.0,1997,1990
1997-12-30,31.1,22.4,26.08,66,44,57.38,0.0,1003.66,21.1,1997,1990
1997-12-31,31.3,24.3,26.82,70,43,59.92,0.0,1004.17,21.4,1997,1990
1998-01-01,30.9,24.9,27.0,60,43,53.79,0.0,1003.12,30.1,1998,1990
1998-01-02,32.3,25.0,27.55,63,38,53.92,0.0,1000.46,22.3,1998,1990
1998-01-03,32.6,24.1,27.28,66,42,56.96,0.0,1000.08,15.2,1998,1990
1998-01-04,33.3,24.2,27.65,71,42,58.42,0.0,999.3,13.1,1998,1990
1998-01-05,33.2,21.7,27.01,83,44,63.67,0.7,1001.22,11.8,1998,1990
1998-01-06,33.4,22.5,27.31,88,43,68.54,2.9,1003.33,8.1,1998,1990
1998-01-07,33.2,22.1,26.98,88,45,72.17,2.5,1004.01,10.8,1998,1990
1998-01-08,32.7,22.1,26.89,91,46,73.17,0.0,1004.36,10.1,1998,1990
1998-01-09,33.2,21.5,27.08,86,39,63.25,0.0,1004.2,8.9,1998,1990
1998-01-10,33.2,22.7,27.06,71,37,56.62,0.0,1003.82,11.4,1998,1990
1998-01-11,33.3,22.9,27.17,68,37,54.04,0.0,1002.92,13.3,1998,1990
1998-01-12,33.2,24.1,27.7,67,40,56.75,0.0,1003.32,11.8,1998,1990
1998-01-13,32.7,24.7,27.89,70,44,59.04,0.0,1003.6,11.5,1998,1990
1998-01-14,33.0,24.3,27.78,68,39,56.25,0.0,1003.41,12.4,1998,1990
1998-01-15,33.5,21.8,27.18,74,37,60.17,0.4,1002.35,10.1,1998,1990
1998-01-16,33.2,22.4,27.36,80,42,60.96,0.0,1003.4,10.8,1998,1990
1998-01-17,33.2,23.8,27.6,66,40,55.67,0.0,1004.07,11.6,1998,1990
1998-01-18,33.1,23.2,27.24,65,37,52.92,0.0,1003.33,11.0,1998,1990
1998-01-19,33.3,22.6,27.0,69,35,54.75,0.0,1003.31,11.6,1998,1990
1998-01-20,33.9,22.2,27.06,67,29,50.33,0.0,1002.27,11.8,1998,1990
1998-01-21,33.2,23.1,27.46,74,39,57.29,0.0,1002.35,12.2,1998,1990
1998-01-22,33.9,23.1,27.92,75,38,57.54,0.0,1001.71,10.4,1998,1990
1998-01-23,33.8,23.4,28.04,77,39,58.42,0.0,1001.86,9.6,1998,1990
1998-01-24,33.8,22.7,27.41,76,37,57.42,0.0,1002.25,13.2,1998,1990
1998-01-25,33.9,23.4,27.65,63,31,50.29,0.0,1002.83,13.4,1998,1990
1998-01-26,34.1,22.9,27.81,74,36,57.96,0.0,1003.31,10.2,1998,1990
1998-01-27,33.5,23.7,28.17,77,41,59.71,0.1,1004.72,10.0,1998,1990
1998-01-28,34.2,23.3,27.62,63,30,47.62,0.0,1005.01,14.0,1998,1990
1998-01-29,33.9,23.4,27.96,66,36,53.96,0.3,1005.03,13.1,1998,1990
1998-01-30,33.6,23.2,27.82,78,42,63.88,0.0,1004.56,7.9,1998,1990
1998-01-31,34.1,23.4,28.42,83,38,63.67,0.0,1003.58,8.9,1998,1990
1998-02-01,34.4,25.3,29.14,74,43,62.42,0.0,1002.38,7.9,1998,1990
1998-02-02,34.3,23.7,28.76,83,43,66.29,0.0,1001.71,12.6,1998,1990
1998-02-03,34.0,24.9,29.28,92,44,69.25,0.2,1003.05,12.1,1998,1990
1998-02-04,33.1,25.0,28.02,88,50,73.83,2.7,1003.94,8.0,1998,1990
1998-02-05,31.7,24.6,27.15,89,55,77.58,4.3,1005.33,10.7,1998,1990
1998-02-06,29.8,23.5,26.3,97,67,84.67,4.4,1006.71,13.2,1998,1990
1998-02-07,31.6,24.0,27.0,95,57,80.96,6.2,1007.69,5.8,1998,1990
1998-02-08,30.9,24.1,26.42,98,55,79.88,8.2,1008.39,7.4,1998,1990
1998-02-09,30.9,24.4,27.06,81,52,67.5,0.4,1008.39,8.9,1998,1990
1998-02-10,31.1,24.0,27.05,72,48,61.83,0.0,1007.85,9.1,1998,1990
1998-02-11,31.8,22.9,26.99,78,50,65.75,0.6,1006.75,9.0,1998,1990
1998-02-12,32.7,22.2,27.07,78,35,57.5,0.0,1005.77,10.5,1998,1990
1998-02-13,32.7,23.7,27.71,75,46,63.25,0.0,1005.34,11.0,1998,1990
1998-02-14,33.7,23.7,28.13,83,43,65.29,1.1,1005.5,8.9,1998,1990
1998-02-15,33.6,23.1,28.08,81,41,63.92,0.0,1004.9,9.0,1998,1990
1998-02-16,35.3,23.8,28.62,83,43,65.83,0.0,1002.42,9.5,1998,1990
1998-02-17,34.5,24.4,28.92,86,46,68.92,1.8,1001.93,10.8,1998,1990
1998-02-18,34.7,25.1,29.12,86,44,68.21,1.1,1002.86,6.8,1998,1990
1998-02-19,34.2,23.6,28.02,91,44,71.0,1.7,1003.67,7.2,1998,1990
1998-02-20,33.7,23.7,28.05,92,42,67.96,0.6,1003.74,8.0,1998,1990
1998-02-21,33.8,23.6,28.31,75,38,57.42,0.0,1003.87,11.5,1998,1990
1998-02-22,33.9,24.1,28.34,75,42,62.92,0.5,1004.37,8.6,1998,1990
1998-02-23,33.6,24.8,28.16,80,47,67.92,8.6,1004.78,6.8,1998,1990
1998-02-24,34.5,23.7,28.18,78,26,54.79,0.0,1005.19,11.3,1998,1990
1998-02-25,34.5,23.6,28.3,68,33,52.38,0.0,1003.76,13.0,1998,1990
1998-02-26,33.8,23.3,27.96,80,41,63.58,0.2,1003.36,10.1,1998,1990
1998-02-27,32.9,24.1,27.98,85,48,70.0,10.2,1003.66,10.1,1998,1990
1998-02-28,34.3,23.8,28.5,89,44,70.42,0.8,1003.7,10.0,1998,1990
1998-03-01,34.4,24.8,28.66,88,41,70.0,0.2,1003.21,12.3,1998,1990
1998-03-02,34.8,24.4,28.98,91,39,66.83,0.4,1003.1,7.7,1998,1990
1998-03-03,35.7,23.3,29.05,86,31,59.21,0.0,1002.71,9.3,1998,1990
1998-03-04,34.9,25.1,29.41,75,36,54.96,0.0,1003.52,9.7,1998,1990
1998-03-05,35.5,24.3,29.21,72,31,51.62,0.0,1003.73,11.3,1998,1990
1998-03-06,35.6,24.8,29.49,64,36,53.04,0.3,1002.49,11.1,1998,1990
1998-03-07,34.3,25.1,28.92,80,42,62.08,1.9,1002.31,8.2,1998,1990
1998-03-08,34.1,24.8,28.78,85,46,68.54,2.1,1003.08,6.6,1998,1990
1998-03-09,35.2,24.8,29.26,87,37,65.79,2.8,1004.3,7.0,1998,1990
1998-03-10,34.7,23.6,28.79,78,36,57.25,0.2,1004.76,9.7,1998,1990
1998-03-11,34.1,25.0,28.49,68,35,53.33,0.0,1004.62,17.6,1998,1990
1998-03-12,34.1,25.2,28.52,62,33,50.71,0.0,1003.38,20.6,1998,1990
1998-03-13,34.8,25.0,28.55,64,30,51.29,0.0,1004.41,15.8,1998,1990
1998-03-14,34.4,24.2,28.08,65,33,50.33,0.0,1004.58,18.4,1998,1990
1998-03-15,34.7,24.0,28.45,65,31,50.04,0.0,1004.23,15.1,1998,1990
1998-03-16,34.5,22.7,28.34,70,34,52.67,0.0,1003.15,11.8,1998,1990
1998-03-17,35.2,23.9,28.93,74,33,56.29,0.0,1002.58,10.2,1998,1990
1998-03-18,35.6,24.5,29.49,73,33,54.25,0.0,1002.58,10.2,1998,1990
1998-03-19,36.1,24.4,29.54,77,36,59.75,0.2,1002.75,9.5,1998,1990
1998-03-20,35.7,24.2,29.34,81,39,64.21,2.8,1003.56,9.4,1998,1990
1998-03-21,34.7,25.3,29.18,84,42,67.62,1.0,1002.96,10.1,1998,1990
1998-03-22,35.5,23.6,29.01,86,32,64.21,0.6,1003.1,11.8,1998,1990
1998-03-23,34.9,24.9,28.79,82,36,63.83,1.2,1005.0,8.7,1998,1990
1998-03-24,34.2,25.4,28.58,71,40,58.42,0.0,1005.55,15.6,1998,1990
1998-03-25,34.6,25.6,28.76,67,37,56.33,0.0,1004.77,16.4,1998,1990
1998-03-26,34.6,25.8,29.02,68,38,55.58,0.0,1004.55,13.8,1998,1990
1998-03-27,34.7,24.6,28.88,65,36,52.17,0.0,1003.48,11.3,1998,1990
1998-03-28,35.7,23.7,29.02,65,23,46.17,0.0,1003.46,10.8,1998,1990
1998-03-29,35.3,23.2,28.71,64,32,50.92,0.0,1004.1,11.3,1998,1990
1998-03-30,34.7,24.0,28.94,75,36,58.38,1.2,1004.32,8.0,1998,1990
1998-03-31,34.9,23.8,29.03,81,33,59.67,0.1,1003.94,8.6,1998,1990
1998-04-01,35.3,24.0,29.1,80,31,56.83,0.8,1004.19,8.6,1998,1990
1998-04-02,35.0,24.0,29.25,76,35,57.38,0.5,1005.64,9.3,1998,1990
1998-04-03,35.1,23.9,28.89,79,31,59.58,0.1,1006.2,11.4,1998,1990
1998-04-04,34.9,24.2,29.25,81,38,63.96,0.7,1005.04,9.2,1998,1990
1998-04-05,34.6,25.8,29.55,84,47,68.21,1.6,1003.6,6.6,1998,1990
1998-04-06,34.6,24.5,28.96,90,42,70.29,2.9,1004.07,10.8,1998,1990
1998-04-07,34.2,24.2,28.41,85,42,68.12,1.5,1005.12,11.6,1998,1990
1998-04-08,34.6,24.2,28.52,92,39,68.21,0.0,1005.47,7.6,1998,1990
1998-04-09,34.6,24.3,28.75,80,41,60.96,2.6,1004.9,7.4,1998,1990
1998-04-10,32.4,24.7,28.17,89,51,72.33,5.2,1004.43,5.6,1998,1990
1998-04-11,34.3,24.3,28.65,89,38,64.46,1.5,1005.08,7.1,1998,1990
1998-04-12,34.7,24.0,28.65,73,32,53.79,0.0,1005.04,8.6,1998,1990
1998-04-13,34.5,24.3,28.85,73,38,57.29,1.4,1005.17,9.7,1998,1990
1998-04-14,34.8,25.0,29.35,74,38,55.96,0.0,1004.4,9.3,1998,1990
1998-04-15,35.3,24.7,29.38,69,36,54.38,0.1,1003.55,10.0,1998,1990
1998-04-16,34.5,24.9,29.26,73,42,58.46,1.0,1003.69,9.5,1998,1990
1998-04-17,35.5,25.1,29.6,71,35,55.92,0.2,1003.61,9.1,1998,1990
1998-04-18,35.5,24.7,29.55,72,36,56.17,0.7,1003.96,9.6,1998,1990
1998-04-19,35.7,24.7,29.12,80,36,59.71,2.0,1004.24,9.2,1998,1990
1998-04-20,34.5,25.4,29.15,83,40,62.62,1.7,1004.58,6.6,1998,1990
1998-04-21,35.4,24.2,29.31,71,35,55.62,0.9,1004.6,9.1,1998,1990
1998-04-22,34.3,25.7,28.92,72,43,60.88,8.4,1004.6,8.2,1998,1990
1998-04-23,34.1,25.8,29.08,72,42,57.5,8.4,1004.55,7.1,1998,1990
1998-04-24,31.8,25.3,27.9,70,48,60.96,5.4,1005.21,7.9,1998,1990
1998-04-25,33.8,25.7,28.2,74,44,64.29,9.7,1005.46,8.8,1998,1990
1998-04-26,32.7,24.8,27.3,86,49,72.62,17.1,1005.15,7.2,1998,1990
1998-04-27,33.1,23.8,27.33,88,47,71.96,6.4,1003.7,9.2,1998,1990
1998-04-28,32.1,23.9,27.22,87,55,74.71,11.9,1003.96,7.0,1998,1990
1998-04-29,32.4,24.2,27.26,89,50,75.58,4.0,1005.04,6.6,1998,1990
1998-04-30,32.3,23.7,27.36,86,50,72.25,2.2,1005.52,7.6,1998,1990
1998-05-01,31.7,23.5,26.99,92,52,74.38,1.8,1005.34,7.3,1998,1990
1998-05-02,31.5,23.7,26.93,94,51,75.42,1.0,1005.47,10.5,1998,1990
1998-05-03,32.3,23.1,26.98,93,49,74.88,4.7,1005.74,9.4,1998,1990
1998-05-04,26.9,23.0,24.73,99,82,92.08,12.4,1006.14,6.0,1998,1990
1998-05-05,28.6,22.6,24.9,99,74,90.75,27.3,1005.95,9.9,1998,1990
1998-05-06,29.5,22.8,25.29,99,67,87.79,18.7,1005.52,8.1,1998,1990
1998-05-07,28.7,23.7,25.48,99,70,88.33,1.3,1005.96,7.1,1998,1990
1998-05-08,29.4,23.5,25.97,95,71,86.58,7.7,1006.1,10.7,1998,1990
1998-05-09,30.6,22.7,26.35,98,67,85.33,3.0,1006.1,7.3,1998,1990
1998-05-10,32.1,23.9,27.44,95,58,80.0,1.4,1005.86,8.4,1998,1990
1998-05-11,32.2,24.2,27.31,91,54,77.96,3.1,1005.5,11.4,1998,1990
1998-05-12,31.4,22.5,26.7,96,59,81.83,1.1,1005.08,9.0,1998,1990
1998-05-13,32.0,23.8,27.45,95,62,81.0,2.2,1004.25,6.4,1998,1990
1998-05-14,33.2,24.9,28.41,91,51,71.29,2.9,1004.17,7.6,1998,1990
1998-05-15,33.2,24.9,28.56,84,49,66.54,1.4,1003.18,10.5,1998,1990
1998-05-16,33.9,25.9,28.81,73,45,61.54,0.5,1002.45,11.7,1998,1990
1998-05-17,33.7,25.0,28.68,70,41,57.62,0.2,1003.49,10.6,1998,1990
1998-05-18,33.8,25.1,28.75,79,47,63.54,6.5,1004.02,9.7,1998,1990
1998-05-19,34.4,26.2,28.92,86,47,69.12,5.0,1004.41,8.9,1998,1990
1998-05-20,29.7,25.1,27.48,89,66,77.08,16.6,1005.51,6.6,1998,1990
1998-05-21,33.0,25.8,28.2,87,54,75.29,3.8,1005.04,5.4,1998,1990
1998-05-22,32.3,25.6,27.36,91,56,79.62,10.2,1004.29,5.2,1998,1990
1998-05-23,31.7,24.5,27.25,94,60,81.25,11.2,1004.52,5.2,1998,1990
1998-05-24,28.6,24.1,25.95,95,76,88.08,16.7,1005.41,6.3,1998,1990
1998-05-25,29.2,23.4,25.62,99,73,90.75,19.4,1005.94,8.8,1998,1990
1998-05-26,30.9,23.8,25.97,99,66,87.33,15.7,1006.37,8.0,1998,1990
1998-05-27,28.3,23.1,25.02,99,78,93.54,18.3,1007.91,5.2,1998,1990
1998-05-28,27.2,23.1,24.76,99,81,92.79,15.2,1008.49,4.4,1998,1990
1998-05-29,27.4,22.1,23.99,99,83,95.58,15.2,1008.19,5.1,1998,1990
1998-05-30,29.2,21.9,25.35,99,69,86.96,4.2,1006.8,7.6,1998,1990
1998-05-31,30.1,23.3,26.12,95,68,85.25,10.4,1006.59,5.4,1998,1990
1998-06-01,29.0,23.7,25.65,95,71,87.21,19.7,1006.96,6.8,1998,1990
1998-06-02,29.5,23.3,25.81,96,72,87.54,7.6,1007.15,7.6,1998,1990
1998-06-03,28.6,23.2,25.6,99,75,89.92,12.1,1007.44,7.2,1998,1990
1998-06-04,28.1,23.2,25.39,100,81,92.29,21.7,1006.98,7.2,1998,1990
1998-06-05,30.2,23.2,25.68,99,66,88.88,9.1,1006.0,8.0,1998,1990
1998-06-06,29.0,23.1,25.18,99,78,92.83,12.0,1006.38,6.6,1998,1990
1998-06-07,29.3,22.5,25.25,99,73,89.58,13.8,1006.49,6.4,1998,1990
1998-06-08,29.6,21.9,25.17,99,70,89.38,20.8,1006.55,5.8,1998,1990
1998-06-09,29.0,21.5,24.88,99,76,91.88,18.2,1006.42,6.2,1998,1990
1998-06-10,29.6,22.3,25.38,99,73,89.29,10.2,1006.08,6.6,1998,1990
1998-06-11,30.3,23.5,26.03,94,71,86.42,3.3,1005.43,5.0,1998,1990
1998-06-12,31.6,22.9,26.52,93,58,80.5,1.4,1005.13,7.3,1998,1990
1998-06-13,30.2,24.0,26.77,91,68,81.79,10.3,1004.72,5.9,1998,1990
1998-06-14,29.3,24.1,26.33,94,71,83.88,7.7,1004.82,7.5,1998,1990
1998-06-15,27.7,23.3,24.88,99,79,91.88,37.6,1005.94,6.6,1998,1990
1998-06-16,27.8,22.6,24.51,99,79,92.92,14.7,1006.77,6.1,1998,1990
1998-06-17,29.5,22.9,25.52,95,70,87.92,7.6,1006.88,5.9,1998,1990
1998-06-18,29.8,23.1,25.46,94,65,83.79,14.1,1006.14,7.6,1998,1990
1998-06-19,29.2,22.3,24.73,99,71,90.92,56.8,1005.52,6.4,1998,1990
1998-06-20,27.3,22.1,24.39,99,82,93.83,13.5,1004.91,5.4,1998,1990
1998-06-21,27.2,22.3,24.51,99,82,93.62,26.1,1005.76,5.5,1998,1990
1998-06-22,28.1,22.0,24.65,99,74,90.42,5.4,1006.78,7.8,1998,1990
1998-06-23,28.5,22.5,25.28,95,72,87.0,2.4,1006.78,8.6,1998,1990
1998-06-24,29.9,22.5,25.44,98,68,88.0,13.8,1006.14,7.3,1998,1990
1998-06-25,28.6,22.7,25.32,97,74,88.42,5.1,1005.85,6.6,1998,1990
1998-06-26,28.3,22.8,25.15,96,73,88.0,11.8,1005.07,6.2,1998,1990
1998-06-27,28.8,22.2,24.91,99,73,89.75,38.0,1004.9,6.5,1998,1990
1998-06-28,28.2,22.9,24.78,99,78,92.0,10.3,1006.25,10.8,1998,1990
1998-06-29,28.0,21.5,24.45,99,82,94.17,15.0,1006.92,10.9,1998,1990
1998-06-30,29.8,23.0,25.7,99,68,88.04,3.7,1006.55,9.7,1998,1990
1998-07-01,29.5,22.2,25.87,98,70,86.21,4.0,1006.08,6.1,1998,1990
1998-07-02,30.4,23.0,25.83,94,66,85.38,8.3,1005.86,7.2,1998,1990
1998-07-03,28.5,23.4,25.42,94,71,85.96,8.9,1005.58,7.6,1998,1990
1998-07-04,28.3,21.9,24.22,99,70,91.29,30.6,1006.75,4.3,1998,1990
1998-07-05,27.3,21.9,24.03,99,75,91.29,16.8,1007.24,8.3,1998,1990
1998-07-06,27.0,21.1,23.67,99,75,90.67,7.7,1007.92,8.0,1998,1990
1998-07-07,26.8,21.3,23.08,99,78,96.67,12.5,1007.53,5.8,1998,1990
1998-07-08,27.1,21.3,24.1,99,76,90.83,3.9,1007.3,7.4,1998,1990
1998-07-09,29.3,22.3,25.04,96,65,85.71,10.9,1006.99,8.0,1998,1990
1998-07-10,29.8,22.6,25.28,95,67,86.0,9.0,1007.36,6.6,1998,1990
1998-07-11,28.8,22.4,24.66,99,80,92.08,28.5,1007.96,6.3,1998,1990
1998-07-12,28.2,21.4,24.38,99,75,91.92,12.1,1007.84,6.5,1998,1990
1998-07-13,28.1,22.3,24.38,99,75,91.42,16.6,1007.25,7.2,1998,1990
1998-07-14,27.5,21.8,24.45,96,83,90.33,9.2,1006.78,7.1,1998,1990
1998-07-15,28.6,22.5,25.11,96,70,87.12,7.1,1006.34,6.9,1998,1990
1998-07-16,27.3,22.3,24.65,97,77,89.12,13.0,1006.84,6.7,1998,1990
1998-07-17,27.6,21.8,24.22,99,80,90.92,26.7,1007.15,4.3,1998,1990
1998-07-18,27.8,20.8,24.02,99,73,90.83,13.7,1006.67,6.5,1998,1990
1998-07-19,29.0,21.2,24.41,99,68,88.62,6.7,1006.32,6.7,1998,1990
1998-07-20,28.6,21.5,24.59,98,68,86.33,8.6,1006.02,7.3,1998,1990
1998-07-21,29.1,21.9,25.04,94,70,85.38,8.7,1005.93,6.9,1998,1990
1998-07-22,29.0,21.7,24.61,95,67,86.0,15.9,1006.02,7.7,1998,1990
1998-07-23,27.8,22.3,24.19,99,74,90.42,18.8,1006.23,9.5,1998,1990
1998-07-24,27.9,21.7,23.9,99,77,92.88,17.5,1006.42,8.0,1998,1990
1998-07-25,28.8,21.8,24.49,99,69,90.79,8.2,1006.42,6.6,1998,1990
1998-07-26,29.3,21.1,24.67,99,71,89.17,11.4,1006.35,6.6,1998,1990
1998-07-27,29.5,22.3,24.84,94,66,85.92,21.1,1006.0,8.4,1998,1990
1998-07-28,28.9,22.1,24.96,95,71,85.67,8.5,1006.07,8.0,1998,1990
1998-07-29,28.3,21.6,24.87,99,71,87.75,10.0,1006.16,7.6,1998,1990
1998-07-30,28.4,22.4,25.1,95,73,87.12,10.3,1006.46,6.5,1998,1990
1998-07-31,28.7,22.3,24.95,99,73,90.54,18.8,1006.4,5.2,1998,1990
1998-08-01,28.5,22.9,25.28,96,75,88.08,9.7,1005.88,7.0,1998,1990
1998-08-02,29.5,22.4,25.2,97,69,87.62,12.4,1004.96,5.6,1998,1990
1998-08-03,28.5,22.4,25.09,96,73,87.38,17.4,1005.07,6.3,1998,1990
1998-08-04,28.9,22.3,24.75,99,71,89.92,23.1,1006.81,5.9,1998,1990
1998-08-05,27.7,22.7,24.75,99,77,88.67,7.1,1007.72,6.6,1998,1990
1998-08-06,26.6,21.9,23.84,99,78,93.42,26.7,1007.65,7.2,1998,1990
1998-08-07,27.3,22.2,23.88,99,81,94.21,57.1,1007.6,7.2,1998,1990
1998-08-08,28.5,22.2,24.26,99,74,92.12,20.0,1008.09,6.4,1998,1990
1998-08-09,29.2,21.6,24.97,100,68,86.54,3.0,1007.28,7.7,1998,1990
1998-08-10,29.7,21.5,25.23,94,64,83.17,2.1,1006.23,8.0,1998,1990
1998-08-11,29.0,21.9,25.26,93,66,82.17,5.8,1006.17,7.4,1998,1990
1998-08-12,29.4,21.6,24.81,99,67,88.12,13.3,1007.82,8.2,1998,1990
1998-08-13,28.7,22.7,24.78,96,70,87.71,11.3,1007.62,6.5,1998,1990
1998-08-14,26.8,22.7,24.09,99,80,92.42,14.9,1006.65,8.2,1998,1990
1998-08-15,27.5,21.9,23.88,99,75,92.88,39.6,1006.73,7.2,1998,1990
1998-08-16,26.8,22.2,24.25,99,82,91.67,37.9,1007.78,7.4,1998,1990
1998-08-17,28.2,21.6,24.28,99,74,91.38,17.6,1007.98,7.6,1998,1990
1998-08-18,28.4,22.3,24.62,96,73,88.12,13.3,1006.41,7.4,1998,1990
1998-08-19,26.9,21.9,24.05,95,83,91.17,13.8,1005.09,8.0,1998,1990
1998-08-20,26.8,22.0,23.75,99,85,93.58,36.1,1005.52,8.8,1998,1990
1998-08-21,27.4,22.0,24.17,98,82,91.62,14.8,1006.08,7.4,1998,1990
1998-08-22,28.7,21.4,24.48,96,74,89.38,10.2,1005.03,7.6,1998,1990
1998-08-23,28.1,21.8,24.27,99,75,91.71,12.9,1004.79,7.6,1998,1990
1998-08-24,27.5,21.6,24.7,99,83,91.46,14.6,1005.08,7.4,1998,1990
1998-08-25,28.0,22.2,24.54,99,79,91.21,25.3,1004.75,7.1,1998,1990
1998-08-26,26.3,22.1,24.13,99,82,93.46,23.6,1005.21,7.5,1998,1990
1998-08-27,26.8,22.5,24.51,99,83,91.0,6.3,1005.89,9.0,1998,1990
1998-08-28,28.1,22.0,24.64,97,74,88.96,5.5,1005.97,7.2,1998,1990
1998-08-29,27.5,22.5,24.68,96,79,89.46,10.3,1006.26,7.0,1998,1990
1998-08-30,27.4,21.8,24.19,98,78,90.5,6.5,1007.12,10.6,1998,1990
1998-08-31,26.6,22.2,23.88,99,85,94.08,12.0,1008.1,4.7,1998,1990
1998-09-01,28.1,21.7,23.79,99,82,94.92,16.9,1006.85,7.8,1998,1990
1998-09-02,26.6,21.7,23.92,99,84,93.0,13.5,1005.81,10.0,1998,1990
1998-09-03,25.8,21.7,23.44,99,88,94.04,28.7,1005.78,11.4,1998,1990
1998-09-04,24.8,21.8,23.12,99,89,96.0,22.6,1006.62,7.9,1998,1990
1998-09-05,29.2,20.6,24.61,98,66,85.29,0.3,1006.44,9.8,1998,1990
1998-09-06,28.9,22.1,24.91,95,73,87.42,8.9,1006.62,6.1,1998,1990
1998-09-07,27.7,22.7,24.49,96,80,91.17,10.5,1006.27,6.3,1998,1990
1998-09-08,26.9,22.0,23.95,96,86,93.12,17.6,1006.38,6.6,1998,1990
1998-09-09,26.5,21.8,23.73,99,86,96.04,13.2,1006.52,7.5,1998,1990
1998-09-10,27.9,21.9,24.01,99,75,91.33,13.1,1007.11,6.9,1998,1990
1998-09-11,28.4,21.1,23.93,99,71,91.04,13.7,1007.24,8.0,1998,1990
1998-09-12,27.7,21.0,24.02,99,84,92.33,11.0,1006.34,8.4,1998,1990
1998-09-13,27.5,22.1,23.74,96,78,91.5,19.8,1005.75,9.8,1998,1990
1998-09-14,26.9,21.9,23.85,97,78,90.96,6.8,1006.27,10.2,1998,1990
1998-09-15,28.0,21.8,24.54,97,73,88.46,4.1,1006.73,9.9,1998,1990
1998-09-16,29.6,22.0,25.19,96,71,87.29,11.0,1006.64,7.3,1998,1990
1998-09-17,27.9,22.7,24.75,99,77,91.29,23.0,1006.02,7.4,1998,1990
1998-09-18,28.7,22.3,24.73,99,74,89.88,9.8,1005.51,7.9,1998,1990
1998-09-19,27.0,22.4,24.54,98,82,91.67,9.2,1005.83,7.2,1998,1990
1998-09-20,27.4,22.5,24.57,97,78,90.75,8.4,1006.77,6.4,1998,1990
1998-09-21,27.9,22.4,24.68,99,75,90.67,11.3,1006.72,5.5,1998,1990
1998-09-22,27.3,22.1,24.37,99,83,93.17,17.9,1005.76,8.4,1998,1990
1998-09-23,26.9,21.4,23.69,99,80,94.12,38.8,1005.49,9.0,1998,1990
1998-09-24,24.5,22.3,23.08,99,90,96.75,142.7,1006.55,9.0,1998,1990
1998-09-25,28.1,21.4,23.91,99,70,90.67,18.1,1006.45,8.4,1998,1990
1998-09-26,27.8,22.2,24.32,96,79,91.21,17.3,1006.87,7.1,1998,1990
1998-09-27,28.7,21.8,24.4,97,72,88.92,11.6,1006.35,6.9,1998,1990
1998-09-28,27.4,21.7,24.05,97,80,91.33,19.4,1006.13,7.9,1998,1990
1998-09-29,28.4,21.1,24.16,98,71,89.04,6.2,1005.63,6.5,1998,1990
1998-09-30,28.8,21.4,24.48,99,74,90.54,8.4,1005.72,7.1,1998,1990
1998-10-01,28.6,22.8,25.01,95,72,88.0,5.1,1005.79,5.5,1998,1990
1998-10-02,28.1,22.1,24.14,99,74,91.71,31.4,1005.48,8.2,1998,1990
1998-10-03,27.9,21.4,24.31,99,78,91.08,15.8,1006.35,8.8,1998,1990
1998-10-04,27.3,22.3,24.45,96,80,90.25,20.3,1005.45,7.6,1998,1990
1998-10-05,28.0,22.1,24.34,96,74,90.46,23.4,1004.41,6.4,1998,1990
1998-10-06,26.5,22.1,23.75,99,86,95.08,23.8,1004.69,8.4,1998,1990
1998-10-07,26.4,22.1,23.85,99,83,94.67,26.7,1005.13,5.8,1998,1990
1998-10-08,26.2,22.7,24.03,99,86,94.0,30.5,1005.86,9.0,1998,1990
1998-10-09,28.2,22.1,24.55,99,76,90.04,21.0,1005.48,7.3,1998,1990
1998-10-10,28.6,22.4,24.55,99,71,89.25,7.0,1004.99,6.3,1998,1990
1998-10-11,28.2,22.0,24.73,99,74,89.08,7.1,1005.29,8.1,1998,1990
1998-10-12,26.5,21.9,24.06,99,85,93.08,9.7,1005.85,6.6,1998,1990
1998-10-13,25.4,21.6,23.17,99,89,96.38,21.5,1006.0,7.5,1998,1990
1998-10-14,26.1,21.5,23.3,99,83,93.79,19.0,1006.3,8.9,1998,1990
1998-10-15,27.7,21.1,24.25,96,73,88.29,7.8,1006.4,7.6,1998,1990
1998-10-16,28.5,22.5,24.87,95,70,87.38,6.6,1006.18,7.5,1998,1990
1998-10-17,28.3,22.4,24.17,99,71,91.29,20.1,1005.27,6.8,1998,1990
1998-10-18,26.4,22.2,23.6,99,81,94.38,133.4,1004.81,9.8,1998,1990
1998-10-19,24.2,21.9,23.15,99,93,98.21,121.0,1006.45,10.0,1998,1990
1998-10-20,27.9,20.0,23.71,98,73,90.29,4.8,1007.13,9.8,1998,1990
1998-10-21,27.9,22.1,24.44,96,73,89.25,11.9,1006.84,7.7,1998,1990
1998-10-22,27.6,22.4,24.05,99,80,93.58,22.0,1006.74,11.2,1998,1990
1998-10-23,23.4,22.0,22.67,99,95,98.71,154.8,1008.09,15.7,1998,1990
1998-10-24,25.5,22.0,23.23,99,82,92.96,29.5,1009.45,16.1,1998,1990
1998-10-25,26.3,21.8,23.56,99,75,89.75,11.2,1007.91,13.3,1998,1990
1998-10-26,26.3,21.8,23.63,99,79,90.17,19.7,1006.93,16.1,1998,1990
1998-10-27,26.4,21.6,23.57,98,80,92.04,10.4,1007.08,13.3,1998,1990
1998-10-28,26.3,22.3,23.38,99,80,93.46,67.6,1006.12,14.5,1998,1990
1998-10-29,26.6,22.3,23.8,99,86,93.83,9.0,1004.83,14.2,1998,1990
1998-10-30,27.4,22.3,24.51,96,73,87.88,1.7,1004.68,14.5,1998,1990
1998-10-31,27.9,22.3,24.38,98,71,88.25,13.7,1005.09,12.9,1998,1990
1998-11-01,28.7,22.6,24.5,96,72,89.83,12.3,1004.92,6.0,1998,1990
1998-11-02,27.7,22.0,23.85,99,80,92.5,16.9,1005.02,9.3,1998,1990
1998-11-03,24.5,21.7,22.95,99,94,97.67,37.7,1005.59,8.2,1998,1990
1998-11-04,27.3,20.4,23.65,99,81,92.67,10.8,1005.28,8.2,1998,1990
1998-11-05,27.6,21.0,23.88,99,79,91.54,17.2,1005.58,8.2,1998,1990
1998-11-06,28.9,21.6,24.04,99,70,91.75,49.6,1006.2,7.2,1998,1990
1998-11-07,24.6,21.6,23.03,99,89,96.83,77.3,1008.59,11.2,1998,1990
1998-11-08,27.3,20.5,23.45,100,77,91.12,9.6,1008.27,4.2,1998,1990
1998-11-09,27.6,21.5,24.17,95,76,88.33,12.6,1006.12,5.4,1998,1990
1998-11-10,29.5,20.8,24.8,96,60,82.88,2.6,1005.76,6.1,1998,1990
1998-11-11,28.9,21.5,24.56,93,64,82.92,7.9,1006.36,7.2,1998,1990
1998-11-12,28.8,21.8,24.6,94,66,82.96,5.9,1005.97,7.2,1998,1990
1998-11-13,29.3,21.4,24.48,94,63,82.88,4.3,1004.87,6.9,1998,1990
1998-11-14,28.6,21.1,24.45,94,64,83.67,4.3,1004.29,7.0,1998,1990
1998-11-15,27.2,21.3,23.92,97,73,87.25,5.5,1004.35,9.1,1998,1990
1998-11-16,28.1,22.1,24.5,95,70,87.46,8.8,1004.08,6.5,1998,1990
1998-11-17,29.3,21.6,24.48,95,67,87.25,8.2,1004.3,6.8,1998,1990
1998-11-18,27.7,21.8,24.07,96,80,91.25,10.6,1005.0,6.2,1998,1990
1998-11-19,27.3,21.4,23.8,99,76,91.79,16.1,1005.16,6.1,1998,1990
1998-11-20,27.0,21.5,23.42,99,79,94.21,23.9,1004.7,5.0,1998,1990
1998-11-21,24.2,21.5,22.56,99,94,98.58,70.2,1006.16,5.4,1998,1990
1998-11-22,26.2,20.7,23.05,99,78,93.29,12.4,1007.58,5.8,1998,1990
1998-11-23,28.4,20.3,23.89,99,69,87.54,5.2,1007.46,6.5,1998,1990
1998-11-24,28.5,21.8,24.1,95,69,86.5,13.1,1006.52,6.7,1998,1990
1998-11-25,28.0,20.9,23.54,95,71,87.62,3.2,1006.02,6.4,1998,1990
1998-11-26,27.9,20.7,23.87,96,66,85.12,4.7,1006.42,6.2,1998,1990
1998-11-27,28.0,21.2,23.93,95,66,84.21,3.2,1007.01,5.8,1998,1990
1998-11-28,27.6,20.7,23.71,95,68,86.54,11.6,1006.48,5.2,1998,1990
1998-11-29,26.8,20.7,23.09,99,76,92.62,21.3,1006.2,4.8,1998,1990
1998-11-30,25.2,20.9,23.0,99,86,93.71,10.6,1006.33,6.1,1998,1990
1998-12-01,27.5,20.6,23.39,99,71,91.04,23.1,1006.1,5.4,1998,1990
1998-12-02,27.6,20.7,22.83,99,74,94.79,55.2,1005.93,6.4,1998,1990
1998-12-03,26.8,20.4,23.09,99,80,93.71,29.4,1005.92,5.5,1998,1990
1998-12-04,25.2,21.7,23.34,99,88,93.04,37.7,1006.37,7.6,1998,1990
1998-12-05,25.4,22.0,23.5,99,82,91.5,11.2,1006.73,10.9,1998,1990
1998-12-06,24.6,22.2,22.81,99,93,98.29,114.9,1006.57,8.4,1998,1990
1998-12-07,25.2,21.2,22.77,99,94,97.79,107.3,1006.59,7.4,1998,1990
1998-12-08,24.3,21.5,22.58,99,94,98.17,114.1,1007.37,9.1,1998,1990
1998-12-09,26.2,20.5,22.45,99,82,94.62,11.1,1007.18,5.9,1998,1990
1998-12-10,26.3,19.7,22.51,99,78,93.38,23.6,1007.01,6.5,1998,1990
1998-12-11,25.4,21.2,23.05,99,86,92.58,7.2,1006.98,10.0,1998,1990
1998-12-12,25.9,21.6,23.5,98,80,90.83,11.9,1007.12,7.6,1998,1990
1998-12-13,27.8,21.4,24.13,99,70,87.83,6.8,1006.39,5.6,1998,1990
1998-12-14,28.3,20.7,24.0,95,66,85.17,2.8,1005.88,6.8,1998,1990
1998-12-15,27.5,20.9,23.72,96,72,88.04,11.5,1006.82,5.2,1998,1990
1998-12-16,27.5,21.7,23.98,98,72,87.58,12.9,1006.14,7.5,1998,1990
1998-12-17,27.5,20.8,23.95,99,70,87.75,7.7,1005.97,7.6,1998,1990
1998-12-18,24.3,21.9,22.72,99,94,98.25,52.4,1006.27,6.5,1998,1990
1998-12-19,28.8,19.7,24.2,99,68,88.17,4.9,1006.37,7.7,1998,1990
1998-12-20,29.1,22.3,25.0,93,61,80.29,1.1,1006.72,6.1,1998,1990
1998-12-21,27.5,22.2,24.31,92,69,82.21,9.6,1006.35,6.5,1998,1990
1998-12-22,26.9,21.7,24.12,93,75,86.92,4.1,1005.25,6.0,1998,1990
1998-12-23,28.5,22.1,24.69,92,63,78.04,0.0,1005.03,7.4,1998,1990
1998-12-24,29.3,21.7,24.87,85,57,75.17,0.5,1005.88,7.6,1998,1990
1998-12-25,28.8,21.4,24.38,90,62,78.54,2.5,1006.42,8.4,1998,1990
1998-12-26,29.2,21.1,24.25,92,59,80.0,2.0,1006.38,8.0,1998,1990
1998-12-27,27.8,21.1,24.29,92,68,82.0,4.9,1006.62,7.8,1998,1990
1998-12-28,28.1,20.8,23.72,95,63,82.75,7.3,1006.65,7.6,1998,1990
1998-12-29,28.8,20.7,24.26,93,63,80.67,2.0,1005.66,8.0,1998,1990
1998-12-30,29.7,21.0,24.65,94,58,79.46,2.0,1005.28,7.9,1998,1990
1998-12-31,29.4,21.5,24.75,94,61,83.21,7.6,1005.16,5.8,1998,1990
1999-01-01,28.3,22.4,24.55,94,69,86.96,14.6,1004.64,5.5,1999,1990
1999-01-02,28.2,21.0,24.02,96,68,87.38,8.2,1004.92,7.2,1999,1990
1999-01-03,28.9,22.0,24.41,98,68,86.5,10.8,1005.33,6.9,1999,1990
1999-01-04,28.7,21.5,24.69,98,64,83.62,2.7,1005.97,5.1,1999,1990
1999-01-05,29.4,19.9,24.36,93,56,76.58,0.8,1006.49,8.8,1999,1990
1999-01-06,29.0,21.4,24.65,93,57,78.46,1.0,1006.41,6.8,1999,1990
1999-01-07,29.7,21.0,24.8,86,56,74.46,0.5,1006.08,8.0,1999,1990
1999-01-08,29.9,19.7,24.53,85,52,73.04,0.4,1005.42,9.0,1999,1990
1999-01-09,29.4,20.3,24.38,91,58,77.17,1.1,1005.39,8.4,1999,1990
1999-01-10,29.7,20.8,24.68,92,55,77.17,2.8,1006.01,8.0,1999,1990
1999-01-11,29.3,20.9,24.64,91,57,77.54,1.6,1006.74,7.4,1999,1990
1999-01-12,28.6,20.1,23.78,92,61,80.33,2.2,1006.62,8.0,1999,1990
1999-01-13,28.1,20.6,23.75,94,63,81.08,6.8,1007.42,7.2,1999,1990
1999-01-14,28.4,19.8,23.62,95,59,81.08,2.6,1008.13,7.2,1999,1990
1999-01-15,29.3,20.1,23.82,94,51,76.92,1.0,1007.6,7.7,1999,1990
1999-01-16,29.2,19.9,23.54,92,55,76.79,2.8,1008.14,7.6,1999,1990
1999-01-17,29.4,19.7,23.76,92,54,75.75,2.4,1008.13,8.3,1999,1990
1999-01-18,30.1,19.6,24.36,86,48,72.5,0.6,1007.33,8.4,1999,1990
1999-01-19,30.4,19.9,24.58,88,49,70.5,0.4,1006.82,9.2,1999,1990
1999-01-20,30.6,20.5,24.97,89,48,71.29,0.7,1005.92,8.0,1999,1990
1999-01-21,30.2,20.5,24.74,84,48,69.96,2.3,1004.74,7.9,1999,1990
1999-01-22,30.4,20.7,24.8,85,48,71.29,6.1,1004.56,8.3,1999,1990
1999-01-23,29.8,21.5,24.62,90,56,78.04,5.2,1004.56,6.9,1999,1990
1999-01-24,29.5,20.7,24.75,88,50,68.75,0.4,1004.32,8.7,1999,1990
1999-01-25,30.5,20.7,25.68,80,47,61.04,0.1,1004.92,10.2,1999,1990
1999-01-26,30.4,21.5,25.56,83,47,65.12,1.0,1005.86,7.2,1999,1990
1999-01-27,30.4,21.1,25.3,81,47,66.17,0.8,1005.05,7.6,1999,1990
1999-01-28,30.7,21.2,25.73,82,46,65.25,0.8,1004.16,8.0,1999,1990
1999-01-29,31.8,20.8,25.76,80,44,66.62,0.6,1004.16,9.0,1999,1990
1999-01-30,31.7,22.1,26.32,80,46,65.67,0.8,1004.05,8.4,1999,1990
1999-01-31,31.7,21.6,26.35,78,45,62.62,0.6,1004.11,9.1,1999,1990
1999-02-01,30.5,21.9,26.05,83,51,66.04,1.1,1004.52,7.9,1999,1990
1999-02-02,31.3,23.4,26.47,73,44,60.58,0.3,1004.57,10.0,1999,1990
1999-02-03,31.5,23.0,26.32,71,40,57.29,0.1,1005.0,9.8,1999,1990
1999-02-04,32.0,21.7,26.22,69,38,56.17,0.1,1005.29,10.9,1999,1990
1999-02-05,31.5,22.9,26.39,69,41,57.58,0.0,1005.6,10.3,1999,1990
1999-02-06,31.5,22.9,26.3,72,30,51.62,0.0,1005.68,10.5,1999,1990
1999-02-07,32.2,19.6,25.52,67,34,52.46,0.3,1005.86,11.2,1999,1990
1999-02-08,32.4,21.0,26.09,76,30,54.75,0.0,1005.47,11.6,1999,1990
1999-02-09,32.3,21.6,26.35,72,33,56.08,0.1,1005.81,10.4,1999,1990
1999-02-10,32.3,22.3,26.81,74,42,59.71,1.2,1005.85,8.5,1999,1990
1999-02-11,31.9,22.7,26.79,79,45,63.38,0.4,1005.11,7.8,1999,1990
1999-02-12,32.1,22.9,26.79,80,44,64.04,1.1,1005.74,7.6,1999,1990
1999-02-13,30.7,22.6,26.37,82,46,63.12,1.5,1005.75,8.0,1999,1990
1999-02-14,30.4,22.8,25.98,75,44,60.46,5.7,1006.82,8.1,1999,1990
1999-02-15,31.3,21.6,26.19,83,41,60.5,3.9,1007.12,7.9,1999,1990
1999-02-16,31.6,22.2,25.98,81,42,62.21,7.9,1006.97,7.1,1999,1990
1999-02-17,28.0,21.9,24.24,98,63,83.92,14.6,1007.31,5.4,1999,1990
1999-02-18,27.9,21.2,23.72,99,67,88.62,18.4,1006.57,8.6,1999,1990
1999-02-19,28.2,21.8,24.4,99,72,87.71,5.2,1006.58,6.6,1999,1990
1999-02-20,29.1,22.6,24.8,95,69,86.67,9.0,1006.45,7.5,1999,1990
1999-02-21,29.7,21.9,24.89,96,60,82.75,5.5,1007.27,6.4,1999,1990
1999-02-22,30.1,20.7,25.05,92,50,74.83,1.1,1007.61,6.8,1999,1990
1999-02-23,30.5,20.7,25.05,84,47,67.79,0.0,1007.52,9.0,1999,1990
1999-02-24,30.7,21.0,25.48,78,45,61.62,0.0,1007.54,9.8,1999,1990
1999-02-25,30.9,20.9,25.54,74,41,57.46,0.0,1006.89,11.3,1999,1990
1999-02-26,31.6,21.5,25.95,77,42,58.21,0.2,1005.78,11.0,1999,1990
1999-02-27,31.7,20.5,25.79,76,42,59.25,0.3,1006.55,10.8,1999,1990
1999-02-28,31.9,20.0,25.63,73,39,59.5,1.9,1007.15,9.7,1999,1990
1999-03-01,31.6,20.6,25.7,80,39,62.62,1.4,1006.44,9.1,1999,1990
1999-03-02,31.3,20.1,25.41,80,38,61.75,0.0,1005.76,8.8,1999,1990
1999-03-03,31.9,19.8,25.56,79,34,58.46,0.0,1005.44,9.7,1999,1990
1999-03-04,32.2,20.3,25.74,75,38,58.17,0.0,1005.18,11.2,1999,1990
1999-03-05,32.4,22.4,26.77,67,37,53.62,0.0,1005.03,10.8,1999,1990
1999-03-06,32.1,22.0,26.79,69,45,57.04,0.5,1004.13,10.5,1999,1990
1999-03-07,32.5,23.4,27.2,74,40,58.46,0.0,1004.12,9.4,1999,1990
1999-03-08,32.0,23.4,26.61,68,36,55.04,0.0,1003.6,11.3,1999,1990
1999-03-09,32.5,22.3,26.56,65,34,51.75,0.0,1003.76,12.3,1999,1990
1999-03-10,32.7,22.0,26.62,69,34,53.5,0.0,1003.64,11.9,1999,1990
1999-03-11,33.3,20.9,26.68,73,32,54.12,0.0,1003.72,11.6,1999,1990
1999-03-12,33.3,22.3,27.37,74,37,57.88,0.0,1003.27,11.7,1999,1990
1999-03-13,33.1,23.2,27.59,77,41,61.75,0.4,1003.76,8.6,1999,1990
1999-03-14,32.4,23.2,26.9,86,46,69.5,4.6,1004.8,7.6,1999,1990
1999-03-15,32.1,22.2,26.57,92,45,70.96,6.7,1005.65,7.6,1999,1990
1999-03-16,32.0,22.3,26.55,87,44,65.58,2.5,1005.52,8.0,1999,1990
1999-03-17,31.2,24.0,26.98,78,50,64.04,12.8,1004.61,6.5,1999,1990
1999-03-18,32.4,23.9,27.48,78,41,60.46,1.1,1004.22,7.1,1999,1990
1999-03-19,33.7,22.1,27.24,75,23,51.08,0.0,1004.92,9.0,1999,1990
1999-03-20,33.0,21.2,26.68,73,36,53.79,0.0,1005.25,10.5,1999,1990
1999-03-21,33.0,21.8,26.88,74,34,55.17,0.7,1005.54,8.8,1999,1990
1999-03-22,33.4,21.5,26.85,71,30,51.75,0.0,1005.35,10.2,1999,1990
1999-03-23,33.1,21.6,26.92,68,37,54.88,0.2,1005.36,11.0,1999,1990
1999-03-24,33.9,22.4,27.58,74,35,56.92,0.0,1004.8,9.9,1999,1990
1999-03-25,33.3,23.7,27.98,72,40,56.83,0.0,1003.55,9.4,1999,1990
1999-03-26,33.7,24.6,28.38,71,38,55.58,0.0,1003.45,9.1,1999,1990
1999-03-27,33.7,24.3,27.92,72,37,58.29,0.6,1005.15,10.0,1999,1990
1999-03-28,33.2,23.5,26.87,86,39,66.83,5.6,1006.28,6.9,1999,1990
1999-03-29,32.3,23.5,27.11,88,47,68.33,8.2,1005.74,8.0,1999,1990
1999-03-30,33.8,24.0,28.0,84,34,60.71,0.5,1005.17,7.3,1999,1990
1999-03-31,33.7,22.6,27.69,72,37,55.92,0.2,1004.2,9.1,1999,1990
1999-04-01,34.2,22.4,27.82,77,31,54.92,0.0,1004.0,9.4,1999,1990
1999-04-02,34.1,22.3,27.73,70,35,55.12,0.0,1003.81,10.0,1999,1990
1999-04-03,34.0,22.5,27.7,76,35,59.29,0.8,1004.44,8.9,1999,1990
1999-04-04,32.7,23.2,27.0,80,43,66.79,2.7,1005.89,7.3,1999,1990
1999-04-05,30.6,23.5,26.59,89,54,73.88,2.6,1006.25,5.8,1999,1990
1999-04-06,31.7,22.7,26.44,90,48,73.04,2.5,1006.26,7.4,1999,1990
1999-04-07,33.0,22.4,27.14,84,36,58.42,0.0,1006.43,9.6,1999,1990
1999-04-08,33.8,22.0,27.18,70,29,50.12,0.1,1005.9,10.7,1999,1990
1999-04-09,33.5,21.7,27.01,59,29,45.83,0.4,1004.92,11.4,1999,1990
1999-04-10,33.7,20.8,26.78,75,32,54.0,0.1,1005.73,9.6,1999,1990
1999-04-11,31.7,23.1,26.36,83,49,69.71,4.4,1006.88,6.9,1999,1990
1999-04-12,32.2,24.1,27.35,83,45,65.79,0.7,1006.58,7.4,1999,1990
1999-04-13,32.9,22.3,27.16,73,39,58.92,1.3,1005.86,8.4,1999,1990
1999-04-14,32.5,22.9,26.23,92,44,70.08,7.5,1005.63,8.2,1999,1990
1999-04-15,30.9,22.8,26.19,92,54,77.04,7.6,1005.34,6.5,1999,1990
1999-04-16,30.9,23.3,26.41,89,59,76.79,5.9,1004.24,5.9,1999,1990
1999-04-17,31.4,22.8,26.4,90,55,76.58,13.2,1004.81,6.1,1999,1990
1999-04-18,31.9,22.9,27.0,92,54,72.83,4.1,1006.23,7.8,1999,1990
1999-04-19,32.5,24.1,27.58,71,40,57.12,0.0,1005.76,11.8,1999,1990
1999-04-20,33.0,23.6,27.55,63,35,51.12,0.0,1004.42,9.3,1999,1990
1999-04-21,33.5,22.4,27.59,65,37,52.5,0.2,1003.31,10.3,1999,1990
1999-04-22,32.9,23.7,27.88,72,44,59.21,2.9,1004.13,8.7,1999,1990
1999-04-23,31.4,23.2,27.05,84,51,67.58,10.3,1005.39,5.9,1999,1990
1999-04-24,30.4,23.2,25.59,98,56,78.83,36.0,1006.08,8.0,1999,1990
1999-04-25,29.2,22.3,24.44,99,63,88.62,31.0,1006.31,6.6,1999,1990
1999-04-26,27.6,21.7,23.9,99,77,91.33,18.2,1006.47,7.5,1999,1990
1999-04-27,26.6,21.8,23.68,99,81,91.67,11.2,1007.28,7.6,1999,1990
1999-04-28,27.5,21.1,23.9,99,78,90.38,12.8,1006.46,7.6,1999,1990
1999-04-29,28.1,21.4,24.02,99,72,90.25,7.4,1005.12,9.7,1999,1990
1999-04-30,27.6,21.5,23.74,99,75,92.29,25.1,1005.22,10.1,1999,1990
1999-05-01,25.4,21.5,23.23,99,88,94.12,16.7,1006.28,7.4,1999,1990
1999-05-02,28.3,21.0,23.72,99,75,90.67,9.2,1007.29,7.8,1999,1990
1999-05-03,28.4,21.2,23.58,99,74,92.96,35.2,1007.82,7.5,1999,1990
1999-05-04,28.3,21.5,23.98,100,73,91.75,19.3,1007.08,8.0,1999,1990
1999-05-05,28.9,21.2,24.24,100,71,89.67,9.9,1007.09,7.9,1999,1990
1999-05-06,28.2,22.4,24.55,96,73,88.46,8.4,1007.07,7.0,1999,1990
1999-05-07,27.8,21.4,24.01,99,77,91.96,18.7,1007.19,8.8,1999,1990
1999-05-08,27.9,21.7,24.36,99,77,91.62,10.2,1007.27,5.8,1999,1990
1999-05-09,28.2,21.2,24.37,99,73,88.71,9.8,1007.09,4.4,1999,1990
1999-05-10,27.9,21.6,23.6,99,73,91.04,22.4,1006.82,7.5,1999,1990
1999-05-11,25.8,20.6,22.86,99,87,94.62,40.9,1006.97,8.6,1999,1990
1999-05-12,25.3,21.2,23.15,99,84,92.54,15.0,1007.52,8.3,1999,1990
1999-05-13,27.3,21.4,23.98,95,71,86.5,9.5,1007.38,6.3,1999,1990
1999-05-14,27.3,21.4,24.09,95,76,88.21,15.1,1007.45,5.8,1999,1990
1999-05-15,27.8,22.0,24.32,98,74,89.71,18.0,1007.05,6.5,1999,1990
1999-05-16,27.4,21.6,23.78,99,75,92.12,34.6,1006.08,6.1,1999,1990
1999-05-17,28.3,20.4,23.77,99,71,90.75,12.7,1004.91,6.2,1999,1990
1999-05-18,27.9,21.7,24.46,97,78,89.75,10.9,1004.76,7.4,1999,1990
1999-05-19,28.1,22.2,24.38,97,73,89.79,14.6,1005.08,8.6,1999,1990
1999-05-20,28.1,21.4,24.13,99,76,91.58,8.6,1005.56,6.6,1999,1990
1999-05-21,27.4,21.1,24.01,99,76,91.25,14.8,1006.13,7.6,1999,1990
1999-05-22,28.3,22.0,24.39,99,76,90.54,7.2,1005.38,7.6,1999,1990
1999-05-23,29.2,22.5,24.98,97,70,87.62,6.0,1004.81,6.6,1999,1990
1999-05-24,28.3,22.4,24.93,96,75,88.46,13.0,1006.05,7.7,1999,1990
1999-05-25,27.5,21.8,24.71,98,76,89.21,9.4,1007.25,8.0,1999,1990
1999-05-26,28.8,22.3,25.32,95,71,84.58,8.3,1007.16,7.2,1999,1990
1999-05-27,30.3,21.3,25.53,94,61,80.62,2.5,1005.97,7.4,1999,1990
1999-05-28,30.7,21.7,25.83,93,58,79.88,1.0,1006.04,7.3,1999,1990
1999-05-29,28.8,22.8,25.38,94,67,82.5,7.8,1007.4,6.5,1999,1990
1999-05-30,29.3,22.6,25.25,95,67,84.25,7.6,1006.61,7.2,1999,1990
1999-05-31,28.5,21.8,24.64,99,70,87.0,12.2,1004.61,6.5,1999,1990
1999-06-01,28.0,21.7,24.29,99,78,91.54,11.7,1004.5,5.2,1999,1990
1999-06-02,28.7,22.0,24.75,97,75,89.29,10.0,1005.38,5.2,1999,1990
1999-06-03,27.4,22.4,24.55,96,77,89.75,20.5,1006.63,6.3,1999,1990
1999-06-04,27.7,22.7,24.64,95,73,87.79,8.7,1006.59,7.2,1999,1990
1999-06-05,28.1,22.1,24.28,99,73,89.75,7.0,1006.57,6.2,1999,1990
1999-06-06,26.2,22.3,23.73,99,81,94.33,15.1,1007.15,5.8,1999,1990
1999-06-07,28.3,22.0,23.99,99,74,92.54,16.4,1007.19,6.0,1999,1990
1999-06-08,27.7,21.3,23.92,99,77,91.79,18.1,1006.91,6.6,1999,1990
1999-06-09,28.1,21.2,24.28,99,68,88.04,3.4,1006.61,6.5,1999,1990
1999-06-10,28.5,21.6,24.73,96,71,87.21,7.5,1006.22,5.1,1999,1990
1999-06-11,28.9,22.5,24.88,95,69,86.17,5.9,1006.21,6.9,1999,1990
1999-06-12,26.9,22.5,24.32,96,84,90.88,17.2,1006.6,7.4,1999,1990
1999-06-13,26.3,22.2,23.72,99,82,92.08,17.6,1007.57,7.1,1999,1990
1999-06-14,27.0,21.0,23.98,99,76,90.67,9.5,1007.69,7.1,1999,1990
1999-06-15,28.0,22.3,24.37,96,70,88.42,13.1,1006.9,9.0,1999,1990
1999-06-16,27.8,22.1,24.29,96,77,90.17,13.8,1006.49,7.2,1999,1990
1999-06-17,26.8,21.7,23.76,99,78,91.88,8.8,1006.9,7.8,1999,1990
1999-06-18,25.7,21.6,23.39,99,86,94.5,24.0,1006.09,6.7,1999,1990
1999-06-19,26.0,21.4,23.18,99,85,95.33,38.3,1005.29,8.4,1999,1990
1999-06-20,25.6,21.4,22.96,99,85,95.83,24.1,1005.48,4.8,1999,1990
1999-06-21,26.8,19.9,23.48,99,85,92.92,11.6,1006.1,10.6,1999,1990
1999-06-22,25.9,21.6,23.62,99,83,93.88,21.7,1006.69,7.4,1999,1990
1999-06-23,27.5,21.7,23.8,99,74,91.29,12.4,1007.2,7.3,1999,1990
1999-06-24,28.1,21.7,24.31,96,73,88.46,9.5,1007.07,6.6,1999,1990
1999-06-25,26.9,21.9,24.26,96,79,89.12,8.1,1007.15,7.1,1999,1990
1999-06-26,27.3,20.7,23.8,98,76,90.88,19.3,1007.17,6.1,1999,1990
1999-06-27,26.1,21.2,22.8,99,83,95.54,76.4,1007.18,7.1,1999,1990
1999-06-28,24.8,21.3,22.68,100,88,95.67,18.4,1007.12,7.1,1999,1990
1999-06-29,24.4,20.2,22.19,99,89,98.04,18.7,1006.46,6.2,1999,1990
1999-06-30,27.1,20.3,23.08,99,72,90.42,19.6,1006.35,10.2,1999,1990
1999-07-01,28.5,20.3,23.56,99,70,90.08,23.9,1007.03,6.5,1999,1990
1999-07-02,28.2,20.4,23.59,99,69,89.33,16.8,1006.68,7.0,1999,1990
1999-07-03,28.4,21.2,23.85,99,73,91.12,15.3,1006.81,9.7,1999,1990
1999-07-04,26.8,20.3,23.04,99,81,93.08,6.6,1007.95,8.0,1999,1990
1999-07-05,27.7,21.3,23.86,99,75,89.96,11.5,1008.37,6.9,1999,1990
1999-07-06,27.7,20.8,23.92,95,70,85.79,4.4,1007.84,7.6,1999,1990
1999-07-07,28.1,20.9,23.78,98,67,86.71,9.5,1007.96,7.2,1999,1990
1999-07-08,28.2,20.3,23.8,99,72,89.25,8.0,1007.83,5.4,1999,1990
1999-07-09,28.2,21.3,23.98,98,69,86.79,14.5,1007.44,6.8,1999,1990
1999-07-10,26.9,20.8,23.24,98,73,90.21,6.3,1006.88,9.1,1999,1990
1999-07-11,25.7,21.5,23.15,99,85,94.0,70.1,1006.67,5.3,1999,1990
1999-07-12,26.7,21.7,23.81,95,73,87.08,24.5,1006.09,6.8,1999,1990
1999-07-13,27.8,20.7,23.85,96,69,84.17,8.7,1006.07,6.5,1999,1990
1999-07-14,28.6,21.6,24.36,96,69,87.38,3.3,1006.08,6.9,1999,1990
1999-07-15,28.8,21.8,24.7,97,73,87.58,10.7,1005.86,5.1,1999,1990
1999-07-16,28.7,21.6,24.28,99,69,88.54,15.6,1006.46,7.5,1999,1990
1999-07-17,27.4,20.9,23.83,99,74,90.75,15.1,1007.75,8.0,1999,1990
1999-07-18,27.3,21.1,24.05,99,74,89.25,11.8,1007.97,7.6,1999,1990
1999-07-19,28.4,21.7,24.39,95,71,88.25,9.4,1006.62,6.6,1999,1990
1999-07-20,26.6,21.6,23.84,99,80,91.79,20.4,1006.36,6.5,1999,1990
1999-07-21,28.5,21.4,24.33,99,70,87.62,7.6,1007.04,5.2,1999,1990
1999-07-22,29.1,21.8,24.24,94,63,85.17,15.4,1007.48,6.5,1999,1990
1999-07-23,28.1,22.1,23.95,97,68,89.46,14.3,1007.11,6.6,1999,1990
1999-07-24,27.7,21.4,23.94,99,78,90.67,6.1,1006.12,5.9,1999,1990
1999-07-25,28.6,21.6,24.64,98,72,87.83,9.6,1005.62,5.1,1999,1990
1999-07-26,28.1,22.2,24.6,95,71,87.42,11.3,1005.57,6.2,1999,1990
1999-07-27,28.5,22.6,24.68,94,69,86.83,12.0,1005.99,5.2,1999,1990
1999-07-28,26.8,21.3,24.26,98,78,90.33,11.1,1006.79,6.9,1999,1990
1999-07-29,28.7,21.4,24.58,99,71,90.33,11.2,1006.7,6.9,1999,1990
1999-07-30,28.1,22.2,24.67,98,77,89.58,16.5,1005.53,5.1,1999,1990
1999-07-31,27.6,21.8,24.23,99,74,90.25,19.6,1004.76,6.3,1999,1990
1999-08-01,28.1,21.7,24.42,99,74,89.67,19.3,1004.93,5.9,1999,1990
1999-08-02,27.3,21.8,23.65,99,77,93.83,34.9,1005.95,9.4,1999,1990
1999-08-03,25.7,21.8,22.97,99,87,96.92,62.8,1007.32,8.6,1999,1990
1999-08-04,25.6,21.0,22.88,99,86,96.12,43.5,1007.31,7.3,1999,1990
1999-08-05,27.7,20.6,23.68,99,73,90.04,14.0,1007.02,7.7,1999,1990
1999-08-06,26.6,21.9,23.81,99,82,92.12,15.3,1007.1,6.2,1999,1990
1999-08-07,28.2,20.7,23.61,99,72,91.42,8.4,1006.85,5.4,1999,1990
1999-08-08,26.6,20.3,23.28,99,77,92.88,23.6,1006.25,5.4,1999,1990
1999-08-09,26.0,21.5,23.33,99,82,93.71,17.5,1005.74,5.0,1999,1990
1999-08-10,27.1,21.1,23.68,99,84,92.54,21.4,1005.8,6.9,1999,1990
1999-08-11,27.5,21.1,23.76,97,75,90.29,15.0,1006.26,6.6,1999,1990
1999-08-12,27.3,21.0,24.0,98,73,88.46,11.0,1006.45,6.0,1999,1990
1999-08-13,26.3,20.5,23.17,99,78,93.12,28.3,1006.59,7.9,1999,1990
1999-08-14,27.5,20.9,23.41,99,77,92.17,25.3,1005.86,8.4,1999,1990
1999-08-15,26.4,21.4,23.25,99,85,93.33,8.3,1006.71,10.1,1999,1990
1999-08-16,29.2,20.3,24.33,96,67,86.62,3.6,1008.1,6.5,1999,1990
1999-08-17,29.5,21.4,24.75,96,65,84.88,2.9,1006.99,7.2,1999,1990
1999-08-18,27.1,21.9,23.97,99,77,90.33,11.8,1006.19,7.6,1999,1990
1999-08-19,26.6,21.3,22.86,99,81,96.12,22.5,1007.72,8.8,1999,1990
1999-08-20,25.0,20.4,22.6,99,84,95.12,16.9,1009.0,7.9,1999,1990
1999-08-21,24.2,21.3,22.62,99,91,97.96,78.3,1008.98,9.6,1999,1990
1999-08-22,26.3,21.3,23.22,99,85,94.25,29.8,1007.48,6.8,1999,1990
1999-08-23,26.3,20.6,22.73,99,83,95.42,17.0,1006.99,7.4,1999,1990
1999-08-24,26.2,21.0,22.83,99,80,94.67,25.8,1007.09,10.1,1999,1990
1999-08-25,26.8,21.8,23.15,99,81,95.79,25.8,1007.59,8.4,1999,1990
1999-08-26,26.4,21.0,23.35,99,82,92.58,18.0,1007.49,7.1,1999,1990
1999-08-27,27.6,21.4,23.62,99,76,92.54,10.6,1007.33,7.0,1999,1990
1999-08-28,26.4,21.6,23.6,99,85,93.88,18.2,1006.72,8.1,1999,1990
1999-08-29,29.2,21.9,24.22,97,70,89.67,11.6,1005.71,8.0,1999,1990
1999-08-30,28.8,21.7,24.03,97,71,90.17,10.4,1004.98,8.9,1999,1990
1999-08-31,25.4,22.1,23.38,99,88,96.92,48.7,1005.53,8.2,1999,1990
1999-09-01,28.1,21.7,23.73,99,73,91.79,25.2,1006.32,8.6,1999,1990
1999-09-02,28.2,21.9,24.0,99,71,88.96,10.5,1005.85,5.9,1999,1990
1999-09-03,28.3,20.6,23.59,99,74,92.25,28.1,1005.72,9.2,1999,1990
1999-09-04,27.0,20.9,23.37,99,75,92.08,16.5,1006.68,8.7,1999,1990
1999-09-05,27.4,20.8,23.76,99,74,90.33,9.9,1007.48,7.9,1999,1990
1999-09-06,28.3,20.7,24.23,97,72,88.79,14.7,1006.88,7.4,1999,1990
1999-09-07,28.2,21.8,23.8,99,76,91.92,13.3,1006.61,6.6,1999,1990
1999-09-08,27.4,21.5,23.65,99,78,91.5,20.5,1006.32,9.0,1999,1990
1999-09-09,25.1,21.5,22.85,99,84,96.12,34.8,1006.41,7.6,1999,1990
1999-09-10,26.5,21.5,23.34,99,80,93.38,29.1,1005.85,9.2,1999,1990
1999-09-11,25.7,21.6,23.33,99,83,93.88,25.7,1005.76,9.9,1999,1990
1999-09-12,26.6,20.5,22.81,99,80,95.08,29.5,1006.08,5.8,1999,1990
1999-09-13,26.8,21.2,23.16,99,79,93.79,28.6,1005.23,10.3,1999,1990
1999-09-14,27.8,21.0,23.12,99,74,93.21,31.5,1004.3,11.2,1999,1990
1999-09-15,26.2,21.4,23.13,99,77,92.75,10.7,1004.98,11.3,1999,1990
1999-09-16,26.9,20.5,23.16,99,77,90.46,5.5,1005.56,9.0,1999,1990
1999-09-17,26.8,21.4,23.33,99,77,91.75,20.8,1006.04,7.9,1999,1990
1999-09-18,25.6,20.7,22.87,99,88,96.33,26.6,1006.07,9.0,1999,1990
1999-09-19,27.8,21.8,24.0,96,73,89.33,11.2,1006.25,6.5,1999,1990
1999-09-20,28.7,21.8,24.52,95,69,85.83,4.3,1006.72,7.4,1999,1990
1999-09-21,25.8,21.4,23.68,99,86,93.21,12.5,1007.18,6.4,1999,1990
1999-09-22,28.2,20.7,23.48,99,72,91.88,9.7,1007.53,10.3,1999,1990
1999-09-23,27.0,20.7,23.26,99,72,90.88,10.6,1007.6,9.3,1999,1990
1999-09-24,26.6,20.8,23.57,99,74,89.83,6.5,1007.62,9.7,1999,1990
1999-09-25,26.6,21.7,23.48,99,77,90.0,18.2,1006.77,9.5,1999,1990
1999-09-26,26.5,21.4,23.06,99,77,92.67,23.8,1005.57,10.5,1999,1990
1999-09-27,25.4,21.0,22.43,99,82,96.33,38.8,1005.97,11.6,1999,1990
1999-09-28,25.6,20.6,22.85,99,79,91.17,18.4,1007.27,7.3,1999,1990
1999-09-29,25.7,20.6,22.96,99,79,92.04,16.0,1007.45,8.9,1999,1990
1999-09-30,26.3,20.6,22.75,99,81,94.54,29.4,1006.53,8.4,1999,1990
1999-10-01,26.1,21.6,23.24,99,81,92.08,16.3,1006.37,14.0,1999,1990
1999-10-02,27.4,21.2,23.64,96,71,88.08,12.4,1006.42,9.0,1999,1990
1999-10-03,27.8,21.6,23.89,97,72,88.71,9.8,1006.35,5.6,1999,1990
1999-10-04,26.8,21.5,23.3,99,79,92.54,17.2,1006.38,7.7,1999,1990
1999-10-05,27.2,20.7,22.58,99,77,96.75,18.1,1006.2,5.9,1999,1990
1999-10-06,25.7,20.9,22.79,99,82,94.0,16.5,1006.72,11.8,1999,1990
1999-10-07,26.0,20.6,22.94,99,80,91.54,22.5,1006.55,6.4,1999,1990
1999-10-08,27.8,20.2,23.32,98,75,90.58,20.5,1006.38,9.4,1999,1990
1999-10-09,26.9,21.0,23.46,99,79,90.88,10.9,1006.62,9.3,1999,1990
1999-10-10,26.4,21.2,23.07,99,79,93.12,29.7,1005.89,10.4,1999,1990
1999-10-11,26.4,21.3,23.15,99,77,93.08,20.4,1005.69,8.9,1999,1990
1999-10-12,26.1,21.0,22.96,99,78,94.21,29.7,1005.76,10.9,1999,1990
1999-10-13,26.2,21.0,23.21,99,80,92.92,13.1,1005.69,8.6,1999,1990
1999-10-14,25.0,21.5,23.02,99,86,95.08,22.9,1005.99,10.0,1999,1990
1999-10-15,26.1,21.4,23.45,95,83,90.79,9.4,1006.72,8.4,1999,1990
1999-10-16,28.9,21.4,23.94,96,67,88.04,6.2,1006.78,12.4,1999,1990
1999-10-17,25.9,21.5,23.22,99,82,92.04,13.8,1006.35,9.7,1999,1990
1999-10-18,24.6,21.2,22.15,99,85,97.21,37.2,1006.02,14.4,1999,1990
1999-10-19,24.3,21.3,22.32,99,89,97.17,46.3,1006.86,6.6,1999,1990
1999-10-20,25.9,20.9,23.14,99,81,93.42,16.9,1006.59,9.2,1999,1990
1999-10-21,26.5,21.6,23.39,99,76,91.58,18.2,1005.8,7.9,1999,1990
1999-10-22,28.2,21.6,23.8,97,73,90.21,11.2,1005.76,9.0,1999,1990
1999-10-23,26.5,22.0,23.78,96,82,90.54,12.6,1007.27,10.9,1999,1990
1999-10-24,27.4,22.0,23.69,99,78,92.67,27.8,1007.7,6.5,1999,1990
1999-10-25,25.4,21.4,23.18,99,86,94.42,29.8,1008.17,5.5,1999,1990
1999-10-26,26.0,19.8,22.71,99,77,92.83,38.3,1007.36,7.9,1999,1990
1999-10-27,24.4,21.1,22.35,99,89,98.0,61.1,1007.05,8.3,1999,1990
1999-10-28,24.8,21.2,22.45,99,88,97.67,64.1,1006.03,5.6,1999,1990
1999-10-29,26.0,21.1,22.79,100,81,94.46,17.5,1005.39,10.7,1999,1990
1999-10-30,26.3,21.0,22.73,99,81,94.71,11.6,1007.4,7.7,1999,1990
1999-10-31,27.1,20.5,23.21,99,76,92.25,11.8,1007.93,10.0,1999,1990
1999-11-01,27.8,21.1,23.75,99,72,91.04,14.8,1006.29,5.4,1999,1990
1999-11-02,27.6,21.5,23.69,99,73,91.5,23.8,1005.82,6.4,1999,1990
1999-11-03,27.2,20.5,23.79,99,76,89.46,26.2,1006.26,5.4,1999,1990
1999-11-04,27.4,21.6,23.97,99,75,91.54,12.1,1006.41,3.9,1999,1990
1999-11-05,28.1,21.9,24.01,99,73,91.5,24.0,1006.21,5.5,1999,1990
1999-11-06,27.6,21.2,24.0,99,72,89.92,20.7,1005.79,5.7,1999,1990
1999-11-07,26.5,21.4,23.24,99,78,92.33,53.5,1005.53,9.9,1999,1990
1999-11-08,23.7,21.7,22.33,99,95,98.62,53.2,1005.35,8.4,1999,1990
1999-11-09,26.6,21.7,23.16,100,78,94.67,44.8,1005.35,11.5,1999,1990
1999-11-10,26.0,21.9,23.63,99,82,91.83,21.0,1005.62,10.0,1999,1990
1999-11-11,25.7,21.5,23.04,99,87,94.25,14.9,1005.72,10.9,1999,1990
1999-11-12,25.3,21.8,23.0,99,83,94.71,51.8,1005.58,10.2,1999,1990
1999-11-13,27.1,21.2,23.59,99,80,92.54,12.9,1006.43,10.7,1999,1990
1999-11-14,26.0,21.3,23.04,99,83,94.46,10.7,1007.48,6.9,1999,1990
1999-11-15,25.5,21.8,23.02,99,83,95.08,10.1,1006.51,6.4,1999,1990
1999-11-16,26.9,21.3,23.52,99,79,90.21,5.8,1006.32,6.9,1999,1990
1999-11-17,27.9,21.1,23.76,98,68,88.58,7.5,1007.33,5.8,1999,1990
1999-11-18,26.7,20.3,23.66,97,73,87.29,8.8,1007.92,6.0,1999,1990
1999-11-19,26.8,20.3,23.05,98,76,91.38,30.7,1008.54,4.9,1999,1990
1999-11-20,25.9,19.9,23.19,99,80,89.33,8.9,1007.18,6.3,1999,1990
1999-11-21,26.9,21.0,23.42,99,67,87.5,3.3,1005.36,8.2,1999,1990
1999-11-22,25.2,21.4,23.03,96,84,91.12,12.9,1006.39,8.2,1999,1990
1999-11-23,27.2,21.0,23.3,99,72,89.38,16.1,1007.0,7.6,1999,1990
1999-11-24,26.6,20.3,22.82,99,75,91.62,63.5,1007.28,6.2,1999,1990
1999-11-25,26.4,19.8,22.42,99,76,91.75,8.4,1006.75,6.8,1999,1990
1999-11-26,27.0,19.7,22.95,99,72,88.83,3.4,1006.41,9.3,1999,1990
1999-11-27,28.5,18.9,23.52,98,59,82.42,0.9,1006.0,6.0,1999,1990
1999-11-28,28.8,19.8,23.6,93,60,79.92,2.4,1006.01,7.6,1999,1990
1999-11-29,28.8,20.1,23.92,86,58,74.83,0.8,1006.22,9.1,1999,1990
1999-11-30,27.8,20.6,24.11,91,64,78.29,12.5,1006.77,7.6,1999,1990
1999-12-01,27.6,21.2,24.02,91,61,78.17,7.4,1007.62,7.2,1999,1990
1999-12-02,28.6,19.7,23.92,86,56,74.12,1.0,1007.23,9.1,1999,1990
1999-12-03,26.7,21.6,23.83,94,70,84.62,5.2,1006.57,5.7,1999,1990
1999-12-04,27.8,22.0,24.42,98,72,88.29,10.8,1006.05,3.7,1999,1990
1999-12-05,25.9,22.0,23.54,99,84,94.08,11.3,1006.01,4.2,1999,1990
1999-12-06,26.7,21.7,23.49,99,76,93.79,12.4,1005.6,3.7,1999,1990
1999-12-07,27.5,22.0,23.77,99,72,90.0,8.6,1005.62,6.1,1999,1990
1999-12-08,28.9,20.8,24.14,94,63,82.71,1.5,1005.61,6.9,1999,1990
1999-12-09,29.2,21.1,24.52,93,62,81.92,2.1,1005.96,7.2,1999,1990
1999-12-10,27.0,22.4,24.0,94,79,88.38,10.9,1006.21,6.3,1999,1990
1999-12-11,27.2,22.4,23.74,99,76,93.75,34.5,1005.51,5.0,1999,1990
1999-12-12,25.7,22.0,23.34,99,84,94.12,23.4,1005.96,8.1,1999,1990
1999-12-13,27.0,21.7,23.86,99,77,91.29,9.8,1006.17,7.4,1999,1990
1999-12-14,27.5,21.2,24.0,96,67,84.54,1.0,1006.1,8.0,1999,1990
1999-12-15,27.6,21.3,23.82,99,69,85.42,27.8,1005.73,7.6,1999,1990
1999-12-16,25.9,21.9,23.55,99,78,90.67,14.0,1005.25,6.6,1999,1990
1999-12-17,27.7,21.4,23.95,93,69,84.42,9.7,1005.08,6.6,1999,1990
1999-12-18,25.3,21.7,23.08,99,83,94.21,11.6,1005.01,4.5,1999,1990
1999-12-19,24.2,21.2,22.43,99,91,97.67,81.4,1005.0,4.1,1999,1990
1999-12-20,25.3,20.9,22.58,99,83,94.38,44.4,1005.38,6.3,1999,1990
1999-12-21,26.6,21.0,23.49,99,76,90.29,7.1,1006.2,7.0,1999,1990
1999-12-22,28.0,21.0,24.28,95,66,83.12,4.3,1007.14,7.3,1999,1990
1999-12-23,28.9,20.2,23.62,95,58,81.96,1.7,1008.19,8.2,1999,1990
1999-12-24,28.2,20.1,23.2,95,60,83.83,8.9,1008.13,6.5,1999,1990
1999-12-25,28.3,19.8,23.69,93,56,75.08,0.3,1008.76,7.7,1999,1990
1999-12-26,28.7,20.0,24.0,83,55,72.88,0.2,1009.04,8.2,1999,1990
1999-12-27,28.5,18.7,23.49,85,55,72.0,0.6,1008.65,10.0,1999,1990
1999-12-28,27.3,20.4,23.57,87,60,75.54,1.2,1008.49,8.8,1999,1990
1999-12-29,27.1,21.7,23.81,85,61,73.58,0.6,1008.42,8.4,1999,1990
1999-12-30,28.8,21.1,24.32,78,55,68.12,0.2,1007.38,10.3,1999,1990
1999-12-31,29.4,20.7,24.3,87,54,72.83,0.6,1006.28,10.0,1999,1990
2000-01-01,28.9,21.4,24.44,92,59,79.04,4.5,1006.38,6.1,2000,2000
2000-01-02,27.7,20.9,23.63,94,66,83.04,5.4,1006.59,5.1,2000,2000
2000-01-03,28.1,19.4,23.36,93,60,79.0,1.9,1006.31,8.7,2000,2000
2000-01-04,27.4,20.4,23.43,92,65,82.5,6.7,1006.87,5.9,2000,2000
2000-01-05,27.7,19.8,23.45,95,61,79.83,0.8,1006.68,8.0,2000,2000
2000-01-06,27.9,19.8,23.35,89,61,78.58,6.8,1006.94,8.7,2000,2000
2000-01-07,28.2,19.8,23.22,90,59,80.17,2.6,1007.44,8.2,2000,2000
2000-01-08,26.1,21.0,23.09,97,74,88.12,30.3,1007.53,4.7,2000,2000
2000-01-09,26.3,20.4,22.92,99,78,88.62,10.3,1006.42,5.4,2000,2000
2000-01-10,28.6,19.5,23.34,93,55,77.88,0.6,1005.98,8.5,2000,2000
2000-01-11,29.0,19.4,23.42,89,53,71.75,0.7,1006.04,9.2,2000,2000
2000-01-12,28.9,19.8,24.0,86,57,75.54,0.0,1005.66,9.3,2000,2000
2000-01-13,28.8,21.4,24.72,86,59,73.71,0.7,1005.26,7.4,2000,2000
2000-01-14,29.1,22.7,25.09,78,56,68.42,0.5,1005.25,9.8,2000,2000
2000-01-15,28.4,22.4,24.65,72,52,65.42,0.2,1006.04,12.9,2000,2000
2000-01-16,28.6,22.2,24.49,72,52,64.0,0.5,1006.46,10.0,2000,2000
2000-01-17,27.9,19.6,23.69,85,53,67.75,0.1,1006.28,9.8,2000,2000
2000-01-18,28.6,20.7,24.16,89,50,68.96,0.1,1006.69,8.6,2000,2000
2000-01-19,29.2,20.5,24.28,77,48,65.54,0.1,1006.91,9.9,2000,2000
2000-01-20,29.8,21.4,24.79,75,48,64.88,0.3,1006.13,10.6,2000,2000
2000-01-21,29.9,21.7,25.45,80,53,65.92,0.3,1004.96,10.6,2000,2000
2000-01-22,30.6,23.2,26.02,75,48,64.71,0.1,1004.48,10.4,2000,2000
2000-01-23,31.2,21.6,25.85,86,48,69.04,2.3,1005.82,8.3,2000,2000
2000-01-24,30.6,22.0,25.51,90,53,76.04,1.4,1005.47,7.2,2000,2000
2000-01-25,30.4,20.9,25.38,91,49,72.04,1.3,1005.54,7.4,2000,2000
2000-01-26,30.4,21.0,25.16,77,48,64.25,0.0,1006.94,10.5,2000,2000
2000-01-27,30.5,22.3,25.55,75,45,61.71,0.1,1007.48,11.3,2000,2000
2000-01-28,31.3,20.6,25.25,77,37,61.67,0.8,1007.77,9.5,2000,2000
2000-01-29,30.9,20.2,24.79,83,42,64.62,0.8,1007.99,8.8,2000,2000
2000-01-30,30.7,20.0,24.78,78,41,61.46,0.3,1008.18,8.4,2000,2000
2000-01-31,31.0,20.0,25.19,80,42,63.88,0.4,1008.25,9.5,2000,2000
2000-02-01,31.1,20.7,25.69,82,42,63.96,0.1,1008.78,8.2,2000,2000
2000-02-02,29.5,22.4,25.21,75,53,66.58,1.5,1008.06,8.5,2000,2000
2000-02-03,30.7,21.8,25.65,88,49,70.25,1.8,1006.78,7.1,2000,2000
2000-02-04,29.1,21.8,24.6,91,57,78.62,17.4,1007.79,5.8,2000,2000
2000-02-05,29.0,21.0,24.37,92,57,79.21,9.7,1008.91,7.4,2000,2000
2000-02-06,29.9,21.7,25.32,89,52,70.83,1.3,1008.21,8.6,2000,2000
2000-02-07,31.0,23.0,26.0,73,41,60.62,0.0,1007.24,11.3,2000,2000
2000-02-08,31.2,22.9,26.02,74,44,59.12,0.0,1007.2,14.1,2000,2000
2000-02-09,31.4,22.5,26.0,64,38,53.88,0.0,1006.35,15.1,2000,2000
2000-02-10,31.4,22.7,26.15,66,39,55.25,0.0,1006.13,13.0,2000,2000
2000-02-11,31.6,21.4,25.76,71,38,56.25,0.2,1006.5,11.0,2000,2000
2000-02-12,31.5,20.7,25.69,73,39,57.33,0.0,1006.94,10.2,2000,2000
2000-02-13,32.3,20.4,25.92,77,38,58.79,0.0,1006.42,10.4,2000,2000
2000-02-14,32.4,21.4,26.31,77,37,59.58,0.1,1006.07,9.3,2000,2000
2000-02-15,31.7,21.6,26.0,72,30,53.38,0.0,1006.67,11.5,2000,2000
2000-02-16,31.8,21.0,25.87,66,37,54.75,0.6,1008.04,10.0,2000,2000
2000-02-17,30.0,21.7,25.13,75,48,65.42,5.8,1008.54,7.4,2000,2000
2000-02-18,31.3,21.3,25.86,76,39,59.54,0.1,1006.97,9.1,2000,2000
2000-02-19,31.6,22.5,26.08,74,38,58.12,0.0,1006.39,13.2,2000,2000
2000-02-20,31.6,22.1,26.01,66,36,52.58,0.1,1007.93,11.3,2000,2000
2000-02-21,31.4,22.0,25.93,70,39,55.5,0.3,1008.03,9.7,2000,2000
2000-02-22,31.0,22.1,25.76,71,40,57.0,0.0,1006.9,10.7,2000,2000
2000-02-23,31.4,21.6,25.77,67,36,53.42,0.2,1006.22,10.9,2000,2000
2000-02-24,31.9,21.2,25.99,66,35,52.96,0.0,1006.38,11.6,2000,2000
2000-02-25,32.5,21.6,26.41,70,36,55.42,0.3,1006.33,9.5,2000,2000
2000-02-26,31.3,22.5,26.34,74,43,60.04,8.1,1006.61,8.7,2000,2000
2000-02-27,31.5,22.5,26.42,73,41,57.42,0.5,1007.68,8.5,2000,2000
2000-02-28,32.2,21.7,26.2,67,30,51.12,0.0,1006.64,11.7,2000,2000
2000-02-29,31.8,21.6,25.97,68,38,54.71,0.0,1006.48,13.2,2000,2000
2000-03-01,31.6,22.7,26.07,67,37,54.12,0.0,1006.63,16.8,2000,2000
2000-03-02,32.3,22.7,26.5,67,37,53.58,0.1,1005.44,14.5,2000,2000
2000-03-03,32.5,22.9,27.07,64,40,54.42,0.3,1005.16,11.2,2000,2000
2000-03-04,32.3,23.2,27.16,73,41,60.33,2.3,1005.47,8.4,2000,2000
2000-03-05,32.4,22.8,27.22,77,41,58.71,0.5,1005.7,8.4,2000,2000
2000-03-06,31.9,22.9,26.95,75,44,59.96,2.9,1006.59,7.8,2000,2000
2000-03-07,32.2,23.2,27.06,73,39,59.21,1.4,1007.45,7.0,2000,2000
2000-03-08,32.4,22.4,26.61,75,38,61.58,1.1,1006.81,7.5,2000,2000
2000-03-09,32.0,23.0,26.92,83,43,62.29,1.0,1006.67,6.4,2000,2000
2000-03-10,33.3,22.1,26.95,73,27,51.33,0.0,1006.35,9.9,2000,2000
2000-03-11,33.1,21.6,26.71,69,32,52.46,0.0,1006.1,11.7,2000,2000
2000-03-12,32.9,21.5,26.85,75,35,55.25,0.7,1006.26,9.3,2000,2000
2000-03-13,33.1,22.4,27.3,72,38,56.0,0.0,1004.93,9.0,2000,2000
2000-03-14,33.1,23.7,27.59,72,38,56.71,0.5,1003.73,9.5,2000,2000
2000-03-15,33.7,22.7,27.55,69,33,54.0,0.4,1003.92,9.9,2000,2000
2000-03-16,33.5,22.5,27.38,74,37,57.58,0.5,1005.25,8.8,2000,2000
2000-03-17,33.3,23.3,27.34,75,36,59.92,1.7,1005.98,7.5,2000,2000
2000-03-18,32.4,22.5,26.57,80,41,64.75,3.6,1005.75,7.3,2000,2000
2000-03-19,32.0,22.4,25.95,87,42,68.88,1.8,1004.66,7.1,2000,2000
2000-03-20,32.5,21.9,26.41,88,38,65.04,1.3,1004.17,7.9,2000,2000
2000-03-21,32.8,22.0,26.63,76,34,55.75,0.0,1004.31,9.3,2000,2000
2000-03-22,33.2,22.3,27.09,67,31,50.71,0.2,1004.59,10.8,2000,2000
2000-03-23,33.2,21.2,26.65,73,33,57.08,1.0,1005.52,8.8,2000,2000
2000-03-24,32.4,21.4,26.29,82,36,59.83,0.9,1005.58,7.2,2000,2000
2000-03-25,32.3,20.0,25.89,72,33,55.33,0.0,1006.52,8.8,2000,2000
2000-03-26,32.5,20.5,26.25,70,35,55.79,0.0,1006.38,9.0,2000,2000
2000-03-27,31.3,21.7,26.5,77,41,61.46,0.3,1005.37,10.1,2000,2000
2000-03-28,32.1,22.9,27.15,89,45,67.92,0.7,1004.12,9.1,2000,2000
2000-03-29,33.4,22.2,27.23,80,37,63.96,0.4,1004.5,11.4,2000,2000
2000-03-30,33.4,21.7,26.84,88,35,65.71,1.3,1005.21,7.2,2000,2000
2000-03-31,33.1,22.3,27.28,85,41,60.71,0.8,1004.51,7.0,2000,2000
2000-04-01,33.3,23.5,27.95,80,39,57.83,1.0,1004.18,8.2,2000,2000
2000-04-02,33.9,22.3,27.7,71,26,49.62,0.0,1005.24,9.7,2000,2000
2000-04-03,33.3,22.1,27.16,73,35,57.92,2.0,1006.39,10.0,2000,2000
2000-04-04,32.1,22.1,26.84,78,39,61.29,5.1,1007.12,8.1,2000,2000
2000-04-05,33.4,21.2,26.73,78,20,50.5,0.0,1006.59,10.0,2000,2000
2000-04-06,32.9,21.5,26.5,72,33,53.67,0.0,1005.74,11.1,2000,2000
2000-04-07,33.7,22.5,27.5,70,32,52.21,0.1,1004.66,11.8,2000,2000
2000-04-08,33.7,24.2,28.35,67,41,56.5,3.0,1003.53,10.8,2000,2000
2000-04-09,33.2,25.2,28.0,73,39,58.29,0.1,1003.84,11.4,2000,2000
2000-04-10,33.7,24.7,28.3,64,27,47.62,0.0,1004.7,9.1,2000,2000
2000-04-11,33.4,22.1,27.23,68,36,53.21,0.6,1006.52,8.2,2000,2000
2000-04-12,33.6,22.8,27.59,70,34,53.5,0.0,1006.92,8.7,2000,2000
2000-04-13,33.1,22.2,27.06,72,35,57.71,1.1,1006.83,8.7,2000,2000
2000-04-14,31.1,23.7,26.4,85,46,67.0,2.5,1006.7,8.6,2000,2000
2000-04-15,32.2,22.5,26.47,92,45,71.67,2.7,1006.98,8.1,2000,2000
2000-04-16,32.6,22.6,26.69,88,45,71.42,8.7,1007.57,6.2,2000,2000
2000-04-17,32.3,22.4,26.42,89,48,72.54,4.1,1006.64,6.5,2000,2000
2000-04-18,31.6,21.7,26.37,92,49,72.46,3.0,1006.37,6.6,2000,2000
2000-04-19,31.8,22.5,26.43,87,46,70.5,2.9,1005.88,7.9,2000,2000
2000-04-20,32.6,23.4,27.37,82,44,64.88,4.1,1005.53,7.0,2000,2000
2000-04-21,33.5,22.7,27.7,76,38,59.58,1.9,1004.89,8.3,2000,2000
2000-04-22,32.0,23.6,27.24,76,44,61.96,5.1,1004.95,7.6,2000,2000
2000-04-23,32.6,22.3,26.22,89,43,70.83,13.3,1005.29,7.9,2000,2000
2000-04-24,30.0,22.7,25.73,90,60,78.29,7.3,1006.1,7.9,2000,2000
2000-04-25,29.2,23.1,25.45,92,64,83.0,8.6,1006.66,6.3,2000,2000
2000-04-26,30.1,22.9,25.92,95,65,82.5,9.5,1005.4,7.1,2000,2000
2000-04-27,32.6,23.4,27.35,91,42,70.54,1.5,1004.69,6.6,2000,2000
2000-04-28,32.2,22.0,26.66,81,44,67.12,3.3,1005.45,8.0,2000,2000
2000-04-29,32.1,22.7,26.74,85,46,69.38,4.5,1005.97,7.2,2000,2000
2000-04-30,32.2,23.4,27.38,79,46,65.62,0.7,1005.89,7.1,2000,2000
2000-05-01,31.9,23.2,26.62,83,48,69.83,5.9,1005.88,7.5,2000,2000
2000-05-02,32.7,22.4,26.82,85,41,67.25,0.4,1004.62,7.7,2000,2000
2000-05-03,33.0,22.6,27.3,80,39,63.33,0.1,1004.16,9.3,2000,2000
2000-05-04,32.9,22.4,26.78,86,42,65.88,2.2,1004.69,8.7,2000,2000
2000-05-05,30.7,22.4,25.83,92,54,77.75,8.1,1006.08,7.3,2000,2000
2000-05-06,30.2,22.5,25.42,99,57,80.42,26.4,1006.28,5.4,2000,2000
2000-05-07,28.6,22.2,24.78,99,67,86.04,10.1,1006.07,7.2,2000,2000
2000-05-08,30.7,22.0,25.97,93,55,77.38,1.7,1006.03,8.3,2000,2000
2000-05-09,30.1,22.1,25.64,93,57,78.92,7.7,1006.27,7.2,2000,2000
2000-05-10,29.5,22.3,25.39,93,62,81.83,14.1,1007.0,7.6,2000,2000
2000-05-11,29.8,22.8,25.89,99,65,84.04,6.3,1006.42,5.9,2000,2000
2000-05-12,28.8,22.3,25.15,99,69,86.83,16.3,1006.16,7.4,2000,2000
2000-05-13,29.5,23.0,25.36,95,65,85.08,11.4,1005.73,8.4,2000,2000
2000-05-14,29.5,22.6,25.11,96,67,86.29,14.3,1005.98,8.3,2000,2000
2000-05-15,28.3,22.2,24.64,99,74,89.25,11.5,1005.89,8.7,2000,2000
2000-05-16,28.0,22.2,24.69,99,75,88.5,10.9,1005.6,8.2,2000,2000
2000-05-17,28.3,22.7,24.66,96,71,89.92,14.7,1006.26,10.4,2000,2000
2000-05-18,27.7,22.8,24.11,99,83,96.83,70.5,1007.47,4.7,2000,2000
2000-05-19,28.7,22.5,24.37,99,69,89.33,15.2,1008.03,8.1,2000,2000
2000-05-20,26.9,21.7,23.77,99,81,92.71,20.1,1007.77,10.5,2000,2000
2000-05-21,28.1,21.8,24.29,99,74,91.5,21.9,1007.21,6.8,2000,2000
2000-05-22,28.9,21.7,24.95,99,70,87.92,5.2,1007.02,5.2,2000,2000
2000-05-23,28.1,22.0,24.93,95,76,87.25,14.7,1007.23,7.0,2000,2000
2000-05-24,28.6,21.6,24.28,99,72,92.12,20.3,1007.01,7.1,2000,2000
2000-05-25,27.7,21.3,24.38,99,80,92.08,10.4,1006.0,8.0,2000,2000
2000-05-26,28.3,22.4,24.77,96,79,90.33,25.1,1004.92,6.6,2000,2000
2000-05-27,27.9,22.0,24.63,99,75,89.96,14.6,1005.31,5.2,2000,2000
2000-05-28,28.7,21.9,24.33,99,69,90.54,14.0,1005.24,7.4,2000,2000
2000-05-29,27.4,20.9,23.52,100,75,94.5,39.6,1005.18,5.8,2000,2000
2000-05-30,27.0,21.4,23.76,100,79,93.08,23.9,1005.55,8.4,2000,2000
2000-05-31,27.9,21.6,23.63,99,75,93.25,16.7,1006.35,8.0,2000,2000
2000-06-01,28.7,21.7,24.38,99,71,89.42,8.8,1006.75,10.3,2000,2000
2000-06-02,28.4,22.8,24.75,97,72,89.25,6.2,1006.56,10.0,2000,2000
2000-06-03,28.4,22.2,24.57,99,74,89.96,6.8,1006.78,7.8,2000,2000
2000-06-04,27.9,21.7,24.52,99,80,90.58,5.5,1006.52,6.0,2000,2000
2000-06-05,26.9,21.9,24.24,98,81,91.79,24.5,1006.76,7.2,2000,2000
2000-06-06,28.6,21.6,24.68,98,70,89.58,6.2,1007.05,7.6,2000,2000
2000-06-07,27.6,22.5,24.73,97,79,90.42,12.1,1007.1,7.7,2000,2000
2000-06-08,28.2,20.9,24.0,99,72,91.04,16.4,1006.6,9.9,2000,2000
2000-06-09,27.1,22.1,24.38,96,80,89.88,18.3,1006.45,10.8,2000,2000
2000-06-10,27.9,21.8,24.51,97,71,87.96,9.3,1006.07,7.7,2000,2000
2000-06-11,28.6,22.0,24.42,96,71,89.0,13.3,1005.56,6.6,2000,2000
2000-06-12,28.6,22.5,24.64,99,72,89.21,27.4,1005.98,6.6,2000,2000
2000-06-13,28.1,22.2,24.24,99,75,92.5,14.1,1005.99,6.9,2000,2000
2000-06-14,28.4,22.2,24.63,99,73,90.54,19.3,1006.08,7.1,2000,2000
2000-06-15,27.4,22.0,24.01,99,77,93.79,87.7,1005.11,8.2,2000,2000
2000-06-16,24.6,21.9,23.06,99,89,97.21,32.3,1005.2,7.9,2000,2000
2000-06-17,25.5,21.7,23.34,99,89,94.54,31.7,1007.17,7.3,2000,2000
2000-06-18,27.3,21.5,23.67,99,79,92.88,20.8,1008.49,6.9,2000,2000
2000-06-19,28.2,21.2,24.03,99,70,89.75,9.9,1007.98,8.0,2000,2000
2000-06-20,27.8,20.9,23.89,99,76,91.62,10.7,1006.95,7.3,2000,2000
2000-06-21,26.4,22.1,24.14,96,85,91.12,14.5,1006.46,5.8,2000,2000
2000-06-22,26.4,21.1,23.4,99,77,93.25,39.8,1006.82,6.5,2000,2000
2000-06-23,26.1,21.6,23.35,99,80,94.42,31.9,1007.07,7.0,2000,2000
2000-06-24,26.6,20.9,23.15,99,77,92.46,19.0,1006.95,10.0,2000,2000
2000-06-25,27.1,20.6,23.83,99,78,91.21,3.7,1005.6,7.2,2000,2000
2000-06-26,27.4,21.9,24.53,98,75,89.17,15.6,1004.35,5.8,2000,2000
2000-06-27,28.6,22.0,25.08,95,69,85.08,4.1,1004.85,5.4,2000,2000
2000-06-28,29.4,21.9,25.4,94,66,83.38,3.5,1005.09,7.0,2000,2000
2000-06-29,29.1,22.9,25.57,93,68,83.04,3.1,1004.21,6.4,2000,2000
2000-06-30,28.8,22.5,24.75,94,69,87.17,4.3,1004.62,6.6,2000,2000
2000-07-01,26.9,22.4,24.65,98,78,87.67,3.8,1005.24,8.0,2000,2000
2000-07-02,27.6,22.4,24.52,93,72,85.0,1.5,1005.62,7.6,2000,2000
2000-07-03,29.0,21.3,24.92,93,66,82.71,2.4,1005.45,6.8,2000,2000
2000-07-04,27.2,22.3,24.52,95,75,87.29,13.8,1005.35,5.3,2000,2000
2000-07-05,27.1,21.8,24.59,96,77,86.96,13.7,1004.9,6.3,2000,2000
2000-07-06,28.3,21.3,24.33,98,71,89.54,27.1,1005.08,9.0,2000,2000
2000-07-07,27.1,21.7,24.0,98,80,91.29,5.1,1005.07,7.6,2000,2000
2000-07-08,30.0,22.3,24.88,96,65,86.75,5.9,1004.75,6.6,2000,2000
2000-07-09,29.2,22.2,25.01,94,66,84.46,5.8,1004.31,5.8,2000,2000
2000-07-10,29.8,22.2,25.38,94,62,80.96,5.0,1004.76,7.2,2000,2000
2000-07-11,29.0,22.6,25.24,93,61,81.17,1.7,1005.14,7.6,2000,2000
2000-07-12,28.7,21.8,24.93,93,66,81.5,2.3,1006.27,6.5,2000,2000
2000-07-13,28.3,22.4,24.75,93,68,84.42,8.2,1007.08,7.2,2000,2000
2000-07-14,27.4,22.8,24.64,94,72,84.29,16.0,1007.05,6.8,2000,2000
2000-07-15,28.9,20.6,24.2,98,68,87.17,7.9,1006.73,6.2,2000,2000
2000-07-16,28.6,22.6,24.55,99,67,87.21,13.4,1007.06,8.8,2000,2000
2000-07-17,27.9,21.3,23.89,99,70,89.96,20.3,1007.45,6.8,2000,2000
2000-07-18,28.2,21.1,24.13,96,68,86.96,6.2,1008.04,5.4,2000,2000
2000-07-19,28.5,20.3,24.09,98,65,86.46,7.7,1007.8,6.4,2000,2000
2000-07-20,28.4,20.8,24.09,96,67,85.92,8.5,1006.77,6.4,2000,2000
2000-07-21,27.9,20.1,23.49,99,67,88.08,27.6,1006.01,6.2,2000,2000
2000-07-22,26.7,21.2,22.99,99,76,93.58,22.4,1006.28,8.8,2000,2000
2000-07-23,28.8,20.9,24.35,99,69,86.88,2.4,1006.29,4.9,2000,2000
2000-07-24,29.3,22.0,24.55,95,66,85.62,10.7,1005.06,6.5,2000,2000
2000-07-25,26.3,21.7,23.67,99,79,92.04,31.1,1004.63,7.0,2000,2000
2000-07-26,27.9,21.8,23.72,99,77,93.71,9.7,1005.22,6.1,2000,2000
2000-07-27,27.8,20.9,23.46,99,71,91.33,24.6,1006.29,7.5,2000,2000
2000-07-28,25.9,20.6,22.97,99,80,93.79,32.6,1006.39,7.9,2000,2000
2000-07-29,25.8,20.8,22.76,99,86,94.54,27.5,1006.6,7.6,2000,2000
2000-07-30,26.5,20.1,23.12,99,77,90.92,4.3,1006.48,8.0,2000,2000
2000-07-31,27.1,20.6,23.68,99,73,89.75,4.5,1006.96,9.8,2000,2000
2000-08-01,28.1,21.6,23.92,97,70,89.29,15.9,1006.67,6.5,2000,2000
2000-08-02,26.9,21.1,23.61,96,73,88.46,12.0,1006.38,6.9,2000,2000
2000-08-03,27.2,20.7,23.53,99,74,90.75,38.1,1006.81,6.5,2000,2000
2000-08-04,26.5,21.0,23.2,99,78,93.46,46.0,1006.92,7.4,2000,2000
2000-08-05,26.8,21.2,23.43,99,78,91.58,13.0,1006.84,11.0,2000,2000
2000-08-06,26.4,20.9,23.13,99,83,93.21,24.0,1007.06,7.3,2000,2000
2000-08-07,28.1,20.7,23.98,98,73,88.12,11.3,1006.7,6.3,2000,2000
2000-08-08,28.1,21.2,23.58,99,72,92.88,22.2,1006.24,7.0,2000,2000
2000-08-09,27.9,20.9,23.84,99,74,90.83,12.6,1006.75,9.4,2000,2000
2000-08-10,28.1,21.5,24.23,96,75,89.33,13.8,1007.08,5.8,2000,2000
2000-08-11,29.1,22.1,24.58,97,68,88.58,4.0,1007.23,7.0,2000,2000
2000-08-12,28.2,22.1,24.31,96,72,88.83,13.1,1006.25,7.4,2000,2000
2000-08-13,27.8,21.7,23.97,96,72,88.96,8.5,1006.05,6.9,2000,2000
2000-08-14,28.2,20.8,24.2,99,75,89.0,15.6,1006.4,7.3,2000,2000
2000-08-15,28.7,21.7,25.09,95,66,82.46,7.0,1006.2,7.2,2000,2000
2000-08-16,29.3,22.3,25.27,92,64,80.67,3.0,1005.84,7.2,2000,2000
2000-08-17,26.9,22.3,24.58,94,74,85.62,12.5,1005.09,7.6,2000,2000
2000-08-18,28.2,22.7,25.01,93,70,84.33,3.3,1005.43,6.9,2000,2000
2000-08-19,29.8,22.6,25.01,94,64,85.54,4.4,1005.96,6.3,2000,2000
2000-08-20,28.5,22.7,25.21,95,72,85.79,6.2,1005.4,5.9,2000,2000
2000-08-21,30.9,22.4,25.65,92,57,78.96,6.9,1004.65,7.6,2000,2000
2000-08-22,29.7,23.0,25.3,94,64,83.92,6.5,1004.02,6.9,2000,2000
2000-08-23,28.9,21.9,25.0,98,68,85.79,11.8,1004.18,5.5,2000,2000
2000-08-24,27.0,21.4,23.9,100,78,92.58,16.8,1005.18,5.8,2000,2000
2000-08-25,27.9,21.8,24.2,99,74,92.79,18.7,1005.12,6.8,2000,2000
2000-08-26,27.7,21.9,23.88,99,78,95.88,20.3,1004.44,6.1,2000,2000
2000-08-27,27.4,22.5,24.34,100,79,92.38,18.7,1004.68,8.6,2000,2000
2000-08-28,28.7,21.8,24.59,99,72,89.25,11.8,1005.4,7.2,2000,2000
2000-08-29,27.5,22.0,24.25,99,75,91.21,20.2,1004.99,6.4,2000,2000
2000-08-30,26.4,21.8,23.25,99,84,96.83,29.3,1004.61,9.8,2000,2000
2000-08-31,25.2,21.8,23.31,99,92,98.04,33.9,1005.72,4.7,2000,2000
2000-09-01,26.6,21.6,23.51,99,81,94.0,16.8,1006.67,6.6,2000,2000
2000-09-02,27.8,21.1,23.55,99,77,92.08,24.3,1005.72,6.2,2000,2000
2000-09-03,26.6,20.9,23.28,99,82,93.17,14.2,1005.66,6.5,2000,2000
2000-09-04,26.0,21.7,23.09,99,82,93.83,18.1,1007.08,8.0,2000,2000
2000-09-05,26.4,21.3,23.16,99,82,93.17,16.6,1007.46,9.2,2000,2000
2000-09-06,28.2,20.9,23.59,99,73,90.88,12.9,1006.74,8.9,2000,2000
2000-09-07,27.4,21.2,23.78,96,77,89.71,16.0,1005.47,6.6,2000,2000
2000-09-08,27.9,21.2,23.95,98,73,90.08,13.5,1004.23,7.1,2000,2000
2000-09-09,27.0,21.1,23.47,99,81,93.33,12.3,1005.28,9.4,2000,2000
2000-09-10,26.2,21.3,23.55,99,85,93.33,19.6,1006.17,8.6,2000,2000
2000-09-11,26.9,21.7,23.62,99,78,91.17,27.0,1005.73,8.4,2000,2000
2000-09-12,28.5,21.3,23.76,99,69,89.62,5.2,1005.19,9.7,2000,2000
2000-09-13,27.7,21.7,24.12,99,72,89.67,20.5,1005.84,9.9,2000,2000
2000-09-14,27.9,21.1,23.95,99,73,89.17,9.4,1006.55,8.2,2000,2000
2000-09-15,27.9,20.8,23.56,99,71,92.08,19.1,1006.33,10.4,2000,2000
2000-09-16,25.7,21.7,23.19,99,89,95.25,16.5,1006.35,10.5,2000,2000
2000-09-17,26.4,21.2,23.26,99,82,92.71,11.3,1006.63,8.4,2000,2000
2000-09-18,28.5,20.8,23.85,99,68,88.58,13.2,1006.24,7.0,2000,2000
2000-09-19,28.5,20.4,23.92,99,72,90.17,16.6,1006.67,8.1,2000,2000
2000-09-20,27.0,21.2,23.57,99,79,93.62,39.9,1007.09,8.9,2000,2000
2000-09-21,25.5,21.3,23.46,99,83,92.17,6.0,1006.87,7.9,2000,2000
2000-09-22,29.1,21.5,24.91,96,65,84.21,2.0,1006.02,6.4,2000,2000
2000-09-23,28.8,22.4,24.4,95,71,87.88,8.9,1006.38,8.2,2000,2000
2000-09-24,24.0,21.5,22.59,99,90,96.88,57.0,1004.88,10.1,2000,2000
2000-09-25,27.0,21.4,22.66,99,76,95.83,34.8,1005.68,11.9,2000,2000
2000-09-26,27.4,19.6,23.24,98,76,90.17,8.9,1007.21,10.9,2000,2000
2000-09-27,28.4,21.2,23.95,96,72,88.38,10.0,1007.38,6.8,2000,2000
2000-09-28,28.3,21.0,24.04,96,71,88.79,15.5,1006.08,8.0,2000,2000
2000-09-29,24.5,21.5,22.73,99,85,96.5,23.4,1006.44,10.7,2000,2000
2000-09-30,26.9,20.8,23.35,99,73,90.29,7.7,1006.46,15.0,2000,2000
2000-10-01,27.1,21.3,23.32,99,71,91.29,11.2,1007.34,11.8,2000,2000
2000-10-02,28.6,21.2,24.44,95,70,85.96,11.0,1007.21,8.2,2000,2000
2000-10-03,27.7,21.7,24.0,96,74,89.5,8.3,1006.98,5.5,2000,2000
2000-10-04,27.6,21.3,23.75,99,74,90.21,21.3,1006.22,7.9,2000,2000
2000-10-05,27.7,21.0,23.87,98,76,89.46,4.4,1005.52,7.2,2000,2000
2000-10-06,28.1,21.7,24.66,96,71,86.04,7.7,1005.11,5.5,2000,2000
2000-10-07,27.5,21.4,24.16,95,71,86.21,12.3,1005.19,7.3,2000,2000
2000-10-08,27.9,21.7,24.35,94,70,85.67,12.6,1004.81,6.5,2000,2000
2000-10-09,29.1,21.5,24.29,98,63,85.33,13.3,1004.64,6.9,2000,2000
2000-10-10,28.2,20.9,23.69,99,70,90.71,17.6,1004.66,6.3,2000,2000
2000-10-11,27.5,20.0,23.71,99,73,90.21,21.6,1005.03,7.6,2000,2000
2000-10-12,28.1,22.0,24.16,96,70,88.54,8.7,1005.95,7.3,2000,2000
2000-10-13,28.0,21.9,24.4,95,71,86.29,8.4,1006.34,6.8,2000,2000
2000-10-14,27.1,22.2,24.2,93,74,87.96,10.6,1006.54,6.6,2000,2000
2000-10-15,27.8,21.5,23.91,99,77,90.38,11.0,1006.56,7.6,2000,2000
2000-10-16,27.7,21.5,24.3,97,80,89.17,4.5,1006.33,6.6,2000,2000
2000-10-17,29.0,21.9,24.82,96,69,87.17,5.6,1005.73,5.6,2000,2000
2000-10-18,28.1,20.8,24.65,99,72,86.83,6.2,1005.29,6.9,2000,2000
2000-10-19,29.3,21.7,24.65,95,65,85.96,12.3,1005.35,7.6,2000,2000
2000-10-20,28.1,21.5,24.3,99,72,88.58,15.4,1005.61,8.0,2000,2000
2000-10-21,26.8,21.0,23.67,99,79,92.62,11.0,1005.75,9.5,2000,2000
2000-10-22,27.8,21.8,24.08,99,77,92.29,19.7,1005.67,6.5,2000,2000
2000-10-23,27.4,21.6,23.85,99,75,91.83,10.8,1005.62,6.3,2000,2000
2000-10-24,28.0,20.6,23.96,99,68,87.54,15.3,1005.38,7.6,2000,2000
2000-10-25,26.8,21.1,23.62,96,79,89.42,6.7,1004.98,7.2,2000,2000
2000-10-26,26.1,21.2,23.42,99,80,91.38,9.3,1005.77,5.4,2000,2000
2000-10-27,28.6,20.9,24.08,95,66,85.08,1.9,1006.66,6.9,2000,2000
2000-10-28,28.6,22.0,24.68,94,66,84.29,3.4,1006.76,7.6,2000,2000
2000-10-29,28.2,22.4,24.28,99,70,89.75,38.8,1005.67,6.1,2000,2000
2000-10-30,30.2,22.0,23.65,99,68,95.38,33.7,1005.84,7.3,2000,2000
2000-10-31,26.9,20.9,23.4,99,75,92.62,14.9,1006.1,8.0,2000,2000
2000-11-01,23.4,21.5,22.22,99,95,98.71,107.4,1006.76,10.1,2000,2000
2000-11-02,24.5,21.6,22.69,99,78,92.29,36.7,1007.32,6.6,2000,2000
2000-11-03,27.6,20.8,23.92,95,71,85.29,2.8,1005.98,11.4,2000,2000
2000-11-04,27.7,22.4,24.43,93,72,86.54,4.9,1004.68,6.6,2000,2000
2000-11-05,27.3,21.7,24.23,96,75,88.21,5.2,1004.29,6.3,2000,2000
2000-11-06,25.9,21.8,23.62,99,84,92.62,50.5,1005.78,9.0,2000,2000
2000-11-07,27.6,21.3,23.99,99,78,91.08,4.5,1005.87,6.3,2000,2000
2000-11-08,28.6,21.2,24.2,97,66,87.08,4.2,1005.26,8.6,2000,2000
2000-11-09,27.4,20.9,23.56,99,74,90.04,3.8,1004.83,10.1,2000,2000
2000-11-10,26.6,20.8,23.24,99,77,92.62,8.4,1005.65,8.0,2000,2000
2000-11-11,26.2,20.8,23.02,99,85,94.83,43.2,1006.11,6.0,2000,2000
2000-11-12,27.5,20.4,23.13,99,68,89.88,12.8,1006.11,6.6,2000,2000
2000-11-13,28.2,20.9,23.82,99,64,86.67,3.8,1006.06,12.0,2000,2000
2000-11-14,27.8,19.2,23.46,96,73,86.75,3.0,1006.38,6.8,2000,2000
2000-11-15,28.1,19.9,23.5,96,65,85.12,3.9,1005.83,6.2,2000,2000
2000-11-16,28.3,20.8,24.15,92,64,82.04,6.6,1005.22,7.2,2000,2000
2000-11-17,28.5,22.7,24.88,92,68,84.33,14.6,1004.65,5.4,2000,2000
2000-11-18,26.0,22.3,23.52,99,85,94.62,17.8,1005.3,5.9,2000,2000
2000-11-19,24.6,21.7,22.64,100,83,97.29,75.1,1006.12,12.6,2000,2000
2000-11-20,27.2,21.6,23.94,99,75,89.33,10.9,1005.82,5.2,2000,2000
2000-11-21,29.5,20.6,24.51,90,57,79.21,2.5,1005.68,7.4,2000,2000
2000-11-22,29.6,21.9,25.01,90,58,78.25,2.2,1006.06,7.6,2000,2000
2000-11-23,29.0,21.0,24.23,92,61,79.96,1.4,1005.73,7.2,2000,2000
2000-11-24,28.7,20.3,24.25,91,62,78.29,1.6,1005.09,7.6,2000,2000
2000-11-25,29.3,21.2,24.48,95,63,83.17,3.4,1004.91,7.6,2000,2000
2000-11-26,29.3,20.4,24.27,94,64,84.71,3.7,1005.07,6.6,2000,2000
2000-11-27,29.4,20.7,24.51,94,62,82.67,5.5,1005.36,7.2,2000,2000
2000-11-28,29.0,21.4,24.62,93,65,81.96,3.2,1005.79,7.2,2000,2000
2000-11-29,28.5,21.9,24.64,95,67,85.58,3.5,1005.82,6.2,2000,2000
2000-11-30,27.5,22.2,24.29,96,74,89.25,12.1,1005.17,6.0,2000,2000
2000-12-01,27.8,21.8,23.91,99,72,90.54,46.0,1005.2,8.7,2000,2000
2000-12-02,25.2,22.0,22.86,99,93,98.5,172.2,1006.01,5.4,2000,2000
2000-12-03,26.3,21.1,23.25,99,79,93.58,11.2,1006.34,5.1,2000,2000
2000-12-04,27.1,21.1,23.61,99,74,91.21,9.2,1006.09,4.7,2000,2000
2000-12-05,26.6,21.0,23.42,99,79,92.29,17.1,1005.89,5.8,2000,2000
2000-12-06,27.1,20.4,23.26,99,76,92.0,11.7,1005.55,6.1,2000,2000
2000-12-07,27.9,20.8,23.8,99,71,88.79,3.7,1006.18,7.2,2000,2000
2000-12-08,27.5,21.0,24.15,98,74,87.83,8.8,1006.17,4.7,2000,2000
2000-12-09,28.5,21.6,24.56,95,67,85.42,3.6,1005.28,6.9,2000,2000
2000-12-10,29.5,20.2,24.48,94,59,79.75,1.7,1005.05,8.6,2000,2000
2000-12-11,28.9,21.2,24.69,94,61,81.71,3.2,1004.59,7.7,2000,2000
2000-12-12,29.4,20.7,24.68,91,57,75.46,0.0,1004.55,8.9,2000,2000
2000-12-13,28.9,22.5,25.14,83,59,74.79,0.4,1005.71,8.6,2000,2000
2000-12-14,29.3,21.4,24.72,82,60,72.38,2.1,1007.02,9.0,2000,2000
2000-12-15,28.4,20.8,23.98,90,58,77.67,4.1,1006.94,8.3,2000,2000
2000-12-16,28.2,20.2,23.93,91,60,79.0,1.4,1006.89,8.6,2000,2000
2000-12-17,28.5,20.8,24.0,92,63,80.21,2.4,1007.32,6.9,2000,2000
2000-12-18,28.9,19.9,23.89,92,55,77.5,0.3,1005.91,8.1,2000,2000
2000-12-19,29.5,20.2,24.33,85,51,72.12,0.8,1006.07,8.7,2000,2000
2000-12-20,29.2,20.0,23.96,90,58,76.17,0.3,1005.8,9.3,2000,2000
2000-12-21,29.4,20.4,24.25,88,55,76.29,0.4,1005.52,8.7,2000,2000
2000-12-22,29.9,20.6,24.66,88,55,75.88,0.2,1005.03,8.2,2000,2000
2000-12-23,30.0,21.2,24.64,92,57,78.0,1.6,1005.25,8.0,2000,2000
2000-12-24,30.0,21.4,24.94,91,58,77.79,1.6,1004.79,8.0,2000,2000
2000-12-25,30.1,21.5,25.12,91,56,78.33,2.3,1004.49,7.3,2000,2000
2000-12-26,30.4,21.3,25.4,93,52,75.54,1.1,1004.45,7.6,2000,2000
2000-12-27,30.4,21.0,24.87,89,50,74.58,1.2,1005.65,9.3,2000,2000
2000-12-28,29.6,20.7,24.67,93,55,75.54,1.6,1006.03,8.3,2000,2000
2000-12-29,28.7,21.2,24.49,94,60,79.5,4.0,1006.5,6.9,2000,2000
2000-12-30,29.7,20.8,24.68,93,51,73.08,1.1,1006.3,8.0,2000,2000
2000-12-31,29.6,21.1,24.94,82,52,67.17,0.2,1005.6,9.1,2000,2000
2001-01-01,28.4,21.9,24.55,92,63,79.17,10.5,1006.48,6.5,2001,2000
2001-01-02,28.1,22.1,24.85,92,67,80.17,5.6,1006.07,6.6,2001,2000
2001-01-03,30.0,21.9,25.44,85,51,68.33,0.2,1005.96,8.8,2001,2000
2001-01-04,30.5,20.6,24.82,78,31,57.21,0.5,1006.98,11.3,2001,2000
2001-01-05,30.8,18.7,24.07,84,42,62.83,0.8,1007.43,10.3,2001,2000
2001-01-06,30.2,20.4,24.87,82,48,68.75,0.9,1006.25,8.2,2001,2000
2001-01-07,30.2,22.0,25.46,83,50,69.08,0.6,1005.26,7.8,2001,2000
2001-01-08,31.1,20.8,25.39,83,44,66.88,1.0,1005.73,8.3,2001,2000
2001-01-09,30.8,20.5,25.11,81,47,66.21,0.7,1006.34,9.3,2001,2000
2001-01-10,30.5,21.0,25.0,87,47,71.29,1.6,1007.5,7.7,2001,2000
2001-01-11,30.4,20.2,24.77,89,42,64.88,0.0,1006.65,9.3,2001,2000
2001-01-12,30.7,21.1,25.27,76,42,59.38,0.0,1005.58,10.0,2001,2000
2001-01-13,30.8,21.2,25.39,67,43,57.0,0.0,1004.89,11.3,2001,2000
2001-01-14,31.3,19.9,25.38,78,39,58.21,0.1,1005.46,10.6,2001,2000
2001-01-15,30.8,21.2,25.63,76,46,61.21,0.0,1005.43,10.0,2001,2000
2001-01-16,31.6,21.2,25.71,80,33,59.62,0.5,1005.67,9.8,2001,2000
2001-01-17,31.6,19.4,24.93,77,30,57.75,0.0,1006.21,10.4,2001,2000
2001-01-18,31.0,19.6,24.89,83,43,62.54,0.4,1006.09,8.8,2001,2000
2001-01-19,31.1,20.9,25.27,83,44,68.17,1.2,1007.49,7.3,2001,2000
2001-01-20,29.8,22.7,25.29,88,53,74.92,18.1,1009.0,5.4,2001,2000
2001-01-21,30.6,21.2,25.33,88,43,68.96,1.3,1008.1,7.6,2001,2000
2001-01-22,30.4,21.3,25.07,81,46,67.46,5.3,1008.28,6.8,2001,2000
2001-01-23,29.8,21.1,24.75,83,47,68.38,1.5,1008.33,7.2,2001,2000
2001-01-24,30.4,20.7,25.17,85,42,63.54,0.4,1008.06,8.0,2001,2000
2001-01-25,31.3,21.7,25.76,73,40,58.75,0.0,1006.9,12.4,2001,2000
2001-01-26,30.9,23.6,26.33,73,45,61.29,0.1,1005.68,9.8,2001,2000
2001-01-27,31.7,23.2,26.35,68,37,56.42,0.0,1005.64,14.7,2001,2000
2001-01-28,31.9,22.4,26.23,61,35,49.71,0.0,1006.23,12.1,2001,2000
2001-01-29,32.5,22.2,26.41,74,38,55.38,0.1,1005.53,11.3,2001,2000
2001-01-30,32.2,21.5,26.11,76,39,60.12,0.1,1004.68,9.3,2001,2000
2001-01-31,32.3,21.4,26.16,71,38,57.46,0.0,1004.35,9.9,2001,2000
2001-02-01,32.1,22.3,26.15,72,38,56.92,0.0,1004.43,12.0,2001,2000
2001-02-02,31.5,21.9,25.8,66,37,53.29,0.0,1004.58,11.1,2001,2000
2001-02-03,32.0,20.5,25.9,69,34,52.25,0.3,1004.47,10.7,2001,2000
2001-02-04,31.6,21.4,25.82,71,38,56.83,0.0,1004.7,9.0,2001,2000
2001-02-05,31.7,21.4,25.91,69,38,55.17,0.0,1004.2,11.5,2001,2000
2001-02-06,32.4,22.6,26.53,64,37,53.08,0.0,1002.72,14.0,2001,2000
2001-02-07,32.2,23.8,27.18,63,42,54.96,0.0,1002.64,12.8,2001,2000
2001-02-08,32.7,23.7,27.57,74,43,58.21,0.0,1002.66,10.5,2001,2000
2001-02-09,33.1,24.6,27.81,70,40,56.83,0.0,1001.89,12.4,2001,2000
2001-02-10,33.2,24.4,27.58,68,41,57.96,0.0,1001.2,12.7,2001,2000
2001-02-11,32.0,24.7,27.23,70,38,56.38,0.0,1001.72,24.0,2001,2000
2001-02-12,32.5,24.1,27.37,62,39,53.88,0.0,1002.88,18.0,2001,2000
2001-02-13,33.0,24.5,27.67,64,40,55.62,0.0,1003.2,13.7,2001,2000
2001-02-14,33.0,24.3,27.56,69,40,57.25,0.0,1002.48,12.3,2001,2000
2001-02-15,32.8,24.5,27.72,69,40,56.42,0.6,1002.7,10.2,2001,2000
2001-02-16,33.0,23.9,27.62,72,39,56.75,0.0,1004.85,10.0,2001,2000
2001-02-17,32.5,22.8,26.9,74,38,56.21,0.0,1006.17,10.8,2001,2000
2001-02-18,32.4,22.8,26.46,61,35,52.46,0.0,1006.32,16.8,2001,2000
2001-02-19,32.6,22.9,26.62,62,33,50.29,0.0,1005.95,15.9,2001,2000
2001-02-20,32.9,22.2,26.61,61,32,46.96,0.0,1006.56,14.3,2001,2000
2001-02-21,32.8,22.2,26.61,65,33,51.42,0.0,1005.98,11.8,2001,2000
2001-02-22,32.2,21.6,26.23,68,34,52.08,0.1,1005.4,11.3,2001,2000
2001-02-23,32.6,20.9,26.21,69,32,51.62,0.0,1005.44,10.5,2001,2000
2001-02-24,32.6,21.2,26.19,70,32,51.0,0.0,1005.85,11.3,2001,2000
2001-02-25,33.1,20.1,26.23,64,31,49.83,0.0,1006.79,9.9,2001,2000
2001-02-26,33.2,22.4,27.13,69,33,53.83,0.0,1006.68,8.7,2001,2000
2001-02-27,33.2,22.5,27.2,69,29,50.58,0.0,1005.95,9.0,2001,2000
2001-02-28,32.9,20.5,26.39,74,34,55.67,0.3,1004.96,9.4,2001,2000
2001-03-01,33.1,21.2,26.6,76,32,55.79,0.0,1005.01,8.8,2001,2000
2001-03-02,33.0,21.0,26.76,76,26,52.88,0.0,1005.19,8.8,2001,2000
2001-03-03,32.7,22.6,26.86,80,35,59.04,0.0,1005.92,11.3,2001,2000
2001-03-04,33.4,20.6,26.58,84,34,63.42,0.0,1007.13,10.9,2001,2000
2001-03-05,33.4,21.8,27.0,88,34,61.29,0.2,1007.75,7.7,2001,2000
2001-03-06,33.2,22.1,27.0,62,33,47.54,0.0,1006.91,10.8,2001,2000
2001-03-07,32.5,22.0,26.48,68,37,54.42,0.0,1007.23,13.0,2001,2000
2001-03-08,32.5,23.1,26.93,72,38,56.12,0.0,1006.8,11.8,2001,2000
2001-03-09,33.5,21.7,27.14,76,34,58.92,0.5,1006.6,10.7,2001,2000
2001-03-10,31.7,23.6,26.76,86,45,66.67,2.0,1006.63,5.8,2001,2000
2001-03-11,32.9,21.5,26.74,87,41,68.25,0.4,1006.17,8.6,2001,2000
2001-03-12,34.0,22.3,27.75,84,37,61.54,0.0,1005.15,7.9,2001,2000
2001-03-13,34.0,22.9,27.55,73,27,53.33,0.3,1004.89,10.2,2001,2000
2001-03-14,33.6,21.2,26.86,71,32,54.79,0.0,1004.25,10.1,2001,2000
2001-03-15,33.7,22.7,27.31,77,35,60.42,0.0,1004.04,8.6,2001,2000
2001-03-16,32.6,22.4,26.88,80,42,65.04,2.3,1005.54,7.3,2001,2000
2001-03-17,33.2,22.4,26.88,88,39,67.12,0.8,1005.92,8.0,2001,2000
2001-03-18,32.8,22.1,27.01,83,39,64.29,2.2,1005.0,6.9,2001,2000
2001-03-19,32.1,23.0,26.82,85,45,68.21,4.0,1004.14,5.7,2001,2000
2001-03-20,32.5,22.6,26.69,91,38,65.46,1.4,1005.6,8.6,2001,2000
2001-03-21,32.4,22.6,26.94,59,33,46.46,0.0,1007.12,10.5,2001,2000
2001-03-22,32.6,22.3,26.76,63,36,49.33,0.0,1005.72,12.0,2001,2000
2001-03-23,33.0,23.1,27.28,69,39,55.38,0.0,1004.08,11.6,2001,2000
2001-03-24,33.4,22.7,27.69,73,36,55.42,0.0,1004.04,10.0,2001,2000
2001-03-25,33.1,23.1,27.77,74,40,57.75,2.2,1005.56,8.9,2001,2000
2001-03-26,33.0,23.4,27.6,75,40,58.62,5.1,1005.75,8.9,2001,2000
2001-03-27,33.3,24.1,28.12,73,40,56.88,0.0,1005.37,9.4,2001,2000
2001-03-28,34.1,23.9,28.13,70,32,55.62,0.4,1004.45,8.3,2001,2000
2001-03-29,34.0,22.5,27.22,81,35,61.92,3.1,1005.38,9.5,2001,2000
2001-03-30,33.4,23.4,27.68,86,40,67.42,0.5,1005.13,12.2,2001,2000
2001-03-31,31.8,24.0,26.69,87,52,75.75,6.3,1005.38,9.8,2001,2000
2001-04-01,30.3,23.2,25.99,93,61,80.29,5.5,1005.68,7.2,2001,2000
2001-04-02,33.1,21.7,27.26,96,43,68.83,0.1,1005.25,8.7,2001,2000
2001-04-03,33.5,22.5,27.31,74,27,52.96,0.0,1005.56,10.4,2001,2000
2001-04-04,33.8,21.8,26.92,69,30,50.88,0.0,1004.65,12.0,2001,2000
2001-04-05,34.1,22.2,27.27,65,25,47.42,0.0,1004.06,12.8,2001,2000
2001-04-06,34.3,22.9,27.55,61,28,48.42,0.0,1003.9,13.7,2001,2000
2001-04-07,33.6,23.7,28.02,64,39,53.08,0.2,1005.09,13.4,2001,2000
2001-04-08,32.1,24.7,27.78,70,45,59.71,6.6,1006.25,7.0,2001,2000
2001-04-09,32.1,23.7,27.45,74,46,61.21,4.5,1004.9,6.8,2001,2000
2001-04-10,33.7,23.1,27.96,80,37,59.08,0.5,1003.66,8.7,2001,2000
2001-04-11,34.2,22.5,28.05,74,35,55.46,0.5,1004.06,8.8,2001,2000
2001-04-12,33.6,23.8,27.69,72,40,60.42,2.6,1005.45,7.9,2001,2000
2001-04-13,33.3,24.4,28.16,77,44,61.12,1.8,1005.49,8.1,2001,2000
2001-04-14,32.4,25.0,28.01,72,43,59.88,6.7,1005.13,6.2,2001,2000
2001-04-15,31.9,23.7,27.21,79,46,65.71,5.5,1005.18,5.6,2001,2000
2001-04-16,32.7,23.8,27.44,75,43,62.79,7.7,1005.78,7.2,2001,2000
2001-04-17,33.4,24.0,27.19,86,43,67.58,9.0,1006.62,8.4,2001,2000
2001-04-18,31.1,23.3,26.48,91,54,73.67,8.3,1006.7,7.2,2001,2000
2001-04-19,30.8,23.4,26.57,80,48,66.38,2.0,1006.59,6.6,2001,2000
2001-04-20,30.9,23.3,26.58,79,48,63.5,1.4,1006.65,10.6,2001,2000
2001-04-21,32.5,24.3,27.48,66,37,53.38,0.0,1006.07,12.1,2001,2000
2001-04-22,32.6,22.9,27.15,59,36,49.83,0.0,1006.56,11.3,2001,2000
2001-04-23,32.8,21.7,26.97,67,36,52.46,0.0,1005.25,10.1,2001,2000
2001-04-24,33.5,21.5,27.1,68,33,53.67,0.0,1005.08,9.6,2001,2000
2001-04-25,33.8,22.6,27.66,73,35,55.5,0.2,1005.3,9.7,2001,2000
2001-04-26,33.8,22.8,27.99,73,34,54.04,0.0,1005.25,10.0,2001,2000
2001-04-27,34.2,23.8,28.35,66,36,52.75,0.1,1003.96,10.7,2001,2000
2001-04-28,33.8,24.7,28.46,77,42,59.0,1.5,1004.0,8.0,2001,2000
2001-04-29,33.1,24.6,28.04,81,44,63.33,2.8,1005.27,5.9,2001,2000
2001-04-30,31.1,24.5,26.82,85,54,72.83,12.3,1005.16,4.3,2001,2000
2001-05-01,30.8,23.7,26.45,92,59,77.79,11.8,1004.57,6.2,2001,2000
2001-05-02,31.1,23.0,26.31,92,56,75.96,4.4,1004.75,5.9,2001,2000
2001-05-03,31.0,22.4,26.56,91,53,75.62,3.3,1006.19,8.8,2001,2000
2001-05-04,31.5,22.2,26.52,93,52,76.33,2.0,1005.76,8.3,2001,2000
2001-05-05,31.8,23.1,26.78,92,52,75.04,2.3,1004.43,8.7,2001,2000
2001-05-06,31.6,22.9,26.61,93,51,75.12,2.3,1004.42,9.5,2001,2000
2001-05-07,32.2,22.5,26.72,92,46,71.29,6.4,1004.55,7.8,2001,2000
2001-05-08,31.2,23.1,26.23,99,48,75.42,12.8,1005.46,11.3,2001,2000
2001-05-09,25.9,22.4,23.88,99,72,88.08,32.7,1007.19,7.7,2001,2000
2001-05-10,29.9,22.5,25.76,93,59,79.92,2.2,1006.17,9.5,2001,2000
2001-05-11,32.0,23.1,26.55,90,51,75.0,0.7,1004.55,6.6,2001,2000
2001-05-12,31.3,22.2,26.15,89,54,75.46,4.6,1004.98,7.3,2001,2000
2001-05-13,30.3,22.6,25.73,98,58,79.58,12.4,1006.13,7.2,2001,2000
2001-05-14,29.5,22.2,24.92,99,65,88.0,13.1,1006.42,9.7,2001,2000
2001-05-15,28.6,22.1,24.3,99,74,91.96,20.2,1006.73,8.0,2001,2000
2001-05-16,27.5,21.9,24.24,99,80,93.38,22.6,1005.69,5.1,2001,2000
2001-05-17,29.0,22.1,25.03,99,70,88.79,8.1,1005.12,7.0,2001,2000
2001-05-18,29.3,23.0,25.63,95,70,87.42,6.7,1005.86,6.6,2001,2000
2001-05-19,29.6,22.9,25.27,97,69,88.92,11.4,1005.8,8.5,2001,2000
2001-05-20,27.9,23.4,25.18,96,83,89.96,6.9,1005.2,10.5,2001,2000
2001-05-21,26.8,22.8,24.41,99,80,92.08,45.6,1006.52,10.7,2001,2000
2001-05-22,28.4,22.7,25.14,97,69,85.46,1.9,1007.06,9.7,2001,2000
2001-05-23,28.1,22.5,24.41,99,74,91.08,23.3,1007.01,8.6,2001,2000
2001-05-24,28.9,22.2,24.58,96,70,87.88,15.1,1007.44,9.7,2001,2000
2001-05-25,28.0,22.4,24.62,97,75,88.79,10.2,1007.65,6.2,2001,2000
2001-05-26,27.9,21.6,23.95,99,81,92.0,19.5,1007.09,7.0,2001,2000
2001-05-27,26.6,21.8,23.84,99,84,91.67,29.7,1006.36,7.0,2001,2000
2001-05-28,28.5,22.0,24.27,95,73,89.12,12.0,1006.28,8.3,2001,2000
2001-05-29,29.1,21.5,24.7,96,68,86.46,8.3,1006.35,6.6,2001,2000
2001-05-30,28.1,22.0,24.48,96,75,90.67,13.1,1006.69,6.8,2001,2000
2001-05-31,27.9,21.6,23.82,99,77,93.54,39.9,1006.7,9.7,2001,2000
2001-06-01,27.5,21.8,24.02,99,77,91.5,18.1,1007.32,6.8,2001,2000
2001-06-02,26.9,22.0,24.01,96,77,89.79,15.0,1007.67,7.7,2001,2000
2001-06-03,28.3,21.1,24.29,99,70,86.54,9.8,1006.96,6.4,2001,2000
2001-06-04,27.3,21.4,23.93,97,73,89.71,22.4,1007.35,7.3,2001,2000
2001-06-05,28.1,21.8,24.17,96,69,88.12,7.0,1007.3,5.8,2001,2000
2001-06-06,28.3,21.9,24.8,96,72,87.5,6.8,1006.6,6.1,2001,2000
2001-06-07,28.4,21.5,24.55,97,71,87.46,12.4,1005.21,7.5,2001,2000
2001-06-08,29.0,22.0,24.59,95,71,88.42,16.2,1004.93,6.1,2001,2000
2001-06-09,27.9,21.4,24.18,99,76,90.29,12.9,1005.53,5.5,2001,2000
2001-06-10,28.6,21.9,24.34,97,69,89.21,16.1,1006.35,5.9,2001,2000
2001-06-11,27.9,21.2,24.22,99,74,90.42,11.3,1006.85,4.3,2001,2000
2001-06-12,28.1,22.1,24.68,99,74,89.67,10.4,1006.71,6.9,2001,2000
2001-06-13,27.2,20.7,23.85,99,77,90.75,15.6,1006.33,5.4,2001,2000
2001-06-14,28.6,21.4,24.68,96,68,83.12,4.3,1005.53,6.6,2001,2000
2001-06-15,30.0,21.1,24.68,93,60,80.75,5.3,1004.92,7.2,2001,2000
2001-06-16,29.5,21.6,25.12,95,68,83.83,7.3,1004.89,6.8,2001,2000
2001-06-17,29.8,22.0,24.82,94,60,82.88,5.9,1005.16,7.6,2001,2000
2001-06-18,29.7,21.3,24.95,93,59,78.42,8.1,1004.78,8.0,2001,2000
2001-06-19,27.4,22.9,24.75,94,75,85.83,14.8,1005.37,5.2,2001,2000
2001-06-20,28.0,22.8,24.95,90,69,83.08,5.7,1006.2,6.9,2001,2000
2001-06-21,28.7,22.4,24.72,99,68,84.79,17.4,1006.88,8.2,2001,2000
2001-06-22,27.4,21.3,23.73,99,76,92.96,22.6,1006.52,6.5,2001,2000
2001-06-23,26.9,22.2,24.04,99,78,91.75,15.6,1006.89,6.6,2001,2000
2001-06-24,27.2,21.4,24.16,99,75,89.29,10.0,1006.4,5.2,2001,2000
2001-06-25,28.9,22.5,25.31,95,69,85.12,2.4,1005.53,5.4,2001,2000
2001-06-26,30.2,23.6,26.53,92,63,79.75,0.6,1004.3,6.1,2001,2000
2001-06-27,29.9,24.1,26.42,90,67,81.58,6.6,1004.8,6.6,2001,2000
2001-06-28,29.4,22.9,25.84,99,68,85.58,11.1,1005.32,5.2,2001,2000
2001-06-29,28.9,23.5,25.39,94,70,85.58,13.9,1005.17,6.1,2001,2000
2001-06-30,26.7,21.6,23.86,99,79,92.75,27.7,1005.52,6.2,2001,2000
2001-07-01,27.9,21.6,24.08,99,73,91.67,21.3,1005.11,7.4,2001,2000
2001-07-02,27.8,21.4,24.34,99,77,89.29,7.3,1005.05,5.8,2001,2000
2001-07-03,30.6,21.1,25.38,93,58,79.79,0.6,1004.5,7.6,2001,2000
2001-07-04,29.5,22.7,25.89,93,68,82.17,6.7,1004.61,7.6,2001,2000
2001-07-05,28.3,23.1,25.18,94,70,85.79,13.8,1004.81,5.2,2001,2000
2001-07-06,28.7,22.0,24.31,99,71,87.83,24.0,1006.11,6.5,2001,2000
2001-07-07,28.2,21.5,24.53,99,73,88.54,8.2,1006.84,5.4,2001,2000
2001-07-08,26.9,22.2,23.91,99,77,91.38,28.0,1007.58,6.0,2001,2000
2001-07-09,26.8,21.9,23.71,99,78,92.67,30.3,1007.3,9.6,2001,2000
2001-07-10,26.0,21.4,23.46,99,85,93.54,23.8,1006.87,7.2,2001,2000
2001-07-11,28.0,21.1,23.77,99,74,91.0,9.3,1007.08,9.3,2001,2000
2001-07-12,29.3,21.0,24.85,99,66,86.21,3.3,1007.3,5.9,2001,2000
2001-07-13,27.8,22.1,24.58,96,75,88.38,15.1,1006.56,6.8,2001,2000
2001-07-14,29.3,21.7,24.24,98,68,89.04,13.9,1006.0,7.3,2001,2000
2001-07-15,28.1,20.5,24.12,97,76,89.71,9.4,1006.14,11.3,2001,2000
2001-07-16,28.3,21.8,24.81,98,75,88.79,8.3,1007.0,6.9,2001,2000
2001-07-17,29.1,22.0,24.5,96,66,87.71,12.5,1005.99,5.9,2001,2000
2001-07-18,27.1,21.2,23.3,99,74,92.58,110.7,1004.7,6.5,2001,2000
2001-07-19,29.1,21.3,23.39,100,70,94.42,43.7,1006.48,6.3,2001,2000
2001-07-20,26.9,22.0,23.9,95,78,89.54,14.6,1006.79,6.5,2001,2000
2001-07-21,26.8,21.1,23.65,99,75,90.92,25.0,1006.31,5.2,2001,2000
2001-07-22,27.5,21.5,23.81,99,76,91.83,8.5,1006.57,9.3,2001,2000
2001-07-23,28.7,22.1,24.44,96,73,88.5,7.1,1006.87,8.3,2001,2000
2001-07-24,28.0,21.6,24.16,96,72,88.17,6.1,1006.3,6.5,2001,2000
2001-07-25,28.6,21.3,24.3,96,69,86.58,3.6,1006.49,7.2,2001,2000
2001-07-26,29.5,21.1,23.97,96,64,88.42,13.4,1006.84,5.8,2001,2000
2001-07-27,27.5,20.7,23.82,99,70,88.38,10.1,1008.25,6.6,2001,2000
2001-07-28,29.3,20.8,24.45,96,64,84.88,7.0,1007.96,6.3,2001,2000
2001-07-29,28.5,22.0,24.58,94,70,85.42,13.0,1006.66,7.3,2001,2000
2001-07-30,28.1,21.9,24.64,95,70,85.46,8.1,1006.02,7.2,2001,2000
2001-07-31,27.7,21.4,24.53,95,75,87.46,9.6,1005.95,6.2,2001,2000
2001-08-01,29.5,21.6,24.83,95,70,86.62,6.4,1006.63,6.5,2001,2000
2001-08-02,27.8,21.5,24.77,94,75,86.5,10.3,1006.5,5.9,2001,2000
2001-08-03,28.2,21.7,24.04,98,72,91.08,15.4,1006.77,7.4,2001,2000
2001-08-04,27.9,22.2,24.38,99,75,88.75,12.9,1006.97,8.1,2001,2000
2001-08-05,27.3,22.3,24.11,97,75,90.33,8.4,1007.64,7.2,2001,2000
2001-08-06,29.2,21.7,24.87,96,68,86.42,4.0,1007.15,8.1,2001,2000
2001-08-07,28.6,22.2,24.94,98,70,86.83,6.2,1006.7,4.5,2001,2000
2001-08-08,27.3,21.9,24.8,97,75,87.08,8.7,1005.85,6.1,2001,2000
2001-08-09,27.9,22.4,24.44,99,73,90.29,12.0,1006.03,6.6,2001,2000
2001-08-10,27.6,22.0,24.58,99,79,91.0,7.3,1006.21,5.8,2001,2000
2001-08-11,28.8,22.3,24.92,94,70,86.38,10.5,1006.55,5.4,2001,2000
2001-08-12,28.5,22.3,24.77,94,71,87.04,8.3,1006.71,6.4,2001,2000
2001-08-13,28.6,23.1,25.18,94,68,84.88,6.3,1006.02,5.8,2001,2000
2001-08-14,28.2,22.3,24.8,96,74,89.38,9.6,1004.75,7.2,2001,2000
2001-08-15,28.6,21.8,24.92,99,75,89.29,8.6,1004.91,5.6,2001,2000
2001-08-16,28.4,22.2,25.05,98,72,88.25,5.2,1005.32,4.8,2001,2000
2001-08-17,29.6,22.6,25.59,98,70,86.33,10.7,1005.73,5.2,2001,2000
2001-08-18,29.0,23.6,25.65,94,69,85.96,8.0,1005.23,5.5,2001,2000
2001-08-19,29.1,22.3,25.28,94,67,84.67,6.5,1004.58,6.9,2001,2000
2001-08-20,29.6,22.9,25.4,96,68,87.04,10.9,1005.08,6.5,2001,2000
2001-08-21,28.6,23.1,24.89,99,75,91.33,17.1,1005.52,10.1,2001,2000
2001-08-22,27.4,23.1,24.54,99,77,94.0,20.6,1007.02,8.8,2001,2000
2001-08-23,26.8,22.2,24.27,99,83,93.29,17.1,1007.79,7.4,2001,2000
2001-08-24,28.5,22.0,24.3,96,72,89.42,7.3,1006.99,9.0,2001,2000
2001-08-25,29.0,21.3,24.28,99,68,89.38,11.0,1006.7,8.1,2001,2000
2001-08-26,27.8,21.8,24.08,99,75,92.33,17.0,1006.92,7.1,2001,2000
2001-08-27,25.2,22.4,23.71,99,91,95.71,32.5,1006.56,7.4,2001,2000
2001-08-28,27.3,22.0,24.33,96,80,90.38,9.0,1005.64,5.7,2001,2000
2001-08-29,26.8,22.3,24.08,99,81,93.79,29.0,1004.91,5.7,2001,2000
2001-08-30,28.2,20.9,23.83,99,74,92.38,14.4,1005.08,7.6,2001,2000
2001-08-31,27.6,22.3,24.42,96,77,89.75,19.0,1005.95,9.1,2001,2000
2001-09-01,27.4,22.3,24.32,97,79,90.5,16.7,1005.86,6.6,2001,2000
2001-09-02,27.1,21.2,23.48,99,79,93.67,28.0,1005.54,5.6,2001,2000
2001-09-03,24.8,21.4,22.97,99,94,98.42,20.7,1005.03,5.8,2001,2000
2001-09-04,26.1,21.2,23.56,99,81,91.12,8.1,1005.76,5.8,2001,2000
2001-09-05,27.9,21.8,24.26,96,73,88.54,14.1,1006.32,8.3,2001,2000
2001-09-06,28.9,21.4,24.35,99,72,90.0,11.6,1007.15,8.8,2001,2000
2001-09-07,27.2,22.1,24.2,96,80,91.04,14.4,1006.66,9.4,2001,2000
2001-09-08,27.8,21.1,23.95,99,78,91.25,23.5,1006.72,6.6,2001,2000
2001-09-09,27.4,20.9,23.65,99,80,91.54,9.4,1007.58,9.5,2001,2000
2001-09-10,28.7,21.8,24.15,95,71,88.5,11.3,1008.03,6.8,2001,2000
2001-09-11,28.5,21.0,24.4,96,68,86.04,8.0,1006.9,7.6,2001,2000
2001-09-12,27.0,21.0,23.67,98,81,92.17,23.8,1006.64,5.1,2001,2000
2001-09-13,28.1,21.0,23.81,99,72,91.21,55.1,1006.51,7.6,2001,2000
2001-09-14,24.2,21.7,22.57,100,96,98.67,45.8,1006.7,8.4,2001,2000
2001-09-15,26.3,21.4,23.63,99,83,91.88,6.9,1006.81,9.2,2001,2000
2001-09-16,27.3,21.6,24.41,95,73,88.0,6.9,1006.69,6.6,2001,2000
2001-09-17,29.1,22.1,24.82,96,68,86.12,4.5,1006.42,6.5,2001,2000
2001-09-18,27.7,21.6,24.32,95,72,87.58,10.6,1005.88,5.5,2001,2000
2001-09-19,27.9,21.7,23.52,99,72,90.04,13.9,1006.0,8.5,2001,2000
2001-09-20,27.5,21.0,23.54,99,74,90.58,9.1,1006.0,10.2,2001,2000
2001-09-21,28.1,21.5,23.85,96,74,89.38,19.6,1005.31,5.8,2001,2000
2001-09-22,27.9,21.6,23.92,96,70,89.08,11.9,1005.14,7.1,2001,2000
2001-09-23,27.5,21.3,23.39,99,76,93.12,33.2,1006.02,9.9,2001,2000
2001-09-24,26.7,21.4,23.49,99,78,92.33,13.7,1006.44,7.1,2001,2000
2001-09-25,28.2,21.5,24.24,97,71,88.88,7.0,1006.1,5.6,2001,2000
2001-09-26,29.0,22.1,24.77,96,69,85.42,4.2,1005.73,7.1,2001,2000
2001-09-27,28.8,22.2,24.56,100,69,88.88,11.2,1005.24,7.9,2001,2000
2001-09-28,23.8,22.0,22.86,99,92,97.79,52.7,1006.03,8.8,2001,2000
2001-09-29,23.9,21.9,22.76,99,94,97.33,37.6,1007.54,8.8,2001,2000
2001-09-30,29.3,20.5,24.15,95,68,87.5,6.8,1007.96,9.3,2001,2000
2001-10-01,29.0,20.8,24.51,97,69,87.12,11.0,1006.72,6.5,2001,2000
2001-10-02,29.7,21.2,24.72,97,64,85.38,1.6,1006.34,6.2,2001,2000
2001-10-03,29.3,23.3,25.46,94,68,85.0,9.1,1006.2,4.8,2001,2000
2001-10-04,29.7,22.2,25.24,94,64,84.71,8.5,1005.98,7.3,2001,2000
2001-10-05,27.2,22.4,23.9,99,83,93.42,17.5,1005.96,6.6,2001,2000
2001-10-06,26.8,21.6,23.51,99,82,95.12,34.3,1006.18,7.8,2001,2000
2001-10-07,26.5,21.3,23.97,99,79,91.29,23.2,1006.17,5.6,2001,2000
2001-10-08,26.8,21.9,24.16,97,78,91.12,13.9,1005.19,5.6,2001,2000
2001-10-09,28.5,20.7,24.15,99,73,90.38,13.3,1005.3,6.7,2001,2000
2001-10-10,28.6,21.6,24.45,99,68,87.54,7.7,1005.0,9.0,2001,2000
2001-10-11,26.9,21.8,23.82,99,80,92.04,17.2,1005.2,6.3,2001,2000
2001-10-12,25.9,20.8,23.6,99,84,92.38,4.7,1005.3,6.8,2001,2000
2001-10-13,28.4,22.3,24.65,95,75,88.83,3.9,1005.06,5.9,2001,2000
2001-10-14,28.0,22.8,24.97,94,73,86.83,8.9,1004.7,7.8,2001,2000
2001-10-15,27.0,21.3,24.41,99,83,90.88,27.9,1004.15,7.0,2001,2000
2001-10-16,30.1,21.8,24.41,99,62,89.75,15.3,1004.72,8.8,2001,2000
2001-10-17,26.5,21.8,23.47,99,80,93.04,45.9,1005.61,7.0,2001,2000
2001-10-18,26.9,20.8,23.17,99,78,92.21,14.3,1005.4,9.7,2001,2000
2001-10-19,26.8,21.0,23.51,99,74,90.92,19.2,1003.99,9.1,2001,2000
2001-10-20,27.7,21.8,24.13,96,77,88.17,6.8,1004.34,8.8,2001,2000
2001-10-21,27.5,22.2,24.49,99,75,88.67,16.2,1005.61,8.9,2001,2000
2001-10-22,27.2,22.0,24.02,99,78,91.08,23.0,1005.56,12.6,2001,2000
2001-10-23,26.3,21.8,24.03,97,84,90.92,19.9,1005.54,10.6,2001,2000
2001-10-24,28.4,21.8,24.2,99,70,90.33,17.8,1005.78,8.1,2001,2000
2001-10-25,28.6,21.5,24.75,99,74,88.83,2.2,1005.89,6.7,2001,2000
2001-10-26,28.4,22.3,24.55,96,73,88.62,17.9,1006.27,7.7,2001,2000
2001-10-27,26.9,22.4,24.05,98,80,92.21,22.5,1005.84,9.3,2001,2000
2001-10-28,26.9,22.0,23.82,99,78,92.46,10.5,1006.18,10.2,2001,2000
2001-10-29,25.6,21.7,23.11,99,83,94.75,31.8,1006.45,12.0,2001,2000
2001-10-30,25.2,21.1,22.7,99,87,96.08,65.5,1006.32,12.7,2001,2000
2001-10-31,22.9,21.4,22.17,99,96,98.58,70.0,1007.04,13.7,2001,2000
2001-11-01,23.7,21.2,22.12,99,95,98.54,48.9,1007.44,15.0,2001,2000
2001-11-02,25.7,21.3,23.11,99,76,91.08,12.2,1007.02,13.6,2001,2000
2001-11-03,27.3,21.5,23.7,99,73,88.92,11.1,1005.71,9.3,2001,2000
2001-11-04,25.0,22.1,23.12,99,89,95.75,17.7,1005.1,10.5,2001,2000
2001-11-05,27.4,21.9,23.97,97,75,89.25,9.5,1004.46,8.7,2001,2000
2001-11-06,29.1,20.8,24.32,99,68,89.17,8.1,1005.76,6.5,2001,2000
2001-11-07,28.1,22.0,24.79,99,74,87.42,13.7,1006.58,4.7,2001,2000
2001-11-08,28.7,22.3,24.97,98,69,85.54,14.9,1006.98,7.3,2001,2000
2001-11-09,27.3,21.4,24.44,98,76,88.33,9.0,1007.0,5.6,2001,2000
2001-11-10,27.3,22.3,24.37,99,74,90.5,11.7,1006.18,5.8,2001,2000
2001-11-11,29.3,20.9,24.42,98,62,86.33,7.9,1005.62,7.0,2001,2000
2001-11-12,28.3,21.4,24.45,94,68,86.17,12.1,1006.42,6.3,2001,2000
2001-11-13,28.6,22.0,24.59,96,66,84.62,10.6,1006.64,6.5,2001,2000
2001-11-14,27.2,20.6,23.68,98,75,90.29,14.2,1005.67,7.0,2001,2000
2001-11-15,27.3,20.9,23.5,99,76,92.5,26.1,1005.05,5.4,2001,2000
2001-11-16,26.6,21.5,23.67,99,81,92.79,4.9,1005.88,7.2,2001,2000
2001-11-17,28.2,22.4,24.44,98,74,89.83,22.1,1006.32,6.1,2001,2000
2001-11-18,26.3,22.3,24.12,99,84,93.33,37.9,1006.39,5.4,2001,2000
2001-11-19,27.0,21.3,23.55,99,76,93.58,43.0,1006.74,6.5,2001,2000
2001-11-20,27.7,21.6,23.46,99,78,95.0,46.2,1006.4,5.6,2001,2000
2001-11-21,26.8,20.5,23.6,99,74,90.04,26.3,1005.83,5.8,2001,2000
2001-11-22,27.5,21.5,23.85,99,75,92.42,44.9,1005.82,6.6,2001,2000
2001-11-23,27.0,22.0,23.51,99,82,95.46,50.8,1004.81,8.5,2001,2000
2001-11-24,24.7,21.4,23.06,99,89,96.92,23.8,1004.48,7.3,2001,2000
2001-11-25,27.0,21.2,23.74,99,76,91.67,17.7,1004.69,5.9,2001,2000
2001-11-26,27.7,21.5,23.65,99,73,91.54,11.0,1005.54,5.6,2001,2000
2001-11-27,27.0,21.0,23.47,99,75,90.92,15.6,1006.18,6.5,2001,2000
2001-11-28,28.2,21.4,24.09,96,70,87.46,6.6,1006.63,6.8,2001,2000
2001-11-29,28.1,20.7,24.06,97,69,85.71,2.3,1006.55,6.6,2001,2000
2001-11-30,27.9,21.2,24.02,96,68,85.62,3.6,1005.33,6.3,2001,2000
2001-12-01,28.8,20.4,23.72,94,58,80.92,2.2,1005.97,8.1,2001,2000
2001-12-02,28.6,20.4,23.9,94,59,80.12,1.0,1006.18,6.8,2001,2000
2001-12-03,29.3,20.0,23.74,87,48,74.21,0.0,1005.48,9.3,2001,2000
2001-12-04,29.2,19.1,23.63,88,55,73.0,0.1,1005.52,9.8,2001,2000
2001-12-05,28.9,21.4,24.64,88,61,78.42,0.6,1004.72,6.2,2001,2000
2001-12-06,28.5,22.1,24.88,90,66,81.46,2.7,1003.6,5.4,2001,2000
2001-12-07,28.5,22.0,24.68,94,67,84.12,2.8,1002.79,6.1,2001,2000
2001-12-08,28.2,22.3,24.21,95,69,87.67,8.4,1003.02,6.3,2001,2000
2001-12-09,28.1,21.7,24.11,95,70,87.88,7.7,1002.82,6.5,2001,2000
2001-12-10,28.0,22.9,25.01,94,75,85.71,7.1,1002.75,4.3,2001,2000
2001-12-11,28.7,22.1,25.24,95,68,84.83,3.6,1003.27,5.8,2001,2000
2001-12-12,28.9,23.6,25.48,93,68,83.88,5.6,1004.07,8.6,2001,2000
2001-12-13,28.4,23.1,24.88,93,70,86.12,10.3,1003.84,6.8,2001,2000
2001-12-14,28.0,22.2,24.49,95,70,87.62,8.1,1003.42,4.2,2001,2000
2001-12-15,28.2,22.3,24.5,99,69,88.25,4.0,1003.72,4.7,2001,2000
2001-12-16,29.3,21.6,24.6,94,59,81.33,1.4,1004.57,8.0,2001,2000
2001-12-17,29.0,21.4,24.75,94,63,81.42,1.6,1004.5,7.0,2001,2000
2001-12-18,29.2,21.8,25.0,92,62,80.79,0.6,1004.11,7.3,2001,2000
2001-12-19,28.1,22.0,24.6,95,73,86.79,8.6,1004.8,6.1,2001,2000
2001-12-20,28.0,22.0,24.59,95,71,87.5,9.3,1005.4,6.5,2001,2000
2001-12-21,27.4,22.5,24.5,99,74,89.71,10.6,1005.72,5.1,2001,2000
2001-12-22,28.0,22.0,24.79,98,72,87.54,7.0,1005.56,5.0,2001,2000
2001-12-23,28.2,21.7,24.66,94,69,84.96,2.6,1004.88,6.2,2001,2000
2001-12-24,28.9,22.3,24.79,95,68,84.96,4.9,1005.28,7.2,2001,2000
2001-12-25,27.9,22.5,24.61,95,71,87.75,6.6,1006.06,7.0,2001,2000
2001-12-26,27.7,22.8,24.63,95,74,88.25,6.5,1006.41,4.9,2001,2000
2001-12-27,28.8,21.1,24.34,96,65,86.79,4.1,1005.53,5.7,2001,2000
2001-12-28,29.1,22.7,25.09,94,66,84.17,4.1,1004.98,4.8,2001,2000
2001-12-29,29.4,22.0,25.3,94,65,82.67,3.6,1005.81,7.9,2001,2000
2001-12-30,28.3,22.4,24.73,95,70,85.38,5.0,1006.18,6.5,2001,2000
2001-12-31,27.3,22.3,24.3,96,75,89.12,11.9,1006.4,6.3,2001,2000
2002-01-01,28.4,22.0,24.45,97,72,88.67,6.6,1005.94,6.5,2002,2000
2002-01-02,28.5,21.1,24.44,95,67,85.62,3.3,1006.54,5.6,2002,2000
2002-01-03,28.9,20.8,24.06,95,60,83.67,3.9,1008.28,6.1,2002,2000
2002-01-04,29.1,21.0,24.5,93,59,79.54,0.8,1008.7,7.6,2002,2000
2002-01-05,30.1,22.0,25.42,89,56,77.0,1.4,1007.79,7.4,2002,2000
2002-01-06,30.3,22.2,25.57,89,56,76.42,2.9,1007.82,7.2,2002,2000
2002-01-07,29.5,21.7,25.18,90,59,77.42,3.0,1008.04,7.2,2002,2000
2002-01-08,28.9,21.8,24.51,92,60,81.17,1.7,1008.51,7.6,2002,2000
2002-01-09,28.1,22.3,24.67,90,64,79.96,7.4,1008.64,6.6,2002,2000
2002-01-10,28.8,22.0,24.75,91,62,79.67,2.0,1007.98,6.3,2002,2000
2002-01-11,29.5,21.2,25.03,87,58,75.42,0.9,1006.97,7.4,2002,2000
2002-01-12,30.5,20.5,25.0,87,51,72.79,1.4,1006.18,9.0,2002,2000
2002-01-13,29.2,21.1,24.6,88,60,75.79,1.5,1006.56,8.1,2002,2000
2002-01-14,29.6,19.8,24.33,91,49,73.88,0.9,1006.88,8.5,2002,2000
2002-01-15,30.9,20.7,24.99,85,49,70.96,0.4,1005.98,8.4,2002,2000
2002-01-16,31.2,21.3,25.68,81,48,68.58,0.7,1005.39,8.9,2002,2000
2002-01-17,30.9,21.4,25.57,84,47,69.79,1.0,1005.0,9.0,2002,2000
2002-01-18,30.7,20.7,25.28,83,47,68.92,1.1,1005.02,9.4,2002,2000
2002-01-19,30.8,21.5,25.58,83,51,69.62,0.7,1004.98,8.0,2002,2000
2002-01-20,31.5,20.5,25.48,82,45,67.38,1.0,1005.32,8.1,2002,2000
2002-01-21,30.9,21.9,25.68,79,47,67.92,0.7,1005.74,8.4,2002,2000
2002-01-22,31.2,21.6,25.95,78,48,64.71,0.5,1005.53,9.5,2002,2000
2002-01-23,31.7,22.8,26.54,76,46,63.04,0.2,1005.01,9.3,2002,2000
2002-01-24,32.3,21.6,26.23,83,47,69.12,3.6,1004.14,9.2,2002,2000
2002-01-25,32.1,22.9,26.77,86,49,70.08,1.2,1003.74,7.0,2002,2000
2002-01-26,32.0,23.4,27.09,80,45,63.5,0.1,1003.63,8.9,2002,2000
2002-01-27,31.7,23.4,26.89,74,43,60.38,0.0,1003.75,9.0,2002,2000
2002-01-28,31.9,24.0,26.82,68,42,58.04,0.0,1002.75,13.7,2002,2000
2002-01-29,32.4,24.1,27.22,69,41,57.54,0.0,1002.68,11.3,2002,2000
2002-01-30,32.0,23.6,27.1,70,44,58.83,0.0,1003.25,10.9,2002,2000
2002-01-31,31.0,23.7,26.7,76,49,65.21,1.8,1004.51,7.3,2002,2000
2002-02-01,32.0,23.0,27.12,82,47,64.08,1.9,1004.61,10.0,2002,2000
2002-02-02,32.5,24.3,27.35,76,44,60.75,0.0,1004.55,11.1,2002,2000
2002-02-03,32.5,24.2,27.25,65,42,55.08,0.4,1006.27,10.4,2002,2000
2002-02-04,32.4,21.8,26.7,75,37,57.17,0.4,1007.32,10.2,2002,2000
2002-02-05,32.0,22.9,26.65,72,39,57.17,0.5,1007.38,9.5,2002,2000
2002-02-06,32.3,21.8,26.31,74,38,59.12,0.4,1006.77,9.3,2002,2000
2002-02-07,32.2,21.6,26.27,77,38,60.92,0.9,1006.63,8.6,2002,2000
2002-02-08,31.8,20.8,25.87,77,41,63.08,1.5,1007.1,9.3,2002,2000
2002-02-09,31.3,22.2,25.89,80,47,66.96,1.4,1006.98,8.1,2002,2000
2002-02-10,31.5,22.0,26.45,79,46,62.54,0.6,1006.29,8.7,2002,2000
2002-02-11,32.4,23.0,26.92,70,40,57.04,0.2,1005.29,9.5,2002,2000
2002-02-12,32.7,23.7,27.1,67,37,54.46,0.0,1005.07,10.2,2002,2000
2002-02-13,32.6,22.6,26.8,63,34,51.25,0.1,1005.79,10.9,2002,2000
2002-02-14,32.5,22.2,26.48,67,34,52.38,0.0,1005.7,10.9,2002,2000
2002-02-15,32.8,22.8,26.84,65,36,52.54,0.1,1005.55,11.8,2002,2000
2002-02-16,33.0,22.5,26.92,69,32,52.88,0.0,1006.21,10.1,2002,2000
2002-02-17,33.2,22.6,26.85,62,32,48.29,0.0,1005.28,11.7,2002,2000
2002-02-18,32.9,22.8,27.01,63,36,51.38,0.0,1005.01,12.2,2002,2000
2002-02-19,33.3,22.8,27.25,65,34,53.0,0.0,1005.0,12.2,2002,2000
2002-02-20,32.9,23.0,27.24,69,39,55.96,0.0,1005.11,11.0,2002,2000
2002-02-21,33.6,22.8,27.6,68,32,51.92,0.1,1004.34,10.7,2002,2000
2002-02-22,33.1,22.4,26.95,81,38,60.29,2.3,1004.13,8.8,2002,2000
2002-02-23,33.0,23.0,27.3,84,36,58.96,0.0,1004.53,9.8,2002,2000
2002-02-24,32.9,24.3,27.65,67,41,55.62,0.0,1005.48,13.2,2002,2000
2002-02-25,33.3,24.1,27.79,73,38,57.17,0.2,1006.17,8.6,2002,2000
2002-02-26,33.6,22.0,27.23,75,37,60.04,0.2,1005.28,8.7,2002,2000
2002-02-27,33.2,23.5,27.65,74,33,54.21,0.2,1005.52,9.9,2002,2000
2002-02-28,33.5,22.3,27.31,62,31,47.5,0.0,1004.89,11.0,2002,2000
2002-03-01,33.6,22.9,27.23,68,34,53.12,0.0,1003.72,11.5,2002,2000
2002-03-02,33.5,22.5,27.44,71,33,55.17,0.0,1004.7,10.0,2002,2000
2002-03-03,34.0,21.5,27.38,75,35,58.54,0.2,1005.68,9.4,2002,2000
2002-03-04,33.5,22.5,27.49,76,37,56.96,0.0,1006.74,10.0,2002,2000
2002-03-05,33.0,23.6,27.22,65,35,52.21,0.0,1006.69,15.9,2002,2000
2002-03-06,32.7,22.8,26.79,63,35,51.29,0.0,1006.27,11.8,2002,2000
2002-03-07,33.1,22.5,27.05,65,34,51.67,0.0,1005.17,12.2,2002,2000
2002-03-08,33.0,22.9,27.14,65,37,53.12,0.0,1004.6,12.2,2002,2000
2002-03-09,33.8,23.1,27.55,65,34,51.5,0.0,1005.62,12.0,2002,2000
2002-03-10,33.6,23.8,27.51,63,29,49.12,0.0,1006.01,14.8,2002,2000
2002-03-11,34.1,23.0,27.71,60,32,46.46,0.0,1005.69,14.1,2002,2000
2002-03-12,34.3,22.9,27.96,70,34,54.46,0.4,1006.4,9.8,2002,2000
2002-03-13,33.7,23.0,28.0,71,35,54.25,0.0,1005.77,11.0,2002,2000
2002-03-14,33.9,22.3,27.7,72,33,55.29,0.1,1005.74,9.6,2002,2000
2002-03-15,33.9,21.9,27.62,71,37,56.12,0.0,1005.42,9.4,2002,2000
2002-03-16,33.8,23.8,28.23,72,38,56.17,0.0,1004.63,10.2,2002,2000
2002-03-17,33.7,24.9,28.6,68,40,56.25,0.0,1004.25,10.4,2002,2000
2002-03-18,33.3,25.1,28.49,68,41,55.88,0.0,1003.8,10.2,2002,2000
2002-03-19,33.2,24.9,28.29,70,41,57.38,3.0,1004.1,8.3,2002,2000
2002-03-20,32.7,24.0,27.63,74,44,61.75,8.3,1005.22,6.5,2002,2000
2002-03-21,32.8,23.3,26.8,85,44,69.21,9.8,1005.67,7.2,2002,2000
2002-03-22,32.7,24.3,27.47,85,43,64.0,0.9,1005.4,10.2,2002,2000
2002-03-23,33.6,23.4,27.33,65,28,49.75,0.0,1004.76,14.3,2002,2000
2002-03-24,33.6,23.4,27.88,66,39,52.92,0.0,1004.09,13.7,2002,2000
2002-03-25,34.3,23.9,28.42,73,40,60.42,1.8,1003.08,9.5,2002,2000
2002-03-26,34.7,24.6,28.9,74,39,60.0,2.9,1002.69,8.0,2002,2000
2002-03-27,34.6,25.2,29.01,72,35,54.88,0.3,1003.01,9.7,2002,2000
2002-03-28,33.9,24.0,28.2,70,28,49.5,0.1,1004.44,10.2,2002,2000
2002-03-29,34.0,22.8,27.65,64,30,49.67,0.0,1005.27,9.6,2002,2000
2002-03-30,34.5,22.4,27.72,67,27,49.33,0.0,1003.76,10.5,2002,2000
2002-03-31,35.0,22.0,27.85,67,30,52.62,0.0,1002.82,11.5,2002,2000
2002-04-01,34.3,24.0,28.67,74,39,56.79,0.0,1003.25,9.4,2002,2000
2002-04-02,34.4,24.2,28.68,72,35,56.83,0.2,1004.08,10.3,2002,2000
2002-04-03,34.4,23.3,28.36,75,36,55.96,0.0,1004.87,9.9,2002,2000
2002-04-04,34.7,24.0,28.44,71,33,54.29,0.0,1005.37,12.7,2002,2000
2002-04-05,34.2,24.6,28.22,63,34,48.42,0.0,1004.93,14.7,2002,2000
2002-04-06,34.8,23.5,28.19,54,24,37.38,0.0,1004.45,14.6,2002,2000
2002-04-07,34.2,22.4,27.72,66,30,46.83,0.3,1005.42,11.2,2002,2000
2002-04-08,33.7,22.4,27.65,69,32,52.0,0.0,1006.48,9.4,2002,2000
2002-04-09,34.1,22.5,27.58,70,33,55.58,0.1,1007.5,8.8,2002,2000
2002-04-10,32.4,22.4,26.9,74,43,62.46,4.1,1007.87,8.4,2002,2000
2002-04-11,31.7,23.2,26.2,85,47,69.29,11.3,1007.58,7.6,2002,2000
2002-04-12,32.4,21.7,26.38,85,37,62.79,3.0,1006.56,9.2,2002,2000
2002-04-13,31.6,21.4,25.75,80,43,66.21,3.9,1006.44,8.5,2002,2000
2002-04-14,31.6,22.3,26.16,83,46,68.17,2.9,1006.05,7.3,2002,2000
2002-04-15,33.0,22.4,27.12,76,38,57.88,0.0,1004.85,10.2,2002,2000
2002-04-16,32.9,22.4,27.22,67,38,54.0,0.0,1004.95,11.4,2002,2000
2002-04-17,34.2,23.0,28.08,65,34,50.83,0.0,1004.71,10.5,2002,2000
2002-04-18,33.6,23.6,28.13,70,38,54.58,3.3,1004.74,8.0,2002,2000
2002-04-19,33.5,23.8,27.75,73,40,59.25,4.4,1004.44,7.2,2002,2000
2002-04-20,33.4,23.2,27.81,73,37,56.96,3.2,1003.65,7.3,2002,2000
2002-04-21,34.0,23.7,28.2,72,37,56.75,0.4,1003.18,9.1,2002,2000
2002-04-22,34.0,24.3,28.5,69,38,55.54,2.5,1003.62,8.6,2002,2000
2002-04-23,32.8,25.2,28.22,75,46,61.5,13.0,1004.25,5.8,2002,2000
2002-04-24,32.9,25.3,27.77,75,43,63.29,8.4,1004.68,6.3,2002,2000
2002-04-25,33.3,24.4,27.72,77,39,61.5,10.8,1005.27,6.8,2002,2000
2002-04-26,32.7,22.8,26.67,88,43,69.38,8.4,1006.3,5.5,2002,2000
2002-04-27,31.5,22.8,26.68,90,49,70.83,8.2,1006.26,6.4,2002,2000
2002-04-28,33.4,22.7,27.43,84,40,62.96,0.5,1004.96,8.0,2002,2000
2002-04-29,33.7,22.8,27.69,74,36,57.92,3.0,1004.75,9.3,2002,2000
2002-04-30,33.8,21.9,27.32,76,34,59.12,1.4,1005.72,8.7,2002,2000
2002-05-01,33.9,22.7,27.78,78,36,60.08,0.8,1004.98,7.7,2002,2000
2002-05-02,34.3,23.5,28.4,75,38,58.46,1.3,1004.0,8.1,2002,2000
2002-05-03,33.6,24.4,28.28,77,43,62.92,2.4,1003.46,6.5,2002,2000
2002-05-04,32.2,24.5,27.46,82,52,70.54,8.5,1003.61,6.6,2002,2000
2002-05-05,31.8,23.8,27.26,98,54,74.17,4.0,1004.12,9.5,2002,2000
2002-05-06,32.1,25.0,28.12,82,51,65.58,5.3,1004.2,7.3,2002,2000
2002-05-07,33.0,25.6,28.47,75,47,62.58,0.9,1003.72,9.4,2002,2000
2002-05-08,33.3,25.5,28.77,74,46,61.29,3.2,1003.71,6.5,2002,2000
2002-05-09,33.6,25.0,28.9,77,43,59.58,1.6,1003.41,6.9,2002,2000
2002-05-10,34.0,24.7,28.82,81,44,60.71,3.6,1003.38,7.4,2002,2000
2002-05-11,33.5,25.9,28.98,74,45,61.42,3.3,1003.64,6.8,2002,2000
2002-05-12,34.5,24.4,28.96,85,43,62.29,1.2,1003.67,6.2,2002,2000
2002-05-13,34.2,25.1,29.15,79,44,62.21,3.5,1002.7,7.5,2002,2000
2002-05-14,33.8,25.2,28.03,84,47,70.83,6.2,1002.29,6.5,2002,2000
2002-05-15,34.0,24.6,27.46,87,46,74.29,10.5,1004.2,5.9,2002,2000
2002-05-16,31.4,24.3,27.34,89,56,74.67,9.1,1005.29,7.3,2002,2000
2002-05-17,30.4,24.0,26.47,96,61,80.54,18.9,1005.21,6.1,2002,2000
2002-05-18,30.1,22.7,25.93,95,63,82.67,16.7,1004.68,5.1,2002,2000
2002-05-19,27.9,22.7,25.08,99,77,88.29,7.0,1005.4,7.6,2002,2000
2002-05-20,30.1,22.8,25.2,96,65,86.5,12.8,1006.16,9.7,2002,2000
2002-05-21,28.8,22.3,24.96,96,69,87.42,10.1,1006.18,10.5,2002,2000
2002-05-22,31.1,23.1,25.95,94,56,82.33,3.1,1005.5,9.3,2002,2000
2002-05-23,30.5,23.2,25.7,95,62,84.71,8.0,1005.32,6.8,2002,2000
2002-05-24,28.8,22.1,25.11,99,74,88.54,6.4,1005.37,8.9,2002,2000
2002-05-25,25.2,22.9,23.92,99,91,97.33,95.5,1006.73,10.8,2002,2000
2002-05-26,26.3,22.3,23.7,99,77,92.08,13.9,1007.55,11.9,2002,2000
2002-05-27,28.9,20.8,24.5,98,62,83.58,2.6,1006.64,12.9,2002,2000
2002-05-28,27.9,22.9,24.55,94,70,86.88,10.7,1006.63,10.8,2002,2000
2002-05-29,27.8,22.0,24.12,99,72,88.96,14.7,1006.75,12.6,2002,2000
2002-05-30,26.9,22.0,24.08,99,74,89.92,12.7,1007.11,11.6,2002,2000
2002-05-31,27.8,22.1,24.48,96,76,89.29,11.1,1007.17,9.7,2002,2000
2002-06-01,28.8,21.4,24.31,97,70,87.67,4.8,1007.68,6.4,2002,2000
2002-06-02,29.0,22.3,24.64,97,69,88.71,7.4,1006.69,5.4,2002,2000
2002-06-03,27.3,22.6,24.44,97,77,89.67,16.4,1006.9,8.4,2002,2000
2002-06-04,27.6,21.5,24.02,99,79,91.12,18.1,1007.21,9.0,2002,2000
2002-06-05,26.0,21.6,23.2,99,83,95.25,26.1,1007.95,10.7,2002,2000
2002-06-06,28.3,21.4,24.25,95,68,87.29,8.1,1006.67,9.9,2002,2000
2002-06-07,28.0,21.1,24.25,96,71,87.5,4.8,1006.8,7.4,2002,2000
2002-06-08,26.1,21.8,23.97,96,81,90.5,10.0,1006.62,6.5,2002,2000
2002-06-09,28.3,22.2,24.51,95,73,88.5,10.2,1005.64,9.7,2002,2000
2002-06-10,28.1,21.1,24.04,99,73,90.88,12.8,1005.18,9.9,2002,2000
2002-06-11,29.2,22.0,24.93,99,71,87.0,6.6,1006.31,7.9,2002,2000
2002-06-12,27.8,22.1,24.91,95,73,87.38,7.6,1007.04,9.0,2002,2000
2002-06-13,28.5,22.1,24.53,98,70,89.12,22.3,1006.9,9.1,2002,2000
2002-06-14,28.7,21.6,24.43,97,76,90.04,7.0,1006.67,7.9,2002,2000
2002-06-15,28.0,21.8,24.64,99,77,90.29,7.1,1006.33,6.7,2002,2000
2002-06-16,28.1,21.6,24.84,99,73,88.21,3.8,1005.7,6.1,2002,2000
2002-06-17,28.6,22.8,24.49,99,70,89.96,27.3,1004.78,7.4,2002,2000
2002-06-18,27.1,22.2,24.2,100,82,92.33,8.3,1004.83,6.6,2002,2000
2002-06-19,29.2,22.3,25.3,96,72,87.79,7.0,1004.25,4.8,2002,2000
2002-06-20,29.5,22.9,25.61,95,69,85.21,7.6,1004.65,6.1,2002,2000
2002-06-21,30.1,23.0,25.9,96,63,84.08,5.1,1004.18,6.0,2002,2000
2002-06-22,29.6,23.1,25.76,94,71,85.21,5.9,1004.33,5.2,2002,2000
2002-06-23,28.5,23.2,25.34,96,73,88.04,4.2,1004.89,6.5,2002,2000
2002-06-24,28.9,22.1,25.07,99,72,90.33,14.4,1005.36,6.3,2002,2000
2002-06-25,29.1,22.1,24.55,99,71,92.54,13.0,1006.15,7.6,2002,2000
2002-06-26,29.4,22.2,25.01,99,70,89.21,9.1,1006.35,5.1,2002,2000
2002-06-27,30.0,21.8,25.48,98,66,85.58,9.3,1005.86,5.6,2002,2000
2002-06-28,29.4,22.1,25.42,99,68,86.54,18.1,1005.61,6.6,2002,2000
2002-06-29,30.7,22.5,25.65,98,64,86.25,9.6,1005.55,6.0,2002,2000
2002-06-30,28.9,22.2,25.11,99,72,89.25,15.9,1005.61,6.2,2002,2000
2002-07-01,29.6,23.5,25.64,96,68,86.0,6.6,1005.2,5.4,2002,2000
2002-07-02,28.3,23.2,25.5,97,74,87.33,15.3,1005.27,4.8,2002,2000
2002-07-03,29.5,22.7,25.31,98,70,88.04,11.4,1005.68,5.5,2002,2000
2002-07-04,29.1,22.5,24.98,99,72,90.38,14.4,1006.46,6.3,2002,2000
2002-07-05,25.8,22.2,23.6,99,86,96.42,46.3,1007.41,8.1,2002,2000
2002-07-06,26.6,22.0,23.79,99,82,94.5,24.6,1007.32,11.2,2002,2000
2002-07-07,25.4,22.0,23.29,99,81,96.33,22.0,1007.06,8.2,2002,2000
2002-07-08,28.8,21.8,24.74,99,68,87.5,3.6,1005.94,5.9,2002,2000
2002-07-09,29.0,22.8,25.23,94,69,85.38,6.2,1005.36,5.4,2002,2000
2002-07-10,29.4,22.6,25.55,94,68,84.62,3.1,1005.48,5.7,2002,2000
2002-07-11,28.7,22.9,24.64,99,71,92.17,30.3,1006.38,9.8,2002,2000
2002-07-12,27.8,22.7,24.56,99,77,91.46,14.8,1006.08,6.9,2002,2000
2002-07-13,27.7,21.9,24.84,96,79,90.04,16.1,1005.38,5.0,2002,2000
2002-07-14,29.5,22.6,25.07,95,71,86.33,15.4,1005.95,6.5,2002,2000
2002-07-15,29.9,22.1,24.55,99,65,89.38,25.5,1006.02,6.6,2002,2000
2002-07-16,29.0,21.6,24.6,99,70,88.25,7.2,1006.24,7.3,2002,2000
2002-07-17,27.6,21.6,24.35,99,81,91.67,20.7,1007.22,4.3,2002,2000
2002-07-18,28.9,22.0,24.48,99,68,88.54,18.6,1006.91,6.8,2002,2000
2002-07-19,28.0,22.0,23.98,99,73,91.46,14.6,1007.3,10.0,2002,2000
2002-07-20,27.6,21.4,23.83,99,77,91.33,9.6,1008.25,8.7,2002,2000
2002-07-21,28.4,21.9,24.07,99,74,91.29,31.2,1007.79,6.6,2002,2000
2002-07-22,28.7,21.3,24.26,99,70,88.96,12.2,1006.52,5.9,2002,2000
2002-07-23,29.3,21.6,25.08,98,61,83.46,2.3,1006.74,6.4,2002,2000
2002-07-24,28.8,22.0,24.8,94,64,82.04,6.8,1007.26,8.0,2002,2000
2002-07-25,28.1,21.8,24.82,94,70,85.38,8.7,1006.65,6.2,2002,2000
2002-07-26,27.0,22.7,24.8,95,77,88.21,14.7,1006.6,5.6,2002,2000
2002-07-27,28.9,21.9,24.87,96,72,88.42,11.7,1006.4,6.8,2002,2000
2002-07-28,28.4,21.8,25.03,95,69,85.54,6.8,1005.55,6.4,2002,2000
2002-07-29,28.6,22.4,24.52,99,70,90.21,16.5,1006.13,6.4,2002,2000
2002-07-30,26.8,21.9,23.95,99,83,93.17,11.4,1007.44,7.9,2002,2000
2002-07-31,30.0,21.6,24.82,94,62,83.54,2.9,1006.92,8.0,2002,2000
2002-08-01,28.3,21.7,24.62,95,69,85.38,4.4,1006.42,8.1,2002,2000
2002-08-02,28.7,21.0,24.53,94,74,86.5,8.9,1006.32,6.2,2002,2000
2002-08-03,28.6,22.0,24.5,96,70,87.79,13.5,1006.93,6.9,2002,2000
2002-08-04,28.0,21.6,24.12,99,78,90.54,10.1,1006.62,6.4,2002,2000
2002-08-05,28.5,21.1,24.79,98,73,87.08,4.8,1005.45,5.9,2002,2000
2002-08-06,29.1,22.8,24.74,95,66,85.5,8.9,1004.43,6.1,2002,2000
2002-08-07,28.6,22.3,24.86,94,68,84.17,9.2,1005.08,6.0,2002,2000
2002-08-08,28.5,21.2,24.9,98,67,85.04,6.2,1006.58,8.4,2002,2000
2002-08-09,28.9,21.6,24.93,97,70,87.04,12.7,1005.21,6.1,2002,2000
2002-08-10,28.2,22.9,24.75,99,74,89.33,11.3,1004.54,7.1,2002,2000
2002-08-11,27.8,21.4,24.29,99,80,91.96,13.0,1005.5,7.5,2002,2000
2002-08-12,28.2,21.6,24.81,99,75,89.33,10.5,1006.25,5.4,2002,2000
2002-08-13,29.5,21.6,25.33,98,69,85.92,8.5,1005.32,6.4,2002,2000
2002-08-14,29.3,23.3,25.71,96,68,84.42,8.0,1003.64,5.1,2002,2000
2002-08-15,30.3,23.5,26.3,93,65,82.92,4.5,1003.45,4.4,2002,2000
2002-08-16,28.6,23.4,25.79,94,75,86.21,4.3,1004.36,6.2,2002,2000
2002-08-17,29.4,22.2,25.48,98,70,86.5,12.6,1004.98,9.2,2002,2000
2002-08-18,28.9,21.8,24.56,99,71,90.71,16.2,1005.42,7.9,2002,2000
2002-08-19,28.7,21.4,24.3,99,70,91.12,22.5,1005.34,6.5,2002,2000
2002-08-20,28.6,21.6,24.4,99,69,89.67,5.9,1005.48,7.7,2002,2000
2002-08-21,29.0,21.5,24.52,99,72,91.12,16.2,1005.55,6.4,2002,2000
2002-08-22,28.4,21.7,24.17,99,72,92.12,17.9,1005.53,7.9,2002,2000
2002-08-23,26.8,21.6,23.62,99,86,94.21,16.7,1005.52,5.4,2002,2000
2002-08-24,27.0,21.8,24.27,99,81,91.58,12.8,1005.76,7.6,2002,2000
2002-08-25,28.1,21.3,24.44,99,77,91.29,10.5,1006.35,7.9,2002,2000
2002-08-26,26.0,22.4,23.98,99,82,92.58,14.8,1006.6,6.6,2002,2000
2002-08-27,26.2,22.0,23.68,99,83,93.92,16.4,1007.25,7.1,2002,2000
2002-08-28,26.4,21.5,23.58,99,84,95.29,20.6,1005.99,6.9,2002,2000
2002-08-29,28.4,21.7,23.85,100,71,92.92,47.6,1004.7,10.9,2002,2000
2002-08-30,24.3,22.1,22.82,99,93,98.5,72.5,1005.49,11.5,2002,2000
2002-08-31,27.2,21.0,23.58,99,80,93.25,16.9,1007.05,7.4,2002,2000
2002-09-01,28.4,21.8,24.52,96,73,88.92,8.9,1006.26,5.2,2002,2000
2002-09-02,28.3,22.3,24.9,94,70,86.04,7.2,1004.86,6.4,2002,2000
2002-09-03,27.6,22.1,24.41,99,77,90.79,19.5,1005.55,8.5,2002,2000
2002-09-04,26.4,22.2,24.35,99,84,92.08,5.8,1006.95,7.3,2002,2000
2002-09-05,28.5,21.5,24.3,96,77,89.58,10.6,1006.25,9.3,2002,2000
2002-09-06,28.0,21.7,24.19,99,80,90.88,12.4,1005.35,7.3,2002,2000
2002-09-07,28.4,21.4,24.28,99,74,90.58,14.5,1005.55,6.6,2002,2000
2002-09-08,28.1,22.5,24.47,96,76,90.25,7.3,1006.08,7.2,2002,2000
2002-09-09,28.5,21.8,24.68,98,75,88.83,9.0,1005.56,10.1,2002,2000
2002-09-10,28.8,21.6,24.28,99,71,91.12,17.9,1005.64,10.9,2002,2000
2002-09-11,28.1,22.1,24.4,99,79,91.92,29.0,1005.36,8.7,2002,2000
2002-09-12,28.0,21.9,24.17,99,75,91.25,9.1,1005.17,8.0,2002,2000
2002-09-13,28.4,21.7,24.54,96,77,89.25,9.9,1005.34,8.2,2002,2000
2002-09-14,27.8,22.2,24.46,96,72,89.21,13.4,1005.54,7.9,2002,2000
2002-09-15,26.8,21.2,23.76,99,78,93.42,84.7,1005.08,9.4,2002,2000
2002-09-16,25.5,22.1,23.37,99,91,97.58,18.5,1005.68,7.4,2002,2000
2002-09-17,27.7,21.7,23.86,99,76,92.79,20.9,1006.73,11.5,2002,2000
2002-09-18,25.6,21.0,23.65,99,86,93.5,11.7,1007.15,6.4,2002,2000
2002-09-19,27.6,22.1,23.91,99,74,90.88,16.1,1006.56,11.5,2002,2000
2002-09-20,28.3,21.0,24.15,99,70,90.38,18.2,1005.87,8.6,2002,2000
2002-09-21,28.2,20.9,24.13,99,78,89.62,21.4,1005.17,9.6,2002,2000
2002-09-22,28.3,21.4,24.39,97,78,89.46,2.0,1004.76,7.9,2002,2000
2002-09-23,27.1,22.6,24.83,94,79,88.54,9.9,1005.02,8.5,2002,2000
2002-09-24,27.9,21.9,24.6,95,76,88.67,24.3,1005.78,5.4,2002,2000
2002-09-25,26.9,21.7,23.98,96,79,90.46,10.8,1005.64,6.9,2002,2000
2002-09-26,29.0,21.4,24.23,99,71,89.54,18.7,1005.3,10.0,2002,2000
2002-09-27,27.6,21.0,23.96,99,79,91.21,3.2,1005.6,9.7,2002,2000
2002-09-28,28.1,21.0,23.83,99,73,90.12,9.5,1006.75,9.3,2002,2000
2002-09-29,27.3,21.2,23.7,99,84,92.38,15.0,1006.68,10.2,2002,2000
2002-09-30,28.0,21.3,23.67,99,78,93.12,16.2,1006.27,10.7,2002,2000
2002-10-01,27.3,22.0,24.14,97,85,92.58,6.3,1006.38,7.6,2002,2000
2002-10-02,28.8,22.5,24.52,96,74,89.79,12.6,1005.45,7.1,2002,2000
2002-10-03,28.8,21.9,24.61,96,74,88.58,6.9,1003.88,6.2,2002,2000
2002-10-04,29.2,22.5,25.05,95,68,86.29,4.4,1002.88,7.2,2002,2000
2002-10-05,28.2,21.8,24.86,96,75,88.25,4.9,1003.66,8.3,2002,2000
2002-10-06,28.4,22.5,24.48,99,74,91.17,21.8,1003.74,5.2,2002,2000
2002-10-07,26.8,21.6,23.69,99,79,93.25,26.6,1004.17,7.5,2002,2000
2002-10-08,26.1,21.9,24.0,96,83,90.88,19.1,1004.5,7.2,2002,2000
2002-10-09,28.4,21.3,24.72,99,76,89.0,4.0,1004.07,7.7,2002,2000
2002-10-10,28.2,22.7,24.85,96,72,87.67,12.5,1003.18,5.7,2002,2000
2002-10-11,26.8,22.6,24.22,99,77,90.25,97.7,1003.62,11.7,2002,2000
2002-10-12,26.0,22.3,23.62,99,81,92.92,16.3,1005.65,9.0,2002,2000
2002-10-13,28.0,21.5,24.41,95,71,84.92,1.9,1006.6,11.5,2002,2000
2002-10-14,27.9,21.1,24.32,95,74,88.42,4.2,1005.79,9.4,2002,2000
2002-10-15,27.8,22.0,24.46,99,72,88.54,5.7,1005.13,9.0,2002,2000
2002-10-16,26.5,21.9,24.13,99,80,91.92,11.2,1005.66,5.8,2002,2000
2002-10-17,28.2,21.1,24.07,99,73,90.75,19.7,1006.01,6.5,2002,2000
2002-10-18,26.9,21.2,24.21,98,76,89.29,22.0,1004.67,7.4,2002,2000
2002-10-19,27.9,21.0,23.96,99,74,90.08,13.9,1004.2,6.5,2002,2000
2002-10-20,28.8,22.1,24.55,96,72,87.96,12.5,1004.64,7.6,2002,2000
2002-10-21,29.0,22.1,24.7,94,66,85.54,7.6,1005.43,8.0,2002,2000
2002-10-22,30.1,21.7,25.09,94,60,82.5,2.1,1005.72,7.6,2002,2000
2002-10-23,27.3,21.6,24.02,95,73,88.5,24.5,1006.06,6.4,2002,2000
2002-10-24,27.7,21.4,23.68,99,74,92.04,21.9,1005.83,7.6,2002,2000
2002-10-25,28.1,21.5,23.74,99,75,91.5,15.8,1004.99,8.5,2002,2000
2002-10-26,26.7,22.2,23.79,99,81,91.79,17.7,1005.38,9.4,2002,2000
2002-10-27,26.1,22.1,23.45,99,81,94.79,52.4,1005.51,12.2,2002,2000
2002-10-28,25.0,21.9,23.08,99,88,95.42,83.6,1005.65,10.7,2002,2000
2002-10-29,26.4,21.4,23.17,99,81,95.08,24.8,1005.12,9.4,2002,2000
2002-10-30,25.5,21.9,23.17,99,87,95.62,42.7,1004.7,13.0,2002,2000
2002-10-31,25.2,21.9,23.0,99,91,97.46,65.9,1004.95,8.4,2002,2000
2002-11-01,26.8,21.9,23.95,99,81,91.75,18.0,1005.85,7.2,2002,2000
2002-11-02,28.9,20.9,24.44,97,65,85.17,2.1,1006.57,7.4,2002,2000
2002-11-03,29.4,21.3,24.56,94,64,82.83,9.0,1006.9,7.3,2002,2000
2002-11-04,27.2,21.4,24.0,94,75,88.38,7.9,1007.0,6.2,2002,2000
2002-11-05,27.5,20.9,23.68,99,75,90.88,15.9,1007.65,9.4,2002,2000
2002-11-06,28.8,20.2,24.28,99,66,85.75,18.3,1007.41,6.5,2002,2000
2002-11-07,28.1,20.6,23.97,97,70,87.83,10.7,1007.61,6.8,2002,2000
2002-11-08,27.0,21.3,23.47,99,81,93.96,24.7,1008.21,9.3,2002,2000
2002-11-09,27.3,21.0,23.76,99,74,91.29,12.9,1006.9,6.6,2002,2000
2002-11-10,29.0,21.8,24.52,96,65,86.33,1.7,1004.98,6.6,2002,2000
2002-11-11,28.8,21.8,24.56,93,68,85.67,7.5,1004.48,6.5,2002,2000
2002-11-12,26.7,22.3,24.13,94,78,88.83,10.3,1005.64,6.1,2002,2000
2002-11-13,29.5,21.9,24.8,94,62,82.54,3.5,1006.1,6.9,2002,2000
2002-11-14,28.1,22.0,24.17,95,71,87.96,4.6,1005.26,5.9,2002,2000
2002-11-15,29.2,21.4,24.56,95,65,83.88,5.3,1004.18,8.0,2002,2000
2002-11-16,29.0,21.2,24.65,95,68,85.17,4.5,1003.61,6.9,2002,2000
2002-11-17,29.3,22.5,24.99,94,66,85.54,9.2,1005.39,6.2,2002,2000
2002-11-18,28.1,21.6,24.55,99,70,87.71,2.0,1006.66,8.4,2002,2000
2002-11-19,29.9,21.1,24.92,93,59,81.5,1.9,1004.82,8.0,2002,2000
2002-11-20,29.5,20.6,24.8,92,61,79.75,1.0,1003.51,7.8,2002,2000
2002-11-21,29.6,21.3,25.02,92,61,80.38,1.2,1004.05,8.3,2002,2000
2002-11-22,29.3,22.5,25.51,91,63,79.5,1.9,1005.2,7.1,2002,2000
2002-11-23,28.7,23.3,25.55,91,60,76.75,0.5,1006.42,7.8,2002,2000
2002-11-24,29.9,22.8,25.64,90,61,78.75,3.4,1005.81,6.2,2002,2000
2002-11-25,31.2,22.7,26.16,89,54,76.12,0.2,1003.82,7.4,2002,2000
2002-11-26,31.2,22.4,26.3,90,56,76.58,1.4,1003.6,7.1,2002,2000
2002-11-27,31.1,23.8,26.48,88,56,75.0,0.4,1002.64,7.9,2002,2000
2002-11-28,31.1,23.1,26.45,87,54,73.75,0.7,1003.07,7.6,2002,2000
2002-11-29,30.2,23.2,26.02,89,57,76.0,1.4,1004.55,6.9,2002,2000
2002-11-30,29.9,22.6,25.71,86,60,76.96,4.2,1004.94,7.6,2002,2000
2002-12-01,30.7,23.1,26.48,91,55,72.58,0.0,1004.1,8.2,2002,2000
2002-12-02,30.9,23.1,26.67,81,45,63.0,0.0,1002.7,14.8,2002,2000
2002-12-03,30.7,22.7,26.4,73,52,63.29,0.2,1002.73,11.6,2002,2000
2002-12-04,31.2,22.0,26.15,81,51,67.54,0.7,1003.31,9.6,2002,2000
2002-12-05,30.5,23.0,25.57,92,57,78.17,9.9,1005.2,7.6,2002,2000
2002-12-06,29.4,21.7,25.22,94,62,81.17,1.4,1005.57,8.4,2002,2000
2002-12-07,30.7,21.9,25.71,92,53,76.25,0.5,1005.78,8.0,2002,2000
2002-12-08,30.6,22.1,25.58,88,54,75.29,1.5,1006.53,8.1,2002,2000
2002-12-09,30.1,22.3,25.49,89,56,76.0,2.9,1006.34,7.9,2002,2000
2002-12-10,30.8,22.1,25.73,89,52,75.12,1.5,1006.0,7.3,2002,2000
2002-12-11,30.3,21.9,25.63,88,58,75.88,1.1,1005.76,7.3,2002,2000
2002-12-12,31.3,22.2,26.08,88,51,74.12,2.6,1005.28,7.8,2002,2000
2002-12-13,31.2,22.5,26.29,87,51,72.83,1.7,1004.82,7.8,2002,2000
2002-12-14,31.4,23.8,26.36,87,44,69.67,0.3,1004.84,7.8,2002,2000
2002-12-15,29.1,22.8,25.02,91,57,74.62,4.8,1006.98,6.9,2002,2000
2002-12-16,27.4,21.5,24.0,98,67,84.62,5.7,1007.48,5.8,2002,2000
2002-12-17,28.1,21.0,24.06,99,66,86.33,0.3,1007.67,7.2,2002,2000
2002-12-18,29.8,21.8,25.18,93,57,80.17,1.0,1007.22,7.6,2002,2000
2002-12-19,30.8,22.1,25.53,93,55,78.5,1.2,1006.49,7.3,2002,2000
2002-12-20,30.9,21.3,25.46,92,50,74.21,2.7,1006.82,8.8,2002,2000
2002-12-21,31.0,21.8,25.48,91,52,73.62,0.5,1006.26,8.1,2002,2000
2002-12-22,31.8,21.5,25.81,88,46,70.08,0.8,1005.67,8.4,2002,2000
2002-12-23,31.4,21.7,25.82,91,50,71.75,2.2,1005.29,8.3,2002,2000
2002-12-24,31.5,22.1,26.12,90,52,74.17,1.6,1004.13,7.6,2002,2000
2002-12-25,31.6,23.0,26.65,89,51,74.62,2.8,1004.92,7.2,2002,2000
2002-12-26,32.1,22.3,26.49,91,44,71.04,1.2,1006.0,7.6,2002,2000
2002-12-27,31.4,22.7,26.41,79,47,63.67,0.2,1005.61,9.7,2002,2000
2002-12-28,31.3,23.8,26.5,71,44,59.92,0.0,1005.37,10.4,2002,2000
2002-12-29,31.4,22.9,26.41,63,41,49.21,0.0,1004.96,13.0,2002,2000
2002-12-30,32.1,22.8,26.68,70,37,56.5,0.2,1004.98,11.3,2002,2000
2002-12-31,32.3,22.2,26.72,72,42,60.79,0.4,1005.04,9.6,2002,2000
2003-01-01,32.3,22.3,26.91,81,46,66.38,1.4,1004.32,8.2,2003,2000
2003-01-02,32.4,23.4,27.19,80,47,68.5,1.2,1003.81,7.6,2003,2000
2003-01-03,32.6,23.8,27.28,81,45,67.5,1.1,1004.67,8.9,2003,2000
2003-01-04,32.5,22.3,26.97,78,41,61.0,0.2,1005.14,9.3,2003,2000
2003-01-05,32.8,22.7,27.18,75,40,59.5,1.4,1004.78,9.9,2003,2000
2003-01-06,33.0,23.4,27.62,73,44,60.67,0.4,1004.02,8.7,2003,2000
2003-01-07,32.6,24.8,27.77,73,43,59.04,0.2,1004.73,10.7,2003,2000
2003-01-08,33.1,24.0,27.45,63,33,51.67,0.0,1005.23,12.8,2003,2000
2003-01-09,33.2,24.0,27.62,70,41,57.67,0.2,1004.6,12.4,2003,2000
2003-01-10,33.3,24.2,28.02,71,40,57.58,0.1,1004.57,10.4,2003,2000
2003-01-11,33.6,24.7,28.0,69,37,55.25,0.0,1004.34,13.4,2003,2000
2003-01-12,32.7,23.2,27.0,64,38,53.33,0.0,1005.07,12.9,2003,2000
2003-01-13,32.9,23.0,27.27,65,38,54.25,0.3,1005.43,11.5,2003,2000
2003-01-14,32.5,23.1,27.2,71,40,57.17,0.4,1006.11,10.3,2003,2000
2003-01-15,32.4,22.5,26.78,72,37,56.62,0.0,1006.37,12.2,2003,2000
2003-01-16,32.9,23.2,27.17,61,32,48.5,0.0,1005.37,13.6,2003,2000
2003-01-17,33.0,22.4,26.94,62,35,49.17,0.4,1006.06,11.3,2003,2000
2003-01-18,33.1,21.9,26.9,66,34,53.75,0.1,1007.23,11.2,2003,2000
2003-01-19,32.7,23.2,27.15,72,37,56.58,0.6,1009.39,9.2,2003,2000
2003-01-20,32.5,23.2,26.9,76,38,58.17,0.0,1008.07,16.4,2003,2000
2003-01-21,32.6,23.4,27.25,63,35,51.29,0.2,1006.05,11.1,2003,2000
2003-01-22,32.4,20.9,26.37,76,37,57.67,1.5,1005.49,8.9,2003,2000
2003-01-23,32.1,21.2,26.1,73,38,60.71,0.9,1006.35,9.3,2003,2000
2003-01-24,32.6,20.7,25.98,73,28,52.71,0.0,1006.06,18.1,2003,2000
2003-01-25,32.3,23.2,26.82,68,39,56.54,0.0,1005.26,11.5,2003,2000
2003-01-26,32.8,23.8,27.31,71,39,57.17,0.0,1004.42,9.2,2003,2000
2003-01-27,33.0,23.7,27.29,70,40,57.0,0.0,1004.87,10.1,2003,2000
2003-01-28,33.0,23.8,27.26,68,35,55.38,0.0,1004.73,13.8,2003,2000
2003-01-29,33.3,23.7,27.49,62,34,50.62,0.0,1003.51,12.4,2003,2000
2003-01-30,33.4,22.8,27.4,66,36,52.46,0.2,1004.63,11.1,2003,2000
2003-01-31,32.9,21.7,26.8,75,33,58.33,0.8,1005.15,9.6,2003,2000
2003-02-01,32.8,21.4,26.71,70,34,54.54,0.1,1005.48,9.8,2003,2000
2003-02-02,32.9,21.3,26.61,73,35,54.5,0.0,1005.56,9.6,2003,2000
2003-02-03,33.7,22.4,27.3,68,32,50.83,0.0,1003.9,11.0,2003,2000
2003-02-04,33.8,22.1,27.24,68,31,51.04,0.0,1003.32,10.5,2003,2000
2003-02-05,33.7,22.9,27.43,63,35,51.04,0.0,1003.1,11.0,2003,2000
2003-02-06,33.6,23.3,27.53,67,36,53.42,0.0,1002.68,12.0,2003,2000
2003-02-07,34.1,23.7,28.16,65,36,52.0,0.0,1003.31,13.0,2003,2000
2003-02-08,33.8,24.8,28.18,67,39,55.75,0.0,1005.07,9.2,2003,2000
2003-02-09,33.1,24.1,27.98,66,39,54.62,0.2,1005.06,10.2,2003,2000
2003-02-10,33.5,24.0,28.05,71,39,56.58,0.4,1004.33,10.5,2003,2000
2003-02-11,33.7,24.3,28.0,71,35,54.58,0.0,1004.25,11.3,2003,2000
2003-02-12,33.5,24.4,27.88,65,37,54.25,0.0,1004.47,15.2,2003,2000
2003-02-13,33.5,24.5,27.78,65,34,52.83,0.0,1004.4,14.1,2003,2000
2003-02-14,33.7,24.7,28.15,67,36,52.38,0.4,1004.52,14.2,2003,2000
2003-02-15,33.7,22.0,27.23,78,36,60.46,0.9,1004.3,8.9,2003,2000
2003-02-16,33.7,23.8,27.79,79,39,63.79,2.4,1004.47,6.3,2003,2000
2003-02-17,32.3,23.4,27.44,79,44,62.38,1.2,1005.13,7.3,2003,2000
2003-02-18,32.9,22.5,27.35,73,34,56.21,0.4,1006.07,8.0,2003,2000
2003-02-19,33.6,22.8,27.55,73,39,58.92,1.6,1006.8,7.7,2003,2000
2003-02-20,34.0,23.6,28.01,76,38,60.62,1.2,1005.87,7.0,2003,2000
2003-02-21,33.3,23.0,27.42,84,39,64.79,1.6,1004.04,10.6,2003,2000
2003-02-22,31.3,23.5,27.06,86,52,71.79,1.9,1003.78,11.2,2003,2000
2003-02-23,31.6,23.7,26.82,90,55,77.67,2.1,1005.47,6.8,2003,2000
2003-02-24,34.1,23.0,27.95,92,37,65.21,0.1,1005.74,8.0,2003,2000
2003-02-25,34.0,23.5,28.03,75,39,58.75,0.7,1005.17,7.8,2003,2000
2003-02-26,33.7,23.4,27.85,75,38,58.88,1.0,1004.62,8.1,2003,2000
2003-02-27,33.0,22.7,27.11,84,38,63.0,5.7,1005.4,7.2,2003,2000
2003-02-28,33.8,21.8,26.96,90,30,64.75,0.0,1005.6,9.0,2003,2000
2003-03-01,33.8,22.9,27.31,86,38,63.83,1.0,1004.44,6.8,2003,2000
2003-03-02,33.9,22.6,27.73,77,37,58.88,0.0,1003.9,8.7,2003,2000
2003-03-03,34.1,21.5,27.38,77,35,59.12,0.3,1003.54,9.5,2003,2000
2003-03-04,34.7,23.4,28.28,72,36,57.58,0.0,1002.94,8.4,2003,2000
2003-03-05,34.7,23.8,28.77,75,35,57.38,0.2,1002.57,9.0,2003,2000
2003-03-06,35.3,24.4,29.13,75,36,58.29,0.3,1002.5,8.4,2003,2000
2003-03-07,34.9,23.8,28.93,76,34,56.12,0.0,1002.45,8.8,2003,2000
2003-03-08,34.6,24.2,28.85,73,32,53.5,0.0,1002.72,11.2,2003,2000
2003-03-09,34.6,24.7,28.62,70,31,52.83,0.0,1001.94,12.8,2003,2000
2003-03-10,34.3,24.2,28.25,67,32,51.75,0.0,1002.57,12.7,2003,2000
2003-03-11,34.2,22.5,27.36,63,27,47.92,0.0,1003.02,13.0,2003,2000
2003-03-12,34.0,23.0,27.82,67,32,51.67,0.0,1003.83,13.9,2003,2000
2003-03-13,34.4,23.9,28.48,70,36,54.33,0.2,1004.37,11.1,2003,2000
2003-03-14,33.7,23.7,27.48,83,40,64.54,6.8,1004.72,9.0,2003,2000
2003-03-15,29.5,23.4,25.62,92,59,79.92,2.5,1006.57,9.0,2003,2000
2003-03-16,29.0,22.7,25.23,94,68,84.83,11.3,1007.4,11.0,2003,2000
2003-03-17,29.7,23.1,25.37,94,62,83.79,5.3,1006.68,12.0,2003,2000
2003-03-18,29.1,23.1,25.56,94,65,82.17,3.5,1005.95,13.8,2003,2000
2003-03-19,30.3,22.2,25.58,96,61,81.92,3.0,1006.2,12.3,2003,2000
2003-03-20,30.5,22.2,25.88,94,58,80.33,2.6,1006.56,9.7,2003,2000
2003-03-21,30.4,22.6,25.78,93,60,80.33,4.5,1007.14,7.1,2003,2000
2003-03-22,31.8,23.0,26.68,93,53,76.79,1.3,1006.42,7.7,2003,2000
2003-03-23,32.7,22.4,27.04,91,44,70.62,0.0,1005.46,8.8,2003,2000
2003-03-24,31.8,22.7,26.7,87,43,70.54,3.4,1006.21,8.3,2003,2000
2003-03-25,32.3,22.1,26.52,84,39,66.88,1.7,1006.58,8.2,2003,2000
2003-03-26,30.4,21.9,25.14,90,51,77.0,10.1,1006.89,8.8,2003,2000
2003-03-27,28.7,21.8,24.7,98,66,86.08,12.6,1006.75,7.3,2003,2000
2003-03-28,31.3,21.5,25.95,95,51,77.25,0.4,1006.11,10.2,2003,2000
2003-03-29,32.7,21.9,26.8,91,42,70.33,0.2,1006.13,8.7,2003,2000
2003-03-30,31.8,23.0,26.87,88,47,68.79,2.0,1006.28,6.5,2003,2000
2003-03-31,32.0,24.1,27.03,76,35,59.12,0.0,1006.15,16.2,2003,2000
2003-04-01,32.3,24.6,27.38,71,43,60.54,0.0,1004.27,15.5,2003,2000
2003-04-02,33.7,24.9,27.97,74,39,59.25,0.0,1002.95,16.4,2003,2000
2003-04-03,33.9,24.0,28.15,66,37,53.0,0.0,1003.92,11.6,2003,2000
2003-04-04,34.1,22.8,27.89,78,39,61.17,0.0,1003.72,9.8,2003,2000
2003-04-05,34.5,23.0,28.42,80,34,60.38,0.0,1004.2,9.7,2003,2000
2003-04-06,34.0,23.7,28.42,77,43,63.21,0.3,1003.18,8.9,2003,2000
2003-04-07,34.5,24.9,29.02,77,41,60.96,1.5,1002.78,7.6,2003,2000
2003-04-08,33.6,24.5,28.17,82,44,63.54,2.3,1003.72,7.6,2003,2000
2003-04-09,33.2,23.2,27.04,89,45,73.38,5.2,1004.98,7.3,2003,2000
2003-04-10,32.0,23.1,27.1,91,50,72.75,1.4,1005.54,6.1,2003,2000
2003-04-11,33.6,22.9,27.62,77,32,59.25,0.4,1004.94,9.6,2003,2000
2003-04-12,33.3,21.7,26.58,87,34,64.25,1.4,1007.37,10.8,2003,2000
2003-04-13,31.3,22.2,26.27,93,46,73.62,2.1,1009.82,8.6,2003,2000
2003-04-14,32.5,22.4,26.7,85,45,66.54,3.5,1009.0,7.6,2003,2000
2003-04-15,32.2,23.1,27.15,82,47,67.42,2.4,1007.69,7.7,2003,2000
2003-04-16,32.4,21.9,26.88,90,40,68.46,1.0,1006.5,10.8,2003,2000
2003-04-17,32.1,22.4,26.69,88,45,71.33,0.5,1005.73,11.7,2003,2000
2003-04-18,31.2,21.0,26.05,96,49,76.12,2.2,1005.97,10.2,2003,2000
2003-04-19,31.4,23.3,26.47,88,50,74.21,2.4,1005.92,8.6,2003,2000
2003-04-20,33.0,22.5,26.82,90,41,70.54,1.0,1005.04,8.2,2003,2000
2003-04-21,32.9,22.3,26.66,87,40,68.75,3.4,1004.91,8.6,2003,2000
2003-04-22,30.0,23.3,25.86,92,61,80.12,5.9,1005.85,7.5,2003,2000
2003-04-23,30.8,22.5,25.88,92,56,78.67,7.3,1006.36,6.5,2003,2000
2003-04-24,30.9,22.6,26.11,94,55,78.83,1.5,1006.07,6.7,2003,2000
2003-04-25,32.0,23.0,26.04,93,52,79.25,10.9,1005.35,7.8,2003,2000
2003-04-26,30.2,22.3,25.85,96,64,82.88,3.2,1005.68,8.7,2003,2000
2003-04-27,30.4,23.3,26.22,95,63,82.38,3.1,1005.87,7.3,2003,2000
2003-04-28,28.9,23.1,25.59,95,72,85.79,12.5,1005.53,7.5,2003,2000
2003-04-29,28.9,22.7,24.59,99,74,93.25,31.9,1005.59,5.9,2003,2000
2003-04-30,28.7,22.5,25.37,99,76,89.75,7.3,1005.83,6.8,2003,2000
2003-05-01,29.2,23.0,25.55,96,73,88.75,14.7,1005.68,6.8,2003,2000
2003-05-02,30.1,22.7,25.45,99,68,88.29,7.6,1006.3,8.9,2003,2000
2003-05-03,29.6,22.3,25.49,99,67,86.92,6.3,1005.5,7.4,2003,2000
2003-05-04,29.3,23.1,25.72,99,69,86.29,7.2,1005.05,6.5,2003,2000
2003-05-05,28.5,22.0,25.13,98,76,88.25,12.5,1004.82,7.3,2003,2000
2003-05-06,28.8,22.9,25.19,99,71,89.75,24.9,1004.96,7.1,2003,2000
2003-05-07,29.1,22.3,25.04,99,70,88.79,17.0,1005.55,6.2,2003,2000
2003-05-08,27.4,22.2,24.26,99,82,94.0,85.3,1005.8,8.8,2003,2000
2003-05-09,28.3,22.3,24.89,99,73,89.17,10.9,1006.19,6.1,2003,2000
2003-05-10,29.0,22.2,24.8,99,72,88.96,13.6,1005.91,8.0,2003,2000
2003-05-11,28.0,22.6,24.75,99,76,89.83,15.6,1005.93,5.5,2003,2000
2003-05-12,28.4,21.8,24.98,99,72,87.33,5.2,1006.23,11.2,2003,2000
2003-05-13,28.7,23.2,25.4,96,73,87.88,10.6,1005.26,7.4,2003,2000
2003-05-14,28.7,23.7,25.47,94,73,86.79,15.7,1004.51,4.3,2003,2000
2003-05-15,30.0,23.3,25.24,96,65,87.5,20.4,1003.7,6.2,2003,2000
2003-05-16,29.2,22.3,25.02,99,71,90.29,25.0,1003.63,6.2,2003,2000
2003-05-17,27.4,23.0,24.74,99,80,94.08,28.6,1003.94,6.0,2003,2000
2003-05-18,28.1,22.8,24.61,99,75,92.58,23.9,1005.57,7.1,2003,2000
2003-05-19,28.8,21.1,24.65,99,71,88.29,9.2,1006.44,6.0,2003,2000
2003-05-20,29.4,22.4,25.07,96,67,87.17,4.0,1005.97,7.3,2003,2000
2003-05-21,29.4,22.8,25.24,95,69,87.46,9.7,1005.24,5.7,2003,2000
2003-05-22,28.9,22.9,25.16,95,70,87.79,8.7,1005.59,5.9,2003,2000
2003-05-23,29.3,23.0,25.45,96,69,86.67,9.2,1005.45,6.2,2003,2000
2003-05-24,28.1,23.2,24.98,96,74,89.17,15.0,1005.28,8.4,2003,2000
2003-05-25,28.3,22.7,24.66,99,75,91.5,10.8,1005.87,5.8,2003,2000
2003-05-26,28.4,22.6,24.79,96,76,90.92,22.7,1006.35,4.7,2003,2000
2003-05-27,28.3,22.0,24.63,99,77,91.0,18.2,1006.96,7.6,2003,2000
2003-05-28,28.5,22.2,24.73,99,80,91.04,12.4,1006.94,6.8,2003,2000
2003-05-29,26.8,21.7,24.46,99,79,90.38,9.9,1006.15,7.4,2003,2000
2003-05-30,28.4,22.9,24.52,96,73,91.04,24.4,1006.24,12.2,2003,2000
2003-05-31,27.7,22.3,24.67,99,79,89.88,32.4,1006.75,7.1,2003,2000
2003-06-01,29.6,22.9,25.24,94,67,86.75,12.2,1006.94,6.5,2003,2000
2003-06-02,27.4,22.5,24.47,98,76,90.88,12.8,1006.66,8.8,2003,2000
2003-06-03,28.0,21.7,24.38,99,78,91.79,22.5,1005.98,6.8,2003,2000
2003-06-04,28.6,22.0,24.22,99,74,92.42,12.1,1005.94,8.6,2003,2000
2003-06-05,27.6,22.5,24.04,99,80,93.29,61.0,1006.15,10.0,2003,2000
2003-06-06,26.4,22.2,24.09,100,76,90.71,53.2,1006.49,8.4,2003,2000
2003-06-07,26.9,22.5,24.65,96,79,88.83,3.7,1006.02,6.9,2003,2000
2003-06-08,28.9,22.5,25.17,96,72,87.62,7.4,1005.3,5.8,2003,2000
2003-06-09,29.9,23.0,25.75,94,66,84.42,5.7,1005.1,5.7,2003,2000
2003-06-10,29.2,22.8,24.87,99,69,89.25,17.9,1005.86,8.7,2003,2000
2003-06-11,25.2,22.6,23.6,99,94,98.0,41.3,1006.28,5.8,2003,2000
2003-06-12,25.3,21.8,23.27,99,87,96.96,16.0,1005.89,6.4,2003,2000
2003-06-13,26.7,21.5,23.58,99,80,93.79,31.5,1005.95,7.6,2003,2000
2003-06-14,27.8,21.4,24.05,99,74,90.5,6.4,1005.94,8.6,2003,2000
2003-06-15,28.3,21.6,24.29,99,75,90.96,10.4,1006.01,10.5,2003,2000
2003-06-16,28.5,21.5,24.1,99,71,90.88,14.3,1006.03,8.0,2003,2000
2003-06-17,26.2,22.5,23.95,99,85,94.33,26.3,1005.97,8.6,2003,2000
2003-06-18,23.9,22.1,22.8,99,95,98.67,24.6,1006.64,9.7,2003,2000
2003-06-19,25.3,21.4,23.17,99,84,94.5,3.8,1006.71,6.9,2003,2000
2003-06-20,29.1,21.6,24.72,99,68,87.54,6.6,1006.76,6.1,2003,2000
2003-06-21,29.6,22.5,25.34,94,67,84.38,15.2,1006.31,7.6,2003,2000
2003-06-22,26.5,22.1,23.9,99,81,94.38,28.0,1006.2,6.9,2003,2000
2003-06-23,26.9,21.5,23.57,99,78,92.71,19.4,1006.52,9.7,2003,2000
2003-06-24,29.4,21.0,24.53,98,67,87.75,2.8,1006.58,9.7,2003,2000
2003-06-25,29.5,20.5,24.99,97,68,85.12,3.1,1005.84,5.9,2003,2000
2003-06-26,29.3,22.5,25.25,95,69,85.79,3.7,1005.25,6.2,2003,2000
2003-06-27,27.1,22.7,24.65,96,78,90.17,16.1,1005.73,8.5,2003,2000
2003-06-28,27.4,21.9,24.33,99,77,89.83,15.9,1005.85,6.8,2003,2000
2003-06-29,27.5,21.7,24.04,97,75,91.0,16.6,1007.3,8.9,2003,2000
2003-06-30,28.8,21.8,24.05,97,69,89.92,15.4,1007.67,6.8,2003,2000
2003-07-01,27.3,20.8,23.65,99,78,91.79,6.2,1006.39,7.2,2003,2000
2003-07-02,28.5,21.3,24.18,98,74,88.83,30.5,1005.29,6.6,2003,2000
2003-07-03,28.1,21.2,23.81,96,71,88.67,10.4,1005.85,7.8,2003,2000
2003-07-04,27.1,21.7,23.82,96,77,90.33,8.3,1006.58,7.4,2003,2000
2003-07-05,28.4,21.9,24.18,99,69,89.38,11.3,1005.98,7.3,2003,2000
2003-07-06,26.3,21.3,23.68,99,82,92.29,19.9,1005.09,7.9,2003,2000
2003-07-07,27.5,21.1,23.92,99,79,91.88,14.2,1006.22,8.1,2003,2000
2003-07-08,27.2,20.2,23.45,99,73,90.58,14.3,1007.25,6.5,2003,2000
2003-07-09,26.9,21.8,23.94,99,75,90.29,25.7,1006.32,6.1,2003,2000
2003-07-10,27.6,21.1,23.96,99,77,91.83,12.5,1006.17,6.8,2003,2000
2003-07-11,28.2,21.5,24.3,99,71,89.38,14.3,1006.64,6.9,2003,2000
2003-07-12,27.8,21.9,24.2,96,74,90.29,18.1,1006.65,4.7,2003,2000
2003-07-13,29.0,22.1,24.98,99,67,87.54,3.6,1005.88,6.9,2003,2000
2003-07-14,28.4,22.4,24.77,99,75,89.96,10.9,1006.29,6.7,2003,2000
2003-07-15,28.2,22.2,24.3,99,72,89.12,27.4,1005.29,5.8,2003,2000
2003-07-16,26.5,21.2,23.57,99,79,93.0,18.1,1007.03,6.3,2003,2000
2003-07-17,28.7,21.9,24.69,97,70,86.5,5.4,1007.82,7.3,2003,2000
2003-07-18,29.0,21.3,24.99,94,70,84.38,6.5,1007.43,6.3,2003,2000
2003-07-19,29.5,22.7,25.49,94,67,84.21,6.7,1006.44,6.1,2003,2000
2003-07-20,30.2,23.3,25.92,93,61,82.71,4.6,1005.42,6.5,2003,2000
2003-07-21,28.7,22.9,25.45,94,75,86.29,8.1,1004.79,4.7,2003,2000
2003-07-22,28.3,23.1,24.98,94,72,87.46,25.9,1005.08,5.4,2003,2000
2003-07-23,27.3,22.3,24.65,99,79,91.38,15.2,1006.21,5.5,2003,2000
2003-07-24,29.3,22.5,24.51,99,67,90.62,28.4,1005.49,6.2,2003,2000
2003-07-25,26.6,22.0,23.78,99,83,94.38,49.0,1005.73,10.9,2003,2000
2003-07-26,28.0,22.2,24.38,99,72,91.62,17.9,1007.21,6.2,2003,2000
2003-07-27,27.3,22.2,24.65,99,79,91.0,6.9,1007.78,6.1,2003,2000
2003-07-28,29.5,22.0,25.33,97,70,87.08,3.0,1006.92,6.6,2003,2000
2003-07-29,28.8,22.6,24.92,95,69,85.96,6.5,1006.57,7.1,2003,2000
2003-07-30,28.2,22.6,24.55,99,73,90.04,15.1,1006.79,6.1,2003,2000
2003-07-31,27.7,21.6,24.11,99,78,93.21,16.6,1007.15,7.4,2003,2000
2003-08-01,26.1,21.9,23.68,99,83,95.12,24.8,1007.65,5.2,2003,2000
2003-08-02,28.1,21.9,24.14,99,73,90.58,18.8,1007.3,8.0,2003,2000
2003-08-03,27.6,21.0,24.14,99,74,89.96,5.9,1007.89,10.6,2003,2000
2003-08-04,28.5,21.9,24.29,99,74,91.38,10.0,1006.44,6.2,2003,2000
2003-08-05,29.1,21.7,24.49,99,70,89.71,8.1,1005.32,6.6,2003,2000
2003-08-06,27.7,22.6,24.8,95,74,87.42,19.4,1005.32,6.6,2003,2000
2003-08-07,28.9,22.3,24.53,99,70,89.5,23.1,1006.22,5.4,2003,2000
2003-08-08,28.2,21.8,24.29,98,72,90.71,11.4,1006.41,6.5,2003,2000
2003-08-09,27.5,21.4,23.82,99,74,91.75,17.3,1006.27,4.7,2003,2000
2003-08-10,27.4,21.5,24.33,97,80,90.12,13.2,1006.66,7.6,2003,2000
2003-08-11,28.5,22.5,24.76,95,72,88.58,12.0,1005.73,6.9,2003,2000
2003-08-12,29.0,21.3,24.86,99,71,88.92,6.0,1005.35,6.0,2003,2000
2003-08-13,30.0,21.6,25.2,96,63,84.83,6.9,1005.92,6.2,2003,2000
2003-08-14,29.2,22.2,24.38,99,68,89.92,20.2,1007.16,6.2,2003,2000
2003-08-15,28.5,21.2,24.05,99,74,91.96,11.1,1007.87,7.8,2003,2000
2003-08-16,27.0,21.1,24.13,98,77,90.92,13.1,1007.18,6.2,2003,2000
2003-08-17,28.6,21.0,24.71,99,72,87.96,9.0,1007.2,5.6,2003,2000
2003-08-18,29.7,22.2,25.87,95,67,81.92,3.2,1007.49,6.5,2003,2000
2003-08-19,28.2,22.8,25.24,93,75,87.08,9.6,1007.8,6.0,2003,2000
2003-08-20,28.5,21.6,24.49,99,73,89.54,21.8,1007.72,6.5,2003,2000
2003-08-21,28.8,21.6,24.68,95,67,86.54,8.2,1006.98,6.1,2003,2000
2003-08-22,26.2,22.2,23.88,98,82,91.71,15.3,1006.33,5.8,2003,2000
2003-08-23,27.4,21.8,23.95,99,75,93.46,25.7,1006.6,5.3,2003,2000
2003-08-24,28.3,21.3,24.06,99,71,91.12,8.1,1006.62,8.8,2003,2000
2003-08-25,28.2,21.2,24.8,99,71,87.83,6.7,1005.86,4.7,2003,2000
2003-08-26,29.7,22.9,25.19,95,65,85.46,6.5,1005.19,5.0,2003,2000
2003-08-27,29.1,21.9,24.75,95,67,87.62,8.3,1005.25,6.9,2003,2000
2003-08-28,27.4,22.1,24.18,99,85,92.04,8.0,1006.39,9.0,2003,2000
2003-08-29,27.7,21.9,24.42,99,75,89.38,19.2,1006.28,7.9,2003,2000
2003-08-30,27.8,21.4,24.04,99,74,91.83,14.1,1006.6,7.7,2003,2000
2003-08-31,28.0,22.1,24.52,99,78,90.46,7.1,1006.44,7.9,2003,2000
2003-09-01,28.3,22.0,24.36,98,73,90.12,9.1,1006.49,7.1,2003,2000
2003-09-02,28.1,22.2,24.41,96,74,89.42,9.0,1006.65,8.8,2003,2000
2003-09-03,30.6,21.9,25.17,96,63,85.96,5.0,1007.02,8.0,2003,2000
2003-09-04,27.2,22.1,24.04,99,80,92.42,24.6,1007.05,7.6,2003,2000
2003-09-05,28.5,21.8,24.26,99,71,90.71,18.0,1007.7,7.8,2003,2000
2003-09-06,27.7,22.1,24.46,96,74,89.67,6.5,1007.9,6.9,2003,2000
2003-09-07,29.2,21.5,24.51,98,66,87.58,6.7,1007.54,6.1,2003,2000
2003-09-08,28.0,21.3,24.53,98,72,88.42,6.3,1006.75,5.2,2003,2000
2003-09-09,28.3,21.3,24.2,97,70,87.71,10.4,1006.87,7.7,2003,2000
2003-09-10,27.5,21.7,24.16,99,74,90.29,19.4,1006.72,7.8,2003,2000
2003-09-11,26.9,21.8,23.75,99,80,93.58,24.3,1006.43,7.8,2003,2000
2003-09-12,27.2,21.4,23.76,99,81,93.25,6.3,1006.18,7.6,2003,2000
2003-09-13,27.9,21.4,23.71,99,77,92.29,19.5,1006.07,8.1,2003,2000
2003-09-14,28.1,21.6,24.1,99,75,92.04,19.0,1005.8,6.0,2003,2000
2003-09-15,27.9,21.4,24.28,99,75,91.38,20.4,1005.96,7.9,2003,2000
2003-09-16,26.5,21.8,23.95,99,82,93.38,31.5,1005.62,7.2,2003,2000
2003-09-17,27.6,21.7,24.13,100,78,92.29,17.5,1005.36,6.7,2003,2000
2003-09-18,27.1,21.4,24.05,100,82,92.92,13.7,1005.28,7.6,2003,2000
2003-09-19,26.4,21.4,23.85,99,80,93.71,12.0,1005.28,8.6,2003,2000
2003-09-20,28.3,21.3,23.45,99,73,93.08,18.5,1005.04,8.8,2003,2000
2003-09-21,28.0,21.3,23.6,99,77,92.38,29.4,1005.72,8.7,2003,2000
2003-09-22,28.1,21.8,24.13,99,75,90.79,14.6,1006.92,6.5,2003,2000
2003-09-23,29.0,21.4,23.98,99,70,91.29,21.0,1006.87,6.6,2003,2000
2003-09-24,26.4,21.6,23.39,99,79,93.71,14.1,1006.71,10.0,2003,2000
2003-09-25,27.9,20.7,23.85,99,71,90.08,3.8,1006.54,8.0,2003,2000
2003-09-26,29.5,22.2,24.82,95,69,87.17,2.2,1005.47,7.6,2003,2000
2003-09-27,27.4,22.6,24.57,96,81,90.79,18.0,1005.0,7.5,2003,2000
2003-09-28,29.3,22.4,24.76,99,71,89.67,15.9,1004.22,9.0,2003,2000
2003-09-29,27.6,22.6,24.03,99,75,94.96,88.1,1004.98,7.9,2003,2000
2003-09-30,26.6,22.6,24.13,99,87,93.46,19.2,1005.82,6.5,2003,2000
2003-10-01,27.4,21.8,24.02,100,76,92.04,18.0,1005.39,9.2,2003,2000
2003-10-02,27.0,21.8,23.77,99,80,93.54,31.6,1004.58,10.0,2003,2000
2003-10-03,27.3,21.0,23.69,99,83,93.12,9.7,1005.05,6.4,2003,2000
2003-10-04,28.4,21.4,24.31,96,72,88.62,11.1,1005.69,9.8,2003,2000
2003-10-05,26.4,22.1,23.91,99,85,93.38,16.6,1005.46,5.4,2003,2000
2003-10-06,27.0,21.6,23.6,99,83,94.71,17.9,1005.54,6.1,2003,2000
2003-10-07,26.8,21.8,23.08,100,79,97.5,28.8,1006.09,6.5,2003,2000
2003-10-08,25.6,21.9,23.02,99,85,97.21,27.9,1006.8,13.7,2003,2000
2003-10-09,26.9,21.5,23.79,99,77,90.08,5.4,1005.95,13.7,2003,2000
2003-10-10,27.3,21.5,24.0,96,75,88.71,8.1,1004.96,8.6,2003,2000
2003-10-11,27.8,21.4,24.2,99,80,91.0,9.1,1004.58,7.8,2003,2000
2003-10-12,26.8,21.7,24.52,100,81,90.29,8.4,1004.9,8.4,2003,2000
2003-10-13,28.3,22.0,24.26,99,73,90.75,15.8,1005.2,7.6,2003,2000
2003-10-14,27.3,21.9,23.7,99,81,94.38,25.7,1006.14,8.8,2003,2000
2003-10-15,25.8,21.6,22.9,99,85,96.71,13.8,1007.59,8.7,2003,2000
2003-10-16,28.0,20.2,23.65,99,71,90.38,15.1,1007.12,8.6,2003,2000
2003-10-17,27.5,21.7,24.22,99,77,89.96,7.6,1005.28,8.5,2003,2000
2003-10-18,26.8,22.7,24.31,99,81,91.5,7.3,1004.13,9.0,2003,2000
2003-10-19,25.6,22.0,23.22,99,85,96.08,45.5,1004.84,7.8,2003,2000
2003-10-20,24.9,22.0,22.93,99,87,96.79,138.2,1006.5,10.3,2003,2000
2003-10-21,27.9,21.0,23.56,99,76,92.17,12.7,1006.58,9.4,2003,2000
2003-10-22,26.7,21.0,23.73,99,81,91.46,6.1,1005.5,10.0,2003,2000
2003-10-23,28.0,21.7,24.64,96,76,88.5,3.2,1004.53,9.7,2003,2000
2003-10-24,27.1,22.5,24.3,99,82,93.83,35.4,1005.94,7.9,2003,2000
2003-10-25,28.3,22.2,24.5,99,74,91.21,11.4,1006.87,9.6,2003,2000
2003-10-26,27.9,22.3,24.28,99,81,93.04,20.6,1005.93,6.8,2003,2000
2003-10-27,26.6,22.3,23.86,99,84,93.54,21.9,1005.08,7.2,2003,2000
2003-10-28,25.7,21.2,23.14,99,86,95.29,14.3,1005.7,9.8,2003,2000
2003-10-29,26.7,21.1,23.35,99,84,94.42,39.1,1006.46,8.9,2003,2000
2003-10-30,27.2,20.5,23.42,99,75,91.42,17.6,1006.18,6.6,2003,2000
2003-10-31,27.4,21.0,23.76,99,74,90.58,11.3,1005.68,5.3,2003,2000
2003-11-01,27.1,20.4,23.18,99,73,91.83,21.9,1005.81,9.2,2003,2000
2003-11-02,23.8,21.4,22.41,99,96,98.21,95.9,1006.05,7.1,2003,2000
2003-11-03,28.5,21.1,23.93,99,68,86.54,9.2,1005.46,8.4,2003,2000
2003-11-04,28.7,20.2,23.95,99,69,88.33,2.8,1005.36,6.2,2003,2000
2003-11-05,28.4,21.2,24.24,98,71,87.96,9.7,1005.3,6.5,2003,2000
2003-11-06,28.6,21.9,24.7,96,70,85.5,9.2,1005.02,5.6,2003,2000
2003-11-07,27.6,21.7,24.18,99,72,87.46,13.7,1005.4,6.5,2003,2000
2003-11-08,28.0,21.5,24.07,99,70,88.08,9.9,1005.76,6.8,2003,2000
2003-11-09,27.2,22.4,24.22,96,81,89.17,13.6,1005.8,5.8,2003,2000
2003-11-10,27.3,21.7,23.95,98,81,91.46,21.0,1005.44,7.2,2003,2000
2003-11-11,26.7,21.1,23.64,99,78,92.54,32.2,1005.36,6.2,2003,2000
2003-11-12,26.0,21.9,23.07,99,86,97.88,80.5,1005.66,4.9,2003,2000
2003-11-13,28.1,21.5,24.19,99,72,89.54,9.2,1004.82,5.4,2003,2000
2003-11-14,28.9,22.2,24.85,94,68,86.83,9.3,1005.38,6.6,2003,2000
2003-11-15,28.5,21.5,24.61,99,72,90.21,7.9,1005.8,5.8,2003,2000
2003-11-16,28.0,22.2,24.4,99,81,92.62,25.1,1006.0,5.2,2003,2000
2003-11-17,27.7,22.2,24.51,99,76,91.21,23.1,1005.85,6.4,2003,2000
2003-11-18,28.8,22.0,24.51,97,69,89.21,11.0,1005.78,7.2,2003,2000
2003-11-19,28.4,21.4,24.05,98,75,90.88,8.4,1005.05,6.6,2003,2000
2003-11-20,27.6,22.0,24.37,96,75,88.08,8.9,1004.5,5.2,2003,2000
2003-11-21,27.5,21.0,24.12,98,76,88.83,13.1,1004.96,5.5,2003,2000
2003-11-22,26.3,21.6,23.61,99,86,93.83,22.4,1005.38,6.4,2003,2000
2003-11-23,26.4,21.4,23.55,99,84,94.04,15.7,1005.57,6.5,2003,2000
2003-11-24,27.4,21.7,23.47,99,75,93.67,23.5,1005.98,5.9,2003,2000
2003-11-25,27.4,21.5,23.89,99,76,92.04,9.7,1005.16,7.7,2003,2000
2003-11-26,28.4,21.3,24.18,99,76,90.42,3.0,1005.48,6.8,2003,2000
2003-11-27,29.3,21.3,25.06,94,66,84.42,1.3,1005.0,6.9,2003,2000
2003-11-28,28.8,22.9,24.99,94,70,86.67,21.2,1004.62,6.5,2003,2000
2003-11-29,26.7,21.7,23.66,99,79,94.12,12.6,1005.24,5.8,2003,2000
2003-11-30,29.5,20.7,23.27,99,65,92.92,21.1,1005.61,5.9,2003,2000
2003-12-01,31.7,21.3,23.56,99,59,94.17,80.4,1005.7,4.9,2003,2000
2003-12-02,27.3,21.5,23.71,99,73,91.04,31.0,1005.04,6.2,2003,2000
2003-12-03,26.1,21.5,23.42,99,77,92.17,10.2,1005.21,6.6,2003,2000
2003-12-04,27.3,21.7,23.78,96,72,88.29,4.3,1006.22,11.7,2003,2000
2003-12-05,28.8,21.0,23.94,99,65,89.46,15.5,1006.47,7.8,2003,2000
2003-12-06,26.1,21.4,23.31,99,80,94.0,23.8,1007.04,8.3,2003,2000
2003-12-07,27.4,20.3,23.4,99,73,90.67,12.9,1006.86,5.4,2003,2000
2003-12-08,27.9,21.2,24.29,98,67,86.21,7.3,1006.41,5.2,2003,2000
2003-12-09,28.5,22.2,24.66,99,70,88.92,17.4,1005.38,4.7,2003,2000
2003-12-10,28.5,22.1,24.43,96,72,88.79,13.3,1005.36,6.5,2003,2000
2003-12-11,28.5,22.3,24.42,96,69,88.79,9.0,1005.67,6.0,2003,2000
2003-12-12,26.1,21.5,23.39,99,85,94.54,17.0,1006.0,4.7,2003,2000
2003-12-13,27.3,21.3,23.93,99,82,92.04,7.2,1006.17,5.1,2003,2000
2003-12-14,27.6,20.1,23.99,99,72,88.29,2.7,1006.12,6.1,2003,2000
2003-12-15,28.7,21.2,24.28,94,66,84.79,2.3,1005.26,7.4,2003,2000
2003-12-16,29.8,21.9,25.16,92,61,82.38,0.8,1004.3,8.1,2003,2000
2003-12-17,29.5,22.6,25.42,91,62,80.79,1.9,1004.0,7.4,2003,2000
2003-12-18,29.8,22.1,25.46,93,60,80.08,0.2,1005.42,8.5,2003,2000
2003-12-19,30.1,21.8,25.41,87,56,74.79,0.1,1005.98,8.8,2003,2000
2003-12-20,29.8,21.8,25.42,87,57,74.62,0.1,1005.66,8.8,2003,2000
2003-12-21,29.6,22.6,25.73,85,60,73.88,0.5,1006.01,8.3,2003,2000
2003-12-22,29.6,22.7,25.82,90,59,75.38,0.6,1004.49,8.7,2003,2000
2003-12-23,29.9,22.9,25.98,87,60,75.21,0.1,1002.08,8.6,2003,2000
2003-12-24,30.4,22.7,25.81,92,60,79.33,1.3,1003.39,7.3,2003,2000
2003-12-25,29.9,22.4,25.34,94,59,80.17,2.1,1005.74,7.9,2003,2000
2003-12-26,29.5,21.6,24.84,94,60,81.33,1.5,1007.63,7.3,2003,2000
2003-12-27,29.1,21.1,24.46,95,60,79.38,3.5,1006.73,8.7,2003,2000
2003-12-28,28.9,20.7,24.23,95,62,81.75,2.7,1005.68,7.8,2003,2000
2003-12-29,28.9,21.2,24.47,94,61,79.75,0.6,1005.34,7.0,2003,2000
2003-12-30,29.8,22.2,25.25,89,48,69.92,0.0,1005.33,9.2,2003,2000
2003-12-31,29.6,23.0,25.22,76,49,65.29,0.0,1004.44,16.2,2003,2000
2004-01-01,29.8,22.7,25.29,74,49,64.92,0.0,1004.11,15.8,2004,2000
2004-01-02,30.8,23.0,26.46,80,54,66.88,0.0,1003.54,11.1,2004,2000
2004-01-03,31.3,23.3,26.77,86,51,68.92,0.1,1003.12,10.0,2004,2000
2004-01-04,31.4,24.1,26.81,74,48,64.67,0.7,1003.23,8.8,2004,2000
2004-01-05,31.0,21.6,25.78,89,50,71.25,1.5,1004.33,9.0,2004,2000
2004-01-06,30.5,22.1,25.73,87,51,70.62,1.6,1005.9,8.0,2004,2000
2004-01-07,30.5,21.5,25.78,85,51,68.71,0.9,1006.2,8.0,2004,2000
2004-01-08,30.8,22.0,25.99,83,47,65.83,0.4,1006.72,8.3,2004,2000
2004-01-09,31.3,21.9,25.76,81,46,67.0,1.7,1006.38,8.8,2004,2000
2004-01-10,30.1,22.1,25.51,83,52,70.79,4.6,1006.08,8.8,2004,2000
2004-01-11,30.8,22.2,26.15,83,48,64.33,0.9,1006.61,9.8,2004,2000
2004-01-12,31.3,22.5,26.35,75,45,60.42,0.0,1007.45,13.5,2004,2000
2004-01-13,31.7,23.5,26.78,68,42,57.54,0.2,1007.06,12.4,2004,2000
2004-01-14,31.5,22.5,26.45,76,44,60.71,0.1,1006.35,9.6,2004,2000
2004-01-15,31.1,21.4,25.99,82,45,63.67,1.0,1006.7,8.8,2004,2000
2004-01-16,30.1,21.0,25.42,82,49,67.83,2.7,1007.63,7.7,2004,2000
2004-01-17,28.9,22.6,24.89,98,59,79.5,7.8,1008.42,6.1,2004,2000
2004-01-18,29.1,20.8,24.82,98,60,81.29,6.7,1007.73,8.9,2004,2000
2004-01-19,30.6,21.3,25.54,92,52,75.21,0.3,1006.2,7.4,2004,2000
2004-01-20,31.6,20.7,25.46,85,35,63.33,0.3,1006.86,8.5,2004,2000
2004-01-21,31.4,20.4,25.39,71,40,58.62,0.4,1008.59,10.2,2004,2000
2004-01-22,31.4,20.5,25.38,75,38,62.0,0.2,1009.1,8.8,2004,2000
2004-01-23,31.1,20.6,25.25,75,41,59.88,0.0,1008.82,8.8,2004,2000
2004-01-24,31.0,22.0,25.87,79,41,60.04,0.0,1007.22,7.9,2004,2000
2004-01-25,31.8,21.2,25.87,74,39,59.54,0.1,1006.42,8.8,2004,2000
2004-01-26,31.6,20.5,25.74,81,39,63.0,0.8,1007.08,8.8,2004,2000
2004-01-27,31.8,20.7,25.84,84,42,66.54,0.8,1008.05,7.9,2004,2000
2004-01-28,31.8,22.0,26.25,85,42,66.67,0.8,1007.81,7.6,2004,2000
2004-01-29,32.2,20.6,26.1,81,39,63.25,0.4,1006.31,8.8,2004,2000
2004-01-30,31.9,20.8,25.95,83,41,66.42,1.4,1005.28,8.3,2004,2000
2004-01-31,32.3,21.2,26.26,83,41,66.92,1.5,1004.97,7.6,2004,2000
2004-02-01,32.7,21.1,26.42,85,38,63.38,0.0,1005.15,8.7,2004,2000
2004-02-02,32.7,21.4,26.45,78,39,61.96,0.0,1005.41,8.1,2004,2000
2004-02-03,33.0,21.6,26.6,76,28,53.12,0.0,1005.39,9.3,2004,2000
2004-02-04,32.8,22.2,26.83,64,39,53.33,0.3,1004.77,10.2,2004,2000
2004-02-05,32.7,23.1,27.25,67,34,52.12,0.0,1004.81,9.7,2004,2000
2004-02-06,32.9,20.8,26.52,65,37,51.54,0.1,1004.88,10.4,2004,2000
2004-02-07,32.6,22.8,26.94,76,39,57.75,0.0,1005.43,8.9,2004,2000
2004-02-08,32.4,22.5,26.73,66,28,47.5,0.0,1006.13,13.7,2004,2000
2004-02-09,32.7,23.4,27.24,65,38,50.62,0.0,1004.77,12.7,2004,2000
2004-02-10,33.3,23.3,27.66,81,38,59.96,0.9,1003.99,7.2,2004,2000
2004-02-11,32.7,23.2,27.47,78,43,60.79,2.5,1004.39,7.6,2004,2000
2004-02-12,33.5,22.7,27.32,76,38,61.08,1.5,1005.81,8.4,2004,2000
2004-02-13,32.7,22.8,27.05,77,40,62.21,0.9,1007.09,8.4,2004,2000
2004-02-14,33.0,22.5,27.04,79,39,62.25,1.5,1006.5,8.5,2004,2000
2004-02-15,33.4,22.5,27.49,80,41,63.92,0.4,1005.7,7.4,2004,2000
2004-02-16,33.2,24.3,27.88,75,39,58.5,0.0,1005.91,10.0,2004,2000
2004-02-17,33.0,23.2,27.18,68,34,52.79,0.0,1006.67,13.0,2004,2000
2004-02-18,32.5,24.2,27.32,69,42,56.71,0.0,1006.89,11.7,2004,2000
2004-02-19,32.7,23.4,27.24,64,36,51.83,0.0,1006.66,11.3,2004,2000
2004-02-20,32.7,22.4,27.08,70,37,56.67,1.8,1006.29,9.3,2004,2000
2004-02-21,32.6,22.3,26.9,81,39,63.17,1.8,1006.77,8.9,2004,2000
2004-02-22,32.6,20.8,26.56,83,37,60.67,0.0,1007.45,8.7,2004,2000
2004-02-23,32.5,21.7,26.43,78,39,63.62,0.9,1007.8,9.2,2004,2000
2004-02-24,30.6,21.9,26.15,84,49,69.54,0.4,1006.35,8.0,2004,2000
2004-02-25,32.3,21.8,26.86,89,44,70.21,0.2,1004.9,9.8,2004,2000
2004-02-26,32.2,22.9,27.04,90,50,73.42,2.2,1006.1,9.3,2004,2000
2004-02-27,33.3,21.8,27.15,89,36,61.83,0.6,1006.12,8.9,2004,2000
2004-02-28,33.1,23.3,27.41,71,38,56.0,0.0,1005.52,11.0,2004,2000
2004-02-29,33.0,24.5,27.58,70,40,56.92,0.0,1004.55,11.0,2004,2000
2004-03-01,33.6,24.1,27.76,66,36,53.62,0.0,1004.6,11.7,2004,2000
2004-03-02,33.4,23.8,27.74,67,39,55.5,0.0,1004.75,10.7,2004,2000
2004-03-03,33.3,25.0,28.18,66,37,53.96,0.0,1004.39,12.7,2004,2000
2004-03-04,34.0,24.7,28.47,66,39,55.58,0.7,1004.27,10.2,2004,2000
2004-03-05,33.3,24.8,28.24,72,40,59.88,1.9,1006.04,6.5,2004,2000
2004-03-06,32.5,23.5,27.45,78,43,61.58,2.8,1006.96,6.9,2004,2000
2004-03-07,32.7,23.8,27.64,75,40,57.92,0.2,1006.18,10.0,2004,2000
2004-03-08,33.1,24.3,27.54,72,38,57.25,0.0,1004.95,14.8,2004,2000
2004-03-09,33.2,24.3,27.79,65,39,54.12,0.0,1004.9,11.6,2004,2000
2004-03-10,33.2,24.4,27.74,68,40,56.08,0.0,1005.25,12.5,2004,2000
2004-03-11,33.8,24.7,28.17,64,38,54.38,0.0,1004.57,13.6,2004,2000
2004-03-12,33.4,25.4,28.5,70,40,55.92,0.0,1003.05,11.3,2004,2000
2004-03-13,34.4,25.3,28.6,66,36,53.83,0.0,1002.72,16.7,2004,2000
2004-03-14,34.4,25.0,28.67,65,34,52.21,0.1,1003.39,11.3,2004,2000
2004-03-15,34.3,24.5,28.6,71,37,55.83,0.9,1004.08,8.2,2004,2000
2004-03-16,34.2,24.7,28.7,69,38,57.33,1.4,1003.34,7.4,2004,2000
2004-03-17,34.4,24.8,28.67,70,34,53.71,0.0,1002.6,11.7,2004,2000
2004-03-18,34.0,24.5,28.34,63,36,52.12,0.0,1002.72,13.8,2004,2000
2004-03-19,33.9,24.9,28.21,66,34,52.62,0.0,1003.11,17.1,2004,2000
2004-03-20,34.2,24.4,28.03,59,31,46.46,0.0,1002.92,14.8,2004,2000
2004-03-21,34.3,23.7,28.23,60,33,48.0,0.0,1003.45,13.5,2004,2000
2004-03-22,33.7,23.7,27.83,67,35,52.83,0.0,1003.11,14.4,2004,2000
2004-03-23,34.5,24.2,28.11,60,28,47.17,0.0,1002.95,15.9,2004,2000
2004-03-24,34.2,24.0,28.11,62,32,45.67,0.0,1003.9,17.1,2004,2000
2004-03-25,34.3,24.1,28.29,62,30,47.38,0.0,1004.9,12.4,2004,2000
2004-03-26,34.3,23.6,28.14,64,32,49.54,0.0,1004.23,10.7,2004,2000
2004-03-27,34.4,22.9,27.94,68,33,54.42,0.6,1004.74,8.6,2004,2000
2004-03-28,33.6,23.3,27.2,82,38,63.08,3.7,1005.76,7.3,2004,2000
2004-03-29,31.3,22.9,25.8,96,51,77.71,16.1,1007.08,5.9,2004,2000
2004-03-30,31.5,22.8,26.7,91,53,74.12,1.6,1006.02,7.0,2004,2000
2004-03-31,31.4,24.2,27.18,75,50,64.96,4.6,1006.01,8.7,2004,2000
2004-04-01,32.9,23.0,27.2,77,41,62.96,1.5,1006.69,8.0,2004,2000
2004-04-02,33.3,22.1,27.1,79,34,61.33,0.1,1006.01,10.7,2004,2000
2004-04-03,32.8,22.1,27.03,84,43,65.54,1.5,1006.41,8.5,2004,2000
2004-04-04,34.3,22.9,28.17,86,36,61.67,0.0,1005.37,9.7,2004,2000
2004-04-05,34.7,24.8,29.25,71,37,55.21,0.0,1004.38,9.5,2004,2000
2004-04-06,34.4,25.2,29.2,71,42,59.0,0.9,1004.3,7.6,2004,2000
2004-04-07,33.6,25.9,28.87,79,46,63.75,2.8,1003.18,5.7,2004,2000
2004-04-08,33.0,24.2,27.72,88,47,71.79,4.4,1004.32,8.7,2004,2000
2004-04-09,32.6,23.3,27.07,93,51,76.08,2.9,1005.83,9.0,2004,2000
2004-04-10,31.2,24.1,27.26,91,57,75.96,4.1,1005.4,9.2,2004,2000
2004-04-11,32.1,23.3,27.33,92,50,74.88,3.0,1003.88,13.0,2004,2000
2004-04-12,33.4,24.0,27.9,93,44,71.29,1.7,1002.96,8.9,2004,2000
2004-04-13,33.0,24.1,27.78,90,45,70.17,3.2,1005.5,8.1,2004,2000
2004-04-14,33.0,22.2,27.05,90,40,66.79,4.6,1007.22,7.4,2004,2000
2004-04-15,33.3,21.3,27.15,86,34,62.33,2.2,1007.35,7.4,2004,2000
2004-04-16,31.1,23.4,27.03,83,46,63.0,6.2,1007.16,5.2,2004,2000
2004-04-17,33.9,24.3,28.1,73,36,56.62,1.1,1006.4,9.2,2004,2000
2004-04-18,34.3,24.2,28.41,71,35,55.0,1.3,1006.2,8.2,2004,2000
2004-04-19,33.7,24.5,28.49,71,38,56.42,1.0,1004.99,8.0,2004,2000
2004-04-20,32.8,24.5,27.19,81,43,66.38,17.5,1005.39,6.8,2004,2000
2004-04-21,30.5,23.8,26.13,91,57,77.71,7.5,1005.89,8.1,2004,2000
2004-04-22,29.8,22.2,25.87,99,63,81.62,13.3,1007.35,5.1,2004,2000
2004-04-23,30.9,22.3,25.5,99,55,81.08,6.6,1007.32,10.9,2004,2000
2004-04-24,29.2,20.3,24.59,98,62,84.83,7.3,1006.95,6.4,2004,2000
2004-04-25,29.4,21.0,24.67,95,64,84.88,11.0,1006.55,9.7,2004,2000
2004-04-26,28.1,21.8,24.78,98,73,87.33,19.1,1006.51,7.1,2004,2000
2004-04-27,28.7,21.6,24.55,99,70,88.25,26.7,1006.66,8.9,2004,2000
2004-04-28,29.3,23.1,25.82,94,67,82.71,3.5,1005.88,6.1,2004,2000
2004-04-29,29.2,24.5,26.25,88,69,81.62,15.6,1005.3,4.5,2004,2000
2004-04-30,32.3,23.4,26.07,93,51,80.83,13.3,1004.2,6.2,2004,2000
2004-05-01,30.4,23.2,25.73,93,61,82.54,9.8,1003.36,7.2,2004,2000
2004-05-02,27.6,23.0,25.11,96,76,88.5,48.5,1003.55,10.4,2004,2000
2004-05-03,29.4,21.8,24.96,99,68,86.42,13.4,1005.42,8.0,2004,2000
2004-05-04,29.4,22.6,24.91,99,69,89.04,23.7,1006.24,5.8,2004,2000
2004-05-05,28.4,23.1,25.38,99,71,87.92,12.2,1005.9,5.7,2004,2000
2004-05-06,30.3,24.0,26.58,91,62,79.92,5.7,1005.02,5.4,2004,2000
2004-05-07,30.4,24.0,26.7,91,64,79.88,2.5,1004.81,6.1,2004,2000
2004-05-08,30.2,24.5,26.57,91,64,80.75,5.6,1004.28,5.8,2004,2000
2004-05-09,28.1,23.7,25.75,94,74,85.33,14.2,1003.84,6.3,2004,2000
2004-05-10,28.9,22.9,25.46,99,72,88.33,10.6,1004.78,7.2,2004,2000
2004-05-11,29.3,23.5,25.86,94,73,87.67,12.8,1004.51,5.4,2004,2000
2004-05-12,30.1,23.9,26.32,93,66,83.71,5.9,1004.08,5.7,2004,2000
2004-05-13,30.6,24.2,26.95,92,62,78.42,7.1,1002.97,6.5,2004,2000
2004-05-14,30.5,24.0,26.26,93,67,82.62,12.1,1001.79,6.6,2004,2000
2004-05-15,29.6,23.3,25.5,96,67,86.54,15.3,1003.09,7.1,2004,2000
2004-05-16,26.8,23.3,24.48,99,80,94.0,16.1,1005.69,6.9,2004,2000
2004-05-17,27.7,22.5,24.81,99,78,90.67,20.6,1006.02,8.1,2004,2000
2004-05-18,26.5,22.6,23.79,99,86,95.71,57.5,1006.17,9.2,2004,2000
2004-05-19,24.3,22.5,23.17,99,94,98.29,59.2,1007.39,9.5,2004,2000
2004-05-20,25.8,22.1,23.72,99,85,93.62,24.6,1009.15,12.1,2004,2000
2004-05-21,27.6,22.6,24.39,98,74,88.92,5.3,1008.8,12.1,2004,2000
2004-05-22,27.2,22.6,24.18,98,79,90.46,6.3,1007.9,12.1,2004,2000
2004-05-23,26.6,21.5,23.56,99,85,93.25,5.4,1007.22,12.2,2004,2000
2004-05-24,28.0,21.8,24.53,96,78,88.42,5.8,1006.61,7.7,2004,2000
2004-05-25,29.4,21.5,25.05,96,67,85.96,4.2,1006.04,6.5,2004,2000
2004-05-26,28.3,22.3,24.5,99,74,90.79,17.5,1006.56,7.0,2004,2000
2004-05-27,27.5,22.2,23.88,99,77,94.29,51.4,1006.68,10.3,2004,2000
2004-05-28,25.8,22.5,23.6,99,82,95.12,33.5,1007.72,11.7,2004,2000
2004-05-29,28.4,22.1,24.43,99,72,90.08,25.7,1007.62,8.4,2004,2000
2004-05-30,28.1,22.4,24.92,97,77,89.83,8.9,1006.76,6.5,2004,2000
2004-05-31,27.8,22.7,24.8,96,75,88.96,11.5,1004.79,7.8,2004,2000
2004-06-01,27.2,22.1,24.45,99,79,90.42,8.6,1004.18,6.5,2004,2000
2004-06-02,26.4,21.8,23.98,99,83,92.83,32.1,1005.59,6.8,2004,2000
2004-06-03,28.2,21.6,24.54,98,72,88.54,10.9,1006.3,6.5,2004,2000
2004-06-04,28.8,22.7,24.71,99,70,89.62,31.5,1006.53,4.8,2004,2000
2004-06-05,27.7,22.0,23.84,99,77,93.71,22.9,1006.74,6.5,2004,2000
2004-06-06,27.8,21.2,24.13,99,79,92.04,6.2,1006.03,9.7,2004,2000
2004-06-07,28.8,21.9,24.75,96,71,88.71,7.1,1005.48,7.9,2004,2000
2004-06-08,28.6,22.4,25.05,96,72,85.75,8.9,1006.35,6.5,2004,2000
2004-06-09,27.9,22.2,24.9,98,74,88.62,14.3,1006.82,7.3,2004,2000
2004-06-10,27.0,22.8,24.47,99,78,91.25,12.3,1006.38,7.4,2004,2000
2004-06-11,27.5,22.4,24.73,96,76,88.79,4.4,1006.29,8.1,2004,2000
2004-06-12,28.8,22.7,25.35,96,70,86.92,4.3,1006.56,5.7,2004,2000
2004-06-13,28.0,23.0,25.19,96,75,88.46,11.9,1007.01,8.0,2004,2000
2004-06-14,27.6,22.0,25.04,99,77,88.33,13.1,1006.27,7.7,2004,2000
2004-06-15,29.2,22.4,25.08,96,75,87.92,14.9,1005.2,7.9,2004,2000
2004-06-16,28.7,21.8,25.08,99,77,88.92,3.3,1004.68,5.9,2004,2000
2004-06-17,29.3,21.9,25.27,98,68,85.54,8.5,1005.35,6.0,2004,2000
2004-06-18,28.3,22.4,25.3,95,73,86.25,9.6,1006.42,5.4,2004,2000
2004-06-19,28.1,22.2,24.65,99,74,89.71,20.0,1007.15,4.7,2004,2000
2004-06-20,26.3,22.5,24.1,99,88,94.08,24.0,1007.24,7.4,2004,2000
2004-06-21,28.1,22.5,25.07,96,76,88.33,7.0,1005.68,5.4,2004,2000
2004-06-22,28.8,22.0,25.54,98,72,85.46,5.6,1005.41,7.8,2004,2000
2004-06-23,29.3,22.9,25.8,97,70,85.58,4.4,1005.63,7.3,2004,2000
2004-06-24,26.6,22.5,24.58,98,80,90.33,13.6,1005.69,6.9,2004,2000
2004-06-25,26.8,22.3,24.13,99,84,93.42,16.4,1005.92,5.9,2004,2000
2004-06-26,27.7,21.9,24.48,98,74,88.83,6.2,1005.33,5.9,2004,2000
2004-06-27,28.1,22.3,24.9,95,75,87.79,7.0,1006.15,5.1,2004,2000
2004-06-28,29.2,20.9,24.94,98,68,86.5,9.8,1005.55,5.4,2004,2000
2004-06-29,26.6,22.4,24.5,96,82,89.96,26.3,1005.55,6.4,2004,2000
2004-06-30,27.1,22.2,23.85,99,79,93.38,19.5,1006.73,6.9,2004,2000
2004-07-01,28.9,20.6,24.67,99,67,86.46,5.6,1006.76,7.3,2004,2000
2004-07-02,28.6,22.2,25.17,96,71,84.92,6.0,1006.72,6.5,2004,2000
2004-07-03,28.1,22.8,24.98,94,69,84.71,9.2,1005.77,5.6,2004,2000
2004-07-04,27.8,21.2,24.03,99,68,86.58,13.4,1006.19,7.3,2004,2000
2004-07-05,26.7,21.0,23.62,99,84,93.21,12.2,1007.63,7.2,2004,2000
2004-07-06,27.7,21.9,23.95,99,73,90.71,14.8,1007.27,7.1,2004,2000
2004-07-07,25.2,21.6,23.3,99,85,94.46,54.7,1006.4,6.6,2004,2000
2004-07-08,25.6,21.7,23.35,99,84,93.04,26.8,1006.27,9.0,2004,2000
2004-07-09,28.2,21.4,24.5,98,77,89.58,10.7,1005.48,5.9,2004,2000
2004-07-10,27.1,22.7,24.32,95,75,88.67,11.2,1005.35,6.0,2004,2000
2004-07-11,26.0,21.8,23.77,99,85,92.54,24.2,1004.73,6.5,2004,2000
2004-07-12,27.1,21.1,23.85,99,81,91.42,8.4,1005.97,6.4,2004,2000
2004-07-13,26.8,22.1,24.12,98,81,89.33,18.5,1006.27,6.9,2004,2000
2004-07-14,27.5,20.5,23.83,99,72,89.96,13.8,1005.62,6.4,2004,2000
2004-07-15,26.5,20.5,23.13,99,80,94.92,80.4,1005.73,7.9,2004,2000
2004-07-16,26.8,21.6,23.86,99,82,92.62,8.8,1006.31,7.6,2004,2000
2004-07-17,28.5,22.2,24.6,95,72,87.08,12.1,1007.01,6.8,2004,2000
2004-07-18,28.8,21.7,24.7,94,71,86.5,17.5,1007.0,6.2,2004,2000
2004-07-19,27.5,21.9,24.66,97,76,88.38,6.9,1006.8,8.0,2004,2000
2004-07-20,27.3,21.0,24.12,99,76,90.17,22.1,1006.91,5.7,2004,2000
2004-07-21,28.7,20.7,24.25,99,67,87.54,7.7,1006.8,7.7,2004,2000
2004-07-22,28.1,21.8,24.28,99,73,89.92,16.6,1005.79,7.9,2004,2000
2004-07-23,26.9,21.0,23.78,99,85,92.17,14.6,1005.87,10.2,2004,2000
2004-07-24,27.1,21.7,23.93,99,77,90.5,13.2,1006.9,9.6,2004,2000
2004-07-25,28.5,21.9,24.26,96,67,88.0,9.0,1006.55,6.8,2004,2000
2004-07-26,27.5,22.3,24.82,95,78,86.62,9.1,1006.55,6.4,2004,2000
2004-07-27,28.1,21.9,24.1,99,73,92.17,20.2,1006.88,6.9,2004,2000
2004-07-28,27.6,21.4,23.93,99,79,91.71,6.2,1006.95,5.2,2004,2000
2004-07-29,28.3,22.3,24.58,96,74,88.08,8.8,1006.16,7.9,2004,2000
2004-07-30,27.9,22.8,24.91,99,77,88.88,10.0,1005.02,10.3,2004,2000
2004-07-31,28.5,21.9,25.06,98,77,88.96,5.1,1005.19,9.1,2004,2000
2004-08-01,27.7,22.5,25.02,98,75,88.62,12.6,1005.82,6.8,2004,2000
2004-08-02,28.6,22.7,25.0,95,71,87.33,8.5,1005.6,7.1,2004,2000
2004-08-03,27.6,22.4,24.71,98,76,88.12,21.0,1005.69,4.7,2004,2000
2004-08-04,26.8,21.4,24.06,99,79,91.75,21.2,1006.5,8.0,2004,2000
2004-08-05,27.7,22.5,24.22,99,74,90.71,21.8,1006.3,6.1,2004,2000
2004-08-06,27.7,22.4,24.17,99,75,93.29,7.5,1006.07,7.6,2004,2000
2004-08-07,29.1,22.0,25.4,99,69,85.5,5.0,1005.03,7.0,2004,2000
2004-08-08,30.4,22.4,26.01,94,66,83.04,5.4,1004.58,6.0,2004,2000
2004-08-09,29.3,23.1,25.3,95,68,86.58,5.9,1005.64,7.1,2004,2000
2004-08-10,28.6,22.0,25.04,95,72,86.12,4.2,1006.25,6.9,2004,2000
2004-08-11,27.9,22.8,24.72,96,78,89.96,8.9,1006.61,7.0,2004,2000
2004-08-12,28.3,22.7,25.17,96,75,88.25,8.8,1006.62,6.4,2004,2000
2004-08-13,29.1,21.5,24.95,96,71,87.46,5.5,1005.74,8.1,2004,2000
2004-08-14,31.0,22.4,25.24,96,60,85.29,5.7,1005.61,5.8,2004,2000
2004-08-15,27.2,21.6,23.92,99,75,91.67,18.2,1006.97,8.0,2004,2000
2004-08-16,29.8,21.9,25.26,98,67,86.08,2.3,1006.56,6.7,2004,2000
2004-08-17,28.7,23.8,25.7,94,72,85.0,7.9,1005.57,6.3,2004,2000
2004-08-18,28.2,22.4,24.47,99,73,90.88,26.1,1005.61,10.3,2004,2000
2004-08-19,28.4,22.6,24.47,99,73,92.17,19.7,1007.25,5.2,2004,2000
2004-08-20,28.6,21.6,24.65,99,71,89.42,11.1,1007.72,5.8,2004,2000
2004-08-21,28.9,22.7,25.25,95,70,86.79,5.1,1006.37,6.3,2004,2000
2004-08-22,27.5,22.4,24.11,99,76,92.88,25.0,1005.68,8.3,2004,2000
2004-08-23,25.1,22.2,23.2,99,97,98.83,41.8,1005.62,9.7,2004,2000
2004-08-24,26.1,22.0,23.54,99,84,94.92,19.5,1006.68,10.7,2004,2000
2004-08-25,26.6,21.6,23.32,99,80,95.42,18.1,1007.54,5.5,2004,2000
2004-08-26,28.3,20.6,23.69,99,71,91.38,17.5,1007.16,6.4,2004,2000
2004-08-27,28.7,20.9,24.27,99,73,90.38,11.8,1007.04,7.9,2004,2000
2004-08-28,29.0,21.8,24.14,99,71,92.42,18.9,1006.42,5.4,2004,2000
2004-08-29,28.1,21.8,23.88,99,73,92.0,22.2,1006.3,7.3,2004,2000
2004-08-30,28.0,21.4,24.08,99,72,91.0,5.7,1006.83,5.2,2004,2000
2004-08-31,29.1,21.8,24.56,96,67,87.79,10.0,1006.92,7.9,2004,2000
2004-09-01,29.1,21.4,25.36,98,71,86.08,2.9,1005.51,5.7,2004,2000
2004-09-02,29.4,22.0,25.3,95,70,85.12,3.1,1004.05,6.2,2004,2000
2004-09-03,29.9,22.2,24.94,96,65,86.54,12.0,1004.69,10.9,2004,2000
2004-09-04,28.5,22.2,24.52,99,72,89.04,23.5,1005.79,7.1,2004,2000
2004-09-05,28.1,21.8,23.78,99,79,93.04,11.2,1005.54,7.0,2004,2000
2004-09-06,27.1,21.0,23.33,99,79,93.83,12.0,1005.28,10.8,2004,2000
2004-09-07,28.0,21.1,23.64,99,72,92.21,43.6,1005.42,9.5,2004,2000
2004-09-08,25.9,21.4,22.8,99,80,95.96,79.6,1005.62,11.6,2004,2000
2004-09-09,28.7,21.1,22.58,99,69,95.71,29.7,1006.32,8.3,2004,2000
2004-09-10,27.0,20.8,23.25,99,79,92.75,13.1,1006.44,9.1,2004,2000
2004-09-11,26.8,21.4,23.65,99,77,91.29,13.2,1006.28,13.0,2004,2000
2004-09-12,29.2,21.7,24.65,96,70,87.67,2.5,1005.49,8.5,2004,2000
2004-09-13,27.9,22.5,24.93,94,75,87.17,4.4,1005.77,10.2,2004,2000
2004-09-14,26.8,22.9,24.53,96,82,90.71,8.5,1006.46,7.1,2004,2000
2004-09-15,27.3,22.4,24.28,96,78,90.33,21.3,1006.94,10.3,2004,2000
2004-09-16,28.4,21.7,24.51,97,75,88.25,10.2,1006.39,6.6,2004,2000
2004-09-17,27.9,20.8,23.72,99,76,91.62,22.0,1006.47,7.9,2004,2000
2004-09-18,27.6,21.8,23.73,99,82,91.08,9.7,1007.39,10.3,2004,2000
2004-09-19,27.5,20.3,23.21,99,74,92.79,28.9,1007.28,11.3,2004,2000
2004-09-20,26.1,21.1,23.58,99,82,92.5,11.0,1006.66,9.7,2004,2000
2004-09-21,29.2,20.9,24.11,99,67,90.12,16.0,1007.13,8.6,2004,2000
2004-09-22,27.7,22.0,24.34,97,79,90.29,17.0,1006.65,7.7,2004,2000
2004-09-23,29.0,22.4,24.72,96,70,88.12,14.1,1006.33,6.4,2004,2000
2004-09-24,28.5,21.5,24.25,97,71,89.71,4.9,1006.06,6.5,2004,2000
2004-09-25,28.9,21.3,24.22,99,73,90.58,35.7,1005.38,9.2,2004,2000
2004-09-26,28.6,20.9,24.14,99,68,89.17,17.8,1005.73,11.4,2004,2000
2004-09-27,26.7,21.9,23.92,99,79,92.04,29.4,1006.66,7.6,2004,2000
2004-09-28,28.0,22.7,24.4,95,81,90.58,4.7,1006.45,6.6,2004,2000
2004-09-29,26.6,22.3,24.03,96,81,92.12,11.9,1005.43,6.6,2004,2000
2004-09-30,26.5,21.4,23.02,100,82,95.38,10.3,1005.1,10.6,2004,2000
2004-10-01,28.0,21.3,23.51,99,74,93.33,18.4,1004.92,8.5,2004,2000
2004-10-02,28.3,21.3,24.18,99,72,89.96,10.9,1004.92,7.6,2004,2000
2004-10-03,27.9,21.7,24.54,96,71,87.75,10.6,1004.59,6.3,2004,2000
2004-10-04,27.5,21.8,24.32,99,77,90.0,14.1,1004.97,8.7,2004,2000
2004-10-05,27.7,21.4,23.72,99,76,93.0,9.9,1005.82,7.4,2004,2000
2004-10-06,26.6,22.2,24.1,99,82,91.46,26.9,1006.78,9.9,2004,2000
2004-10-07,28.3,21.5,23.98,99,73,91.25,18.6,1006.96,8.6,2004,2000
2004-10-08,27.1,21.6,24.01,99,80,91.58,7.6,1005.97,8.9,2004,2000
2004-10-09,27.7,21.9,24.46,96,81,91.0,8.8,1004.5,8.4,2004,2000
2004-10-10,27.4,22.4,24.15,99,83,93.29,51.4,1005.05,8.8,2004,2000
2004-10-11,28.0,22.2,24.12,99,80,92.12,21.2,1006.59,7.5,2004,2000
2004-10-12,26.6,22.0,24.12,99,81,91.5,17.3,1006.68,9.7,2004,2000
2004-10-13,27.5,21.4,24.13,96,77,89.25,15.0,1004.92,8.2,2004,2000
2004-10-14,29.0,21.8,24.8,95,72,86.71,1.8,1004.2,6.4,2004,2000
2004-10-15,27.8,22.5,24.67,96,78,89.71,6.9,1004.73,6.5,2004,2000
2004-10-16,28.3,21.8,24.61,99,75,89.92,15.2,1005.23,6.8,2004,2000
2004-10-17,27.7,21.1,24.12,99,79,92.29,31.4,1005.53,7.9,2004,2000
2004-10-18,26.5,21.8,23.23,99,85,96.5,34.2,1006.62,8.7,2004,2000
2004-10-19,27.9,21.4,24.06,99,74,91.62,20.0,1007.09,6.1,2004,2000
2004-10-20,26.8,21.8,23.57,99,80,91.88,28.5,1007.11,8.1,2004,2000
2004-10-21,24.9,21.7,22.95,99,90,97.0,46.8,1006.71,8.9,2004,2000
2004-10-22,23.6,21.4,22.23,99,94,98.29,55.7,1006.6,16.2,2004,2000
2004-10-23,26.9,20.7,22.99,99,75,92.25,13.9,1007.33,9.4,2004,2000
2004-10-24,27.6,19.4,23.21,99,70,89.46,12.3,1007.15,7.6,2004,2000
2004-10-25,28.2,20.3,23.93,99,66,87.58,12.5,1006.98,6.6,2004,2000
2004-10-26,26.6,21.1,23.34,98,81,92.04,23.1,1007.48,7.6,2004,2000
2004-10-27,27.2,20.0,23.28,99,76,91.17,13.7,1007.15,6.4,2004,2000
2004-10-28,27.6,20.8,23.4,99,76,91.54,19.7,1007.13,6.3,2004,2000
2004-10-29,26.7,20.8,23.55,99,76,90.83,19.3,1006.43,5.4,2004,2000
2004-10-30,28.4,21.2,23.93,98,70,88.38,30.4,1006.16,9.1,2004,2000
2004-10-31,27.1,21.7,23.83,99,79,91.38,24.4,1005.42,7.7,2004,2000
2004-11-01,27.7,21.4,24.33,99,75,89.62,6.2,1004.57,6.3,2004,2000
2004-11-02,27.7,22.1,24.52,99,76,90.5,6.0,1004.35,9.8,2004,2000
2004-11-03,27.1,22.1,23.81,99,80,93.08,37.4,1003.88,9.8,2004,2000
2004-11-04,28.0,22.2,24.07,99,75,92.25,8.5,1004.31,9.2,2004,2000
2004-11-05,26.7,22.0,23.98,99,80,92.62,14.3,1004.73,8.4,2004,2000
2004-11-06,27.7,22.1,24.12,99,79,93.62,22.9,1004.28,6.2,2004,2000
2004-11-07,27.6,22.1,23.65,99,76,95.83,87.1,1004.51,4.3,2004,2000
2004-11-08,24.9,21.9,23.15,99,88,95.75,37.6,1005.27,7.2,2004,2000
2004-11-09,25.4,21.8,23.04,100,90,97.67,119.2,1006.69,5.9,2004,2000
2004-11-10,27.3,21.0,23.59,99,70,90.92,32.0,1006.96,6.8,2004,2000
2004-11-11,27.9,20.0,23.8,99,66,86.96,6.5,1005.58,7.2,2004,2000
2004-11-12,28.5,20.5,24.0,95,60,82.75,4.5,1004.78,6.9,2004,2000
2004-11-13,28.6,20.4,24.3,93,61,80.79,2.2,1005.78,7.1,2004,2000
2004-11-14,28.4,21.0,24.27,95,63,83.5,5.0,1007.18,5.8,2004,2000
2004-11-15,26.9,22.0,24.25,99,76,88.71,16.9,1007.1,3.4,2004,2000
2004-11-16,27.2,22.4,24.09,99,79,91.58,22.1,1007.28,4.5,2004,2000
2004-11-17,29.1,21.5,24.16,99,68,88.17,4.6,1007.14,6.6,2004,2000
2004-11-18,29.5,21.2,24.62,94,59,79.88,2.4,1007.03,7.7,2004,2000
2004-11-19,26.9,22.6,24.3,92,73,83.83,12.4,1006.77,7.3,2004,2000
2004-11-20,25.8,22.3,23.84,94,81,87.12,8.2,1005.83,7.8,2004,2000
2004-11-21,28.8,21.8,24.6,96,69,86.83,10.0,1005.38,7.1,2004,2000
2004-11-22,28.4,22.0,24.62,97,74,89.42,8.5,1005.02,7.1,2004,2000
2004-11-23,26.8,22.3,24.38,96,80,90.75,15.6,1004.81,7.9,2004,2000
2004-11-24,27.6,21.8,24.27,96,74,89.5,9.8,1005.71,7.3,2004,2000
2004-11-25,27.8,22.0,24.34,96,75,89.08,9.9,1006.52,6.6,2004,2000
2004-11-26,29.0,22.0,24.82,98,68,87.12,9.8,1006.24,5.4,2004,2000
2004-11-27,27.7,23.2,24.77,94,71,86.04,11.6,1005.47,6.2,2004,2000
2004-11-28,27.8,22.2,24.66,96,77,88.17,11.2,1004.95,5.8,2004,2000
2004-11-29,29.7,20.1,24.44,93,55,79.88,2.1,1004.78,8.8,2004,2000
2004-11-30,29.1,20.9,24.46,87,62,75.88,0.0,1005.05,9.5,2004,2000
2004-12-01,30.0,21.7,24.95,89,52,74.12,0.4,1005.27,8.4,2004,2000
2004-12-02,30.1,21.3,24.89,87,54,75.5,0.4,1004.93,8.9,2004,2000
2004-12-03,30.0,20.4,24.39,83,46,69.75,0.0,1003.71,11.1,2004,2000
2004-12-04,30.2,20.0,24.43,81,51,67.42,0.0,1004.1,10.6,2004,2000
2004-12-05,30.8,21.2,25.25,83,51,67.38,0.3,1004.91,11.1,2004,2000
2004-12-06,29.8,22.9,25.56,91,61,78.58,5.0,1004.85,7.6,2004,2000
2004-12-07,28.7,23.2,25.2,91,66,84.33,5.8,1005.0,6.2,2004,2000
2004-12-08,29.2,22.3,24.71,94,66,85.12,12.5,1006.08,6.8,2004,2000
2004-12-09,28.9,22.1,24.68,98,66,85.54,10.0,1005.54,6.3,2004,2000
2004-12-10,29.4,19.7,24.34,98,62,82.92,2.7,1004.88,8.3,2004,2000
2004-12-11,28.4,20.9,24.58,94,66,81.75,3.6,1006.05,8.7,2004,2000
2004-12-12,28.5,20.4,24.31,94,63,81.29,1.1,1006.96,7.6,2004,2000
2004-12-13,29.9,21.5,24.94,93,59,79.21,0.6,1006.37,7.8,2004,2000
2004-12-14,28.9,22.4,24.86,91,65,81.21,13.6,1006.05,6.5,2004,2000
2004-12-15,30.5,21.5,25.36,86,49,72.83,0.4,1005.85,9.6,2004,2000
2004-12-16,29.6,21.5,25.21,88,57,75.46,3.1,1006.34,7.6,2004,2000
2004-12-17,28.7,22.1,24.77,91,63,80.67,3.1,1006.53,7.2,2004,2000
2004-12-18,29.8,21.7,25.1,90,58,77.38,2.5,1005.7,8.0,2004,2000
2004-12-19,30.0,21.6,25.27,91,59,78.0,1.3,1005.44,8.0,2004,2000
2004-12-20,30.2,20.8,25.33,91,54,72.92,0.5,1005.75,9.8,2004,2000
2004-12-21,30.9,23.0,26.18,86,53,71.96,1.3,1005.29,8.9,2004,2000
2004-12-22,30.6,20.8,25.33,89,52,71.0,1.5,1004.18,9.5,2004,2000
2004-12-23,30.8,22.7,26.22,90,55,76.25,3.1,1004.01,7.9,2004,2000
2004-12-24,31.5,21.5,25.42,86,47,70.88,0.7,1004.97,10.0,2004,2000
2004-12-25,30.3,20.8,24.98,89,54,74.92,1.1,1005.75,10.1,2004,2000
2004-12-26,30.7,21.4,25.26,93,49,72.88,0.8,1006.86,7.6,2004,2000
2004-12-27,30.5,20.6,25.34,89,47,68.12,0.2,1007.07,8.7,2004,2000
2004-12-28,29.5,22.3,25.0,84,55,71.88,18.5,1007.44,7.2,2004,2000
2004-12-29,29.7,21.6,25.02,81,50,67.96,0.2,1007.14,8.9,2004,2000
2004-12-30,30.4,21.1,25.37,81,48,67.0,0.1,1005.72,9.2,2004,2000
2004-12-31,30.7,21.9,25.73,83,51,69.17,0.2,1005.76,8.7,2004,2000
2005-01-01,31.1,21.7,26.07,86,50,70.29,0.3,1006.52,8.0,2005,2000
2005-01-02,30.8,22.4,26.15,85,52,69.17,0.3,1005.97,7.9,2005,2000
2005-01-03,31.5,23.3,26.75,85,46,66.17,0.2,1005.05,10.2,2005,2000
2005-01-04,31.1,23.4,26.51,74,45,61.54,0.0,1004.88,10.2,2005,2000
2005-01-05,31.3,22.6,26.35,70,40,58.29,0.0,1003.79,12.5,2005,2000
2005-01-06,31.2,21.7,26.16,76,46,62.96,0.2,1003.43,9.5,2005,2000
2005-01-07,31.2,23.8,26.84,72,48,62.08,0.0,1004.14,8.8,2005,2000
2005-01-08,31.0,23.2,26.83,81,52,65.38,2.7,1004.91,9.9,2005,2000
2005-01-09,30.9,23.6,26.16,96,51,72.25,3.4,1004.89,11.2,2005,2000
2005-01-10,30.2,24.0,26.19,78,48,65.08,0.6,1004.61,12.6,2005,2000
2005-01-11,30.7,22.4,26.01,84,50,68.62,7.3,1005.02,8.2,2005,2000
2005-01-12,30.6,22.3,25.75,89,54,76.38,5.2,1005.1,6.8,2005,2000
2005-01-13,31.0,23.0,26.19,91,57,77.38,2.8,1005.17,7.2,2005,2000
2005-01-14,31.2,23.4,26.61,93,55,76.67,4.8,1006.38,6.2,2005,2000
2005-01-15,30.3,24.0,26.22,89,52,74.62,4.3,1006.7,6.0,2005,2000
2005-01-16,29.7,22.6,25.63,82,55,68.25,2.3,1006.85,7.2,2005,2000
2005-01-17,29.8,22.5,25.33,82,46,64.25,0.8,1006.86,12.1,2005,2000
2005-01-18,30.6,22.2,25.67,66,44,57.92,0.0,1006.45,14.3,2005,2000
2005-01-19,29.8,22.8,25.68,77,49,63.42,0.5,1006.33,9.5,2005,2000
2005-01-20,29.7,22.9,25.46,79,47,65.17,1.1,1007.74,9.5,2005,2000
2005-01-21,30.7,22.2,25.81,74,46,62.17,0.4,1007.73,10.3,2005,2000
2005-01-22,31.1,22.3,26.06,76,44,63.54,0.3,1008.16,9.4,2005,2000
2005-01-23,31.7,21.0,25.8,79,40,62.83,0.3,1008.3,9.3,2005,2000
2005-01-24,31.0,21.4,25.78,77,44,61.62,0.0,1009.15,8.6,2005,2000
2005-01-25,30.9,22.3,25.8,78,43,61.29,0.0,1006.83,10.6,2005,2000
2005-01-26,31.5,22.5,26.13,67,43,57.71,0.0,1005.07,12.5,2005,2000
2005-01-27,31.7,22.9,26.8,73,45,60.62,0.4,1005.25,12.1,2005,2000
2005-01-28,32.1,22.8,27.03,81,46,63.88,0.8,1004.85,8.8,2005,2000
2005-01-29,32.0,22.9,26.84,76,43,60.12,0.5,1004.56,9.3,2005,2000
2005-01-30,32.2,22.0,26.54,77,36,57.08,0.0,1003.68,10.2,2005,2000
2005-01-31,31.9,22.2,26.36,72,42,59.21,0.0,1003.45,9.5,2005,2000
2005-02-01,31.8,23.6,26.65,72,39,58.08,0.0,1003.42,10.0,2005,2000
2005-02-02,32.3,21.3,26.18,65,37,52.71,0.0,1003.99,11.2,2005,2000
2005-02-03,32.0,22.4,26.05,64,31,52.33,0.0,1004.57,14.8,2005,2000
2005-02-04,31.2,22.2,25.66,64,36,53.46,0.0,1004.53,18.4,2005,2000
2005-02-05,31.0,22.4,25.64,63,33,52.67,0.0,1003.83,19.2,2005,2000
2005-02-06,31.8,22.6,26.22,65,38,54.42,0.0,1004.36,17.8,2005,2000
2005-02-07,33.0,21.8,26.72,67,31,51.54,0.3,1004.61,14.7,2005,2000
2005-02-08,32.3,22.2,26.75,77,40,58.08,0.2,1004.8,10.0,2005,2000
2005-02-09,32.3,22.2,26.75,72,38,56.5,0.0,1003.87,11.7,2005,2000
2005-02-10,32.7,21.7,26.75,72,34,54.88,0.7,1004.84,10.8,2005,2000
2005-02-11,32.9,23.6,27.05,72,39,57.33,0.1,1006.35,12.2,2005,2000
2005-02-12,32.6,22.6,26.62,68,27,51.42,0.0,1006.96,12.8,2005,2000
2005-02-13,32.4,21.9,26.51,72,38,56.21,0.2,1006.16,11.3,2005,2000
2005-02-14,33.0,22.1,26.9,74,37,58.58,0.1,1006.45,10.5,2005,2000
2005-02-15,32.8,22.9,27.1,73,39,59.04,0.5,1006.12,8.8,2005,2000
2005-02-16,32.3,22.1,26.56,78,42,61.88,0.8,1005.57,7.8,2005,2000
2005-02-17,32.6,22.3,26.82,79,39,62.62,0.1,1004.49,7.6,2005,2000
2005-02-18,32.6,23.7,27.11,75,38,58.79,0.0,1003.97,14.3,2005,2000
2005-02-19,33.1,24.0,27.26,69,37,56.21,0.0,1005.4,14.0,2005,2000
2005-02-20,32.6,23.5,26.92,65,39,55.0,0.2,1006.09,15.3,2005,2000
2005-02-21,33.2,22.9,27.21,65,39,54.5,0.1,1005.86,11.1,2005,2000
2005-02-22,33.3,23.8,27.65,70,39,57.08,0.0,1005.16,10.9,2005,2000
2005-02-23,32.9,24.1,27.56,70,40,56.92,0.0,1005.12,10.0,2005,2000
2005-02-24,33.4,22.2,27.2,71,39,59.04,0.0,1005.08,9.4,2005,2000
2005-02-25,34.1,22.2,27.51,80,35,61.62,0.7,1004.88,8.9,2005,2000
2005-02-26,33.5,22.8,27.58,82,40,65.38,0.0,1005.35,9.8,2005,2000
2005-02-27,33.3,23.4,27.67,87,41,67.71,1.5,1006.1,7.7,2005,2000
2005-02-28,31.9,22.3,26.89,91,49,72.96,1.4,1006.27,9.6,2005,2000
2005-03-01,33.0,23.7,27.38,91,41,71.46,1.1,1006.66,10.9,2005,2000
2005-03-02,32.8,21.7,26.55,94,42,68.71,0.3,1006.71,10.5,2005,2000
2005-03-03,32.9,22.9,27.02,91,42,72.29,2.7,1007.23,9.0,2005,2000
2005-03-04,31.5,24.5,27.3,88,51,74.33,2.1,1007.55,6.6,2005,2000
2005-03-05,32.6,22.9,27.29,86,41,67.29,0.8,1007.81,6.8,2005,2000
2005-03-06,32.9,23.2,27.2,81,34,61.17,0.3,1008.46,9.1,2005,2000
2005-03-07,32.5,21.5,26.37,88,42,69.38,1.5,1008.14,9.4,2005,2000
2005-03-08,31.6,21.7,26.25,94,46,74.08,2.6,1007.51,10.3,2005,2000
2005-03-09,30.1,22.1,25.58,92,58,80.62,9.7,1006.4,10.7,2005,2000
2005-03-10,30.5,22.9,25.66,94,64,83.75,17.5,1006.18,9.0,2005,2000
2005-03-11,32.3,21.5,26.6,97,50,76.58,1.4,1006.07,6.8,2005,2000
2005-03-12,32.8,23.2,27.33,82,41,62.67,0.1,1007.0,9.4,2005,2000
2005-03-13,33.1,21.7,27.14,78,40,61.04,0.0,1006.13,8.8,2005,2000
2005-03-14,33.8,21.2,27.02,78,37,61.62,0.2,1005.08,9.8,2005,2000
2005-03-15,33.1,22.6,27.08,85,42,66.62,1.9,1004.72,7.3,2005,2000
2005-03-16,32.8,22.2,27.04,85,43,69.12,0.6,1005.32,9.3,2005,2000
2005-03-17,31.3,22.6,26.23,91,56,78.46,3.8,1006.24,8.7,2005,2000
2005-03-18,32.2,23.2,26.95,91,51,75.83,4.5,1006.28,7.2,2005,2000
2005-03-19,32.4,22.3,26.63,95,48,74.96,1.6,1006.16,7.6,2005,2000
2005-03-20,31.5,23.5,26.43,91,54,75.71,4.5,1006.66,7.3,2005,2000
2005-03-21,32.0,22.3,26.4,92,50,75.17,1.5,1005.02,8.1,2005,2000
2005-03-22,32.0,23.1,26.58,90,51,76.21,5.1,1004.41,7.3,2005,2000
2005-03-23,31.1,23.1,26.22,93,58,80.62,6.6,1005.54,7.0,2005,2000
2005-03-24,31.0,23.3,26.11,95,62,83.08,11.8,1006.82,6.8,2005,2000
2005-03-25,31.4,22.6,25.86,93,57,80.92,12.6,1006.04,6.1,2005,2000
2005-03-26,31.2,21.8,26.1,94,55,78.25,5.6,1004.9,8.0,2005,2000
2005-03-27,29.2,23.0,25.25,95,64,84.04,6.0,1005.22,9.4,2005,2000
2005-03-28,28.7,22.4,24.8,97,74,89.88,25.0,1005.78,8.8,2005,2000
2005-03-29,29.2,21.1,24.61,99,70,88.88,16.1,1006.2,6.4,2005,2000
2005-03-30,31.1,20.5,25.33,99,50,78.67,0.8,1005.96,10.0,2005,2000
2005-03-31,31.2,21.8,25.72,90,55,77.58,5.3,1005.63,7.6,2005,2000
2005-04-01,30.1,22.5,25.58,93,62,81.25,3.6,1005.45,7.9,2005,2000
2005-04-02,30.4,23.0,26.43,93,62,78.17,5.0,1005.64,6.6,2005,2000
2005-04-03,32.4,22.2,26.62,92,45,69.62,0.4,1005.82,9.0,2005,2000
2005-04-04,32.3,23.0,27.2,77,45,63.33,0.4,1004.4,10.3,2005,2000
2005-04-05,32.2,24.4,27.38,85,49,70.04,4.5,1004.56,5.9,2005,2000
2005-04-06,29.5,23.7,25.96,92,62,79.29,14.4,1005.06,6.2,2005,2000
2005-04-07,29.6,23.1,25.03,96,66,89.42,20.4,1005.34,9.5,2005,2000
2005-04-08,27.8,22.9,25.12,99,77,89.79,14.0,1004.38,6.5,2005,2000
2005-04-09,31.0,23.1,25.94,94,62,84.88,19.1,1003.84,5.8,2005,2000
2005-04-10,29.4,22.6,25.38,95,70,86.54,14.6,1003.82,6.0,2005,2000
2005-04-11,29.8,23.0,25.62,96,67,84.96,6.3,1003.78,6.6,2005,2000
2005-04-12,29.2,22.8,25.58,95,71,85.92,2.3,1003.31,7.2,2005,2000
2005-04-13,31.1,23.2,26.55,95,65,82.5,2.6,1002.9,6.2,2005,2000
2005-04-14,31.7,23.8,26.78,93,57,78.71,4.7,1002.98,7.2,2005,2000
2005-04-15,31.3,23.5,26.46,93,59,79.5,6.7,1002.82,7.2,2005,2000
2005-04-16,32.0,23.5,27.22,89,55,75.33,1.1,1003.41,8.2,2005,2000
2005-04-17,31.9,25.0,27.66,88,54,74.38,5.2,1004.76,6.8,2005,2000
2005-04-18,31.0,24.2,26.65,92,59,79.62,7.8,1004.41,5.9,2005,2000
2005-04-19,30.6,24.5,26.81,90,58,78.04,9.1,1004.34,6.6,2005,2000
2005-04-20,31.9,22.5,26.58,91,50,73.04,1.9,1005.18,8.4,2005,2000
2005-04-21,31.0,22.3,26.0,93,57,79.54,2.5,1005.38,10.2,2005,2000
2005-04-22,31.2,22.7,26.3,94,58,80.92,2.3,1005.28,8.5,2005,2000
2005-04-23,31.5,22.3,26.38,95,53,78.21,2.2,1005.75,8.6,2005,2000
2005-04-24,30.8,23.7,26.6,92,57,78.62,4.1,1006.38,10.1,2005,2000
2005-04-25,31.7,21.8,26.18,97,48,76.5,1.4,1006.54,10.2,2005,2000
2005-04-26,31.1,22.6,26.35,89,49,73.29,1.3,1006.92,11.3,2005,2000
2005-04-27,32.3,22.9,26.85,92,46,75.29,1.3,1007.44,9.7,2005,2000
2005-04-28,32.1,22.8,26.92,92,44,73.88,4.0,1007.4,7.1,2005,2000
2005-04-29,30.4,22.7,26.38,92,62,78.38,8.7,1007.07,8.9,2005,2000
2005-04-30,31.0,22.1,26.18,94,56,77.88,3.6,1007.38,9.5,2005,2000
2005-05-01,30.9,22.7,26.4,96,60,80.17,2.9,1007.33,6.9,2005,2000
2005-05-02,30.4,22.6,25.41,96,61,84.79,17.2,1007.34,8.4,2005,2000
2005-05-03,29.7,22.9,25.32,94,66,84.67,9.2,1007.83,6.2,2005,2000
2005-05-04,29.9,22.0,25.32,95,66,84.75,10.7,1007.57,8.6,2005,2000
2005-05-05,29.5,21.4,25.39,96,68,83.67,6.8,1007.72,5.9,2005,2000
2005-05-06,30.0,21.7,25.71,94,61,79.58,15.1,1006.42,6.9,2005,2000
2005-05-07,30.2,22.7,25.55,99,63,85.04,16.6,1005.47,6.3,2005,2000
2005-05-08,29.5,23.0,25.73,98,67,86.42,17.0,1005.25,6.7,2005,2000
2005-05-09,28.5,22.9,25.12,98,73,89.46,10.9,1004.59,9.3,2005,2000
2005-05-10,29.4,23.1,25.58,99,71,89.29,11.1,1003.07,6.3,2005,2000
2005-05-11,29.5,23.1,25.52,95,75,89.75,9.7,1001.9,7.4,2005,2000
2005-05-12,29.7,23.3,26.38,96,70,85.21,4.8,1002.44,7.3,2005,2000
2005-05-13,28.3,23.9,25.53,95,79,88.79,26.8,1003.13,6.4,2005,2000
2005-05-14,28.1,23.6,25.04,99,82,92.42,30.6,1003.91,8.7,2005,2000
2005-05-15,26.8,22.9,24.44,99,83,94.17,29.9,1004.37,9.7,2005,2000
2005-05-16,27.4,22.7,23.99,99,81,96.0,18.4,1004.42,8.5,2005,2000
2005-05-17,27.4,22.3,24.07,99,79,94.12,10.1,1005.36,10.8,2005,2000
2005-05-18,27.0,22.5,24.06,99,81,94.79,32.9,1005.68,9.7,2005,2000
2005-05-19,28.0,22.7,24.6,99,75,92.5,20.1,1005.11,8.0,2005,2000
2005-05-20,28.4,22.9,24.99,96,71,87.17,2.9,1005.93,12.2,2005,2000
2005-05-21,28.9,22.5,24.78,96,67,87.29,3.1,1006.66,8.7,2005,2000
2005-05-22,29.0,22.0,25.19,95,69,85.04,4.5,1007.02,11.4,2005,2000
2005-05-23,28.1,22.4,24.42,97,72,89.71,17.1,1007.52,6.0,2005,2000
2005-05-24,29.1,22.1,24.77,98,72,88.88,15.3,1006.75,6.8,2005,2000
2005-05-25,28.7,22.2,25.12,97,72,88.04,5.7,1006.12,7.9,2005,2000
2005-05-26,28.3,22.4,25.15,96,76,88.83,8.5,1005.95,10.0,2005,2000
2005-05-27,29.7,22.0,25.19,99,70,88.62,8.4,1005.97,6.7,2005,2000
2005-05-28,29.8,22.9,25.3,95,69,87.46,7.6,1004.86,5.8,2005,2000
2005-05-29,29.3,22.4,25.21,95,71,87.83,10.9,1003.93,7.0,2005,2000
2005-05-30,30.4,22.7,25.55,95,66,85.54,9.3,1003.79,7.3,2005,2000
2005-05-31,28.9,22.8,24.48,99,74,92.33,22.5,1005.03,8.4,2005,2000
2005-06-01,27.6,21.8,24.3,99,79,92.04,13.0,1005.54,11.4,2005,2000
2005-06-02,28.7,22.9,25.03,97,75,90.25,12.9,1005.1,7.3,2005,2000
2005-06-03,28.0,22.7,24.92,98,80,91.54,13.4,1004.04,6.8,2005,2000
2005-06-04,28.5,22.8,25.0,99,78,91.04,21.7,1003.98,7.3,2005,2000
2005-06-05,26.9,22.4,24.25,99,82,94.08,9.8,1005.27,8.9,2005,2000
2005-06-06,28.4,23.0,24.98,96,72,88.46,4.6,1005.62,9.4,2005,2000
2005-06-07,28.0,21.9,24.22,99,80,92.08,11.0,1005.3,11.2,2005,2000
2005-06-08,27.1,23.0,24.53,99,80,92.04,20.1,1004.3,10.1,2005,2000
2005-06-09,27.8,22.8,24.61,99,76,92.21,15.8,1004.91,10.5,2005,2000
2005-06-10,27.3,22.8,24.55,99,79,91.38,11.9,1005.27,10.3,2005,2000
2005-06-11,28.3,22.8,24.92,99,75,89.88,13.1,1005.31,7.4,2005,2000
2005-06-12,28.7,22.9,25.23,96,74,89.62,7.5,1004.62,6.5,2005,2000
2005-06-13,27.7,22.4,25.03,99,77,89.5,9.9,1003.85,6.6,2005,2000
2005-06-14,27.8,22.1,24.26,99,75,91.92,14.1,1004.58,10.0,2005,2000
2005-06-15,27.2,22.5,24.72,99,82,92.5,4.6,1005.56,7.3,2005,2000
2005-06-16,28.9,23.3,25.47,96,72,88.42,10.7,1005.67,6.9,2005,2000
2005-06-17,28.6,22.4,24.81,96,75,91.0,23.0,1005.56,7.2,2005,2000
2005-06-18,29.0,21.7,25.1,99,71,89.12,4.7,1005.21,8.5,2005,2000
2005-06-19,29.5,22.6,25.18,96,71,88.96,10.5,1004.73,7.8,2005,2000
2005-06-20,27.6,22.8,24.89,97,78,90.21,12.8,1004.86,6.6,2005,2000
2005-06-21,27.6,22.3,24.66,99,78,90.88,10.1,1005.83,7.4,2005,2000
2005-06-22,27.7,22.8,24.51,95,74,90.42,8.0,1006.38,9.7,2005,2000
2005-06-23,27.0,22.5,24.23,99,83,92.33,21.6,1006.32,10.2,2005,2000
2005-06-24,26.6,21.8,24.33,96,80,91.62,12.2,1005.86,7.1,2005,2000
2005-06-25,28.0,21.8,24.23,99,75,91.88,17.3,1005.45,7.9,2005,2000
2005-06-26,28.0,21.7,24.2,99,79,92.0,15.1,1005.67,8.6,2005,2000
2005-06-27,29.6,22.2,24.91,99,71,88.46,20.2,1005.28,7.2,2005,2000
2005-06-28,26.4,21.9,23.54,99,87,96.38,27.8,1005.35,7.7,2005,2000
2005-06-29,27.9,21.7,24.38,99,71,89.75,10.8,1006.4,7.8,2005,2000
2005-06-30,28.2,22.4,24.37,96,75,90.46,17.8,1007.25,6.5,2005,2000
2005-07-01,28.1,21.4,24.56,99,72,88.79,3.2,1007.45,8.7,2005,2000
2005-07-02,27.7,22.7,24.61,96,74,89.25,4.4,1007.65,9.5,2005,2000
2005-07-03,28.8,21.4,25.07,96,72,86.67,6.9,1007.7,5.8,2005,2000
2005-07-04,29.0,22.1,25.31,97,68,85.83,5.8,1007.95,7.3,2005,2000
2005-07-05,29.8,22.1,25.4,94,65,83.0,2.1,1006.78,8.1,2005,2000
2005-07-06,28.4,22.3,25.17,96,72,86.92,3.3,1006.63,8.3,2005,2000
2005-07-07,28.5,22.6,25.01,99,74,88.75,10.0,1006.84,8.9,2005,2000
2005-07-08,29.4,22.0,25.52,95,70,85.92,3.2,1006.44,7.6,2005,2000
2005-07-09,29.8,22.6,25.78,96,67,85.67,2.7,1005.8,7.9,2005,2000
2005-07-10,29.2,22.0,25.02,97,69,88.42,13.9,1005.35,7.9,2005,2000
2005-07-11,26.1,22.1,23.93,99,83,92.42,25.8,1006.43,10.5,2005,2000
2005-07-12,28.8,22.2,24.95,96,68,86.46,1.0,1007.41,9.5,2005,2000
2005-07-13,27.0,22.6,24.3,96,83,91.96,18.9,1008.02,5.3,2005,2000
2005-07-14,26.8,21.6,23.73,99,82,93.83,37.5,1006.61,8.1,2005,2000
2005-07-15,26.8,21.5,23.89,99,75,90.5,1.5,1006.38,9.3,2005,2000
2005-07-16,27.8,22.5,24.69,95,73,86.67,7.6,1006.38,9.5,2005,2000
2005-07-17,28.6,22.1,25.23,96,70,86.21,5.6,1005.84,5.0,2005,2000
2005-07-18,28.7,21.8,24.47,98,73,90.79,14.6,1005.16,6.5,2005,2000
2005-07-19,27.9,21.0,24.23,99,74,90.88,15.2,1004.82,7.6,2005,2000
2005-07-20,27.2,22.3,23.67,99,79,95.04,22.2,1005.72,6.8,2005,2000
2005-07-21,26.7,22.1,24.31,99,84,91.33,10.8,1006.53,7.7,2005,2000
2005-07-22,29.1,22.3,25.34,96,68,85.92,5.4,1006.64,5.2,2005,2000
2005-07-23,27.6,22.2,24.81,96,81,90.21,11.4,1006.68,8.3,2005,2000
2005-07-24,28.3,22.5,25.32,98,80,89.54,6.3,1006.3,7.1,2005,2000
2005-07-25,28.8,22.1,25.17,99,72,89.46,8.5,1005.48,6.9,2005,2000
2005-07-26,29.3,23.3,25.66,95,73,87.33,6.3,1004.04,6.0,2005,2000
2005-07-27,29.5,23.2,25.8,95,72,86.92,4.4,1003.82,5.4,2005,2000
2005-07-28,29.2,23.0,25.45,98,74,89.75,15.2,1003.87,4.7,2005,2000
2005-07-29,30.0,22.8,25.44,99,70,89.67,18.1,1004.65,7.1,2005,2000
2005-07-30,30.0,22.9,25.61,99,66,86.79,6.7,1005.24,8.2,2005,2000
2005-07-31,30.1,22.7,25.24,97,64,86.17,10.7,1005.02,8.2,2005,2000
2005-08-01,29.0,21.7,25.29,98,71,87.33,13.1,1005.72,5.8,2005,2000
2005-08-02,27.8,22.7,25.34,95,76,86.83,7.8,1005.36,7.0,2005,2000
2005-08-03,27.9,22.4,25.12,96,76,87.46,13.3,1004.84,6.1,2005,2000
2005-08-04,29.4,21.7,25.15,99,69,88.54,15.8,1005.0,6.2,2005,2000
2005-08-05,29.8,22.9,25.26,99,67,88.58,20.6,1004.98,5.0,2005,2000
2005-08-06,26.6,22.3,24.23,99,86,95.25,17.0,1005.25,6.6,2005,2000
2005-08-07,29.4,22.0,25.15,99,70,88.0,5.1,1005.3,5.6,2005,2000
2005-08-08,29.0,23.2,25.04,96,69,87.42,13.7,1005.54,6.0,2005,2000
2005-08-09,32.5,22.0,24.58,99,57,90.58,20.0,1006.05,8.3,2005,2000
2005-08-10,28.5,22.0,24.17,99,74,93.21,22.8,1006.49,7.2,2005,2000
2005-08-11,28.4,21.5,24.4,99,75,92.21,9.5,1006.71,9.4,2005,2000
2005-08-12,28.5,22.1,24.26,99,72,91.92,38.9,1006.83,8.0,2005,2000
2005-08-13,27.0,22.1,23.95,99,82,92.96,16.5,1007.12,7.1,2005,2000
2005-08-14,26.6,21.7,23.35,99,88,96.58,22.6,1007.22,7.6,2005,2000
2005-08-15,29.4,21.2,24.24,99,66,88.92,19.7,1006.7,7.0,2005,2000
2005-08-16,26.4,22.1,23.52,100,84,96.58,70.0,1006.63,5.2,2005,2000
2005-08-17,26.1,22.0,23.27,100,87,97.33,21.8,1006.23,6.4,2005,2000
2005-08-18,25.8,21.2,23.43,99,86,94.04,6.4,1006.44,8.3,2005,2000
2005-08-19,28.9,21.3,24.93,97,71,86.96,9.4,1006.29,6.5,2005,2000
2005-08-20,29.3,22.3,24.94,94,69,87.08,12.2,1006.14,7.2,2005,2000
2005-08-21,28.0,22.2,24.26,99,77,92.46,16.4,1006.35,8.2,2005,2000
2005-08-22,25.5,22.4,23.72,97,85,93.04,5.6,1006.2,6.8,2005,2000
2005-08-23,26.7,22.0,23.7,97,84,91.79,10.5,1006.41,8.0,2005,2000
2005-08-24,28.6,21.2,24.32,95,70,87.62,12.8,1006.62,7.8,2005,2000
2005-08-25,27.4,21.0,24.07,97,77,90.96,7.7,1006.88,7.5,2005,2000
2005-08-26,28.1,22.0,24.27,96,73,89.17,15.0,1006.72,11.1,2005,2000
2005-08-27,27.6,21.6,23.95,97,79,91.0,8.7,1005.38,9.2,2005,2000
2005-08-28,26.9,21.8,23.79,99,78,91.17,9.3,1005.3,10.4,2005,2000
2005-08-29,28.5,22.0,24.53,98,73,89.75,18.4,1005.6,6.3,2005,2000
2005-08-30,29.3,21.3,24.74,97,69,88.62,12.3,1005.87,6.1,2005,2000
2005-08-31,27.3,22.2,24.31,99,80,91.0,5.7,1004.86,8.4,2005,2000
2005-09-01,26.7,21.8,23.87,99,86,93.75,62.7,1004.79,9.3,2005,2000
2005-09-02,27.7,22.0,23.99,99,75,93.04,22.3,1006.1,8.9,2005,2000
2005-09-03,28.1,22.0,24.42,96,75,90.08,10.7,1005.94,5.2,2005,2000
2005-09-04,28.3,22.1,24.6,96,76,89.12,8.4,1005.44,6.8,2005,2000
2005-09-05,28.0,22.0,24.45,99,75,91.08,12.0,1005.08,8.0,2005,2000
2005-09-06,28.5,21.8,23.65,99,73,94.54,64.4,1004.65,6.9,2005,2000
2005-09-07,28.8,21.5,24.74,99,75,89.88,5.8,1004.39,5.9,2005,2000
2005-09-08,28.3,22.9,24.7,96,72,89.46,7.0,1004.48,6.4,2005,2000
2005-09-09,28.0,22.2,24.8,96,75,90.46,11.0,1004.69,7.4,2005,2000
2005-09-10,27.5,22.0,24.78,99,78,90.5,10.7,1005.23,6.2,2005,2000
2005-09-11,29.5,22.1,25.42,95,70,86.33,8.8,1005.42,5.8,2005,2000
2005-09-12,28.8,22.8,24.82,95,72,89.33,25.7,1006.01,7.1,2005,2000
2005-09-13,27.1,23.1,24.77,96,83,89.92,9.6,1006.42,8.3,2005,2000
2005-09-14,27.2,22.1,24.36,99,81,91.25,11.4,1006.69,8.3,2005,2000
2005-09-15,27.8,21.5,24.21,99,77,92.42,12.1,1006.68,5.6,2005,2000
2005-09-16,28.6,20.8,24.6,99,71,88.42,5.8,1006.39,4.8,2005,2000
2005-09-17,28.1,22.2,24.79,95,75,88.0,10.3,1004.96,6.8,2005,2000
2005-09-18,27.5,22.6,24.48,99,79,91.88,42.5,1004.18,7.3,2005,2000
2005-09-19,26.1,22.6,23.87,99,84,95.75,36.4,1005.63,5.2,2005,2000
2005-09-20,27.9,21.8,24.15,99,82,93.25,19.0,1006.88,8.9,2005,2000
2005-09-21,25.9,22.3,23.65,99,84,94.08,25.1,1006.87,9.9,2005,2000
2005-09-22,26.6,22.1,23.88,99,81,92.33,20.0,1006.05,10.6,2005,2000
2005-09-23,26.0,22.2,23.54,99,86,93.79,25.1,1007.38,8.4,2005,2000
2005-09-24,26.3,21.1,23.48,99,80,92.25,12.1,1007.97,6.6,2005,2000
2005-09-25,28.3,21.9,24.42,96,70,86.33,10.5,1007.55,8.4,2005,2000
2005-09-26,28.4,22.4,24.75,95,69,86.17,6.1,1006.9,7.5,2005,2000
2005-09-27,27.1,21.9,23.99,98,79,91.71,12.4,1006.55,7.6,2005,2000
2005-09-28,25.7,22.0,23.7,99,84,92.62,14.2,1006.94,7.9,2005,2000
2005-09-29,28.6,22.3,24.72,98,73,88.75,11.4,1006.58,7.2,2005,2000
2005-09-30,26.4,21.9,24.03,99,79,90.17,18.7,1005.61,8.8,2005,2000
2005-10-01,27.2,21.1,23.64,99,77,92.62,52.8,1005.55,10.5,2005,2000
2005-10-02,25.3,21.4,23.08,99,85,96.42,38.4,1005.98,11.2,2005,2000
2005-10-03,26.9,21.9,23.6,99,78,91.75,19.4,1005.8,10.0,2005,2000
2005-10-04,27.6,21.5,23.88,95,77,90.12,4.3,1005.41,13.6,2005,2000
2005-10-05,28.5,22.3,24.63,94,70,85.25,3.4,1005.32,12.5,2005,2000
2005-10-06,28.7,21.9,24.63,94,69,86.21,10.9,1006.29,8.2,2005,2000
2005-10-07,27.8,21.8,24.42,95,70,86.75,4.6,1006.08,7.8,2005,2000
2005-10-08,25.9,22.7,24.12,94,82,89.21,7.3,1007.24,13.8,2005,2000
2005-10-09,28.1,22.4,24.37,95,70,87.38,4.2,1007.78,12.6,2005,2000
2005-10-10,27.8,21.9,24.35,96,71,86.58,2.5,1007.04,14.3,2005,2000
2005-10-11,27.1,22.7,24.06,95,79,88.62,6.2,1006.24,15.0,2005,2000
2005-10-12,26.9,22.0,23.65,99,78,89.88,24.9,1006.15,13.3,2005,2000
2005-10-13,26.7,20.9,23.53,99,75,91.33,13.2,1005.5,15.7,2005,2000
2005-10-14,26.5,22.1,23.62,99,81,91.04,21.2,1006.3,15.1,2005,2000
2005-10-15,26.0,21.8,23.51,99,78,92.62,13.6,1005.48,13.8,2005,2000
2005-10-16,27.1,21.6,23.72,99,80,92.08,11.5,1005.52,13.7,2005,2000
2005-10-17,26.4,21.7,23.54,99,86,93.29,16.0,1005.09,11.9,2005,2000
2005-10-18,26.1,21.9,23.33,99,85,94.38,27.1,1005.0,11.8,2005,2000
2005-10-19,26.2,22.3,23.9,99,82,92.67,15.8,1005.1,14.7,2005,2000
2005-10-20,27.9,22.4,24.12,99,73,90.33,14.7,1005.42,12.7,2005,2000
2005-10-21,26.9,22.6,24.33,99,77,89.42,4.2,1005.45,13.8,2005,2000
2005-10-22,26.3,22.2,23.63,99,80,91.75,18.2,1005.92,14.9,2005,2000
2005-10-23,25.0,22.2,22.94,99,87,93.92,10.5,1007.07,14.5,2005,2000
2005-10-24,27.2,21.6,23.82,99,75,89.75,18.2,1007.95,11.1,2005,2000
2005-10-25,26.0,20.3,22.73,99,86,95.96,43.9,1007.88,5.5,2005,2000
2005-10-26,25.9,20.9,22.27,99,83,97.33,93.9,1006.67,4.7,2005,2000
2005-10-27,24.9,20.6,22.44,99,84,97.21,37.9,1006.58,10.8,2005,2000
2005-10-28,25.8,20.8,22.93,99,87,94.67,16.3,1006.8,9.4,2005,2000
2005-10-29,25.9,20.6,22.98,99,83,94.29,18.5,1007.06,11.5,2005,2000
2005-10-30,26.8,21.4,23.18,99,80,93.92,15.1,1006.67,8.7,2005,2000
2005-10-31,26.5,22.3,23.92,96,83,90.88,11.2,1006.58,8.2,2005,2000
2005-11-01,26.5,21.2,23.52,99,82,93.29,26.8,1006.75,6.0,2005,2000
2005-11-02,26.3,20.9,23.23,99,82,94.62,25.3,1007.11,4.6,2005,2000
2005-11-03,26.6,21.3,23.63,99,83,93.75,16.0,1007.33,4.3,2005,2000
2005-11-04,25.6,21.5,23.23,99,85,94.62,12.3,1006.54,7.2,2005,2000
2005-11-05,28.0,21.5,24.07,96,72,88.67,5.5,1005.03,7.4,2005,2000
2005-11-06,28.8,22.3,24.68,95,71,87.33,4.8,1004.73,6.9,2005,2000
2005-11-07,27.1,21.9,24.32,95,75,87.92,11.8,1004.85,6.2,2005,2000
2005-11-08,27.3,22.4,24.45,98,79,89.67,16.4,1005.27,4.3,2005,2000
2005-11-09,27.7,21.0,23.98,99,73,89.33,10.5,1005.45,5.6,2005,2000
2005-11-10,27.2,21.6,24.1,97,76,90.17,16.2,1005.15,5.9,2005,2000
2005-11-11,26.3,21.6,23.0,99,82,97.12,41.9,1005.15,5.9,2005,2000
2005-11-12,27.4,20.6,22.6,99,78,95.54,18.4,1005.55,6.8,2005,2000
2005-11-13,27.5,21.0,23.5,96,71,89.88,12.5,1006.01,9.7,2005,2000
2005-11-14,26.8,21.0,23.4,99,80,92.29,18.1,1005.25,7.5,2005,2000
2005-11-15,26.5,21.5,23.26,100,83,95.17,32.3,1004.94,10.0,2005,2000
2005-11-16,25.0,22.3,23.06,99,88,97.33,194.8,1004.91,15.1,2005,2000
2005-11-17,25.4,21.4,23.05,99,86,96.71,69.0,1004.92,14.2,2005,2000
2005-11-18,27.0,21.3,23.39,99,85,93.08,7.8,1005.39,8.9,2005,2000
2005-11-19,25.8,22.3,23.7,96,86,92.42,11.1,1005.86,8.7,2005,2000
2005-11-20,28.0,21.9,24.24,99,76,90.71,6.5,1006.19,6.8,2005,2000
2005-11-21,29.0,20.9,24.29,97,64,85.21,1.6,1006.28,8.2,2005,2000
2005-11-22,26.8,21.6,23.42,99,74,91.0,45.5,1006.77,5.7,2005,2000
2005-11-23,24.7,20.2,22.39,99,88,96.5,145.2,1008.42,5.4,2005,2000
2005-11-24,27.4,19.7,23.2,98,68,86.54,25.0,1007.42,6.9,2005,2000
2005-11-25,27.7,22.2,24.37,94,67,83.33,14.2,1007.06,5.1,2005,2000
2005-11-26,28.2,21.7,24.27,94,66,83.96,13.0,1006.28,5.4,2005,2000
2005-11-27,28.0,21.2,24.27,96,69,85.71,2.2,1004.58,5.8,2005,2000
2005-11-28,28.9,21.0,24.42,95,64,84.88,2.1,1004.06,7.9,2005,2000
2005-11-29,29.1,20.8,24.37,96,62,81.62,2.3,1004.75,6.9,2005,2000
2005-11-30,27.8,20.4,23.73,96,67,85.25,2.8,1005.59,7.1,2005,2000
2005-12-01,28.1,19.5,23.31,95,64,82.79,3.0,1005.81,7.9,2005,2000
2005-12-02,27.5,20.2,23.33,95,70,87.42,6.3,1005.7,6.4,2005,2000
2005-12-03,28.6,20.1,23.8,94,61,82.62,2.2,1006.13,8.0,2005,2000
2005-12-04,28.0,20.6,23.78,94,65,83.0,2.4,1007.18,7.6,2005,2000
2005-12-05,28.6,20.7,23.95,95,60,82.21,1.8,1007.35,7.7,2005,2000
2005-12-06,28.9,20.0,23.9,93,59,78.08,1.5,1005.63,7.7,2005,2000
2005-12-07,28.0,21.3,24.15,93,65,81.04,6.6,1004.72,6.2,2005,2000
2005-12-08,29.8,21.4,24.93,90,56,75.79,0.7,1005.02,8.1,2005,2000
2005-12-09,29.4,21.8,25.06,88,55,75.38,1.1,1004.81,7.6,2005,2000
2005-12-10,29.3,21.2,24.73,92,62,79.17,1.3,1004.08,7.2,2005,2000
2005-12-11,29.4,21.7,24.88,93,64,83.62,4.8,1004.3,5.1,2005,2000
2005-12-12,27.9,22.6,24.91,95,74,86.12,9.3,1004.3,6.5,2005,2000
2005-12-13,27.5,21.9,24.13,99,75,90.71,10.6,1004.57,4.7,2005,2000
2005-12-14,27.9,21.7,24.17,98,69,86.88,14.5,1004.88,5.8,2005,2000
2005-12-15,29.0,19.9,24.2,95,62,83.25,3.5,1004.39,7.2,2005,2000
2005-12-16,28.4,20.4,23.86,95,63,83.54,2.4,1004.95,7.6,2005,2000
2005-12-17,29.4,19.7,23.89,92,55,74.88,1.9,1007.29,9.1,2005,2000
2005-12-18,29.8,20.9,24.72,86,54,73.29,1.1,1008.2,8.3,2005,2000
2005-12-19,29.5,21.2,24.65,90,54,72.58,1.2,1007.45,8.8,2005,2000
2005-12-20,29.7,20.2,24.36,90,54,74.62,2.7,1006.85,8.0,2005,2000
2005-12-21,29.9,20.4,24.62,91,51,72.5,1.6,1007.28,8.0,2005,2000
2005-12-22,29.9,20.5,24.42,91,51,74.62,1.8,1007.25,7.9,2005,2000
2005-12-23,29.1,21.0,24.55,90,57,76.88,2.1,1006.84,8.6,2005,2000
2005-12-24,27.7,22.2,24.23,93,65,80.67,6.6,1006.88,6.8,2005,2000
2005-12-25,28.5,21.1,24.46,93,61,79.96,2.2,1007.26,7.2,2005,2000
2005-12-26,27.9,21.9,24.23,94,66,83.42,10.1,1007.9,7.8,2005,2000
2005-12-27,29.1,21.3,24.55,93,62,81.96,10.7,1007.87,6.5,2005,2000
2005-12-28,28.3,21.0,24.29,94,65,82.67,3.1,1007.28,6.8,2005,2000
2005-12-29,27.2,21.3,23.9,94,73,86.04,2.7,1006.15,6.1,2005,2000
2005-12-30,29.1,21.1,24.58,94,59,79.33,2.3,1005.36,7.4,2005,2000
2005-12-31,29.9,19.8,24.29,91,51,75.79,0.0,1005.22,10.4,2005,2000
2006-01-01,29.2,20.5,24.31,87,56,73.46,3.0,1005.81,8.4,2006,2000
2006-01-02,28.9,21.7,24.46,93,59,78.83,4.3,1007.47,6.2,2006,2000
2006-01-03,27.6,20.8,23.7,93,64,80.71,12.3,1008.25,6.5,2006,2000
2006-01-04,28.9,20.4,24.22,94,57,78.75,2.4,1007.38,5.8,2006,2000
2006-01-05,28.0,20.6,23.58,97,62,82.0,13.6,1006.62,6.9,2006,2000
2006-01-06,26.8,20.3,23.07,98,67,86.67,24.8,1006.97,5.8,2006,2000
2006-01-07,28.6,21.0,24.36,95,54,76.42,2.2,1006.73,8.8,2006,2000
2006-01-08,29.7,21.2,24.98,83,52,69.75,3.7,1006.6,9.4,2006,2000
2006-01-09,30.5,22.4,25.82,85,42,63.58,0.0,1005.76,8.9,2006,2000
2006-01-10,31.0,20.7,25.29,83,45,67.12,1.0,1005.51,9.8,2006,2000
2006-01-11,30.5,21.0,25.1,88,51,71.46,1.9,1005.1,8.2,2006,2000
2006-01-12,30.9,20.7,25.1,89,49,72.67,0.9,1003.79,7.5,2006,2000
2006-01-13,31.7,20.4,25.3,87,47,72.17,0.6,1003.7,8.6,2006,2000
2006-01-14,30.8,20.5,25.38,84,50,70.79,2.9,1005.47,8.0,2006,2000
2006-01-15,28.9,22.2,25.09,89,60,77.58,14.3,1005.91,5.8,2006,2000
2006-01-16,29.2,22.3,24.99,91,62,78.5,8.1,1005.72,4.7,2006,2000
2006-01-17,30.2,21.1,24.9,87,53,76.08,2.8,1006.99,8.3,2006,2000
2006-01-18,30.4,22.1,25.68,88,50,70.54,0.7,1007.77,8.1,2006,2000
2006-01-19,30.9,21.3,25.72,86,39,62.88,0.0,1005.09,11.3,2006,2000
2006-01-20,30.7,21.5,25.73,79,46,63.96,0.2,1003.02,9.2,2006,2000
2006-01-21,31.0,20.5,25.46,83,45,64.46,0.2,1002.44,10.6,2006,2000
2006-01-22,30.9,21.3,25.58,87,49,71.17,1.3,1003.27,7.2,2006,2000
2006-01-23,30.8,21.9,25.85,86,52,71.54,2.0,1003.38,8.1,2006,2000
2006-01-24,31.6,21.5,25.99,89,49,73.54,1.0,1003.36,7.4,2006,2000
2006-01-25,32.3,22.9,26.88,90,44,68.04,2.1,1004.11,7.3,2006,2000
2006-01-26,31.9,22.8,26.88,84,49,66.04,0.9,1004.97,8.6,2006,2000
2006-01-27,31.4,24.0,27.0,83,46,65.25,0.2,1005.93,9.8,2006,2000
2006-01-28,31.3,23.9,27.05,81,49,63.71,1.8,1005.77,9.7,2006,2000
2006-01-29,31.8,23.6,27.05,78,46,64.5,1.6,1005.07,7.3,2006,2000
2006-01-30,31.9,22.6,26.3,88,47,71.75,5.7,1004.8,6.1,2006,2000
2006-01-31,32.1,23.5,26.13,87,49,73.42,8.3,1004.88,6.3,2006,2000
2006-02-01,31.0,22.6,26.16,86,45,70.88,1.0,1004.62,7.3,2006,2000
2006-02-02,31.3,21.6,25.72,90,41,70.17,1.1,1004.54,9.5,2006,2000
2006-02-03,30.0,22.2,25.09,91,55,80.38,9.3,1005.0,7.9,2006,2000
2006-02-04,29.0,22.5,24.84,99,65,87.0,21.0,1005.81,5.7,2006,2000
2006-02-05,30.6,21.8,25.52,99,51,78.04,1.4,1005.9,8.2,2006,2000
2006-02-06,30.0,21.4,25.32,98,57,79.29,4.4,1005.84,8.4,2006,2000
2006-02-07,31.4,21.6,25.7,82,41,67.12,0.6,1005.82,9.3,2006,2000
2006-02-08,31.3,21.2,25.5,79,43,65.12,0.0,1005.33,9.6,2006,2000
2006-02-09,31.3,20.7,25.55,78,38,59.04,0.1,1006.33,12.3,2006,2000
2006-02-10,32.2,22.0,26.11,63,29,49.29,0.0,1006.42,12.9,2006,2000
2006-02-11,32.1,21.3,26.07,75,37,60.29,0.1,1006.62,10.6,2006,2000
2006-02-12,32.5,21.4,26.49,75,40,60.67,0.5,1006.8,9.3,2006,2000
2006-02-13,32.0,23.0,26.58,69,40,57.29,0.0,1007.04,15.1,2006,2000
2006-02-14,31.4,23.8,26.63,72,44,61.0,0.0,1006.11,14.6,2006,2000
2006-02-15,32.2,23.9,27.05,71,35,56.79,0.0,1004.92,11.9,2006,2000
2006-02-16,32.7,23.3,27.3,68,39,55.71,0.2,1004.34,12.1,2006,2000
2006-02-17,32.7,24.1,27.34,71,39,56.58,0.0,1004.8,10.9,2006,2000
2006-02-18,32.5,23.5,27.01,67,41,56.54,0.0,1005.02,11.5,2006,2000
2006-02-19,31.8,23.7,26.63,68,35,54.33,0.0,1005.35,17.9,2006,2000
2006-02-20,32.4,22.7,26.58,60,29,46.79,0.0,1005.04,15.9,2006,2000
2006-02-21,32.5,22.1,26.36,63,35,52.12,0.0,1005.06,11.8,2006,2000
2006-02-22,32.4,22.2,26.68,64,38,53.04,0.2,1004.57,10.4,2006,2000
2006-02-23,33.1,23.3,27.47,71,38,57.96,0.2,1003.75,10.2,2006,2000
2006-02-24,32.8,23.5,27.38,76,41,58.46,0.5,1004.55,10.6,2006,2000
2006-02-25,32.5,23.6,26.97,66,37,53.79,0.0,1004.7,13.0,2006,2000
2006-02-26,33.9,21.7,26.93,67,34,55.04,1.1,1005.58,10.2,2006,2000
2006-02-27,32.4,23.4,27.03,70,35,54.62,0.0,1006.07,11.2,2006,2000
2006-02-28,33.0,22.8,26.98,64,35,51.88,0.1,1004.78,12.4,2006,2000
2006-03-01,33.4,23.6,27.65,67,39,54.83,0.2,1004.75,10.5,2006,2000
2006-03-02,33.6,23.0,27.7,76,37,59.92,0.2,1005.15,9.1,2006,2000
2006-03-03,34.1,22.7,27.76,75,39,60.88,2.1,1005.39,8.1,2006,2000
2006-03-04,33.8,23.1,27.88,77,39,59.29,0.1,1005.24,9.9,2006,2000
2006-03-05,33.6,24.5,27.78,71,31,52.71,0.0,1005.63,13.8,2006,2000
2006-03-06,33.4,23.2,27.36,61,33,48.5,0.0,1006.7,14.7,2006,2000
2006-03-07,33.0,23.6,27.26,66,37,53.58,0.0,1006.91,11.8,2006,2000
2006-03-08,32.7,23.0,27.17,68,38,54.5,0.0,1006.37,10.9,2006,2000
2006-03-09,32.5,22.6,27.11,73,39,58.5,1.2,1005.91,8.8,2006,2000
2006-03-10,33.9,22.4,27.41,75,35,59.29,0.3,1005.5,8.1,2006,2000
2006-03-11,33.3,22.4,27.45,76,38,58.25,0.4,1006.37,8.3,2006,2000
2006-03-12,33.1,23.1,27.6,73,37,56.25,0.5,1006.1,8.6,2006,2000
2006-03-13,33.5,22.1,27.25,71,35,55.88,0.3,1004.69,9.1,2006,2000
2006-03-14,33.3,21.7,27.2,74,35,55.67,0.2,1004.64,9.7,2006,2000
2006-03-15,33.0,22.5,27.09,71,36,54.17,0.0,1005.46,12.6,2006,2000
2006-03-16,33.7,22.7,27.32,62,32,49.54,0.0,1005.39,12.3,2006,2000
2006-03-17,33.2,23.3,27.62,69,38,54.12,0.0,1005.75,11.4,2006,2000
2006-03-18,33.4,23.3,27.55,76,36,55.33,0.0,1004.88,9.2,2006,2000
2006-03-19,33.8,22.6,27.65,66,31,50.29,0.0,1004.29,10.0,2006,2000
2006-03-20,33.8,21.9,27.3,70,32,53.71,0.0,1004.28,9.8,2006,2000
2006-03-21,34.2,21.9,27.57,74,35,57.08,0.0,1004.46,9.3,2006,2000
2006-03-22,33.0,23.4,27.53,75,41,61.67,3.3,1005.58,7.3,2006,2000
2006-03-23,32.6,23.3,27.18,81,44,66.79,2.2,1006.2,7.0,2006,2000
2006-03-24,32.6,23.1,26.87,85,46,69.08,9.9,1006.24,6.2,2006,2000
2006-03-25,32.7,23.4,27.34,83,43,63.75,8.0,1005.64,7.4,2006,2000
2006-03-26,33.3,23.6,27.67,69,37,54.17,0.0,1005.45,13.2,2006,2000
2006-03-27,33.9,23.7,27.77,63,33,50.46,0.0,1005.64,13.6,2006,2000
2006-03-28,33.6,23.9,28.05,69,40,55.88,0.0,1005.61,11.7,2006,2000
2006-03-29,33.5,25.1,28.37,69,43,59.08,1.7,1004.65,9.6,2006,2000
2006-03-30,32.3,24.3,27.35,84,45,65.75,11.5,1005.18,6.2,2006,2000
2006-03-31,32.9,23.9,27.61,80,43,62.21,8.9,1006.58,7.8,2006,2000
2006-04-01,33.8,22.5,27.84,78,35,55.79,0.2,1006.25,9.4,2006,2000
2006-04-02,33.8,23.1,27.85,72,35,54.33,0.2,1005.22,9.0,2006,2000
2006-04-03,33.9,23.2,27.98,72,33,53.75,0.0,1004.61,9.7,2006,2000
2006-04-04,33.3,23.0,27.5,69,38,57.0,3.6,1005.17,8.8,2006,2000
2006-04-05,32.8,23.7,27.59,72,37,57.42,0.6,1005.79,7.2,2006,2000
2006-04-06,33.4,23.0,27.56,71,35,56.75,0.7,1005.05,8.2,2006,2000
2006-04-07,33.1,22.7,27.27,81,39,60.33,0.3,1005.26,8.6,2006,2000
2006-04-08,33.9,22.9,27.49,83,40,63.79,4.0,1005.35,9.1,2006,2000
2006-04-09,33.0,23.9,26.6,91,46,74.62,13.0,1004.94,7.2,2006,2000
2006-04-10,29.3,23.4,25.38,92,64,83.33,7.1,1004.37,6.5,2006,2000
2006-04-11,30.5,23.2,25.91,93,59,79.33,8.8,1004.0,6.1,2006,2000
2006-04-12,31.1,22.4,26.1,85,47,68.88,4.6,1005.82,6.8,2006,2000
2006-04-13,29.7,22.6,25.55,85,47,69.58,6.0,1006.82,5.9,2006,2000
2006-04-14,31.8,22.0,26.16,83,40,66.29,2.4,1006.28,7.3,2006,2000
2006-04-15,32.1,22.1,26.41,83,39,65.88,2.2,1006.28,9.4,2006,2000
2006-04-16,32.2,21.9,26.85,82,42,64.33,0.0,1006.95,6.9,2006,2000
2006-04-17,32.4,22.0,26.79,86,37,64.83,1.9,1006.5,8.6,2006,2000
2006-04-18,32.3,22.7,26.77,88,41,69.62,2.6,1005.72,8.6,2006,2000
2006-04-19,32.5,22.6,26.78,91,44,72.42,1.4,1004.83,12.1,2006,2000
2006-04-20,31.7,22.4,26.68,93,51,75.04,2.1,1004.18,9.6,2006,2000
2006-04-21,31.2,24.2,27.16,88,59,75.54,3.0,1003.77,5.9,2006,2000
2006-04-22,32.1,23.3,27.26,93,54,76.71,7.7,1003.56,5.4,2006,2000
2006-04-23,32.1,24.1,27.1,92,51,75.67,9.4,1004.36,4.9,2006,2000
2006-04-24,31.3,23.2,26.21,90,52,76.08,6.3,1004.81,6.2,2006,2000
2006-04-25,28.7,23.1,25.04,98,67,84.71,14.0,1005.71,6.6,2006,2000
2006-04-26,29.3,21.8,24.75,99,65,88.29,32.1,1006.43,7.2,2006,2000
2006-04-27,29.3,20.4,24.82,98,64,85.67,5.6,1006.99,7.8,2006,2000
2006-04-28,29.6,22.0,25.2,95,65,84.92,3.7,1006.05,6.6,2006,2000
2006-04-29,30.7,23.0,26.17,92,57,78.12,2.9,1004.94,7.1,2006,2000
2006-04-30,31.2,21.9,25.83,94,50,75.46,1.7,1004.71,7.5,2006,2000
2006-05-01,31.7,21.5,25.95,92,49,74.04,1.1,1004.45,7.3,2006,2000
2006-05-02,32.6,22.0,26.63,84,42,67.54,0.3,1005.2,8.6,2006,2000
2006-05-03,32.3,23.0,27.0,83,45,66.5,0.9,1005.98,7.9,2006,2000
2006-05-04,32.2,22.3,26.7,90,46,70.88,5.3,1006.0,8.3,2006,2000
2006-05-05,30.0,22.6,25.5,93,62,81.17,7.6,1006.33,6.5,2006,2000
2006-05-06,30.3,21.8,25.11,96,58,84.38,10.6,1006.25,8.4,2006,2000
2006-05-07,30.0,22.3,25.44,95,61,82.29,4.0,1006.02,7.6,2006,2000
2006-05-08,27.7,22.8,25.27,99,71,86.42,18.3,1005.56,6.6,2006,2000
2006-05-09,26.0,22.6,23.76,99,86,96.79,72.0,1005.4,5.2,2006,2000
2006-05-10,28.8,21.8,24.29,99,70,90.92,5.9,1006.02,11.0,2006,2000
2006-05-11,29.3,22.1,24.58,99,70,90.42,41.7,1006.04,7.4,2006,2000
2006-05-12,28.3,22.2,24.86,99,75,89.67,9.1,1005.7,9.4,2006,2000
2006-05-13,29.1,22.4,25.08,99,66,87.71,5.9,1006.2,7.8,2006,2000
2006-05-14,30.2,22.4,25.37,95,64,84.12,3.3,1005.85,7.4,2006,2000
2006-05-15,29.7,22.8,25.41,94,67,85.42,10.0,1006.38,6.9,2006,2000
2006-05-16,27.9,22.8,25.01,95,81,90.46,10.7,1006.51,10.1,2006,2000
2006-05-17,28.2,23.5,25.06,95,75,88.62,6.0,1007.12,7.6,2006,2000
2006-05-18,29.1,22.3,25.06,99,70,88.21,6.3,1007.58,8.0,2006,2000
2006-05-19,29.2,22.3,24.78,99,72,90.17,11.6,1007.99,8.8,2006,2000
2006-05-20,28.3,22.5,24.71,99,73,90.08,19.4,1006.8,5.4,2006,2000
2006-05-21,29.3,21.8,24.73,99,67,87.71,10.5,1005.33,9.5,2006,2000
2006-05-22,28.5,21.9,24.33,99,71,90.92,19.3,1005.83,5.1,2006,2000
2006-05-23,27.7,21.8,24.02,99,73,91.75,20.5,1007.12,10.5,2006,2000
2006-05-24,28.1,21.9,24.89,99,75,90.38,6.8,1007.58,6.4,2006,2000
2006-05-25,28.7,22.4,24.84,96,73,88.67,12.3,1006.07,6.5,2006,2000
2006-05-26,28.8,22.1,24.5,99,70,90.33,13.8,1005.43,5.8,2006,2000
2006-05-27,28.1,22.1,24.41,99,79,91.79,10.4,1005.4,6.6,2006,2000
2006-05-28,25.7,22.1,23.82,99,91,96.5,34.9,1006.43,4.5,2006,2000
2006-05-29,28.7,21.1,24.53,99,70,89.0,6.2,1006.45,6.6,2006,2000
2006-05-30,28.8,21.6,25.3,95,71,85.54,5.2,1005.12,5.7,2006,2000
2006-05-31,29.3,21.9,24.8,95,69,87.21,11.4,1005.2,6.9,2006,2000
2006-06-01,29.1,22.5,24.81,99,71,90.0,25.0,1006.16,6.3,2006,2000
2006-06-02,26.3,21.8,24.1,99,86,93.67,5.3,1006.91,6.3,2006,2000
2006-06-03,28.0,22.5,24.92,97,71,87.71,5.3,1007.34,9.5,2006,2000
2006-06-04,27.7,21.9,24.34,99,78,90.67,14.8,1006.46,7.4,2006,2000
2006-06-05,26.6,22.4,23.63,99,81,95.29,17.0,1006.25,7.9,2006,2000
2006-06-06,26.0,22.1,23.21,99,85,96.0,16.5,1006.7,7.7,2006,2000
2006-06-07,27.6,22.1,24.08,99,74,90.79,7.4,1007.17,10.2,2006,2000
2006-06-08,27.2,21.6,23.86,99,76,92.5,29.6,1007.65,8.5,2006,2000
2006-06-09,27.3,21.4,23.72,99,78,92.17,29.3,1006.8,9.0,2006,2000
2006-06-10,26.3,21.4,23.5,99,83,93.0,7.4,1006.45,5.4,2006,2000
2006-06-11,28.3,20.3,24.21,99,71,87.96,5.7,1006.2,6.6,2006,2000
2006-06-12,28.9,21.6,25.17,95,69,85.21,9.6,1005.67,5.4,2006,2000
2006-06-13,29.1,22.3,24.82,96,68,87.79,14.3,1005.39,7.7,2006,2000
2006-06-14,26.1,21.5,23.79,96,84,91.71,6.8,1006.74,7.4,2006,2000
2006-06-15,28.1,21.9,24.25,96,73,88.92,7.8,1006.75,7.1,2006,2000
2006-06-16,28.2,22.4,24.45,96,76,89.38,12.9,1005.77,6.6,2006,2000
2006-06-17,28.7,21.7,24.72,97,75,87.96,8.2,1005.23,6.2,2006,2000
2006-06-18,28.8,21.9,25.49,95,70,85.79,7.4,1005.26,6.1,2006,2000
2006-06-19,29.4,22.5,25.54,93,67,85.04,6.5,1005.32,6.6,2006,2000
2006-06-20,28.8,22.7,24.88,96,71,89.17,18.3,1005.32,7.4,2006,2000
2006-06-21,27.6,22.2,24.21,99,77,93.29,46.1,1006.0,5.7,2006,2000
2006-06-22,28.1,22.2,24.49,99,76,91.67,13.1,1006.05,6.2,2006,2000
2006-06-23,29.2,22.9,25.21,96,69,87.79,5.6,1005.7,7.6,2006,2000
2006-06-24,27.9,23.0,24.75,96,76,89.83,11.4,1005.41,7.2,2006,2000
2006-06-25,28.5,22.4,24.58,96,75,89.25,12.4,1005.32,6.8,2006,2000
2006-06-26,27.6,22.5,24.73,97,83,91.25,6.8,1004.92,6.5,2006,2000
2006-06-27,29.6,22.8,25.46,96,68,86.96,16.4,1005.56,7.2,2006,2000
2006-06-28,29.5,23.0,25.72,96,74,88.08,2.7,1005.4,5.4,2006,2000
2006-06-29,29.5,23.8,26.18,94,74,86.67,5.6,1004.23,4.8,2006,2000
2006-06-30,29.9,23.6,26.3,94,70,84.75,7.2,1003.25,6.1,2006,2000
2006-07-01,30.2,23.7,26.45,96,67,84.12,6.9,1003.83,6.1,2006,2000
2006-07-02,30.4,23.0,25.75,99,67,87.79,39.9,1005.81,8.6,2006,2000
2006-07-03,29.7,22.8,25.27,99,69,89.5,12.2,1007.12,6.8,2006,2000
2006-07-04,28.8,21.7,24.79,99,72,90.04,15.5,1006.69,6.5,2006,2000
2006-07-05,28.7,22.4,25.0,99,76,91.71,8.6,1006.73,8.3,2006,2000
2006-07-06,28.8,22.4,24.63,99,70,91.46,16.3,1007.13,9.7,2006,2000
2006-07-07,27.8,22.3,24.39,99,81,93.33,20.3,1006.81,5.5,2006,2000
2006-07-08,27.7,22.1,24.37,99,78,92.75,16.1,1005.94,7.5,2006,2000
2006-07-09,27.9,22.4,24.54,99,77,91.25,13.4,1005.29,9.4,2006,2000
2006-07-10,28.0,22.6,24.96,96,74,87.92,16.6,1004.7,6.5,2006,2000
2006-07-11,29.0,22.6,25.61,95,72,86.38,10.3,1005.1,7.1,2006,2000
2006-07-12,28.6,22.3,25.09,99,74,89.96,15.0,1005.6,7.5,2006,2000
2006-07-13,28.1,22.3,24.41,99,75,93.46,19.1,1005.12,7.2,2006,2000
2006-07-14,27.3,22.2,24.61,99,77,90.08,17.5,1005.84,6.5,2006,2000
2006-07-15,28.7,22.5,25.14,94,70,86.79,11.3,1006.25,7.9,2006,2000
2006-07-16,29.5,22.5,24.77,100,70,91.08,30.0,1005.36,6.1,2006,2000
2006-07-17,24.1,21.9,23.32,99,94,98.33,146.9,1006.02,4.6,2006,2000
2006-07-18,27.9,21.3,24.21,99,73,89.62,5.3,1006.28,7.1,2006,2000
2006-07-19,27.3,22.2,24.5,98,81,91.75,12.2,1006.3,5.9,2006,2000
2006-07-20,28.5,22.6,24.79,96,80,90.17,11.9,1006.46,5.4,2006,2000
2006-07-21,27.3,22.4,24.27,99,83,92.58,14.3,1006.56,8.9,2006,2000
2006-07-22,27.4,21.5,23.48,99,76,94.33,26.5,1006.54,7.2,2006,2000
2006-07-23,27.6,21.0,23.83,99,74,91.38,9.0,1006.49,6.6,2006,2000
2006-07-24,28.8,21.5,24.6,96,70,86.62,8.2,1006.04,6.9,2006,2000
2006-07-25,28.1,21.2,23.91,99,72,89.96,10.0,1005.7,8.4,2006,2000
2006-07-26,28.0,21.2,23.97,99,70,89.33,28.0,1006.73,6.5,2006,2000
2006-07-27,27.3,21.5,23.28,99,69,93.17,74.7,1008.15,7.9,2006,2000
2006-07-28,28.5,20.2,23.71,98,68,88.33,26.6,1008.57,6.8,2006,2000
2006-07-29,27.4,21.7,23.74,99,77,91.46,26.1,1008.01,7.4,2006,2000
2006-07-30,27.5,20.9,24.31,99,72,88.12,8.7,1006.62,9.9,2006,2000
2006-07-31,28.7,22.0,25.18,96,69,84.46,1.1,1006.85,9.9,2006,2000
2006-08-01,28.8,23.2,25.89,93,75,85.67,4.5,1006.98,7.7,2006,2000
2006-08-02,27.9,22.9,25.32,94,77,88.17,6.2,1007.18,8.8,2006,2000
2006-08-03,28.1,22.7,25.19,99,76,88.58,7.7,1006.92,9.0,2006,2000
2006-08-04,30.5,23.0,25.95,95,64,83.46,1.6,1005.75,6.9,2006,2000
2006-08-05,30.1,22.6,25.81,94,64,83.38,1.2,1004.12,7.0,2006,2000
2006-08-06,28.9,22.6,25.45,94,70,84.92,6.7,1004.52,5.9,2006,2000
2006-08-07,29.1,22.8,25.44,94,68,84.21,6.8,1004.91,6.5,2006,2000
2006-08-08,29.2,22.3,24.84,94,66,86.5,13.6,1004.7,7.5,2006,2000
2006-08-09,27.8,21.8,24.4,96,76,88.5,14.6,1005.22,6.6,2006,2000
2006-08-10,29.2,21.1,24.82,96,68,86.42,9.1,1004.53,7.2,2006,2000
2006-08-11,28.8,21.3,24.96,99,73,88.08,7.2,1004.45,8.6,2006,2000
2006-08-12,29.2,22.2,24.35,99,72,93.12,31.7,1004.48,4.0,2006,2000
2006-08-13,29.1,22.2,24.69,99,70,90.08,6.4,1004.93,6.8,2006,2000
2006-08-14,29.3,22.9,25.73,96,71,86.21,6.0,1004.75,5.4,2006,2000
2006-08-15,29.3,22.8,25.25,95,68,86.58,8.7,1005.29,6.1,2006,2000
2006-08-16,27.5,22.5,24.52,99,78,91.79,25.2,1005.45,5.2,2006,2000
2006-08-17,28.0,21.8,23.95,99,74,93.42,37.9,1005.7,7.4,2006,2000
2006-08-18,27.2,22.4,24.0,99,78,94.0,12.9,1005.7,7.2,2006,2000
2006-08-19,26.9,22.3,24.1,99,87,93.96,15.2,1005.32,5.7,2006,2000
2006-08-20,28.7,21.5,24.8,98,70,87.88,1.7,1005.7,9.8,2006,2000
2006-08-21,28.8,22.4,24.61,99,72,91.12,10.0,1006.17,8.8,2006,2000
2006-08-22,29.1,21.5,24.82,99,77,91.62,5.6,1006.53,7.2,2006,2000
2006-08-23,28.5,22.0,24.7,97,73,89.67,8.7,1006.21,6.4,2006,2000
2006-08-24,26.6,22.4,24.23,96,78,90.88,22.5,1005.4,7.6,2006,2000
2006-08-25,27.0,21.8,24.06,99,82,91.67,12.2,1005.65,10.7,2006,2000
2006-08-26,26.8,21.9,23.74,99,79,93.25,16.1,1005.95,12.0,2006,2000
2006-08-27,27.2,21.7,24.35,99,79,90.33,8.3,1006.03,10.8,2006,2000
2006-08-28,27.9,22.0,24.6,96,76,89.38,9.2,1005.45,9.7,2006,2000
2006-08-29,28.9,22.2,24.98,96,74,89.12,4.4,1005.32,9.9,2006,2000
2006-08-30,27.6,22.1,24.55,99,77,89.83,5.5,1005.82,5.8,2006,2000
2006-08-31,27.8,21.8,24.66,99,77,89.96,21.2,1006.06,6.6,2006,2000
2006-09-01,28.1,21.9,24.68,96,75,87.75,12.7,1006.16,6.3,2006,2000
2006-09-02,27.8,21.9,24.43,96,78,89.5,15.6,1005.46,7.3,2006,2000
2006-09-03,28.7,22.1,24.32,96,70,88.92,12.9,1005.98,6.3,2006,2000
2006-09-04,26.1,21.6,23.92,99,84,92.67,18.1,1006.28,7.6,2006,2000
2006-09-05,28.5,22.0,24.63,97,71,87.75,4.5,1006.14,7.6,2006,2000
2006-09-06,28.7,22.1,24.68,96,72,88.54,12.3,1006.32,6.5,2006,2000
2006-09-07,28.1,21.8,24.35,99,74,90.92,19.4,1005.88,10.2,2006,2000
2006-09-08,27.9,21.0,23.72,99,80,93.12,8.7,1006.58,7.7,2006,2000
2006-09-09,27.9,21.2,23.9,99,73,90.71,6.4,1006.24,6.2,2006,2000
2006-09-10,27.9,21.6,24.29,96,75,89.33,10.9,1006.2,7.7,2006,2000
2006-09-11,28.9,21.3,24.15,97,69,89.29,18.5,1006.58,7.3,2006,2000
2006-09-12,28.8,21.2,24.13,99,72,89.96,16.5,1006.58,6.3,2006,2000
2006-09-13,28.1,21.5,24.1,99,77,91.71,12.9,1006.18,6.6,2006,2000
2006-09-14,28.9,21.8,24.3,99,68,91.42,19.1,1007.1,6.2,2006,2000
2006-09-15,28.7,21.4,24.16,99,70,90.71,7.0,1007.06,7.9,2006,2000
2006-09-16,28.3,20.8,24.29,98,73,90.46,18.0,1006.36,7.4,2006,2000
2006-09-17,27.9,23.0,24.52,96,77,90.5,15.4,1006.12,5.9,2006,2000
2006-09-18,26.9,22.2,23.97,99,86,92.33,14.9,1007.06,7.9,2006,2000
2006-09-19,27.8,21.6,24.24,99,76,91.96,9.2,1007.97,9.3,2006,2000
2006-09-20,28.4,21.8,24.19,98,74,90.79,17.2,1007.13,6.9,2006,2000
2006-09-21,29.3,21.9,24.62,99,69,88.25,8.8,1006.69,8.8,2006,2000
2006-09-22,28.7,22.4,24.78,96,71,88.79,6.4,1006.12,8.4,2006,2000
2006-09-23,29.5,22.6,25.28,95,71,86.42,6.2,1004.94,7.1,2006,2000
2006-09-24,29.1,21.4,24.8,99,68,86.17,10.3,1004.54,7.2,2006,2000
2006-09-25,29.0,21.3,24.52,96,66,85.92,4.8,1005.69,7.4,2006,2000
2006-09-26,30.5,21.6,25.64,96,63,82.58,0.1,1005.65,8.7,2006,2000
2006-09-27,30.1,22.7,25.62,95,67,84.83,6.6,1005.32,6.5,2006,2000
2006-09-28,29.2,23.3,25.34,95,73,87.46,9.9,1005.22,5.1,2006,2000
2006-09-29,29.0,22.5,24.7,96,73,89.96,24.6,1005.31,7.3,2006,2000
2006-09-30,29.3,21.7,24.51,99,69,89.75,15.5,1005.3,7.6,2006,2000
2006-10-01,28.3,21.1,24.45,98,78,91.12,11.4,1005.15,6.5,2006,2000
2006-10-02,29.6,22.6,25.21,96,72,87.92,11.3,1004.63,4.8,2006,2000
2006-10-03,27.4,21.5,23.73,99,78,94.42,27.0,1003.99,6.9,2006,2000
2006-10-04,29.0,20.8,24.02,99,71,90.0,9.2,1002.84,7.6,2006,2000
2006-10-05,28.4,22.3,24.95,96,72,87.46,2.2,1002.45,6.9,2006,2000
2006-10-06,29.1,22.5,25.42,95,73,87.79,10.5,1004.05,7.9,2006,2000
2006-10-07,29.2,22.8,25.36,96,71,87.83,8.4,1004.55,8.7,2006,2000
2006-10-08,28.9,22.7,24.74,99,74,91.0,13.2,1005.18,7.5,2006,2000
2006-10-09,28.0,22.9,24.65,99,78,91.83,4.1,1005.52,8.3,2006,2000
2006-10-10,28.5,22.2,24.53,99,74,91.12,11.8,1006.11,7.3,2006,2000
2006-10-11,28.2,22.4,24.57,99,75,90.88,13.0,1006.49,9.5,2006,2000
2006-10-12,27.8,22.2,24.24,99,74,91.17,15.7,1006.52,9.3,2006,2000
2006-10-13,27.9,21.5,24.15,99,76,93.12,21.3,1005.9,6.4,2006,2000
2006-10-14,29.3,21.2,24.12,99,71,92.12,29.1,1005.78,9.1,2006,2000
2006-10-15,24.3,22.1,23.06,99,92,98.29,61.3,1006.68,6.8,2006,2000
2006-10-16,26.9,22.1,23.8,99,78,92.42,23.0,1007.68,13.9,2006,2000
2006-10-17,25.8,21.7,23.71,99,82,92.21,36.3,1007.08,10.8,2006,2000
2006-10-18,27.4,22.2,23.8,99,75,89.5,18.0,1006.54,9.5,2006,2000
2006-10-19,26.4,21.0,23.28,99,77,90.92,18.2,1005.83,11.0,2006,2000
2006-10-20,25.3,20.6,22.7,99,86,95.5,14.4,1006.45,10.7,2006,2000
2006-10-21,26.4,20.5,22.98,99,74,90.17,6.5,1007.04,9.2,2006,2000
2006-10-22,28.8,20.0,24.13,97,65,85.5,0.7,1007.21,9.1,2006,2000
2006-10-23,29.4,22.1,24.86,96,64,84.5,1.6,1007.46,7.4,2006,2000
2006-10-24,29.0,22.1,24.67,97,68,87.21,12.2,1006.85,6.9,2006,2000
2006-10-25,28.5,22.3,24.58,96,71,89.5,13.2,1006.9,8.0,2006,2000
2006-10-26,27.8,22.3,25.04,96,76,87.75,18.3,1006.33,5.9,2006,2000
2006-10-27,29.0,22.8,25.25,94,72,87.54,13.3,1005.6,6.3,2006,2000
2006-10-28,29.0,21.5,24.32,99,69,89.71,26.2,1005.63,6.0,2006,2000
2006-10-29,27.9,21.6,23.49,100,78,96.5,36.1,1006.17,6.4,2006,2000
2006-10-30,27.5,21.9,24.02,99,80,92.83,8.3,1005.52,8.4,2006,2000
2006-10-31,27.0,21.7,24.02,96,78,90.0,4.8,1005.1,9.2,2006,2000
2006-11-01,27.2,22.1,23.93,99,81,93.5,16.0,1005.17,7.0,2006,2000
2006-11-02,26.4,21.9,23.96,99,85,92.5,3.9,1005.05,9.8,2006,2000
2006-11-03,27.2,21.5,23.88,99,78,93.67,9.5,1004.44,7.2,2006,2000
2006-11-04,29.1,21.1,24.63,98,67,87.92,8.0,1003.41,5.9,2006,2000
2006-11-05,29.5,22.0,24.91,94,64,84.42,8.3,1003.45,6.1,2006,2000
2006-11-06,27.8,22.7,24.52,94,72,88.0,11.2,1003.83,6.4,2006,2000
2006-11-07,25.5,21.9,23.45,99,89,97.12,28.5,1004.71,7.5,2006,2000
2006-11-08,27.2,21.5,23.45,99,80,93.29,25.9,1004.78,6.9,2006,2000
2006-11-09,24.6,21.4,22.71,99,94,98.58,106.5,1005.9,5.5,2006,2000
2006-11-10,26.9,21.2,23.52,99,79,93.62,14.9,1006.37,5.8,2006,2000
2006-11-11,29.1,20.6,24.1,99,68,89.62,14.9,1006.42,6.0,2006,2000
2006-11-12,28.4,21.9,24.1,99,71,89.12,21.6,1006.29,6.3,2006,2000
2006-11-13,27.9,21.7,24.02,99,79,91.25,24.2,1006.55,5.6,2006,2000
2006-11-14,26.0,21.4,22.97,100,80,94.38,50.8,1005.91,6.5,2006,2000
2006-11-15,23.9,21.2,22.11,99,90,98.17,54.9,1005.9,6.4,2006,2000
2006-11-16,25.4,20.5,22.57,99,82,95.04,37.9,1005.65,9.1,2006,2000
2006-11-17,26.4,21.3,23.27,99,80,94.0,17.2,1005.69,10.2,2006,2000
2006-11-18,27.2,20.5,23.4,99,80,91.17,7.6,1005.77,9.4,2006,2000
2006-11-19,27.7,21.0,23.67,96,72,89.42,4.3,1005.78,7.6,2006,2000
2006-11-20,27.3,21.4,23.78,99,76,90.83,59.2,1006.17,12.1,2006,2000
2006-11-21,29.1,21.2,24.6,99,61,82.79,8.3,1006.96,6.6,2006,2000
2006-11-22,28.7,22.3,24.88,84,57,71.38,4.5,1006.6,9.6,2006,2000
2006-11-23,28.1,21.3,24.25,86,60,76.38,5.2,1005.64,8.6,2006,2000
2006-11-24,28.5,21.2,24.15,91,62,81.25,18.7,1004.79,8.3,2006,2000
2006-11-25,28.2,21.5,24.33,95,66,82.92,10.5,1004.72,6.5,2006,2000
2006-11-26,28.7,21.6,24.37,96,67,85.46,14.9,1004.75,6.4,2006,2000
2006-11-27,27.7,21.8,24.12,97,72,89.29,25.5,1005.02,5.4,2006,2000
2006-11-28,27.6,21.2,23.7,99,72,92.38,24.6,1004.26,6.5,2006,2000
2006-11-29,27.8,21.7,23.94,99,74,93.54,43.1,1004.19,5.8,2006,2000
2006-11-30,27.0,22.5,24.36,98,84,93.25,14.0,1004.62,6.2,2006,2000
2006-12-01,29.3,21.8,24.77,98,69,88.46,6.6,1004.49,5.6,2006,2000
2006-12-02,28.7,22.3,25.24,98,69,86.0,16.6,1004.28,4.9,2006,2000
2006-12-03,30.3,22.1,25.63,94,58,79.25,0.2,1003.81,10.0,2006,2000
2006-12-04,29.7,22.7,25.68,88,62,74.92,0.7,1004.25,7.8,2006,2000
2006-12-05,29.5,21.3,25.16,82,56,72.33,0.5,1004.75,9.5,2006,2000
2006-12-06,29.8,22.4,25.43,89,59,77.67,2.0,1005.25,6.5,2006,2000
2006-12-07,29.5,21.9,25.15,95,62,80.21,1.8,1006.0,8.3,2006,2000
2006-12-08,29.2,21.4,24.82,95,63,82.62,1.4,1006.79,7.6,2006,2000
2006-12-09,28.5,22.4,24.51,94,67,86.96,8.7,1007.27,6.8,2006,2000
2006-12-10,27.0,21.7,24.12,98,75,89.79,8.9,1006.99,5.9,2006,2000
2006-12-11,24.8,21.9,23.27,99,92,96.54,9.0,1007.46,6.1,2006,2000
2006-12-12,27.9,20.5,24.04,99,69,87.29,11.4,1007.81,6.3,2006,2000
2006-12-13,27.2,21.7,23.85,97,76,89.71,11.3,1007.65,8.9,2006,2000
2006-12-14,27.8,21.6,24.13,96,74,89.71,12.0,1006.35,6.4,2006,2000
2006-12-15,28.8,21.9,24.58,96,65,85.54,2.6,1005.64,5.4,2006,2000
2006-12-16,29.1,20.8,24.73,94,62,82.62,1.2,1005.72,7.3,2006,2000
2006-12-17,29.5,21.0,24.79,93,63,80.71,0.3,1005.81,8.0,2006,2000
2006-12-18,30.4,21.1,24.98,91,53,75.62,0.4,1005.75,8.9,2006,2000
2006-12-19,29.9,20.6,25.01,87,57,75.62,1.0,1005.19,9.4,2006,2000
2006-12-20,29.4,21.0,24.86,92,59,78.08,1.5,1006.0,7.6,2006,2000
2006-12-21,29.0,21.6,24.82,94,63,81.58,1.3,1007.14,6.5,2006,2000
2006-12-22,29.3,22.1,25.02,93,63,82.5,1.9,1007.01,7.2,2006,2000
2006-12-23,29.2,22.7,25.25,94,67,84.0,4.0,1006.46,6.5,2006,2000
2006-12-24,29.4,22.4,24.89,95,67,86.67,11.4,1006.3,6.1,2006,2000
2006-12-25,29.4,22.6,24.98,96,68,86.62,8.1,1005.82,6.5,2006,2000
2006-12-26,27.8,22.5,24.61,96,71,86.25,6.7,1006.32,7.6,2006,2000
2006-12-27,28.6,21.3,24.19,95,64,84.67,3.5,1007.04,9.2,2006,2000
2006-12-28,29.7,21.0,24.9,93,61,81.67,2.8,1006.19,7.4,2006,2000
2006-12-29,31.3,22.0,26.26,89,53,74.83,0.7,1004.9,8.7,2006,2000
2006-12-30,31.1,22.0,26.29,84,55,73.21,0.9,1004.93,8.3,2006,2000
2006-12-31,30.3,22.5,26.05,90,58,74.71,0.9,1005.09,8.0,2006,2000
2007-01-01,30.6,22.4,25.54,88,58,77.08,1.0,1004.5,8.9,2007,2000
2007-01-02,31.5,22.0,26.32,86,50,69.96,0.0,1003.66,9.4,2007,2000
2007-01-03,31.5,24.6,26.94,78,49,65.38,0.1,1004.57,9.4,2007,2000
2007-01-04,30.3,22.4,26.0,89,56,73.08,1.5,1004.87,7.3,2007,2000
2007-01-05,29.7,22.4,25.46,91,61,79.0,5.9,1004.33,7.3,2007,2000
2007-01-06,30.4,22.9,26.25,92,57,76.25,1.5,1004.06,6.8,2007,2000
2007-01-07,31.1,23.1,26.29,77,47,63.75,0.0,1004.03,9.9,2007,2000
2007-01-08,31.3,22.7,26.37,76,46,61.88,0.5,1004.89,9.6,2007,2000
2007-01-09,30.7,21.9,25.86,77,47,62.92,0.3,1005.52,10.8,2007,2000
2007-01-10,30.7,23.0,26.09,68,45,58.38,0.0,1004.44,12.7,2007,2000
2007-01-11,31.2,23.5,26.34,68,42,58.71,0.0,1004.6,12.5,2007,2000
2007-01-12,31.1,23.9,26.72,67,50,59.42,0.0,1003.99,13.3,2007,2000
2007-01-13,31.9,24.1,27.03,72,45,61.04,0.0,1003.25,13.0,2007,2000
2007-01-14,31.9,24.5,27.31,68,46,59.46,0.0,1002.95,12.6,2007,2000
2007-01-15,31.4,24.6,27.15,67,46,59.71,0.0,1002.72,10.2,2007,2000
2007-01-16,32.2,24.4,27.49,68,44,59.0,0.0,1003.1,12.6,2007,2000
2007-01-17,31.9,24.7,27.26,67,43,58.58,0.0,1004.59,17.1,2007,2000
2007-01-18,31.0,24.3,26.71,70,44,59.08,0.0,1005.59,15.4,2007,2000
2007-01-19,32.1,23.5,26.73,66,39,54.12,0.0,1005.64,13.7,2007,2000
2007-01-20,32.3,22.5,26.65,71,42,58.96,0.4,1005.7,10.1,2007,2000
2007-01-21,32.3,22.1,26.8,76,41,60.29,0.2,1005.8,9.4,2007,2000
2007-01-22,32.7,23.0,27.17,75,42,62.92,0.4,1004.9,8.9,2007,2000
2007-01-23,32.9,23.6,27.57,76,43,62.96,1.1,1003.38,7.7,2007,2000
2007-01-24,33.1,23.2,27.65,72,41,59.54,1.1,1004.09,9.2,2007,2000
2007-01-25,32.7,22.7,27.09,79,42,64.08,1.5,1005.77,9.0,2007,2000
2007-01-26,31.1,23.4,26.32,85,47,70.5,1.3,1007.02,6.9,2007,2000
2007-01-27,32.1,22.2,26.48,91,43,66.17,0.5,1006.06,8.2,2007,2000
2007-01-28,32.0,22.7,26.78,76,43,60.08,0.0,1005.97,9.5,2007,2000
2007-01-29,32.6,24.0,27.51,70,44,58.54,0.1,1005.77,10.3,2007,2000
2007-01-30,32.8,24.3,27.72,71,42,59.12,0.4,1006.2,8.8,2007,2000
2007-01-31,33.3,22.1,27.13,72,38,58.83,0.2,1005.68,9.2,2007,2000
2007-02-01,33.4,23.3,27.48,77,41,62.75,0.2,1004.73,9.4,2007,2000
2007-02-02,33.4,22.0,27.52,83,39,63.62,0.3,1004.87,7.8,2007,2000
2007-02-03,33.5,22.6,27.43,79,38,59.54,0.0,1005.49,9.1,2007,2000
2007-02-04,33.2,22.4,27.17,71,36,55.0,0.0,1005.41,10.4,2007,2000
2007-02-05,33.3,23.5,27.54,68,35,54.38,0.2,1006.26,10.1,2007,2000
2007-02-06,32.5,23.1,26.89,69,36,55.5,0.0,1007.08,11.1,2007,2000
2007-02-07,33.1,22.5,27.05,63,27,49.17,0.0,1006.75,11.6,2007,2000
2007-02-08,32.6,21.5,26.62,62,32,50.17,0.0,1007.27,11.2,2007,2000
2007-02-09,33.2,20.8,26.56,71,31,53.12,0.0,1007.69,10.7,2007,2000
2007-02-10,32.6,21.3,26.72,75,36,55.54,0.0,1007.55,10.0,2007,2000
2007-02-11,33.5,21.8,27.24,73,36,56.58,0.0,1006.78,10.2,2007,2000
2007-02-12,33.9,23.2,27.75,73,38,59.79,0.7,1006.16,8.6,2007,2000
2007-02-13,33.4,22.6,27.4,81,38,64.29,2.3,1005.88,11.7,2007,2000
2007-02-14,32.3,23.5,27.44,84,45,67.25,0.3,1006.1,7.3,2007,2000
2007-02-15,32.1,22.5,26.7,87,41,66.92,0.2,1006.68,10.5,2007,2000
2007-02-16,32.6,20.7,26.11,87,34,64.62,0.2,1007.39,9.2,2007,2000
2007-02-17,32.8,21.6,26.61,81,33,60.5,0.4,1007.25,9.8,2007,2000
2007-02-18,33.2,21.8,26.75,73,30,52.75,0.2,1008.18,9.3,2007,2000
2007-02-19,31.8,22.9,26.35,72,37,57.54,0.0,1007.32,13.7,2007,2000
2007-02-20,32.5,23.7,27.13,68,41,56.67,1.2,1006.5,10.6,2007,2000
2007-02-21,33.4,21.7,27.07,67,28,50.25,0.0,1005.83,9.3,2007,2000
2007-02-22,33.4,23.0,27.06,67,33,53.08,0.0,1004.68,14.1,2007,2000
2007-02-23,33.4,22.8,27.26,64,32,50.42,0.0,1004.25,13.0,2007,2000
2007-02-24,33.2,22.2,27.09,67,36,53.29,0.0,1004.39,11.0,2007,2000
2007-02-25,34.1,22.6,27.65,76,35,58.58,0.4,1004.6,10.2,2007,2000
2007-02-26,34.7,22.9,28.02,75,35,56.75,1.4,1004.27,8.6,2007,2000
2007-02-27,33.6,23.4,27.68,84,42,65.29,1.5,1003.5,6.3,2007,2000
2007-02-28,33.3,23.8,27.31,86,45,70.58,4.7,1002.56,6.4,2007,2000
2007-03-01,32.7,22.4,27.16,90,46,71.5,3.7,1001.82,6.6,2007,2000
2007-03-02,33.3,23.2,27.59,84,42,66.75,1.2,1001.92,6.7,2007,2000
2007-03-03,32.8,22.9,27.43,80,44,65.17,2.3,1002.7,7.9,2007,2000
2007-03-04,34.0,23.0,27.93,81,33,57.71,0.7,1004.2,8.6,2007,2000
2007-03-05,33.9,23.9,27.81,67,25,49.12,0.0,1005.1,13.3,2007,2000
2007-03-06,33.5,23.6,27.62,62,34,50.5,0.0,1005.72,12.1,2007,2000
2007-03-07,33.5,24.1,28.0,62,37,51.92,2.0,1006.14,9.2,2007,2000
2007-03-08,33.2,23.6,27.82,68,36,54.88,0.4,1005.7,8.0,2007,2000
2007-03-09,34.2,22.1,27.72,70,29,52.21,0.0,1005.11,10.0,2007,2000
2007-03-10,32.4,24.3,27.75,68,45,58.38,2.5,1005.29,8.9,2007,2000
2007-03-11,32.1,24.4,27.74,76,45,60.5,8.3,1005.21,7.3,2007,2000
2007-03-12,33.2,24.2,28.13,72,40,57.25,2.5,1005.86,7.6,2007,2000
2007-03-13,33.6,23.5,27.88,68,33,51.25,0.0,1006.75,9.3,2007,2000
2007-03-14,33.8,21.0,27.03,70,32,53.62,0.3,1006.1,9.2,2007,2000
2007-03-15,34.3,21.7,27.45,74,32,56.62,0.0,1005.06,8.9,2007,2000
2007-03-16,33.0,22.9,26.91,87,42,66.17,2.5,1005.49,7.9,2007,2000
2007-03-17,32.7,22.6,27.16,89,39,66.54,0.7,1006.44,7.7,2007,2000
2007-03-18,33.9,22.7,27.68,79,32,56.5,0.1,1005.79,8.6,2007,2000
2007-03-19,33.9,23.5,27.92,70,36,55.08,0.1,1005.93,10.2,2007,2000
2007-03-20,34.0,23.7,28.13,68,31,52.42,0.1,1005.66,10.8,2007,2000
2007-03-21,34.2,23.5,28.1,68,32,52.71,0.5,1004.76,10.8,2007,2000
2007-03-22,33.9,22.3,27.65,67,36,54.71,1.4,1004.24,8.5,2007,2000
2007-03-23,34.1,22.8,27.79,77,34,59.25,1.3,1004.12,8.0,2007,2000
2007-03-24,33.8,23.3,27.95,74,36,58.0,2.9,1005.23,7.4,2007,2000
2007-03-25,32.6,23.9,27.87,73,42,59.29,4.2,1005.28,7.9,2007,2000
2007-03-26,33.5,22.6,27.05,81,37,63.54,9.2,1005.31,7.6,2007,2000
2007-03-27,31.6,23.1,25.84,98,49,77.21,22.6,1005.93,10.7,2007,2000
2007-03-28,30.0,22.2,25.71,98,56,80.54,15.0,1005.63,8.9,2007,2000
2007-03-29,32.6,22.4,26.69,91,44,70.79,0.6,1004.94,8.2,2007,2000
2007-03-30,33.1,22.1,26.98,86,40,65.75,1.3,1004.04,8.6,2007,2000
2007-03-31,31.9,22.5,27.17,79,47,66.04,0.0,1003.45,8.2,2007,2000
2007-04-01,34.2,23.5,28.36,82,39,60.29,0.0,1003.62,8.3,2007,2000
2007-04-02,33.7,24.4,28.4,77,43,62.58,2.9,1004.85,7.6,2007,2000
2007-04-03,31.9,24.2,26.91,86,51,72.83,15.9,1005.34,7.2,2007,2000
2007-04-04,30.8,23.8,26.3,90,57,78.67,12.8,1004.61,5.4,2007,2000
2007-04-05,29.5,23.4,25.14,98,67,87.67,10.9,1004.78,4.6,2007,2000
2007-04-06,30.1,23.1,25.85,93,67,82.54,5.0,1005.16,6.3,2007,2000
2007-04-07,30.7,24.1,26.03,92,59,80.42,9.6,1006.52,4.8,2007,2000
2007-04-08,30.7,22.4,25.8,92,56,78.33,11.0,1007.9,7.7,2007,2000
2007-04-09,30.0,22.6,25.49,98,61,81.71,18.6,1007.81,6.9,2007,2000
2007-04-10,28.3,22.5,24.29,99,73,92.88,20.8,1006.89,7.4,2007,2000
2007-04-11,28.9,21.5,24.85,99,76,89.25,3.8,1006.2,9.8,2007,2000
2007-04-12,28.7,23.0,25.09,95,74,88.62,17.2,1006.99,7.9,2007,2000
2007-04-13,28.9,21.5,25.31,99,75,87.96,5.0,1006.75,8.3,2007,2000
2007-04-14,29.2,23.0,25.07,97,71,89.29,12.4,1006.61,8.7,2007,2000
2007-04-15,29.9,20.9,25.32,99,67,84.79,2.9,1006.75,6.5,2007,2000
2007-04-16,31.1,23.0,26.21,94,53,79.67,1.9,1006.52,6.6,2007,2000
2007-04-17,31.3,21.6,25.77,91,49,73.67,2.7,1005.32,10.1,2007,2000
2007-04-18,30.7,21.9,25.46,94,54,79.29,9.2,1004.52,8.0,2007,2000
2007-04-19,28.2,22.3,25.04,96,75,86.88,15.5,1005.13,8.5,2007,2000
2007-04-20,29.7,21.1,24.76,99,62,86.29,5.9,1006.69,10.1,2007,2000
2007-04-21,30.1,20.7,25.18,97,57,82.42,1.5,1007.18,9.7,2007,2000
2007-04-22,31.5,21.9,25.91,96,46,74.29,0.0,1006.42,8.0,2007,2000
2007-04-23,31.5,21.0,25.59,90,46,69.88,2.8,1006.54,9.4,2007,2000
2007-04-24,30.7,21.9,25.55,93,56,77.21,9.5,1006.7,8.3,2007,2000
2007-04-25,28.9,23.0,24.98,96,67,86.17,24.6,1006.49,8.5,2007,2000
2007-04-26,28.7,22.7,25.02,95,69,86.67,17.6,1006.06,7.4,2007,2000
2007-04-27,28.8,22.6,24.86,96,74,89.33,15.1,1006.29,8.3,2007,2000
2007-04-28,28.1,21.5,24.54,99,77,90.46,20.3,1006.84,8.9,2007,2000
2007-04-29,30.9,20.6,25.2,99,56,84.17,3.4,1006.6,7.8,2007,2000
2007-04-30,29.5,22.3,25.27,94,62,82.92,13.4,1005.85,7.6,2007,2000
2007-05-01,29.8,22.6,24.85,98,63,85.79,20.5,1005.43,7.2,2007,2000
2007-05-02,28.4,21.7,24.27,99,70,91.21,10.2,1005.44,5.6,2007,2000
2007-05-03,27.8,22.0,23.97,99,74,93.29,6.3,1006.16,6.6,2007,2000
2007-05-04,29.5,22.0,25.05,99,67,88.38,12.4,1005.27,5.6,2007,2000
2007-05-05,29.1,22.2,25.23,96,70,86.67,6.5,1004.27,7.5,2007,2000
2007-05-06,28.8,22.7,24.68,99,73,90.58,35.0,1004.58,6.0,2007,2000
2007-05-07,28.8,21.6,24.47,99,71,91.62,22.5,1004.38,9.4,2007,2000
2007-05-08,28.9,21.8,24.83,99,69,89.71,7.2,1004.77,7.9,2007,2000
2007-05-09,28.9,22.1,24.98,99,72,89.08,12.5,1005.83,7.8,2007,2000
2007-05-10,29.3,22.6,25.0,96,69,89.54,15.7,1005.48,6.6,2007,2000
2007-05-11,28.5,23.4,25.52,96,78,89.58,11.8,1004.95,6.4,2007,2000
2007-05-12,28.1,23.3,25.4,99,77,89.38,28.5,1006.02,6.9,2007,2000
2007-05-13,28.0,22.5,24.89,99,78,92.21,18.8,1006.7,8.2,2007,2000
2007-05-14,29.7,21.9,25.08,99,74,90.67,11.4,1006.25,5.5,2007,2000
2007-05-15,29.6,22.0,25.53,99,72,88.75,15.2,1005.58,6.5,2007,2000
2007-05-16,29.9,23.2,25.54,96,67,87.71,16.0,1004.82,7.0,2007,2000
2007-05-17,28.6,22.7,25.0,99,76,92.29,32.9,1005.72,8.9,2007,2000
2007-05-18,25.7,22.7,24.0,99,87,96.42,35.8,1006.64,6.6,2007,2000
2007-05-19,26.8,22.3,24.29,99,83,93.42,10.8,1006.74,7.9,2007,2000
2007-05-20,27.5,21.6,24.15,100,78,94.0,21.2,1006.73,8.7,2007,2000
2007-05-21,25.0,22.8,23.47,100,91,98.29,90.0,1007.13,7.3,2007,2000
2007-05-22,28.2,22.1,23.54,100,73,95.67,47.7,1006.39,6.6,2007,2000
2007-05-23,26.5,21.3,23.28,99,81,95.29,47.3,1005.99,11.0,2007,2000
2007-05-24,24.2,21.5,22.72,99,94,98.0,26.2,1007.04,8.7,2007,2000
2007-05-25,27.4,21.0,23.93,99,71,88.67,6.3,1007.35,13.2,2007,2000
2007-05-26,27.7,22.1,24.31,96,72,88.58,9.7,1007.15,10.0,2007,2000
2007-05-27,27.5,22.2,24.43,96,81,90.25,13.0,1007.01,10.0,2007,2000
2007-05-28,28.0,21.3,24.1,99,72,89.92,14.2,1007.38,8.0,2007,2000
2007-05-29,26.4,21.9,23.96,99,84,91.88,23.3,1007.29,6.4,2007,2000
2007-05-30,26.1,21.2,23.42,99,85,94.96,28.0,1006.96,8.4,2007,2000
2007-05-31,26.4,22.2,23.73,99,82,93.12,12.5,1007.05,12.4,2007,2000
2007-06-01,26.5,21.8,23.95,99,82,91.71,10.3,1007.52,7.6,2007,2000
2007-06-02,28.1,21.8,24.57,96,73,88.92,15.3,1007.54,6.6,2007,2000
2007-06-03,27.2,20.9,23.98,99,80,91.92,10.3,1007.52,7.5,2007,2000
2007-06-04,28.4,22.0,24.5,99,80,91.33,9.2,1007.28,8.1,2007,2000
2007-06-05,27.9,21.7,24.21,99,75,91.25,13.1,1007.45,8.3,2007,2000
2007-06-06,28.5,21.5,24.06,98,71,90.42,18.4,1006.64,6.8,2007,2000
2007-06-07,28.2,21.7,24.11,99,76,91.46,13.0,1005.98,7.9,2007,2000
2007-06-08,27.7,21.0,23.75,100,74,94.0,41.7,1005.68,7.0,2007,2000
2007-06-09,27.3,21.1,23.98,99,78,91.67,19.6,1005.28,6.3,2007,2000
2007-06-10,28.0,21.3,23.99,96,78,90.17,12.8,1004.76,8.4,2007,2000
2007-06-11,29.6,21.9,24.68,97,64,87.08,5.9,1005.31,7.8,2007,2000
2007-06-12,28.0,22.5,24.94,96,72,86.88,4.8,1004.59,7.4,2007,2000
2007-06-13,27.7,22.2,24.62,96,81,89.62,13.6,1003.75,6.4,2007,2000
2007-06-14,27.3,22.6,24.26,99,79,91.96,21.6,1004.57,10.2,2007,2000
2007-06-15,29.2,22.2,24.68,96,73,88.79,10.8,1005.69,8.0,2007,2000
2007-06-16,28.2,22.1,24.75,96,78,89.54,9.5,1006.59,7.3,2007,2000
2007-06-17,28.4,21.8,24.71,96,71,88.33,4.8,1006.6,7.2,2007,2000
2007-06-18,28.0,22.5,24.93,95,74,87.71,7.7,1005.4,6.6,2007,2000
2007-06-19,29.8,21.8,25.53,94,67,83.71,2.7,1005.07,7.2,2007,2000
2007-06-20,30.1,22.6,24.65,99,62,88.0,17.0,1005.57,6.1,2007,2000
2007-06-21,28.1,21.9,24.72,99,79,90.46,1.8,1006.13,8.0,2007,2000
2007-06-22,27.6,22.8,24.55,96,77,90.25,13.8,1006.11,6.8,2007,2000
2007-06-23,27.8,22.3,24.6,96,81,90.21,5.8,1005.36,5.2,2007,2000
2007-06-24,28.4,21.9,24.68,99,75,90.0,15.6,1004.96,6.0,2007,2000
2007-06-25,28.7,22.4,24.93,97,71,88.12,7.7,1005.43,5.1,2007,2000
2007-06-26,27.8,22.7,24.75,95,74,88.67,13.7,1005.83,6.1,2007,2000
2007-06-27,27.1,22.4,24.78,98,81,90.79,10.8,1004.77,6.3,2007,2000
2007-06-28,28.7,22.9,25.09,95,77,89.0,7.4,1005.22,7.8,2007,2000
2007-06-29,28.4,22.1,24.34,99,73,92.58,14.4,1006.84,6.7,2007,2000
2007-06-30,28.5,21.0,24.25,99,72,91.42,10.4,1006.81,7.0,2007,2000
2007-07-01,27.9,22.4,25.05,98,80,90.33,8.5,1007.23,6.9,2007,2000
2007-07-02,28.6,22.6,24.89,98,74,89.42,12.1,1006.77,5.9,2007,2000
2007-07-03,28.3,22.6,25.18,99,75,88.25,11.1,1005.95,7.2,2007,2000
2007-07-04,28.5,23.1,25.77,94,74,85.92,6.1,1004.66,5.4,2007,2000
2007-07-05,30.1,23.0,25.91,98,66,84.12,6.9,1004.5,8.6,2007,2000
2007-07-06,29.1,22.4,25.44,99,71,87.88,18.6,1005.07,6.8,2007,2000
2007-07-07,27.3,22.5,24.75,99,79,91.71,18.7,1005.45,9.2,2007,2000
2007-07-08,27.4,21.6,24.11,99,81,92.54,9.1,1006.45,6.9,2007,2000
2007-07-09,27.7,21.8,24.12,99,76,91.96,23.5,1006.87,5.8,2007,2000
2007-07-10,27.9,21.8,24.55,96,75,89.71,10.0,1006.2,5.6,2007,2000
2007-07-11,27.7,22.7,24.56,96,75,89.58,14.7,1005.38,7.1,2007,2000
2007-07-12,27.7,21.2,24.1,99,81,91.71,15.6,1006.03,9.5,2007,2000
2007-07-13,27.8,21.2,23.72,99,77,92.92,9.8,1006.5,7.4,2007,2000
2007-07-14,26.2,21.6,23.45,99,82,94.42,22.9,1006.62,8.2,2007,2000
2007-07-15,27.6,20.7,23.82,99,75,90.75,8.9,1006.96,6.4,2007,2000
2007-07-16,27.7,21.6,24.09,99,72,89.83,11.2,1006.96,10.0,2007,2000
2007-07-17,27.1,21.3,24.01,99,77,90.54,7.1,1007.59,7.1,2007,2000
2007-07-18,27.6,20.5,23.64,99,77,94.08,12.9,1007.66,7.1,2007,2000
2007-07-19,28.3,21.2,23.67,99,69,91.92,22.0,1007.25,8.3,2007,2000
2007-07-20,26.6,20.8,23.51,99,76,90.58,12.9,1007.44,6.3,2007,2000
2007-07-21,27.2,21.1,23.9,99,78,90.0,18.7,1008.21,9.7,2007,2000
2007-07-22,27.5,21.6,23.7,100,80,91.79,10.1,1008.28,7.1,2007,2000
2007-07-23,27.3,21.0,23.72,99,78,92.12,14.4,1007.65,10.8,2007,2000
2007-07-24,28.6,21.6,24.17,99,71,90.42,8.0,1006.53,6.8,2007,2000
2007-07-25,28.5,20.9,23.84,99,70,90.46,9.2,1006.95,8.3,2007,2000
2007-07-26,27.8,21.8,24.31,96,74,88.83,7.9,1006.88,8.4,2007,2000
2007-07-27,28.1,22.0,24.42,96,74,89.79,12.8,1006.5,7.0,2007,2000
2007-07-28,28.0,22.4,24.68,96,76,89.33,7.4,1004.92,7.2,2007,2000
2007-07-29,28.0,22.3,24.87,95,80,89.12,9.1,1004.68,6.4,2007,2000
2007-07-30,27.2,22.2,24.57,99,78,89.67,10.9,1005.28,6.1,2007,2000
2007-07-31,28.1,22.1,24.53,99,75,89.75,20.9,1005.03,6.8,2007,2000
2007-08-01,28.4,22.3,24.41,99,74,91.42,14.9,1004.64,8.7,2007,2000
2007-08-02,28.5,21.8,24.4,99,73,90.54,11.9,1004.88,5.3,2007,2000
2007-08-03,28.4,21.3,24.45,99,72,89.38,12.8,1005.75,7.3,2007,2000
2007-08-04,27.7,22.3,24.44,96,72,88.71,9.2,1006.41,7.9,2007,2000
2007-08-05,27.1,22.9,24.52,96,81,91.08,15.4,1007.08,7.4,2007,2000
2007-08-06,28.5,21.5,23.88,99,70,92.83,24.2,1007.12,6.8,2007,2000
2007-08-07,27.5,21.1,23.87,99,74,92.04,14.2,1006.72,7.9,2007,2000
2007-08-08,27.3,20.5,24.08,98,79,90.33,15.5,1006.02,5.9,2007,2000
2007-08-09,26.8,21.8,23.94,100,82,93.25,37.6,1006.02,7.1,2007,2000
2007-08-10,26.1,22.2,23.86,99,83,93.58,24.8,1005.77,8.2,2007,2000
2007-08-11,26.5,21.9,23.88,99,86,92.83,11.8,1006.43,9.2,2007,2000
2007-08-12,27.3,21.3,23.93,99,78,92.42,25.6,1007.06,7.9,2007,2000
2007-08-13,28.9,21.5,23.99,99,70,91.33,24.7,1006.57,9.2,2007,2000
2007-08-14,28.2,21.0,23.71,99,71,92.62,26.3,1006.41,7.9,2007,2000
2007-08-15,27.5,21.0,23.65,99,76,93.0,16.5,1006.5,7.4,2007,2000
2007-08-16,28.1,21.2,23.95,98,73,90.5,9.7,1006.39,5.4,2007,2000
2007-08-17,26.8,21.8,24.03,98,77,90.92,17.6,1005.99,7.0,2007,2000
2007-08-18,28.0,21.1,23.74,99,71,91.5,15.4,1005.92,7.4,2007,2000
2007-08-19,28.0,21.4,24.2,99,70,88.83,6.7,1005.74,9.2,2007,2000
2007-08-20,27.9,21.7,24.18,99,76,90.62,12.0,1005.54,7.6,2007,2000
2007-08-21,26.7,22.2,24.05,99,79,92.25,21.2,1006.22,8.3,2007,2000
2007-08-22,27.8,21.7,23.95,99,75,91.42,10.8,1006.44,8.4,2007,2000
2007-08-23,28.6,21.5,24.26,97,69,89.08,9.6,1006.86,6.6,2007,2000
2007-08-24,28.1,21.8,23.75,99,72,90.46,22.5,1006.35,8.6,2007,2000
2007-08-25,25.8,21.3,22.95,99,83,95.58,21.6,1006.51,8.4,2007,2000
2007-08-26,25.7,21.7,22.91,99,82,95.96,26.9,1006.62,9.5,2007,2000
2007-08-27,27.7,21.7,23.99,99,76,90.04,14.1,1006.25,9.3,2007,2000
2007-08-28,26.6,21.5,24.08,99,84,91.33,6.8,1006.05,8.4,2007,2000
2007-08-29,27.7,22.1,24.27,95,74,89.54,16.7,1007.01,6.6,2007,2000
2007-08-30,27.8,21.6,23.99,99,75,91.04,17.0,1007.42,6.4,2007,2000
2007-08-31,26.9,20.9,23.91,99,80,91.83,13.1,1007.3,9.5,2007,2000
2007-09-01,27.2,20.4,23.58,99,74,92.21,13.5,1007.7,10.2,2007,2000
2007-09-02,28.7,20.5,23.93,99,67,90.29,20.5,1007.56,7.1,2007,2000
2007-09-03,28.5,20.4,24.18,99,69,88.04,8.5,1007.32,7.4,2007,2000
2007-09-04,27.3,21.2,23.6,96,84,92.54,11.2,1006.78,10.5,2007,2000
2007-09-05,28.4,21.5,23.98,99,71,89.96,5.0,1007.38,9.7,2007,2000
2007-09-06,28.1,21.8,24.26,99,78,91.12,7.7,1007.31,6.3,2007,2000
2007-09-07,29.2,21.6,24.75,96,67,87.08,8.4,1006.64,9.0,2007,2000
2007-09-08,27.9,22.1,24.32,96,75,90.0,11.6,1006.0,6.2,2007,2000
2007-09-09,27.1,21.8,23.88,99,80,91.5,13.9,1006.0,6.8,2007,2000
2007-09-10,27.9,20.2,24.02,99,72,88.71,4.2,1005.31,8.9,2007,2000
2007-09-11,29.4,21.1,24.83,98,66,86.62,7.3,1004.69,6.9,2007,2000
2007-09-12,27.6,22.4,24.2,99,78,91.58,20.0,1004.37,6.2,2007,2000
2007-09-13,28.4,21.1,23.96,99,71,92.33,24.8,1005.06,6.8,2007,2000
2007-09-14,27.5,22.2,23.64,99,78,94.75,31.1,1005.5,10.0,2007,2000
2007-09-15,26.4,21.5,23.64,99,81,93.75,18.4,1006.46,8.7,2007,2000
2007-09-16,26.8,21.2,23.3,99,79,94.42,67.7,1007.11,6.8,2007,2000
2007-09-17,27.9,21.0,24.16,99,71,89.25,7.4,1006.32,8.7,2007,2000
2007-09-18,28.0,22.3,24.65,95,73,87.33,16.0,1006.16,8.8,2007,2000
2007-09-19,28.0,22.7,24.3,99,77,90.75,18.1,1005.9,7.8,2007,2000
2007-09-20,26.7,22.4,24.37,95,83,91.0,6.3,1005.33,7.0,2007,2000
2007-09-21,27.5,22.8,24.53,97,80,90.75,20.1,1005.45,6.7,2007,2000
2007-09-22,26.8,21.6,24.04,99,80,92.42,17.2,1006.29,7.2,2007,2000
2007-09-23,28.6,22.1,24.61,99,75,89.62,5.4,1006.87,7.3,2007,2000
2007-09-24,28.7,21.5,24.55,96,70,87.75,8.4,1006.6,7.2,2007,2000
2007-09-25,28.3,21.1,24.17,97,71,88.54,6.6,1007.09,7.9,2007,2000
2007-09-26,29.1,21.2,24.26,97,68,87.92,6.6,1007.27,8.0,2007,2000
2007-09-27,28.7,22.2,24.49,99,72,88.88,9.4,1006.42,6.6,2007,2000
2007-09-28,28.6,21.5,24.32,100,74,90.71,11.2,1005.24,6.5,2007,2000
2007-09-29,28.3,22.5,24.63,96,71,89.29,10.0,1005.24,7.4,2007,2000
2007-09-30,28.6,22.1,24.75,99,76,90.88,26.0,1006.31,6.6,2007,2000
2007-10-01,27.1,22.2,23.92,99,78,93.58,45.2,1007.02,11.3,2007,2000
2007-10-02,24.4,21.7,23.11,99,91,97.67,71.9,1007.12,8.5,2007,2000
2007-10-03,26.3,22.1,23.76,99,84,94.46,56.7,1006.73,8.8,2007,2000
2007-10-04,28.7,21.9,24.35,97,70,89.58,18.1,1006.4,7.6,2007,2000
2007-10-05,27.4,22.0,24.13,99,83,93.04,23.5,1006.09,10.4,2007,2000
2007-10-06,28.0,21.4,23.88,99,72,90.5,21.5,1004.62,10.2,2007,2000
2007-10-07,25.2,22.0,23.08,99,86,96.12,42.1,1004.21,11.0,2007,2000
2007-10-08,23.8,21.9,22.63,99,97,98.71,74.6,1005.06,11.5,2007,2000
2007-10-09,23.1,21.2,22.25,99,98,98.62,59.0,1006.75,8.6,2007,2000
2007-10-10,26.2,21.6,23.45,99,80,91.71,11.6,1006.61,14.5,2007,2000
2007-10-11,26.8,22.4,23.65,99,80,91.46,9.3,1006.48,13.0,2007,2000
2007-10-12,25.6,22.2,23.16,99,88,95.17,44.9,1006.18,11.5,2007,2000
2007-10-13,26.5,21.5,23.56,99,76,91.79,22.1,1005.56,10.2,2007,2000
2007-10-14,28.4,21.4,23.94,98,72,89.62,9.4,1004.91,7.7,2007,2000
2007-10-15,25.5,21.9,23.27,99,85,95.42,38.9,1004.57,11.4,2007,2000
2007-10-16,25.5,22.0,23.08,99,87,95.96,49.7,1005.62,9.6,2007,2000
2007-10-17,26.8,21.6,23.75,99,84,92.83,8.0,1006.62,9.4,2007,2000
2007-10-18,26.7,21.8,23.41,99,79,93.58,18.9,1006.52,9.8,2007,2000
2007-10-19,26.3,21.7,23.55,99,78,92.29,11.4,1006.51,13.8,2007,2000
2007-10-20,24.7,21.6,22.86,99,84,95.5,16.9,1007.28,12.4,2007,2000
2007-10-21,25.1,21.2,22.6,99,84,96.71,27.2,1007.31,5.6,2007,2000
2007-10-22,27.1,20.6,23.34,99,74,90.96,25.8,1006.36,6.1,2007,2000
2007-10-23,27.1,20.3,23.41,99,79,90.42,6.1,1006.15,10.2,2007,2000
2007-10-24,26.5,21.2,23.23,99,81,91.79,12.3,1006.24,9.0,2007,2000
2007-10-25,24.7,21.3,22.62,99,90,96.71,65.4,1005.97,8.9,2007,2000
2007-10-26,26.3,20.7,22.97,99,83,93.38,23.0,1005.94,8.7,2007,2000
2007-10-27,28.7,20.1,22.7,99,67,92.38,28.9,1005.61,6.3,2007,2000
2007-10-28,26.0,20.7,22.98,99,81,92.46,33.9,1005.28,9.4,2007,2000
2007-10-29,24.6,21.0,22.4,100,92,97.58,131.4,1005.83,6.5,2007,2000
2007-10-30,25.4,20.6,22.61,99,88,95.42,40.2,1006.28,8.9,2007,2000
2007-10-31,24.7,21.1,22.39,99,89,97.33,49.0,1006.03,13.4,2007,2000
2007-11-01,24.8,21.5,22.37,99,88,97.21,28.4,1006.3,8.2,2007,2000
2007-11-02,27.0,20.8,23.15,99,80,92.88,16.5,1006.6,11.8,2007,2000
2007-11-03,28.0,20.9,24.05,99,74,88.71,9.9,1006.4,6.0,2007,2000
2007-11-04,26.9,21.1,23.87,98,76,89.54,11.8,1004.69,6.3,2007,2000
2007-11-05,27.3,20.6,23.49,99,81,92.46,34.3,1003.88,7.6,2007,2000
2007-11-06,25.7,21.4,23.4,99,84,93.33,34.4,1004.45,8.0,2007,2000
2007-11-07,27.3,20.8,23.8,99,75,89.54,13.4,1004.43,4.8,2007,2000
2007-11-08,27.7,20.7,23.58,99,72,90.83,28.9,1004.4,5.4,2007,2000
2007-11-09,25.8,20.8,22.96,99,85,95.83,48.8,1005.5,6.4,2007,2000
2007-11-10,25.5,20.8,22.84,99,87,95.17,49.6,1005.58,6.3,2007,2000
2007-11-11,26.5,20.4,22.55,99,79,94.29,30.5,1005.42,5.8,2007,2000
2007-11-12,26.5,20.4,23.2,100,80,91.83,5.2,1005.86,9.3,2007,2000
2007-11-13,27.1,21.3,23.67,98,76,90.62,22.0,1005.18,9.7,2007,2000
2007-11-14,27.1,21.9,23.68,99,76,92.29,58.8,1003.39,4.2,2007,2000
2007-11-15,28.3,21.0,24.19,93,66,83.08,4.5,1003.57,6.5,2007,2000
2007-11-16,28.9,21.5,24.41,94,65,84.88,5.9,1003.95,5.4,2007,2000
2007-11-17,28.7,21.7,24.62,94,66,84.5,5.2,1004.15,6.5,2007,2000
2007-11-18,27.7,22.3,24.51,95,73,87.46,8.7,1003.83,6.3,2007,2000
2007-11-19,28.1,21.7,24.68,98,75,89.08,8.8,1002.9,5.8,2007,2000
2007-11-20,29.3,21.2,24.67,99,66,87.79,5.7,1003.37,5.2,2007,2000
2007-11-21,28.4,21.9,24.08,99,73,91.71,16.8,1005.79,6.5,2007,2000
2007-11-22,28.0,20.8,23.9,99,73,89.75,11.7,1006.71,6.9,2007,2000
2007-11-23,28.9,20.8,24.38,99,66,86.62,4.2,1005.68,6.8,2007,2000
2007-11-24,28.5,21.6,24.34,95,68,86.04,6.6,1005.09,5.4,2007,2000
2007-11-25,29.0,21.3,24.6,95,65,84.67,7.8,1004.37,6.9,2007,2000
2007-11-26,28.3,21.9,24.59,95,72,87.88,8.3,1004.8,7.4,2007,2000
2007-11-27,27.2,22.0,24.11,99,77,91.33,17.9,1006.25,6.1,2007,2000
2007-11-28,29.1,22.0,24.62,96,63,86.58,4.2,1005.91,5.9,2007,2000
2007-11-29,28.8,22.0,24.82,89,63,80.12,5.0,1006.1,7.6,2007,2000
2007-11-30,29.5,20.5,24.56,92,56,79.21,2.8,1007.08,8.0,2007,2000
2007-12-01,28.9,19.8,23.88,94,57,80.0,2.2,1007.86,8.0,2007,2000
2007-12-02,28.9,19.8,23.67,94,60,79.54,1.4,1008.38,8.4,2007,2000
2007-12-03,28.4,20.6,23.86,95,62,81.71,9.3,1009.09,6.9,2007,2000
2007-12-04,27.7,20.1,23.14,95,62,83.62,6.2,1008.83,7.7,2007,2000
2007-12-05,26.6,19.6,22.84,95,77,89.21,10.1,1008.46,6.1,2007,2000
2007-12-06,27.4,20.6,23.18,98,70,89.54,9.8,1009.58,4.8,2007,2000
2007-12-07,28.3,20.9,23.85,94,63,83.33,2.4,1009.73,7.6,2007,2000
2007-12-08,28.9,20.6,23.92,93,59,79.33,2.5,1007.3,7.6,2007,2000
2007-12-09,27.8,22.5,24.58,92,72,84.96,4.8,1005.41,4.6,2007,2000
2007-12-10,28.3,22.3,24.64,92,69,83.04,4.7,1005.52,5.4,2007,2000
2007-12-11,27.3,21.3,23.79,95,75,86.58,7.2,1006.18,6.2,2007,2000
2007-12-12,27.9,20.3,23.52,95,66,84.79,6.4,1006.05,7.6,2007,2000
2007-12-13,28.0,21.7,24.15,95,69,85.42,2.6,1006.61,5.6,2007,2000
2007-12-14,28.3,20.6,24.0,93,61,82.21,1.5,1006.58,7.9,2007,2000
2007-12-15,27.4,20.6,23.74,93,67,83.25,7.4,1006.25,8.7,2007,2000
2007-12-16,27.6,21.2,23.48,98,70,88.38,22.3,1006.43,7.3,2007,2000
2007-12-17,28.4,20.2,23.56,98,65,86.96,10.1,1006.69,6.8,2007,2000
2007-12-18,28.8,20.0,23.78,99,63,85.92,4.3,1007.77,9.7,2007,2000
2007-12-19,28.1,19.0,23.0,99,64,86.12,4.5,1007.68,7.2,2007,2000
2007-12-20,27.8,20.5,23.43,94,65,83.42,2.7,1006.32,7.8,2007,2000
2007-12-21,26.8,21.4,23.5,94,71,85.46,9.2,1005.68,6.5,2007,2000
2007-12-22,27.7,21.4,24.04,95,70,87.04,5.4,1005.46,5.4,2007,2000
2007-12-23,27.4,22.5,24.44,95,80,89.0,14.4,1006.08,4.7,2007,2000
2007-12-24,27.3,21.4,23.52,96,68,88.96,8.3,1005.07,6.5,2007,2000
2007-12-25,27.9,22.5,24.51,91,72,84.46,5.5,1004.11,7.1,2007,2000
2007-12-26,29.2,21.3,24.53,93,55,78.79,1.5,1003.83,8.8,2007,2000
2007-12-27,29.1,19.9,23.89,92,56,77.21,1.3,1004.72,8.7,2007,2000
2007-12-28,28.5,21.9,24.45,92,64,81.38,11.5,1005.08,7.0,2007,2000
2007-12-29,28.2,22.8,24.59,92,69,84.29,3.8,1004.47,5.4,2007,2000
2007-12-30,29.9,21.4,24.62,93,57,78.5,5.0,1004.73,8.0,2007,2000
2007-12-31,29.1,21.6,24.47,94,60,81.04,2.1,1005.68,6.1,2007,2000
2008-01-01,29.8,20.5,24.75,93,56,74.88,1.7,1005.71,8.4,2008,2000
2008-01-02,29.4,22.6,25.2,75,52,63.79,0.0,1005.63,10.6,2008,2000
2008-01-03,28.5,21.4,24.86,78,55,65.54,0.0,1006.82,11.6,2008,2000
2008-01-04,29.0,22.3,24.95,75,50,63.79,0.0,1006.22,13.2,2008,2000
2008-01-05,30.1,20.7,24.87,82,52,70.96,0.3,1006.08,9.0,2008,2000
2008-01-06,30.2,22.3,25.55,85,54,73.38,0.5,1005.99,6.5,2008,2000
2008-01-07,29.3,23.2,25.44,86,58,74.83,3.7,1006.76,5.8,2008,2000
2008-01-08,29.7,21.5,24.87,87,54,73.92,1.6,1006.88,7.2,2008,2000
2008-01-09,29.7,20.2,24.35,91,49,72.04,1.2,1006.3,8.5,2008,2000
2008-01-10,29.3,19.7,24.11,89,54,73.5,1.1,1006.04,8.2,2008,2000
2008-01-11,28.4,20.8,24.0,93,59,78.5,2.7,1005.51,7.3,2008,2000
2008-01-12,30.2,19.9,24.37,91,46,72.29,1.1,1004.35,8.6,2008,2000
2008-01-13,30.2,18.7,24.08,81,41,66.25,0.3,1005.06,10.2,2008,2000
2008-01-14,30.8,20.1,24.81,78,41,64.08,0.8,1005.41,10.3,2008,2000
2008-01-15,29.8,21.2,24.78,85,51,70.21,6.1,1005.13,8.0,2008,2000
2008-01-16,29.5,21.7,24.76,87,58,76.5,6.0,1004.82,6.8,2008,2000
2008-01-17,30.2,21.6,25.11,87,52,72.46,1.1,1004.84,7.7,2008,2000
2008-01-18,30.7,20.9,25.1,91,49,72.46,0.4,1004.56,8.2,2008,2000
2008-01-19,30.8,21.0,25.01,90,50,74.62,2.4,1004.56,8.0,2008,2000
2008-01-20,31.6,21.1,25.81,90,46,70.42,1.2,1005.43,7.9,2008,2000
2008-01-21,31.0,21.1,25.82,84,46,65.75,0.6,1005.87,9.0,2008,2000
2008-01-22,31.2,21.7,25.96,76,41,59.17,0.0,1005.22,9.8,2008,2000
2008-01-23,31.9,21.1,25.98,72,39,57.54,0.4,1004.46,10.8,2008,2000
2008-01-24,31.5,21.6,25.94,83,45,65.58,0.1,1004.75,8.2,2008,2000
2008-01-25,31.8,22.1,26.23,73,38,57.17,0.0,1006.18,10.4,2008,2000
2008-01-26,31.6,20.8,26.02,78,31,53.83,0.0,1006.55,9.7,2008,2000
2008-01-27,31.3,22.2,25.8,73,39,56.62,0.3,1006.86,9.4,2008,2000
2008-01-28,31.6,20.2,25.6,75,34,54.17,0.0,1006.15,10.3,2008,2000
2008-01-29,31.6,19.2,24.95,71,34,53.83,2.6,1006.58,10.0,2008,2000
2008-01-30,31.8,19.5,25.16,75,34,58.29,0.2,1006.91,9.8,2008,2000
2008-01-31,31.8,19.9,25.31,75,33,59.0,0.0,1007.61,9.6,2008,2000
2008-02-01,30.2,20.4,24.55,86,48,67.88,1.9,1008.89,8.4,2008,2000
2008-02-02,31.2,20.5,24.93,90,35,63.83,0.3,1008.27,9.2,2008,2000
2008-02-03,31.0,20.0,25.01,75,36,58.42,0.2,1007.93,9.3,2008,2000
2008-02-04,31.6,20.1,25.12,75,37,59.38,0.4,1007.03,9.5,2008,2000
2008-02-05,31.9,20.1,25.3,82,39,63.79,1.1,1007.19,8.7,2008,2000
2008-02-06,31.7,20.7,25.81,82,41,65.92,2.2,1006.92,8.4,2008,2000
2008-02-07,32.0,21.8,26.2,81,44,65.62,2.2,1006.02,9.0,2008,2000
2008-02-08,32.5,21.4,26.58,82,41,63.5,2.0,1004.89,8.9,2008,2000
2008-02-09,33.5,21.9,27.15,76,35,57.21,0.5,1004.62,9.6,2008,2000
2008-02-10,32.4,22.8,27.03,71,41,57.17,1.7,1005.1,9.4,2008,2000
2008-02-11,31.7,23.2,26.79,76,42,59.12,0.9,1004.85,7.7,2008,2000
2008-02-12,31.9,22.8,26.62,71,44,59.96,0.9,1004.3,8.8,2008,2000
2008-02-13,32.7,22.7,26.53,83,41,65.92,4.2,1004.42,7.7,2008,2000
2008-02-14,31.3,23.0,26.47,84,47,65.83,2.5,1006.08,7.6,2008,2000
2008-02-15,31.6,22.8,26.63,81,42,62.54,0.8,1005.94,8.9,2008,2000
2008-02-16,32.0,22.4,26.33,80,39,60.92,8.2,1005.25,8.0,2008,2000
2008-02-17,30.0,22.2,25.28,87,52,73.62,6.1,1005.71,8.0,2008,2000
2008-02-18,29.5,22.3,24.75,98,59,83.25,16.4,1007.44,6.4,2008,2000
2008-02-19,27.4,21.7,24.41,98,66,82.12,11.4,1009.38,4.9,2008,2000
2008-02-20,30.1,21.9,25.39,90,47,72.42,2.3,1008.74,5.2,2008,2000
2008-02-21,30.6,21.0,25.17,86,44,67.71,4.0,1008.19,7.8,2008,2000
2008-02-22,30.2,20.3,24.95,90,50,73.79,2.0,1007.54,12.1,2008,2000
2008-02-23,31.3,21.6,25.49,92,47,72.5,1.3,1007.59,7.9,2008,2000
2008-02-24,31.6,21.4,25.97,88,45,67.67,1.5,1007.88,7.9,2008,2000
2008-02-25,31.9,22.6,26.49,82,41,63.92,1.9,1007.31,8.0,2008,2000
2008-02-26,31.9,20.7,25.9,82,41,65.5,2.0,1006.32,8.3,2008,2000
2008-02-27,31.5,21.7,26.02,84,42,68.08,3.2,1006.56,7.9,2008,2000
2008-02-28,32.3,19.9,25.76,86,29,55.29,0.0,1006.87,12.6,2008,2000
2008-02-29,32.9,22.5,26.89,61,31,48.17,0.0,1006.03,13.7,2008,2000
2008-03-01,32.9,22.9,27.09,65,33,50.04,0.0,1005.31,10.0,2008,2000
2008-03-02,33.0,21.1,26.57,66,31,50.29,0.1,1004.83,10.8,2008,2000
2008-03-03,32.8,20.7,26.26,75,34,57.54,1.7,1005.73,9.7,2008,2000
2008-03-04,32.3,21.1,26.14,85,40,65.08,1.7,1006.78,10.3,2008,2000
2008-03-05,32.0,22.5,25.86,88,40,70.04,3.9,1007.83,9.1,2008,2000
2008-03-06,30.6,21.6,25.49,92,49,74.5,2.7,1007.54,7.2,2008,2000
2008-03-07,30.4,21.3,25.62,92,53,75.75,3.4,1006.92,7.7,2008,2000
2008-03-08,31.0,21.6,26.14,92,46,69.46,4.2,1007.01,6.2,2008,2000
2008-03-09,32.1,21.9,26.54,74,36,57.25,0.7,1007.34,8.7,2008,2000
2008-03-10,32.5,21.9,26.48,71,35,56.08,1.8,1008.12,8.7,2008,2000
2008-03-11,32.3,20.7,26.07,75,34,55.54,0.1,1006.66,9.4,2008,2000
2008-03-12,32.2,21.4,26.17,72,37,56.04,1.2,1006.68,9.1,2008,2000
2008-03-13,31.8,22.6,26.35,79,41,59.58,0.7,1008.0,8.1,2008,2000
2008-03-14,31.5,21.7,25.88,80,41,65.75,7.9,1007.88,9.1,2008,2000
2008-03-15,31.8,21.4,26.23,89,46,69.42,3.4,1006.5,7.1,2008,2000
2008-03-16,33.8,21.4,27.22,80,36,60.96,0.0,1005.65,7.9,2008,2000
2008-03-17,33.1,23.6,27.57,71,41,58.88,1.2,1005.82,8.5,2008,2000
2008-03-18,33.0,22.6,27.27,71,36,56.71,0.6,1005.33,8.8,2008,2000
2008-03-19,32.8,22.5,26.73,84,41,63.25,6.8,1005.45,8.2,2008,2000
2008-03-20,31.6,23.1,26.8,90,51,71.25,6.0,1005.51,7.4,2008,2000
2008-03-21,32.8,23.6,27.22,75,37,58.0,0.0,1004.72,10.5,2008,2000
2008-03-22,33.3,22.3,27.17,67,35,54.67,0.8,1004.71,11.4,2008,2000
2008-03-23,33.4,21.7,27.15,76,36,57.62,0.2,1004.75,9.9,2008,2000
2008-03-24,33.3,22.3,27.64,77,39,58.0,0.7,1005.62,9.6,2008,2000
2008-03-25,33.4,24.0,27.88,67,36,53.29,0.0,1006.44,12.4,2008,2000
2008-03-26,33.0,24.2,27.85,63,39,52.04,0.0,1005.57,12.5,2008,2000
2008-03-27,33.8,23.7,27.95,65,36,53.67,0.6,1004.38,9.6,2008,2000
2008-03-28,33.5,22.5,27.66,75,36,57.12,0.5,1004.39,8.9,2008,2000
2008-03-29,33.8,21.6,27.43,75,34,54.67,0.4,1005.25,10.0,2008,2000
2008-03-30,34.0,21.9,27.44,70,32,55.0,0.0,1005.81,9.1,2008,2000
2008-03-31,33.0,21.5,26.73,80,34,59.33,1.8,1006.14,9.3,2008,2000
2008-04-01,33.0,22.2,27.05,81,36,60.17,1.8,1006.4,6.9,2008,2000
2008-04-02,33.2,21.8,26.92,73,33,56.71,1.8,1006.1,7.9,2008,2000
2008-04-03,32.5,22.1,26.57,82,38,61.08,7.3,1006.02,7.3,2008,2000
2008-04-04,32.5,22.4,26.51,81,40,65.71,3.4,1006.01,8.0,2008,2000
2008-04-05,31.1,22.1,26.19,90,50,72.38,3.2,1006.5,8.2,2008,2000
2008-04-06,32.2,22.8,27.09,87,48,69.29,3.4,1006.18,6.3,2008,2000
2008-04-07,31.6,23.1,26.18,88,51,73.54,6.6,1005.45,6.9,2008,2000
2008-04-08,31.4,21.6,25.22,95,50,78.96,9.2,1004.96,7.7,2008,2000
2008-04-09,30.4,22.7,25.38,90,54,78.54,16.7,1005.52,5.8,2008,2000
2008-04-10,29.4,21.8,24.4,96,61,85.71,18.2,1005.53,6.6,2008,2000
2008-04-11,28.9,21.7,24.31,97,64,87.04,17.6,1004.98,6.9,2008,2000
2008-04-12,30.5,21.1,24.87,97,54,81.83,5.9,1004.85,7.7,2008,2000
2008-04-13,30.1,21.4,25.22,92,58,77.08,4.0,1005.56,8.1,2008,2000
2008-04-14,30.2,21.2,25.37,93,53,74.33,3.3,1006.12,8.2,2008,2000
2008-04-15,32.1,21.5,26.2,76,36,57.12,0.0,1004.86,11.2,2008,2000
2008-04-16,32.8,22.7,26.9,74,43,58.08,1.0,1003.39,12.4,2008,2000
2008-04-17,32.5,23.8,27.35,82,47,68.29,3.0,1003.18,6.6,2008,2000
2008-04-18,33.2,24.3,27.89,86,47,69.5,1.5,1003.13,6.2,2008,2000
2008-04-19,33.2,24.0,27.25,83,46,70.42,3.5,1003.92,7.6,2008,2000
2008-04-20,31.4,24.1,26.97,89,55,74.38,5.5,1003.89,5.9,2008,2000
2008-04-21,31.1,23.7,26.62,91,56,75.96,5.1,1004.39,5.2,2008,2000
2008-04-22,32.0,22.9,26.7,92,50,73.33,0.9,1004.21,8.2,2008,2000
2008-04-23,32.2,22.3,26.73,89,46,71.17,2.1,1004.92,8.1,2008,2000
2008-04-24,32.3,22.6,26.64,87,43,67.67,0.9,1005.72,10.3,2008,2000
2008-04-25,32.3,22.9,26.75,85,39,66.08,1.1,1005.02,9.8,2008,2000
2008-04-26,32.4,23.3,26.73,85,40,65.83,1.0,1004.75,8.5,2008,2000
2008-04-27,32.5,23.8,27.05,81,42,65.92,2.3,1004.87,7.0,2008,2000
2008-04-28,32.5,22.8,26.88,82,39,64.12,1.1,1005.09,8.0,2008,2000
2008-04-29,32.3,22.3,26.25,86,46,68.67,7.5,1006.05,7.6,2008,2000
2008-04-30,31.1,23.2,25.58,94,54,79.67,15.1,1006.21,6.5,2008,2000
2008-05-01,30.5,21.0,25.13,96,52,80.08,3.9,1005.95,9.2,2008,2000
2008-05-02,29.9,21.8,25.41,95,55,79.83,5.5,1005.74,9.9,2008,2000
2008-05-03,29.9,22.5,25.63,94,58,79.58,2.8,1005.65,6.9,2008,2000
2008-05-04,30.1,22.3,25.75,94,56,78.08,1.8,1005.94,8.7,2008,2000
2008-05-05,31.4,22.2,26.07,93,48,71.96,1.3,1005.79,6.9,2008,2000
2008-05-06,33.0,21.3,26.57,89,40,65.62,0.6,1004.38,8.6,2008,2000
2008-05-07,33.3,22.7,27.36,83,42,64.12,2.4,1003.02,8.5,2008,2000
2008-05-08,32.3,23.5,26.95,87,49,72.79,5.1,1003.1,6.1,2008,2000
2008-05-09,29.4,23.5,25.31,96,64,84.58,21.4,1004.6,7.7,2008,2000
2008-05-10,29.1,22.0,24.95,97,71,87.38,9.2,1005.07,9.9,2008,2000
2008-05-11,29.9,22.8,25.52,96,65,85.33,6.3,1006.01,4.4,2008,2000
2008-05-12,28.7,22.0,24.94,99,73,89.38,15.4,1006.47,8.3,2008,2000
2008-05-13,30.2,21.7,25.32,99,65,84.75,9.1,1006.1,5.5,2008,2000
2008-05-14,30.5,22.0,25.77,95,61,82.04,3.7,1005.75,6.8,2008,2000
2008-05-15,29.9,21.8,25.68,94,62,81.58,8.0,1006.46,5.8,2008,2000
2008-05-16,29.6,22.6,25.42,96,64,83.96,8.8,1007.03,8.0,2008,2000
2008-05-17,31.4,22.8,26.0,94,52,78.88,3.4,1006.73,9.4,2008,2000
2008-05-18,27.5,21.7,24.19,99,69,89.62,20.8,1006.89,7.4,2008,2000
2008-05-19,28.2,21.4,24.0,99,72,92.42,29.2,1007.24,7.4,2008,2000
2008-05-20,27.5,21.4,23.9,99,74,92.71,29.9,1007.12,9.8,2008,2000
2008-05-21,26.2,21.6,23.34,100,86,95.79,41.3,1006.61,9.1,2008,2000
2008-05-22,28.1,21.9,23.26,99,75,96.88,23.8,1006.5,8.1,2008,2000
2008-05-23,26.7,21.6,23.6,99,82,93.67,16.4,1006.91,8.6,2008,2000
2008-05-24,26.4,20.7,23.02,99,82,94.92,18.7,1006.45,8.2,2008,2000
2008-05-25,26.5,21.4,23.76,99,87,92.75,16.0,1006.38,6.4,2008,2000
2008-05-26,25.3,20.7,23.17,99,85,93.92,22.4,1005.0,6.9,2008,2000
2008-05-27,24.9,21.3,22.54,99,89,97.0,36.9,1004.71,10.5,2008,2000
2008-05-28,27.3,21.0,22.26,99,74,97.21,48.4,1006.03,4.8,2008,2000
2008-05-29,25.5,20.8,22.5,99,84,95.79,38.3,1007.45,10.9,2008,2000
2008-05-30,28.8,19.7,24.35,95,66,83.71,0.3,1006.81,9.2,2008,2000
2008-05-31,29.4,21.7,25.22,94,69,84.46,4.0,1006.44,7.9,2008,2000
2008-06-01,26.8,22.3,24.16,98,84,92.5,18.8,1006.63,7.2,2008,2000
2008-06-02,26.8,21.7,23.76,97,77,91.17,7.6,1006.48,8.1,2008,2000
2008-06-03,27.6,21.8,24.13,96,77,91.12,7.5,1006.25,8.7,2008,2000
2008-06-04,28.1,21.7,24.33,96,73,88.75,16.8,1005.57,7.1,2008,2000
2008-06-05,28.4,20.9,24.33,99,70,89.0,11.0,1005.81,6.5,2008,2000
2008-06-06,27.4,21.9,24.27,99,79,91.42,14.1,1006.13,5.9,2008,2000
2008-06-07,27.8,21.5,23.81,99,75,92.92,18.4,1006.13,5.2,2008,2000
2008-06-08,25.9,21.1,23.58,99,88,94.83,9.2,1006.02,6.1,2008,2000
2008-06-09,28.0,21.9,24.13,99,75,91.33,15.9,1006.74,7.6,2008,2000
2008-06-10,29.0,21.6,24.85,99,68,88.21,6.1,1006.85,7.4,2008,2000
2008-06-11,28.8,22.2,25.12,96,70,87.79,14.0,1005.82,7.3,2008,2000
2008-06-12,28.1,22.2,24.68,99,79,91.62,27.1,1005.4,6.0,2008,2000
2008-06-13,28.3,22.0,25.04,99,74,87.67,14.4,1005.1,5.6,2008,2000
2008-06-14,29.0,21.8,24.82,98,67,86.25,16.6,1005.07,5.8,2008,2000
2008-06-15,27.4,21.8,24.24,99,83,91.96,13.6,1005.29,7.7,2008,2000
2008-06-16,28.3,21.5,24.78,99,76,90.17,7.8,1006.0,7.4,2008,2000
2008-06-17,28.6,23.0,24.96,96,76,90.17,18.3,1006.79,6.4,2008,2000
2008-06-18,28.8,22.2,24.5,96,69,87.96,11.6,1006.02,6.6,2008,2000
2008-06-19,27.6,22.0,24.45,97,76,90.25,9.3,1005.69,6.5,2008,2000
2008-06-20,29.2,21.4,24.71,98,71,87.38,9.3,1006.1,6.3,2008,2000
2008-06-21,29.0,21.9,25.03,95,66,85.08,5.5,1005.76,6.5,2008,2000
2008-06-22,28.2,22.3,24.32,95,69,88.12,14.6,1005.55,7.2,2008,2000
2008-06-23,26.2,21.8,23.2,99,85,95.42,92.3,1006.41,5.3,2008,2000
2008-06-24,28.3,20.8,24.8,99,73,87.83,6.2,1007.16,5.4,2008,2000
2008-06-25,28.3,22.7,24.93,95,70,86.33,5.7,1006.56,6.8,2008,2000
2008-06-26,29.6,22.2,24.25,99,65,91.38,45.0,1005.22,5.9,2008,2000
2008-06-27,28.2,21.8,24.28,100,76,91.25,18.8,1004.99,7.9,2008,2000
2008-06-28,27.5,22.3,24.18,99,79,91.46,15.9,1005.59,5.4,2008,2000
2008-06-29,27.5,22.0,24.15,99,83,92.79,18.7,1006.48,8.7,2008,2000
2008-06-30,29.1,21.6,24.65,99,71,90.62,23.1,1006.11,6.1,2008,2000
2008-07-01,28.1,22.4,24.24,99,75,91.75,17.0,1006.01,8.2,2008,2000
2008-07-02,27.4,21.8,23.93,99,78,92.25,16.4,1006.8,7.6,2008,2000
2008-07-03,28.3,21.4,23.95,99,74,93.12,18.2,1007.82,6.8,2008,2000
2008-07-04,26.8,21.5,23.62,99,86,94.5,17.5,1007.9,7.9,2008,2000
2008-07-05,26.0,22.0,23.47,99,84,96.25,18.5,1007.56,5.8,2008,2000
2008-07-06,28.3,21.5,23.88,99,71,91.46,14.4,1006.93,6.7,2008,2000
2008-07-07,28.3,20.9,23.86,99,72,91.04,17.2,1006.48,8.4,2008,2000
2008-07-08,27.7,21.3,23.59,99,70,89.58,23.5,1005.93,7.4,2008,2000
2008-07-09,26.5,20.2,22.96,99,82,94.46,19.8,1006.3,9.0,2008,2000
2008-07-10,28.6,21.4,24.18,99,69,89.58,12.5,1007.4,9.7,2008,2000
2008-07-11,27.9,21.4,24.11,99,73,91.12,15.9,1008.28,6.1,2008,2000
2008-07-12,26.7,21.5,23.41,99,78,93.62,99.3,1008.09,5.9,2008,2000
2008-07-13,26.7,21.2,23.47,99,86,93.5,14.5,1007.17,6.3,2008,2000
2008-07-14,27.1,20.5,23.22,99,76,93.42,16.7,1006.6,7.6,2008,2000
2008-07-15,27.3,21.0,23.76,99,75,89.75,12.4,1007.35,5.8,2008,2000
2008-07-16,27.6,22.0,23.86,99,71,89.42,9.8,1007.62,8.3,2008,2000
2008-07-17,26.2,21.3,23.35,99,84,93.5,11.7,1007.01,8.4,2008,2000
2008-07-18,26.5,20.4,22.58,99,78,95.46,34.9,1006.48,7.9,2008,2000
2008-07-19,27.1,20.2,23.34,99,81,91.92,5.6,1005.68,7.0,2008,2000
2008-07-20,28.1,21.9,24.55,96,72,88.46,5.5,1006.06,7.3,2008,2000
2008-07-21,28.1,21.3,24.48,99,73,89.04,6.5,1005.8,6.8,2008,2000
2008-07-22,29.0,22.8,24.78,96,68,87.5,7.0,1005.79,7.6,2008,2000
2008-07-23,27.4,21.5,24.19,97,76,90.79,9.2,1005.52,6.6,2008,2000
2008-07-24,28.2,21.5,24.53,96,72,87.67,8.9,1005.73,6.7,2008,2000
2008-07-25,29.1,21.8,24.85,98,69,86.79,10.3,1006.19,5.1,2008,2000
2008-07-26,28.3,22.7,24.8,96,71,86.46,13.4,1005.84,6.1,2008,2000
2008-07-27,27.5,21.4,24.12,99,73,89.75,11.6,1005.83,6.7,2008,2000
2008-07-28,27.5,21.5,24.21,99,82,92.12,7.9,1006.78,6.0,2008,2000
2008-07-29,27.7,21.6,24.23,99,73,89.83,13.7,1007.47,9.4,2008,2000
2008-07-30,27.9,22.1,24.28,96,71,88.88,6.5,1007.11,6.6,2008,2000
2008-07-31,27.8,21.5,24.02,96,80,90.58,14.7,1006.05,5.9,2008,2000
2008-08-01,28.5,21.6,24.23,98,73,89.75,6.6,1006.1,8.6,2008,2000
2008-08-02,27.7,21.9,23.92,99,78,91.92,13.9,1005.91,5.5,2008,2000
2008-08-03,26.5,21.4,23.99,99,79,91.58,13.4,1005.1,8.2,2008,2000
2008-08-04,29.8,22.3,24.72,96,66,88.12,13.0,1004.97,7.2,2008,2000
2008-08-05,27.0,21.8,24.58,99,79,89.29,7.3,1005.05,4.5,2008,2000
2008-08-06,28.6,22.3,24.68,96,73,88.38,8.5,1004.95,5.9,2008,2000
2008-08-07,27.0,22.4,24.22,99,79,90.96,32.7,1004.09,5.6,2008,2000
2008-08-08,26.3,21.6,23.77,99,85,94.38,10.1,1004.99,6.2,2008,2000
2008-08-09,26.4,21.8,24.28,96,85,90.92,17.0,1005.99,5.4,2008,2000
2008-08-10,27.9,21.6,24.11,96,69,89.0,14.0,1006.98,5.4,2008,2000
2008-08-11,28.8,21.6,23.96,97,65,87.5,9.8,1007.58,8.2,2008,2000
2008-08-12,26.6,21.3,23.75,98,81,91.04,12.9,1006.77,7.5,2008,2000
2008-08-13,27.9,21.3,24.31,97,75,89.67,19.3,1006.3,8.0,2008,2000
2008-08-14,28.3,21.8,24.37,96,73,88.96,10.4,1006.87,7.4,2008,2000
2008-08-15,27.9,21.6,24.51,96,71,88.12,9.6,1007.9,8.0,2008,2000
2008-08-16,27.2,20.7,23.27,99,80,94.29,79.7,1007.47,8.4,2008,2000
2008-08-17,25.3,21.7,22.8,99,85,97.67,118.5,1006.68,14.3,2008,2000
2008-08-18,27.0,21.1,23.67,99,74,90.54,5.8,1006.69,6.3,2008,2000
2008-08-19,26.6,21.1,23.38,97,83,92.04,14.6,1006.78,9.4,2008,2000
2008-08-20,26.9,21.1,23.57,99,79,92.08,12.8,1006.71,6.1,2008,2000
2008-08-21,26.9,21.2,24.06,99,75,89.46,13.0,1006.91,6.5,2008,2000
2008-08-22,28.5,22.0,24.06,99,70,88.83,18.1,1006.74,7.0,2008,2000
2008-08-23,27.1,21.1,23.56,99,81,92.46,19.2,1006.65,7.6,2008,2000
2008-08-24,28.7,21.3,23.96,99,66,89.17,7.4,1006.16,11.0,2008,2000
2008-08-25,27.4,21.0,23.22,99,80,94.42,15.6,1006.92,10.9,2008,2000
2008-08-26,26.9,20.8,23.45,99,73,90.75,5.5,1006.83,11.7,2008,2000
2008-08-27,27.9,21.5,24.02,99,75,89.92,33.9,1006.48,7.8,2008,2000
2008-08-28,26.3,21.3,23.28,99,84,95.04,40.3,1005.18,10.5,2008,2000
2008-08-29,26.9,22.1,23.69,99,75,91.88,8.7,1003.83,11.6,2008,2000
2008-08-30,26.2,21.9,23.49,99,81,94.5,19.2,1003.79,13.2,2008,2000
2008-08-31,28.4,21.7,23.97,99,72,90.38,14.4,1004.2,10.5,2008,2000
2008-09-01,27.0,22.4,24.3,99,81,91.25,13.9,1005.21,9.9,2008,2000
2008-09-02,27.2,22.1,24.05,99,79,93.04,18.0,1005.27,11.2,2008,2000
2008-09-03,26.7,22.7,24.24,95,81,89.21,5.0,1005.07,14.8,2008,2000
2008-09-04,25.8,22.3,23.56,99,83,94.08,22.6,1005.0,10.8,2008,2000
2008-09-05,25.3,22.1,23.3,99,83,94.67,23.9,1005.45,9.7,2008,2000
2008-09-06,28.1,21.5,24.48,99,73,89.71,11.4,1006.04,5.6,2008,2000
2008-09-07,28.7,22.1,24.76,95,69,87.08,5.4,1005.45,7.6,2008,2000
2008-09-08,29.1,21.9,24.87,97,71,88.83,5.6,1005.43,8.8,2008,2000
2008-09-09,28.3,22.4,24.76,99,74,90.92,11.6,1006.26,9.0,2008,2000
2008-09-10,28.7,21.6,24.39,97,70,88.75,15.0,1006.81,6.5,2008,2000
2008-09-11,29.4,22.1,24.68,97,71,89.75,7.6,1006.64,7.3,2008,2000
2008-09-12,29.8,21.5,25.06,96,70,87.25,2.7,1005.35,6.9,2008,2000
2008-09-13,29.0,22.3,24.71,97,69,89.29,14.6,1004.4,8.4,2008,2000
2008-09-14,29.0,22.5,24.66,96,69,88.83,10.6,1004.81,10.2,2008,2000
2008-09-15,27.5,22.6,24.47,99,81,92.21,13.4,1005.99,6.8,2008,2000
2008-09-16,27.1,22.1,23.67,99,85,95.08,16.3,1006.79,7.3,2008,2000
2008-09-17,25.3,21.1,22.96,99,86,95.88,25.6,1006.8,6.0,2008,2000
2008-09-18,26.9,21.2,23.92,99,80,92.38,13.1,1006.69,9.2,2008,2000
2008-09-19,27.2,21.5,23.82,99,78,92.88,25.2,1006.94,7.9,2008,2000
2008-09-20,26.4,21.5,23.89,99,80,92.08,8.0,1006.53,5.9,2008,2000
2008-09-21,26.6,21.2,23.55,99,78,91.46,4.7,1006.95,7.9,2008,2000
2008-09-22,27.3,21.4,23.95,96,76,89.08,7.3,1007.31,10.6,2008,2000
2008-09-23,27.1,21.3,23.39,99,75,93.12,19.4,1007.23,9.7,2008,2000
2008-09-24,27.4,21.5,23.8,99,77,91.71,25.8,1005.56,6.4,2008,2000
2008-09-25,27.4,21.3,24.37,96,79,89.75,8.4,1005.1,7.0,2008,2000
2008-09-26,28.5,21.5,24.34,96,73,89.62,11.6,1005.4,10.7,2008,2000
2008-09-27,27.8,22.4,24.34,96,80,90.62,9.9,1005.96,8.3,2008,2000
2008-09-28,27.1,22.2,24.17,99,83,92.04,13.9,1006.07,9.4,2008,2000
2008-09-29,26.7,22.0,23.5,99,87,95.04,50.3,1006.4,9.0,2008,2000
2008-09-30,27.7,21.5,24.14,99,74,89.92,8.7,1007.39,6.9,2008,2000
2008-10-01,27.1,21.6,24.18,97,79,91.04,16.4,1007.0,9.2,2008,2000
2008-10-02,27.7,21.8,24.52,99,75,87.92,4.7,1006.08,10.9,2008,2000
2008-10-03,26.6,22.3,23.9,99,76,91.29,11.4,1006.28,7.2,2008,2000
2008-10-04,27.8,22.1,24.55,99,68,84.62,0.4,1006.43,9.6,2008,2000
2008-10-05,29.4,21.9,24.4,95,65,87.33,17.6,1006.48,8.9,2008,2000
2008-10-06,27.0,21.8,23.89,96,77,89.62,15.7,1006.3,9.7,2008,2000
2008-10-07,26.6,21.3,23.67,96,83,91.04,8.6,1006.76,11.2,2008,2000
2008-10-08,26.3,20.8,23.08,99,81,93.46,15.3,1006.65,12.3,2008,2000
2008-10-09,27.8,21.7,23.77,99,73,91.25,11.1,1006.82,7.6,2008,2000
2008-10-10,28.4,21.5,23.77,99,70,91.83,16.5,1006.04,8.1,2008,2000
2008-10-11,25.9,20.8,23.08,99,88,96.21,40.6,1004.93,8.0,2008,2000
2008-10-12,24.1,21.5,22.52,99,98,98.67,64.1,1005.14,13.4,2008,2000
2008-10-13,25.1,21.2,22.56,99,85,96.83,37.9,1006.13,13.8,2008,2000
2008-10-14,25.1,21.0,22.66,99,88,96.92,23.1,1005.54,14.7,2008,2000
2008-10-15,23.5,21.2,22.35,99,94,98.58,59.6,1006.65,13.7,2008,2000
2008-10-16,27.0,20.2,23.04,98,77,92.0,11.4,1007.56,10.5,2008,2000
2008-10-17,27.5,20.5,24.0,97,73,87.5,1.3,1007.69,11.2,2008,2000
2008-10-18,28.1,22.5,24.58,95,74,88.46,8.3,1007.06,6.4,2008,2000
2008-10-19,29.0,21.4,24.1,99,71,89.88,11.0,1006.53,8.0,2008,2000
2008-10-20,28.2,21.0,24.07,99,73,91.21,17.7,1006.56,8.3,2008,2000
2008-10-21,25.7,21.7,23.33,100,88,96.29,29.6,1006.27,7.7,2008,2000
2008-10-22,28.3,21.4,23.93,99,72,91.54,12.4,1005.65,8.5,2008,2000
2008-10-23,26.9,21.6,23.88,99,82,92.79,18.7,1006.04,5.9,2008,2000
2008-10-24,28.1,21.8,23.68,99,73,92.67,24.2,1006.46,8.8,2008,2000
2008-10-25,27.5,21.7,24.18,99,82,91.75,4.9,1006.33,8.7,2008,2000
2008-10-26,29.0,22.2,24.88,96,71,87.29,11.2,1006.27,6.3,2008,2000
2008-10-27,29.0,22.0,24.69,96,70,86.79,10.3,1006.74,6.2,2008,2000
2008-10-28,28.8,20.7,24.34,98,67,86.75,7.2,1007.12,6.2,2008,2000
2008-10-29,26.7,21.1,23.74,98,77,90.79,16.1,1006.35,7.2,2008,2000
2008-10-30,28.2,22.3,24.38,96,69,88.71,5.6,1006.61,5.5,2008,2000
2008-10-31,27.1,22.1,24.2,98,74,89.12,9.1,1007.25,6.2,2008,2000
2008-11-01,25.3,21.9,23.21,99,88,94.25,31.0,1007.6,7.3,2008,2000
2008-11-02,25.2,20.9,22.77,99,86,94.96,18.6,1007.18,4.9,2008,2000
2008-11-03,25.7,20.6,22.77,99,86,94.21,25.0,1007.15,7.4,2008,2000
2008-11-04,24.2,21.0,22.35,99,87,96.5,41.0,1007.44,5.0,2008,2000
2008-11-05,27.4,20.8,23.28,99,75,91.04,5.0,1007.5,8.3,2008,2000
2008-11-06,26.7,20.7,23.18,96,76,91.0,11.4,1007.12,10.4,2008,2000
2008-11-07,26.8,21.2,23.54,98,81,91.58,21.3,1006.76,10.7,2008,2000
2008-11-08,28.5,20.6,23.75,99,70,90.71,12.9,1006.63,6.6,2008,2000
2008-11-09,28.1,20.4,23.77,99,79,92.5,13.4,1005.67,7.3,2008,2000
2008-11-10,28.7,20.5,24.05,98,68,87.42,6.4,1005.68,6.8,2008,2000
2008-11-11,29.1,21.9,24.72,97,65,85.25,8.5,1005.36,6.5,2008,2000
2008-11-12,28.4,21.7,24.73,99,69,87.88,6.2,1004.6,5.3,2008,2000
2008-11-13,28.2,22.3,24.49,96,70,87.5,6.2,1004.8,6.5,2008,2000
2008-11-14,27.8,21.5,23.94,99,71,89.83,24.0,1004.96,8.7,2008,2000
2008-11-15,28.4,21.0,23.6,100,69,91.38,18.7,1005.3,6.6,2008,2000
2008-11-16,27.5,20.4,23.78,99,72,88.21,6.1,1006.7,5.4,2008,2000
2008-11-17,27.4,21.2,23.92,98,73,89.0,16.0,1006.67,8.9,2008,2000
2008-11-18,27.0,21.5,23.66,99,78,93.46,23.1,1005.74,4.5,2008,2000
2008-11-19,27.1,22.2,24.05,99,80,92.58,34.8,1005.34,4.0,2008,2000
2008-11-20,25.1,21.4,22.76,99,84,95.33,54.5,1005.48,6.7,2008,2000
2008-11-21,25.5,21.7,23.1,99,85,95.33,19.7,1006.11,5.9,2008,2000
2008-11-22,26.1,22.0,23.5,99,84,96.21,40.9,1005.55,5.5,2008,2000
2008-11-23,28.3,22.5,23.88,99,75,95.5,16.3,1004.26,5.0,2008,2000
2008-11-24,26.2,21.9,23.87,99,81,92.54,11.9,1004.19,5.6,2008,2000
2008-11-25,24.7,21.9,23.0,99,93,98.21,94.3,1004.92,6.1,2008,2000
2008-11-26,27.0,21.3,23.72,99,75,91.58,15.9,1007.04,5.4,2008,2000
2008-11-27,26.4,22.5,24.1,99,78,90.67,19.8,1008.13,5.8,2008,2000
2008-11-28,29.0,22.0,23.83,99,72,92.08,45.4,1006.65,7.1,2008,2000
2008-11-29,27.2,21.5,23.02,100,77,96.96,120.0,1006.08,5.0,2008,2000
2008-11-30,24.9,21.8,22.7,99,88,97.33,83.0,1007.1,9.1,2008,2000
2008-12-01,26.3,20.9,23.23,99,81,93.88,30.2,1009.09,7.8,2008,2000
2008-12-02,27.7,20.8,23.95,99,73,89.96,15.1,1009.01,5.0,2008,2000
2008-12-03,27.6,22.0,24.2,99,73,89.42,6.8,1007.04,5.2,2008,2000
2008-12-04,28.1,21.0,23.74,99,69,90.04,20.4,1006.61,6.8,2008,2000
2008-12-05,27.7,21.0,23.93,99,68,87.08,2.8,1006.62,7.9,2008,2000
2008-12-06,29.0,21.0,24.29,93,61,81.58,2.3,1006.77,6.7,2008,2000
2008-12-07,29.4,21.0,24.67,91,60,79.58,2.3,1006.89,7.3,2008,2000
2008-12-08,28.9,22.3,24.98,91,64,81.17,1.3,1006.29,6.5,2008,2000
2008-12-09,29.0,22.1,24.94,92,65,83.54,2.1,1004.94,5.8,2008,2000
2008-12-10,28.9,23.0,25.24,93,67,84.96,2.3,1004.46,5.0,2008,2000
2008-12-11,27.6,22.0,24.67,93,73,86.17,2.2,1005.08,5.9,2008,2000
2008-12-12,29.2,20.5,24.12,91,55,76.0,0.7,1005.65,10.0,2008,2000
2008-12-13,29.7,20.0,24.48,90,57,77.92,2.3,1005.75,8.6,2008,2000
2008-12-14,29.5,21.7,25.02,92,61,79.54,0.9,1006.56,6.6,2008,2000
2008-12-15,29.8,21.3,24.71,88,52,75.08,2.2,1007.15,8.0,2008,2000
2008-12-16,28.7,21.0,24.47,84,60,73.25,0.4,1006.4,8.4,2008,2000
2008-12-17,29.9,20.6,24.71,88,51,74.33,0.9,1005.41,8.7,2008,2000
2008-12-18,29.1,19.3,23.97,85,54,73.75,1.9,1006.96,8.4,2008,2000
2008-12-19,29.1,21.1,24.32,90,54,75.08,1.4,1007.42,7.9,2008,2000
2008-12-20,29.3,21.2,24.51,89,49,73.92,1.1,1006.55,8.0,2008,2000
2008-12-21,29.1,19.7,24.09,90,51,72.04,1.2,1006.04,8.1,2008,2000
2008-12-22,29.0,20.8,24.2,91,57,77.71,1.7,1007.12,7.8,2008,2000
2008-12-23,30.0,20.6,24.69,91,51,73.58,0.3,1007.12,8.3,2008,2000
2008-12-24,30.3,21.8,25.31,85,52,72.38,0.9,1006.87,8.0,2008,2000
2008-12-25,28.8,21.7,25.0,90,62,77.54,7.7,1006.62,5.8,2008,2000
2008-12-26,28.4,23.1,24.94,87,65,78.79,2.5,1006.48,5.7,2008,2000
2008-12-27,30.4,22.3,25.36,86,43,69.17,1.4,1005.55,7.5,2008,2000
2008-12-28,30.1,20.7,25.04,86,49,70.67,1.5,1005.82,8.8,2008,2000
2008-12-29,29.3,21.9,24.93,85,48,71.12,1.1,1006.34,6.8,2008,2000
2008-12-30,29.1,21.3,24.49,83,55,70.29,1.3,1006.55,7.5,2008,2000
2008-12-31,30.2,20.6,24.92,85,47,68.67,0.9,1005.92,8.7,2008,2000
2009-01-01,29.9,21.5,25.35,84,50,66.04,0.7,1005.12,8.1,2009,2000
2009-01-02,31.2,21.6,25.65,77,43,63.83,0.5,1004.64,9.1,2009,2000
2009-01-03,31.3,20.6,25.52,80,45,65.29,0.4,1004.88,8.8,2009,2000
2009-01-04,31.2,21.1,25.91,84,47,67.25,0.8,1005.6,8.4,2009,2000
2009-01-05,31.3,22.8,26.03,85,48,70.88,3.8,1005.8,6.1,2009,2000
2009-01-06,30.4,22.8,25.4,87,53,74.92,1.8,1005.5,5.5,2009,2000
2009-01-07,29.6,22.3,25.61,88,57,75.21,9.2,1005.44,5.9,2009,2000
2009-01-08,29.9,22.5,25.43,89,59,78.67,9.6,1005.39,5.6,2009,2000
2009-01-09,29.8,21.2,25.27,93,57,76.88,1.4,1005.67,9.0,2009,2000
2009-01-10,30.9,21.7,25.97,78,39,58.96,0.1,1005.86,10.0,2009,2000
2009-01-11,31.2,20.9,25.76,81,44,64.12,1.5,1005.66,8.8,2009,2000
2009-01-12,31.1,21.1,25.5,81,44,64.83,1.0,1005.23,8.2,2009,2000
2009-01-13,30.2,21.6,24.85,90,53,75.17,8.3,1006.38,8.3,2009,2000
2009-01-14,30.5,20.2,24.99,92,48,74.92,4.8,1006.98,7.3,2009,2000
2009-01-15,30.3,21.1,25.08,92,49,73.62,4.1,1007.28,7.6,2009,2000
2009-01-16,28.5,20.8,24.44,84,52,67.71,0.5,1008.36,8.6,2009,2000
2009-01-17,29.7,21.6,24.93,75,47,61.88,0.2,1008.88,8.8,2009,2000
2009-01-18,31.1,20.5,25.4,78,43,61.88,1.9,1008.61,9.4,2009,2000
2009-01-19,30.2,21.2,25.32,82,47,65.79,4.8,1008.68,8.4,2009,2000
2009-01-20,30.6,21.2,25.06,85,46,71.04,4.0,1008.17,8.0,2009,2000
2009-01-21,28.6,22.5,25.19,87,47,68.29,0.3,1008.25,11.8,2009,2000
2009-01-22,30.9,22.9,26.02,70,44,59.17,0.0,1007.92,10.5,2009,2000
2009-01-23,31.7,22.9,26.57,71,41,58.46,0.3,1007.78,9.6,2009,2000
2009-01-24,31.8,21.6,26.22,79,42,62.21,0.6,1006.61,8.0,2009,2000
2009-01-25,31.0,22.8,26.28,81,46,63.67,2.5,1005.84,6.8,2009,2000
2009-01-26,31.5,23.1,26.39,76,39,58.5,0.8,1005.69,9.3,2009,2000
2009-01-27,32.1,22.6,26.56,68,40,56.25,0.1,1005.62,10.3,2009,2000
2009-01-28,32.0,22.5,26.98,86,43,62.58,1.0,1005.5,6.8,2009,2000
2009-01-29,32.1,24.1,27.18,79,43,63.29,1.7,1005.92,7.5,2009,2000
2009-01-30,32.1,21.8,26.6,81,41,64.67,2.2,1007.0,7.3,2009,2000
2009-01-31,31.6,21.8,26.14,81,44,63.21,2.3,1007.16,8.8,2009,2000
2009-02-01,31.9,22.7,26.47,68,35,54.54,0.1,1005.53,9.1,2009,2000
2009-02-02,31.9,22.3,26.43,68,43,58.12,0.1,1004.7,9.2,2009,2000
2009-02-03,31.9,23.6,26.82,76,45,65.25,2.8,1005.07,7.6,2009,2000
2009-02-04,28.6,23.7,25.15,97,58,76.5,10.1,1006.74,14.0,2009,2000
2009-02-05,30.1,23.8,25.92,68,46,59.33,0.0,1006.09,22.6,2009,2000
2009-02-06,30.2,24.3,26.34,68,48,60.75,0.0,1005.89,17.1,2009,2000
2009-02-07,31.1,23.7,26.33,73,44,61.62,0.0,1006.38,13.5,2009,2000
2009-02-08,31.9,23.5,26.7,71,44,60.12,0.0,1005.66,13.0,2009,2000
2009-02-09,31.8,23.1,26.5,69,36,55.88,0.0,1005.9,11.3,2009,2000
2009-02-10,31.8,21.9,26.24,67,37,54.08,0.0,1005.49,11.2,2009,2000
2009-02-11,32.4,22.7,26.87,69,43,59.04,0.5,1005.5,11.0,2009,2000
2009-02-12,32.4,23.9,27.28,72,43,59.38,2.1,1005.44,9.1,2009,2000
2009-02-13,32.5,23.7,27.44,68,36,54.08,0.3,1005.52,8.3,2009,2000
2009-02-14,31.2,22.5,26.42,83,47,64.75,2.5,1005.25,7.6,2009,2000
2009-02-15,31.5,21.4,25.88,85,43,67.79,1.6,1005.91,7.1,2009,2000
2009-02-16,31.8,20.8,25.72,82,33,58.71,0.0,1006.38,9.2,2009,2000
2009-02-17,32.0,21.7,25.8,63,30,51.04,0.0,1005.4,16.2,2009,2000
2009-02-18,32.5,21.5,26.29,61,27,45.12,0.0,1004.68,12.9,2009,2000
2009-02-19,32.1,22.5,26.72,70,43,55.46,0.8,1004.37,9.6,2009,2000
2009-02-20,31.2,23.0,26.68,79,49,64.38,3.5,1003.92,8.7,2009,2000
2009-02-21,32.1,23.3,26.83,71,37,56.0,0.0,1003.6,11.8,2009,2000
2009-02-22,32.9,23.0,27.14,68,38,55.5,1.0,1005.4,8.3,2009,2000
2009-02-23,32.0,23.0,26.62,70,39,56.75,0.0,1006.04,11.6,2009,2000
2009-02-24,32.4,22.3,26.68,72,36,54.75,0.3,1005.51,9.7,2009,2000
2009-02-25,32.6,21.9,26.53,67,36,54.12,0.1,1005.28,10.4,2009,2000
2009-02-26,32.8,23.1,27.14,71,38,55.83,0.0,1005.15,8.9,2009,2000
2009-02-27,32.2,23.2,27.04,74,41,57.58,1.7,1004.05,8.0,2009,2000
2009-02-28,33.1,23.3,27.4,71,38,55.96,0.0,1003.61,8.4,2009,2000
2009-03-01,33.2,22.7,27.32,70,37,55.04,0.0,1004.61,10.3,2009,2000
2009-03-02,31.8,23.6,26.62,68,39,56.08,0.0,1005.65,14.8,2009,2000
2009-03-03,31.7,23.8,26.77,63,39,54.42,0.0,1006.08,16.3,2009,2000
2009-03-04,32.1,23.8,26.89,68,40,57.46,0.0,1005.52,18.4,2009,2000
2009-03-05,33.1,24.2,27.56,72,37,57.71,0.0,1004.98,18.5,2009,2000
2009-03-06,32.7,24.3,27.4,68,42,59.29,0.0,1005.16,15.4,2009,2000
2009-03-07,32.4,24.4,27.64,68,41,57.46,0.0,1005.07,14.3,2009,2000
2009-03-08,33.3,24.4,27.78,72,39,58.29,0.9,1004.27,12.2,2009,2000
2009-03-09,33.0,24.3,27.64,72,40,57.88,0.2,1004.83,12.6,2009,2000
2009-03-10,32.8,23.8,27.32,71,37,56.12,0.0,1004.1,14.5,2009,2000
2009-03-11,33.2,22.8,27.07,65,31,50.21,0.0,1004.28,14.8,2009,2000
2009-03-12,32.7,22.2,26.82,69,34,52.58,0.0,1005.5,12.4,2009,2000
2009-03-13,32.8,21.6,26.72,70,35,54.42,0.2,1005.86,9.9,2009,2000
2009-03-14,32.9,22.3,27.14,75,37,55.67,0.0,1005.96,9.2,2009,2000
2009-03-15,33.8,22.1,27.4,74,30,53.17,0.0,1006.62,10.3,2009,2000
2009-03-16,33.6,23.0,27.51,71,32,52.58,0.0,1006.93,11.3,2009,2000
2009-03-17,33.0,22.8,27.2,69,35,52.96,0.2,1006.09,9.7,2009,2000
2009-03-18,33.1,22.0,27.1,68,33,50.67,0.0,1005.0,9.8,2009,2000
2009-03-19,33.5,22.6,27.28,68,34,54.25,0.0,1004.48,9.6,2009,2000
2009-03-20,33.2,22.3,27.42,71,35,54.46,0.0,1004.51,9.6,2009,2000
2009-03-21,33.1,23.6,27.42,70,38,54.75,0.0,1005.01,10.7,2009,2000
2009-03-22,33.3,23.2,27.34,63,35,51.38,0.1,1004.94,9.8,2009,2000
2009-03-23,32.6,23.0,26.95,64,38,55.29,0.3,1004.73,10.0,2009,2000
2009-03-24,33.3,22.8,27.28,71,37,57.58,0.4,1004.98,9.1,2009,2000
2009-03-25,33.1,23.3,27.24,74,40,60.12,2.4,1005.33,7.7,2009,2000
2009-03-26,33.9,23.1,27.65,78,34,60.04,0.7,1004.65,8.0,2009,2000
2009-03-27,31.3,22.6,26.32,85,47,67.25,2.0,1004.93,7.5,2009,2000
2009-03-28,31.0,22.4,25.88,88,53,76.08,3.0,1005.73,10.0,2009,2000
2009-03-29,31.6,22.0,25.78,96,53,79.58,4.8,1006.15,6.6,2009,2000
2009-03-30,32.9,21.6,26.78,93,42,70.12,1.4,1005.65,7.4,2009,2000
2009-03-31,29.3,22.3,25.0,92,60,79.67,11.6,1006.85,7.6,2009,2000
2009-04-01,30.5,21.6,25.41,95,55,79.62,3.0,1006.98,7.6,2009,2000
2009-04-02,30.1,21.8,25.67,96,51,76.71,1.5,1006.0,10.3,2009,2000
2009-04-03,29.9,21.9,25.55,91,59,79.38,7.6,1006.05,8.6,2009,2000
2009-04-04,31.9,22.2,26.25,94,46,74.67,0.8,1005.56,9.7,2009,2000
2009-04-05,32.8,21.3,26.66,89,40,66.25,0.0,1004.4,9.3,2009,2000
2009-04-06,33.0,21.7,26.8,84,34,62.0,0.3,1005.05,8.9,2009,2000
2009-04-07,33.2,20.8,26.62,78,37,57.46,0.3,1006.97,10.2,2009,2000
2009-04-08,32.8,22.3,26.9,70,36,54.17,0.1,1007.28,11.4,2009,2000
2009-04-09,33.2,22.2,27.13,71,37,55.33,0.0,1006.38,9.0,2009,2000
2009-04-10,33.6,21.3,27.19,75,31,55.67,0.0,1006.7,9.4,2009,2000
2009-04-11,33.5,23.0,27.58,80,40,61.21,0.2,1006.9,8.5,2009,2000
2009-04-12,32.2,22.8,27.06,84,48,67.79,2.7,1006.4,6.6,2009,2000
2009-04-13,32.8,22.9,26.99,82,41,67.83,3.0,1005.99,8.7,2009,2000
2009-04-14,32.7,22.7,26.8,86,45,70.96,1.0,1006.24,7.6,2009,2000
2009-04-15,33.4,22.7,27.49,86,36,62.46,0.0,1006.26,9.1,2009,2000
2009-04-16,33.3,22.8,27.53,75,41,62.04,0.9,1006.14,8.6,2009,2000
2009-04-17,33.4,23.6,27.68,75,39,62.42,0.6,1005.18,8.3,2009,2000
2009-04-18,33.8,23.1,28.05,75,35,56.25,0.0,1003.86,9.9,2009,2000
2009-04-19,34.6,23.0,28.17,69,35,54.5,0.0,1003.57,9.9,2009,2000
2009-04-20,34.9,24.2,28.82,71,36,55.71,0.0,1004.03,9.4,2009,2000
2009-04-21,33.6,25.7,28.68,72,42,59.08,3.9,1005.53,8.7,2009,2000
2009-04-22,30.7,25.3,27.48,81,55,69.17,8.8,1006.82,4.1,2009,2000
2009-04-23,29.0,24.6,25.9,87,66,78.83,16.5,1006.48,6.8,2009,2000
2009-04-24,31.5,23.2,26.52,91,44,69.79,1.3,1005.07,8.7,2009,2000
2009-04-25,33.6,23.7,27.82,71,34,53.83,0.0,1005.04,9.9,2009,2000
2009-04-26,33.9,23.1,27.9,70,36,54.25,0.1,1004.85,9.4,2009,2000
2009-04-27,34.1,24.1,28.47,69,39,57.29,0.1,1004.4,10.0,2009,2000
2009-04-28,33.4,25.5,28.7,70,42,57.88,1.5,1004.97,7.2,2009,2000
2009-04-29,32.4,24.5,27.51,76,43,62.46,5.2,1005.8,7.9,2009,2000
2009-04-30,32.6,23.8,26.6,88,44,71.58,9.7,1007.39,5.8,2009,2000
2009-05-01,33.5,23.0,27.56,89,42,66.58,2.9,1007.24,7.9,2009,2000
2009-05-02,30.4,23.7,25.87,87,55,75.88,12.0,1007.96,6.8,2009,2000
2009-05-03,26.6,22.5,24.04,99,76,92.54,25.9,1008.57,4.1,2009,2000
2009-05-04,27.5,21.6,24.12,99,74,89.29,13.4,1007.96,6.4,2009,2000
2009-05-05,29.7,21.9,25.0,96,64,85.21,9.5,1007.02,7.4,2009,2000
2009-05-06,29.5,22.5,25.4,97,68,85.62,9.0,1006.56,7.3,2009,2000
2009-05-07,29.3,23.2,25.56,94,66,85.29,10.6,1006.04,6.4,2009,2000
2009-05-08,29.9,22.7,25.34,98,62,86.17,13.9,1005.41,6.2,2009,2000
2009-05-09,31.1,22.7,25.92,95,59,83.08,4.2,1004.85,6.7,2009,2000
2009-05-10,30.0,23.0,25.88,94,65,83.29,6.7,1004.2,6.5,2009,2000
2009-05-11,30.0,23.2,25.67,93,63,82.92,10.9,1003.83,6.5,2009,2000
2009-05-12,28.3,23.3,25.42,92,71,83.71,13.9,1004.27,7.2,2009,2000
2009-05-13,28.9,22.6,24.86,98,67,87.17,13.7,1005.15,6.8,2009,2000
2009-05-14,28.8,21.4,24.47,99,70,89.83,10.4,1005.31,7.4,2009,2000
2009-05-15,28.4,21.8,24.91,96,70,87.04,10.6,1004.77,6.8,2009,2000
2009-05-16,29.5,22.4,24.76,94,65,85.96,12.0,1004.63,9.9,2009,2000
2009-05-17,29.0,22.2,24.93,94,69,85.75,10.8,1004.27,7.0,2009,2000
2009-05-18,28.4,22.3,24.8,97,71,88.58,10.1,1004.59,7.1,2009,2000
2009-05-19,29.0,22.4,24.93,97,74,88.83,12.5,1004.65,9.7,2009,2000
2009-05-20,30.1,21.7,25.61,96,64,84.29,2.4,1004.48,8.6,2009,2000
2009-05-21,30.4,23.1,26.52,93,65,80.54,6.3,1004.58,8.9,2009,2000
2009-05-22,30.5,22.8,25.29,99,60,87.5,19.7,1005.05,9.1,2009,2000
2009-05-23,29.0,23.1,25.23,96,77,88.83,11.5,1006.3,8.4,2009,2000
2009-05-24,29.0,22.3,25.25,99,77,90.04,7.7,1007.0,8.4,2009,2000
2009-05-25,29.7,22.2,25.31,97,67,88.29,8.8,1006.01,8.2,2009,2000
2009-05-26,28.8,23.5,25.15,99,72,89.67,13.2,1005.44,6.7,2009,2000
2009-05-27,28.7,22.5,24.58,99,75,91.54,18.1,1005.37,6.1,2009,2000
2009-05-28,28.1,22.5,25.15,99,75,88.92,37.1,1005.83,8.2,2009,2000
2009-05-29,29.1,21.8,24.4,99,72,92.25,21.2,1007.35,8.4,2009,2000
2009-05-30,27.6,21.9,24.37,99,76,90.71,16.5,1006.96,8.0,2009,2000
2009-05-31,27.1,22.4,24.46,99,82,91.79,11.0,1006.35,6.4,2009,2000
2009-06-01,29.8,22.2,25.31,98,71,87.0,5.5,1004.9,6.4,2009,2000
2009-06-02,29.4,22.9,25.9,94,71,84.17,4.5,1003.8,5.5,2009,2000
2009-06-03,29.6,22.9,26.16,95,68,82.5,3.4,1003.09,6.5,2009,2000
2009-06-04,29.3,23.4,25.72,96,68,86.5,14.2,1003.9,8.0,2009,2000
2009-06-05,25.9,23.2,24.05,99,91,97.29,86.6,1006.14,5.6,2009,2000
2009-06-06,27.0,22.2,24.23,99,80,92.62,20.2,1006.5,9.2,2009,2000
2009-06-07,28.1,22.3,24.85,99,75,89.88,5.0,1005.84,8.4,2009,2000
2009-06-08,29.8,22.5,25.89,98,68,84.96,1.8,1004.5,10.4,2009,2000
2009-06-09,28.0,23.3,25.68,98,81,88.67,6.4,1005.18,6.9,2009,2000
2009-06-10,26.6,22.9,24.64,98,84,91.54,32.6,1006.21,8.2,2009,2000
2009-06-11,28.3,22.7,25.0,99,82,90.96,12.1,1006.0,6.5,2009,2000
2009-06-12,27.0,22.4,24.15,99,84,93.08,6.0,1006.58,10.1,2009,2000
2009-06-13,26.2,22.0,23.8,99,86,93.62,12.1,1007.78,6.9,2009,2000
2009-06-14,27.0,21.4,23.53,99,76,92.5,5.0,1008.04,9.2,2009,2000
2009-06-15,28.1,21.4,24.49,96,71,87.67,4.3,1007.6,7.8,2009,2000
2009-06-16,28.5,22.8,25.09,96,72,87.54,7.6,1006.67,5.4,2009,2000
2009-06-17,28.4,22.5,24.4,97,74,90.71,9.9,1005.58,8.6,2009,2000
2009-06-18,29.0,21.7,24.52,99,76,90.83,36.6,1004.88,8.4,2009,2000
2009-06-19,27.6,22.3,24.03,99,80,93.46,19.1,1005.13,6.6,2009,2000
2009-06-20,28.8,22.2,24.72,99,74,89.75,9.5,1005.3,7.5,2009,2000
2009-06-21,29.3,22.2,24.73,98,70,88.92,19.7,1005.34,7.2,2009,2000
2009-06-22,28.5,22.4,24.22,99,73,91.12,24.9,1005.93,9.5,2009,2000
2009-06-23,26.9,21.9,23.92,99,82,93.75,19.6,1006.52,9.7,2009,2000
2009-06-24,26.5,21.3,23.45,99,88,94.38,15.4,1006.76,8.6,2009,2000
2009-06-25,26.9,22.1,24.47,97,84,91.25,2.5,1006.66,8.7,2009,2000
2009-06-26,28.9,22.3,24.9,96,71,87.71,6.8,1005.79,6.5,2009,2000
2009-06-27,28.0,22.0,24.72,99,74,89.12,14.8,1006.12,9.7,2009,2000
2009-06-28,27.3,21.4,24.18,99,78,90.58,8.7,1006.6,7.3,2009,2000
2009-06-29,27.7,21.9,24.24,97,79,90.33,10.3,1005.51,9.7,2009,2000
2009-06-30,29.0,21.7,24.69,100,74,89.12,9.6,1005.08,5.8,2009,2000
2009-07-01,27.0,22.0,24.12,99,85,93.33,17.9,1005.12,8.6,2009,2000
2009-07-02,28.1,21.7,24.08,100,74,92.38,16.7,1006.05,6.2,2009,2000
2009-07-03,28.7,22.2,24.62,96,73,89.21,21.0,1006.09,6.2,2009,2000
2009-07-04,28.3,22.1,24.79,99,75,89.92,12.9,1006.15,5.5,2009,2000
2009-07-05,26.2,21.6,23.74,98,82,92.5,12.4,1005.98,6.5,2009,2000
2009-07-06,27.5,22.1,24.25,97,76,91.5,12.8,1005.93,7.3,2009,2000
2009-07-07,28.1,22.5,24.8,95,75,88.54,17.7,1005.02,6.0,2009,2000
2009-07-08,28.7,22.5,24.81,96,74,89.58,7.6,1004.77,5.8,2009,2000
2009-07-09,29.3,23.0,24.99,95,71,88.29,13.2,1006.06,8.7,2009,2000
2009-07-10,27.7,22.1,24.53,99,79,90.83,16.6,1006.48,6.9,2009,2000
2009-07-11,28.6,21.3,24.89,98,71,86.96,3.4,1006.19,7.1,2009,2000
2009-07-12,28.9,22.7,25.25,95,72,87.08,7.9,1005.74,6.1,2009,2000
2009-07-13,29.0,22.4,25.09,95,72,87.83,18.2,1004.93,5.8,2009,2000
2009-07-14,30.8,22.8,25.89,93,57,79.79,1.8,1005.41,7.5,2009,2000
2009-07-15,29.6,22.4,25.06,95,66,85.46,9.2,1006.11,6.1,2009,2000
2009-07-16,29.4,22.5,25.43,99,70,86.12,6.6,1004.85,5.9,2009,2000
2009-07-17,29.5,23.8,26.06,92,70,83.04,5.2,1004.32,7.3,2009,2000
2009-07-18,30.2,24.3,25.6,94,64,85.46,16.1,1005.22,8.4,2009,2000
2009-07-19,29.9,23.1,25.64,96,67,86.5,16.9,1005.9,4.9,2009,2000
2009-07-20,28.0,22.6,24.69,99,74,91.58,29.3,1005.45,6.6,2009,2000
2009-07-21,27.9,21.6,24.08,99,82,93.25,16.0,1005.9,5.8,2009,2000
2009-07-22,27.7,22.0,24.41,99,76,91.54,8.9,1006.6,7.8,2009,2000
2009-07-23,27.8,21.8,24.5,100,76,90.75,16.1,1005.53,5.8,2009,2000
2009-07-24,28.1,22.3,24.24,99,73,91.12,19.3,1005.0,6.8,2009,2000
2009-07-25,28.3,21.9,24.85,99,72,88.75,5.7,1005.46,6.2,2009,2000
2009-07-26,29.8,22.8,26.11,94,70,83.62,3.0,1005.6,4.8,2009,2000
2009-07-27,30.8,23.2,26.65,93,58,78.92,2.0,1004.64,7.2,2009,2000
2009-07-28,29.6,22.5,25.69,93,63,80.42,2.9,1004.07,8.4,2009,2000
2009-07-29,29.4,22.9,25.35,99,70,87.79,10.9,1004.24,6.9,2009,2000
2009-07-30,27.2,22.0,24.2,99,82,94.88,12.5,1005.62,6.2,2009,2000
2009-07-31,29.2,22.4,25.39,99,68,88.38,6.0,1006.52,6.6,2009,2000
2009-08-01,29.0,22.7,25.55,95,72,86.71,7.9,1005.25,5.4,2009,2000
2009-08-02,28.7,22.9,25.7,95,71,85.04,3.9,1004.09,5.4,2009,2000
2009-08-03,28.5,23.0,25.72,99,74,86.67,14.7,1003.99,9.9,2009,2000
2009-08-04,29.1,22.7,25.12,99,71,90.04,13.2,1003.98,6.6,2009,2000
2009-08-05,27.6,22.8,24.7,98,81,91.96,31.9,1005.1,6.2,2009,2000
2009-08-06,27.6,22.8,24.86,95,77,90.12,9.3,1005.94,5.8,2009,2000
2009-08-07,29.1,22.9,24.58,99,69,90.33,13.6,1007.0,5.3,2009,2000
2009-08-08,28.0,22.2,25.04,99,73,88.25,4.2,1007.27,6.3,2009,2000
2009-08-09,26.1,22.2,23.5,99,84,93.96,111.0,1007.25,6.6,2009,2000
2009-08-10,28.0,21.7,25.02,99,75,87.54,8.0,1006.59,6.6,2009,2000
2009-08-11,29.7,23.7,26.06,94,69,83.67,6.2,1005.72,4.9,2009,2000
2009-08-12,29.0,23.0,25.69,94,68,83.62,4.7,1005.4,6.5,2009,2000
2009-08-13,29.6,22.2,25.23,96,66,86.25,11.1,1005.49,6.9,2009,2000
2009-08-14,27.0,22.6,24.03,99,80,91.75,21.0,1005.62,5.8,2009,2000
2009-08-15,27.5,21.9,24.5,99,79,90.12,8.8,1005.66,8.9,2009,2000
2009-08-16,29.4,21.7,24.77,99,70,90.04,15.4,1005.7,6.5,2009,2000
2009-08-17,28.1,22.3,24.65,99,75,92.0,25.6,1005.74,7.4,2009,2000
2009-08-18,28.3,21.8,24.43,100,75,91.04,19.1,1005.34,10.4,2009,2000
2009-08-19,26.1,22.2,23.48,99,87,98.08,46.8,1005.13,6.2,2009,2000
2009-08-20,27.2,22.1,24.26,99,79,91.79,21.5,1005.64,6.4,2009,2000
2009-08-21,28.9,22.0,24.79,99,67,89.04,12.1,1005.5,5.8,2009,2000
2009-08-22,29.1,21.8,25.15,97,69,86.38,10.2,1005.35,6.9,2009,2000
2009-08-23,28.2,22.4,24.92,94,72,85.54,14.3,1004.39,6.5,2009,2000
2009-08-24,28.2,22.4,24.73,99,75,88.96,15.9,1004.15,6.3,2009,2000
2009-08-25,28.4,22.1,24.6,99,70,89.58,5.3,1004.28,8.7,2009,2000
2009-08-26,28.9,23.0,25.32,95,72,88.25,8.8,1004.89,6.0,2009,2000
2009-08-27,28.6,22.8,25.0,96,72,89.08,14.6,1005.14,6.7,2009,2000
2009-08-28,29.2,21.9,24.59,99,72,90.62,20.0,1005.39,6.9,2009,2000
2009-08-29,29.2,22.4,24.62,99,71,91.67,20.2,1006.01,8.1,2009,2000
2009-08-30,28.7,22.2,24.45,99,70,88.96,11.6,1006.05,9.9,2009,2000
2009-08-31,28.8,21.2,24.62,99,72,89.33,11.8,1006.02,8.6,2009,2000
2009-09-01,29.2,21.8,25.14,97,70,86.88,2.7,1006.12,8.1,2009,2000
2009-09-02,30.1,22.0,25.8,95,65,83.79,7.8,1005.26,6.7,2009,2000
2009-09-03,29.2,22.7,25.2,96,67,87.04,8.6,1005.43,6.2,2009,2000
2009-09-04,28.2,22.1,24.54,99,72,91.67,21.8,1005.55,8.7,2009,2000
2009-09-05,29.2,22.6,25.34,99,72,88.75,8.6,1005.81,6.9,2009,2000
2009-09-06,28.9,22.2,25.37,98,77,88.5,10.8,1006.08,6.8,2009,2000
2009-09-07,29.2,22.7,25.69,96,73,87.38,12.2,1004.84,6.5,2009,2000
2009-09-08,29.7,22.8,25.49,96,67,87.12,8.1,1004.21,5.9,2009,2000
2009-09-09,28.2,22.5,24.48,99,75,92.54,12.8,1005.19,9.5,2009,2000
2009-09-10,28.0,21.7,24.6,99,77,91.04,15.8,1006.42,7.3,2009,2000
2009-09-11,26.0,21.8,24.08,99,87,92.38,11.1,1007.71,8.7,2009,2000
2009-09-12,29.1,22.2,24.43,99,72,90.79,11.1,1007.19,5.9,2009,2000
2009-09-13,27.4,21.4,24.03,99,80,92.75,14.0,1006.84,7.4,2009,2000
2009-09-14,29.8,21.9,25.28,96,68,85.88,5.3,1006.68,6.3,2009,2000
2009-09-15,28.4,22.3,25.2,95,72,86.71,4.0,1007.2,9.2,2009,2000
2009-09-16,29.0,21.9,24.53,99,66,89.04,14.3,1007.18,9.5,2009,2000
2009-09-17,28.3,22.0,24.08,99,73,91.38,46.2,1006.83,8.7,2009,2000
2009-09-18,28.5,22.3,24.8,95,72,87.75,4.9,1005.61,8.2,2009,2000
2009-09-19,30.0,22.6,25.4,96,67,86.58,3.8,1005.37,7.2,2009,2000
2009-09-20,28.7,22.8,25.37,96,72,85.79,5.9,1004.96,7.6,2009,2000
2009-09-21,29.3,23.4,25.45,95,68,86.83,7.2,1004.45,6.9,2009,2000
2009-09-22,28.3,22.4,24.6,99,75,91.42,20.5,1003.92,7.7,2009,2000
2009-09-23,27.6,22.7,23.98,99,80,95.29,23.5,1003.51,6.9,2009,2000
2009-09-24,27.7,21.8,24.29,99,80,93.04,13.3,1003.18,7.9,2009,2000
2009-09-25,29.6,21.9,24.83,98,69,89.04,9.6,1004.4,7.0,2009,2000
2009-09-26,28.7,22.0,25.05,98,74,89.29,4.0,1004.65,7.5,2009,2000
2009-09-27,28.5,22.5,25.12,97,78,89.79,15.1,1004.53,6.7,2009,2000
2009-09-28,28.1,22.6,24.77,99,77,90.88,12.7,1005.42,10.1,2009,2000
2009-09-29,28.6,23.1,25.42,96,76,89.42,6.6,1005.25,5.2,2009,2000
2009-09-30,29.5,22.2,25.45,96,67,85.71,4.6,1004.91,8.6,2009,2000
2009-10-01,29.4,23.0,25.2,96,69,88.58,14.3,1004.87,5.6,2009,2000
2009-10-02,28.2,21.8,24.62,99,78,91.5,12.4,1004.87,9.4,2009,2000
2009-10-03,29.0,23.2,25.08,99,73,91.29,10.6,1004.75,9.8,2009,2000
2009-10-04,27.1,22.4,24.16,99,85,94.96,32.4,1004.98,6.6,2009,2000
2009-10-05,29.8,22.2,24.59,99,69,90.21,11.4,1005.15,9.1,2009,2000
2009-10-06,29.4,22.1,24.51,99,72,91.12,15.7,1005.29,7.7,2009,2000
2009-10-07,30.3,22.0,25.22,96,65,86.96,6.5,1005.99,6.2,2009,2000
2009-10-08,29.9,22.7,24.99,96,67,87.12,8.7,1005.68,6.2,2009,2000
2009-10-09,28.3,23.2,24.64,98,79,92.17,14.5,1005.21,8.2,2009,2000
2009-10-10,29.1,22.3,24.53,99,77,92.75,20.8,1005.83,7.7,2009,2000
2009-10-11,28.9,21.0,24.66,99,73,89.46,15.6,1005.91,7.2,2009,2000
2009-10-12,27.9,22.3,24.1,99,73,91.83,16.0,1005.93,5.9,2009,2000
2009-10-13,25.1,21.6,23.37,100,89,97.04,18.9,1005.86,9.2,2009,2000
2009-10-14,26.0,21.4,23.21,99,82,95.54,59.4,1006.33,4.7,2009,2000
2009-10-15,27.2,21.3,24.13,99,79,90.29,12.6,1005.2,4.6,2009,2000
2009-10-16,28.5,20.9,24.11,96,70,86.88,8.2,1004.81,6.9,2009,2000
2009-10-17,28.3,21.7,24.19,96,70,88.46,7.8,1005.76,6.7,2009,2000
2009-10-18,26.9,21.5,23.78,98,78,91.5,18.5,1006.03,6.4,2009,2000
2009-10-19,26.0,22.4,23.57,99,87,95.25,37.9,1004.89,8.3,2009,2000
2009-10-20,24.0,22.3,22.91,100,96,98.83,57.9,1004.73,11.6,2009,2000
2009-10-21,24.3,21.4,22.68,99,90,97.83,74.0,1005.02,7.4,2009,2000
2009-10-22,26.7,21.0,23.42,99,81,93.08,10.3,1004.55,11.8,2009,2000
2009-10-23,24.4,22.0,22.98,99,92,97.88,134.0,1004.04,5.5,2009,2000
2009-10-24,29.7,21.0,23.02,100,60,91.21,75.5,1005.2,3.7,2009,2000
2009-10-25,28.2,19.5,23.61,96,66,85.75,0.0,1004.53,11.6,2009,2000
2009-10-26,29.3,22.4,24.98,94,70,85.96,4.9,1004.07,6.6,2009,2000
2009-10-27,29.0,22.4,24.73,94,71,87.88,18.8,1003.84,6.6,2009,2000
2009-10-28,27.9,22.1,24.28,97,79,90.71,18.1,1004.18,6.0,2009,2000
2009-10-29,26.5,21.7,23.49,99,85,96.29,20.0,1004.81,6.5,2009,2000
2009-10-30,27.8,20.9,23.99,99,82,92.21,10.8,1004.75,10.2,2009,2000
2009-10-31,26.7,22.0,23.68,99,82,94.5,19.1,1005.18,10.2,2009,2000
2009-11-01,27.0,22.0,23.92,99,81,92.71,44.1,1005.61,10.5,2009,2000
2009-11-02,25.6,21.8,23.03,99,89,95.71,25.3,1006.2,12.0,2009,2000
2009-11-03,23.9,21.8,22.64,99,95,98.42,65.3,1006.33,12.3,2009,2000
2009-11-04,26.4,21.9,23.42,99,80,93.62,11.8,1006.77,13.1,2009,2000
2009-11-05,27.9,21.2,24.06,99,70,88.62,2.1,1007.32,14.3,2009,2000
2009-11-06,27.8,22.1,24.18,96,69,87.83,5.4,1006.68,13.7,2009,2000
2009-11-07,26.4,21.9,23.85,95,83,91.67,23.3,1005.48,8.4,2009,2000
2009-11-08,27.6,21.3,23.66,99,73,89.88,12.6,1004.85,7.5,2009,2000
2009-11-09,27.5,21.6,23.96,99,72,90.5,15.4,1004.58,7.2,2009,2000
2009-11-10,28.4,23.0,24.82,94,74,88.04,14.3,1004.01,4.4,2009,2000
2009-11-11,28.1,21.5,24.37,99,72,89.92,13.3,1003.5,4.7,2009,2000
2009-11-12,29.3,21.7,24.66,95,66,86.54,9.8,1003.1,6.8,2009,2000
2009-11-13,27.9,22.2,24.19,98,74,90.71,15.0,1003.89,8.4,2009,2000
2009-11-14,28.3,21.5,24.6,98,76,89.96,17.4,1004.64,5.6,2009,2000
2009-11-15,28.5,21.6,24.38,99,75,91.38,21.1,1004.73,5.2,2009,2000
2009-11-16,27.8,22.5,24.75,95,78,89.17,10.0,1004.15,6.2,2009,2000
2009-11-17,29.4,21.7,24.7,98,66,87.42,19.9,1004.21,5.4,2009,2000
2009-11-18,28.8,22.5,25.24,95,69,84.5,2.0,1004.28,6.5,2009,2000
2009-11-19,29.8,22.1,25.46,95,63,82.08,3.4,1003.01,6.8,2009,2000
2009-11-20,30.0,22.5,25.62,91,61,80.67,1.1,1002.45,6.8,2009,2000
2009-11-21,30.2,22.6,25.7,92,63,82.54,1.7,1002.34,7.2,2009,2000
2009-11-22,28.3,23.1,24.58,99,73,91.25,71.7,1002.97,6.2,2009,2000
2009-11-23,28.9,22.6,25.11,99,71,89.71,31.1,1003.66,6.0,2009,2000
2009-11-24,28.8,21.9,24.72,99,72,90.0,37.3,1003.33,9.0,2009,2000
2009-11-25,25.6,22.1,23.66,99,88,96.42,27.1,1003.81,6.0,2009,2000
2009-11-26,28.1,21.7,24.41,99,78,92.25,6.3,1003.35,7.9,2009,2000
2009-11-27,28.8,22.3,25.13,99,69,88.79,2.3,1003.89,5.3,2009,2000
2009-11-28,28.4,21.9,24.84,94,71,85.5,5.7,1004.41,6.2,2009,2000
2009-11-29,29.8,21.0,24.85,94,59,81.29,1.6,1004.73,7.7,2009,2000
2009-11-30,29.3,20.9,24.64,93,62,79.88,1.0,1004.03,8.5,2009,2000
2009-12-01,29.8,22.4,25.25,93,64,81.71,2.9,1003.0,7.2,2009,2000
2009-12-02,29.4,22.2,25.14,95,68,86.25,3.5,1002.83,6.9,2009,2000
2009-12-03,29.7,23.0,26.03,95,69,83.67,1.6,1003.55,7.3,2009,2000
2009-12-04,29.9,22.3,25.49,94,67,84.33,2.8,1003.66,7.2,2009,2000
2009-12-05,30.2,21.8,25.56,93,59,79.21,2.1,1004.81,7.9,2009,2000
2009-12-06,30.1,21.5,25.25,94,60,80.62,1.6,1005.35,7.5,2009,2000
2009-12-07,30.4,21.4,25.15,93,55,77.79,1.1,1005.84,8.5,2009,2000
2009-12-08,29.9,21.8,25.06,90,58,76.0,2.2,1005.69,8.4,2009,2000
2009-12-09,28.6,22.2,25.02,94,66,82.79,5.7,1004.72,7.6,2009,2000
2009-12-10,28.7,22.5,25.04,95,70,87.21,10.7,1004.92,5.4,2009,2000
2009-12-11,29.2,22.8,25.16,99,68,87.38,3.0,1005.23,4.9,2009,2000
2009-12-12,29.9,21.1,25.05,94,59,78.75,0.5,1005.09,9.1,2009,2000
2009-12-13,30.0,22.1,25.96,88,61,77.71,0.4,1003.35,7.3,2009,2000
2009-12-14,30.5,23.3,26.35,91,57,75.29,1.4,1002.17,7.4,2009,2000
2009-12-15,30.4,22.8,25.72,91,60,78.58,1.7,1002.36,7.4,2009,2000
2009-12-16,29.5,23.0,25.4,93,65,82.58,5.0,1003.59,5.5,2009,2000
2009-12-17,29.9,21.3,25.19,92,57,79.25,1.6,1003.28,7.7,2009,2000
2009-12-18,29.9,21.3,25.08,94,57,80.71,2.3,1003.74,8.4,2009,2000
2009-12-19,27.5,21.9,24.35,99,72,88.71,9.3,1005.95,4.7,2009,2000
2009-12-20,28.1,21.1,24.05,99,69,88.58,4.6,1007.42,6.1,2009,2000
2009-12-21,28.3,22.0,24.05,99,66,89.71,13.9,1008.18,5.7,2009,2000
2009-12-22,29.1,21.6,24.25,99,70,89.92,10.4,1007.6,6.2,2009,2000
2009-12-23,28.6,21.2,24.67,94,67,84.92,1.9,1006.36,6.3,2009,2000
2009-12-24,29.8,21.7,25.13,96,66,84.08,10.1,1005.89,10.2,2009,2000
2009-12-25,30.0,22.4,25.41,97,66,86.12,2.5,1005.89,5.5,2009,2000
2009-12-26,30.7,22.2,25.63,93,55,78.46,0.7,1005.69,9.3,2009,2000
2009-12-27,29.4,21.3,24.3,94,60,82.33,3.9,1007.47,8.6,2009,2000
2009-12-28,29.7,20.9,24.82,93,58,78.42,1.2,1007.21,8.0,2009,2000
2009-12-29,30.2,22.0,25.24,88,52,76.25,0.1,1006.4,8.3,2009,2000
2009-12-30,30.4,20.1,25.13,83,49,66.42,0.0,1006.15,9.8,2009,2000
2009-12-31,30.3,22.0,25.39,88,55,73.96,0.9,1006.45,7.6,2009,2000
2010-01-01,30.0,22.1,25.65,87,56,75.25,1.0,1005.41,7.7,2010,2010
2010-01-02,30.5,21.4,25.44,84,48,68.12,0.0,1003.08,10.0,2010,2010
2010-01-03,30.6,21.3,25.47,77,47,66.04,0.3,1002.39,10.2,2010,2010
2010-01-04,31.5,19.8,25.27,81,46,67.08,0.4,1003.59,10.5,2010,2010
2010-01-05,30.6,21.6,25.5,85,53,72.54,0.2,1005.54,9.7,2010,2010
2010-01-06,30.8,21.3,25.67,84,50,69.88,0.0,1005.27,9.7,2010,2010
2010-01-07,31.1,22.6,26.23,75,45,62.38,0.0,1004.1,10.9,2010,2010
2010-01-08,31.2,22.5,26.33,78,47,63.0,0.0,1003.93,10.0,2010,2010
2010-01-09,32.0,21.3,26.33,77,44,62.75,0.4,1004.21,9.9,2010,2010
2010-01-10,31.5,21.8,26.3,80,47,64.21,0.2,1005.53,9.0,2010,2010
2010-01-11,30.1,22.7,25.99,87,52,68.29,0.8,1005.84,11.9,2010,2010
2010-01-12,30.4,24.1,26.32,75,49,64.46,0.0,1005.93,12.1,2010,2010
2010-01-13,31.0,24.2,26.68,72,45,62.08,0.0,1005.15,18.6,2010,2010
2010-01-14,31.9,23.5,26.83,71,40,58.62,0.0,1005.18,12.9,2010,2010
2010-01-15,32.3,21.9,26.63,78,43,63.88,0.0,1004.95,9.9,2010,2010
2010-01-16,33.2,22.9,27.36,79,44,66.0,0.1,1004.61,8.1,2010,2010
2010-01-17,33.0,24.1,27.8,77,42,60.88,0.1,1005.16,9.3,2010,2010
2010-01-18,32.5,23.1,27.16,75,41,59.62,0.1,1005.61,9.6,2010,2010
2010-01-19,32.9,23.1,27.12,73,37,57.54,0.0,1004.38,9.8,2010,2010
2010-01-20,32.9,22.8,27.35,73,43,59.38,0.0,1002.72,10.2,2010,2010
2010-01-21,32.8,22.5,27.12,79,43,65.04,0.1,1003.0,8.8,2010,2010
2010-01-22,32.8,23.0,27.43,88,42,68.0,0.5,1004.4,9.4,2010,2010
2010-01-23,31.2,23.5,26.55,91,54,75.75,2.0,1004.63,7.9,2010,2010
2010-01-24,31.3,22.4,26.28,93,52,77.42,2.2,1004.0,9.0,2010,2010
2010-01-25,31.5,21.8,26.1,94,52,77.5,6.8,1004.31,7.0,2010,2010
2010-01-26,32.0,20.7,26.07,86,34,60.62,0.0,1004.15,10.2,2010,2010
2010-01-27,31.6,22.5,26.09,68,45,58.88,0.1,1003.9,11.4,2010,2010
2010-01-28,32.3,22.7,26.7,64,38,52.92,0.0,1003.24,13.0,2010,2010
2010-01-29,32.3,23.5,27.31,72,44,58.62,0.4,1002.22,11.1,2010,2010
2010-01-30,33.1,24.3,27.68,79,41,63.88,1.8,1001.72,8.2,2010,2010
2010-01-31,33.4,23.1,27.64,79,43,64.62,0.4,1001.91,8.1,2010,2010
2010-02-01,33.5,24.4,28.31,74,44,60.58,0.3,1001.63,9.1,2010,2010
2010-02-02,33.9,25.1,28.65,72,42,59.17,0.0,1001.07,10.2,2010,2010
2010-02-03,34.1,24.7,28.52,70,41,58.12,0.0,1001.24,11.8,2010,2010
2010-02-04,34.1,24.0,28.57,71,39,56.38,0.3,1002.32,10.2,2010,2010
2010-02-05,34.2,23.1,28.14,83,37,61.58,0.3,1004.18,10.4,2010,2010
2010-02-06,33.6,24.5,28.15,90,42,69.46,2.2,1004.7,8.4,2010,2010
2010-02-07,32.9,22.6,27.05,89,41,67.75,1.4,1004.47,7.6,2010,2010
2010-02-08,31.5,22.8,26.5,91,51,75.79,5.2,1005.21,6.1,2010,2010
2010-02-09,32.4,22.9,27.12,91,50,73.96,5.3,1004.73,8.3,2010,2010
2010-02-10,33.8,24.0,28.05,80,40,63.33,0.9,1002.97,8.8,2010,2010
2010-02-11,33.0,23.4,27.53,75,38,57.83,0.1,1002.12,9.9,2010,2010
2010-02-12,33.7,22.4,27.18,82,39,63.75,1.9,1002.68,11.6,2010,2010
2010-02-13,29.0,23.8,26.05,94,69,81.79,13.0,1003.95,6.9,2010,2010
2010-02-14,30.8,22.6,26.38,88,51,71.67,2.5,1003.88,8.7,2010,2010
2010-02-15,32.9,23.4,27.08,86,45,69.33,2.8,1004.12,7.6,2010,2010
2010-02-16,33.2,23.9,27.67,83,44,67.25,1.5,1003.93,7.6,2010,2010
2010-02-17,33.3,23.1,27.61,80,41,60.96,0.0,1003.28,9.8,2010,2010
2010-02-18,33.1,24.8,27.96,70,43,58.88,0.0,1002.76,12.5,2010,2010
2010-02-19,34.0,25.0,28.43,71,35,55.42,0.2,1003.35,12.9,2010,2010
2010-02-20,34.3,24.6,28.62,69,42,58.67,0.5,1004.11,8.6,2010,2010
2010-02-21,33.5,25.0,28.52,84,45,64.62,3.4,1004.25,6.5,2010,2010
2010-02-22,31.4,24.7,27.6,95,55,76.54,4.9,1003.71,9.3,2010,2010
2010-02-23,29.9,24.2,25.98,99,67,87.17,7.7,1004.0,11.4,2010,2010
2010-02-24,29.3,23.7,25.21,96,70,89.21,10.8,1005.58,10.3,2010,2010
2010-02-25,29.5,23.2,26.01,94,70,83.92,6.5,1006.52,5.9,2010,2010
2010-02-26,31.8,24.1,26.59,92,56,80.17,9.7,1005.34,6.4,2010,2010
2010-02-27,30.6,23.5,26.13,93,63,83.71,10.8,1005.68,6.3,2010,2010
2010-02-28,30.8,24.3,26.85,91,52,72.5,0.0,1004.67,12.0,2010,2010
2010-03-01,32.3,24.2,27.41,84,50,66.79,1.8,1004.7,10.9,2010,2010
2010-03-02,31.6,23.6,27.11,89,55,75.5,2.1,1004.83,8.7,2010,2010
2010-03-03,31.2,24.4,27.21,92,56,77.04,1.9,1005.21,7.4,2010,2010
2010-03-04,32.3,24.3,27.67,91,52,71.0,0.4,1004.79,7.6,2010,2010
2010-03-05,31.9,25.3,27.68,76,51,65.04,0.1,1003.99,9.4,2010,2010
2010-03-06,32.4,25.0,27.6,70,45,60.54,0.0,1003.51,13.4,2010,2010
2010-03-07,32.3,24.6,27.22,71,43,59.42,0.0,1003.98,18.8,2010,2010
2010-03-08,32.9,24.1,27.41,66,41,56.5,0.3,1003.6,18.9,2010,2010
2010-03-09,33.9,23.5,27.75,82,39,60.71,0.3,1004.0,12.8,2010,2010
2010-03-10,31.4,25.1,27.49,87,53,71.38,7.0,1004.57,5.2,2010,2010
2010-03-11,30.3,23.7,26.57,93,64,82.33,7.8,1004.47,10.2,2010,2010
2010-03-12,32.2,24.1,27.06,94,56,80.5,2.9,1004.03,7.1,2010,2010
2010-03-13,31.5,24.5,27.13,95,61,80.83,5.6,1004.22,5.9,2010,2010
2010-03-14,33.3,23.3,27.52,93,49,76.29,1.7,1004.51,8.0,2010,2010
2010-03-15,32.7,24.3,27.44,90,50,73.75,3.2,1005.03,7.0,2010,2010
2010-03-16,33.6,23.3,27.65,90,41,69.38,2.2,1004.66,8.0,2010,2010
2010-03-17,32.8,22.2,27.07,86,36,66.0,2.4,1005.76,8.8,2010,2010
2010-03-18,33.4,23.8,27.65,87,38,63.29,0.2,1005.78,8.3,2010,2010
2010-03-19,33.2,24.8,28.26,72,43,58.29,0.0,1005.05,9.5,2010,2010
2010-03-20,33.7,25.2,28.42,83,44,63.62,2.7,1004.77,8.7,2010,2010
2010-03-21,32.5,24.3,26.81,89,52,80.21,31.2,1005.29,9.5,2010,2010
2010-03-22,31.1,24.2,26.98,93,62,79.96,5.0,1004.64,6.6,2010,2010
2010-03-23,32.7,24.9,27.82,90,46,68.33,0.0,1003.18,10.2,2010,2010
2010-03-24,33.0,22.7,27.31,78,44,61.25,0.6,1003.52,10.7,2010,2010
2010-03-25,32.7,22.6,27.34,86,45,68.67,1.0,1004.95,8.0,2010,2010
2010-03-26,32.8,23.3,27.42,88,47,71.83,2.2,1004.51,7.4,2010,2010
2010-03-27,33.4,22.7,27.6,93,42,68.75,0.5,1004.06,8.3,2010,2010
2010-03-28,34.4,23.3,28.14,75,33,59.0,0.0,1002.96,10.4,2010,2010
2010-03-29,33.6,23.8,28.26,73,44,60.42,0.9,1002.98,8.9,2010,2010
2010-03-30,33.7,23.6,28.36,80,37,57.46,1.0,1004.6,8.9,2010,2010
2010-03-31,32.7,23.7,27.89,74,44,59.83,4.5,1005.45,8.3,2010,2010
2010-04-01,33.9,24.6,28.59,70,43,59.21,4.6,1004.74,8.0,2010,2010
2010-04-02,32.2,24.2,27.57,83,52,70.5,5.0,1004.06,6.5,2010,2010
2010-04-03,32.7,24.5,27.82,89,48,71.21,7.6,1003.54,5.6,2010,2010
2010-04-04,33.4,22.5,27.53,86,38,64.79,1.4,1004.2,9.0,2010,2010
2010-04-05,33.5,23.2,27.6,86,42,67.71,1.0,1005.28,8.6,2010,2010
2010-04-06,33.7,23.8,27.63,87,42,68.08,2.3,1005.38,7.9,2010,2010
2010-04-07,32.3,23.9,27.66,88,50,69.83,3.7,1004.2,7.3,2010,2010
2010-04-08,32.0,24.6,27.86,86,52,71.12,4.9,1004.03,7.3,2010,2010
2010-04-09,33.2,24.6,27.81,87,48,71.21,4.5,1004.81,7.3,2010,2010
2010-04-10,32.6,23.9,27.51,87,50,71.92,5.5,1005.76,6.4,2010,2010
2010-04-11,31.8,24.7,27.66,85,55,69.25,1.3,1005.01,6.9,2010,2010
2010-04-12,32.6,23.4,26.88,88,46,70.12,3.6,1004.4,7.1,2010,2010
2010-04-13,30.8,23.3,25.97,91,55,79.54,7.6,1004.93,6.1,2010,2010
2010-04-14,31.3,22.3,26.9,92,57,75.21,6.4,1005.61,7.2,2010,2010
2010-04-15,33.1,24.2,27.54,88,47,71.58,3.9,1005.65,9.4,2010,2010
2010-04-16,30.9,23.6,26.7,91,57,77.08,10.1,1005.55,6.8,2010,2010
2010-04-17,29.8,22.9,26.11,94,66,83.29,4.6,1005.62,10.2,2010,2010
2010-04-18,32.0,24.1,27.05,94,60,80.71,5.9,1005.76,8.3,2010,2010
2010-04-19,32.3,23.5,27.19,94,54,78.04,4.4,1006.6,7.9,2010,2010
2010-04-20,30.7,23.2,26.62,94,61,81.42,5.8,1006.45,8.2,2010,2010
2010-04-21,31.6,24.2,27.36,94,59,78.58,4.1,1004.97,8.6,2010,2010
2010-04-22,33.5,23.8,28.04,93,50,74.62,3.2,1003.46,7.1,2010,2010
2010-04-23,31.7,24.6,27.11,91,56,78.79,9.7,1003.71,5.8,2010,2010
2010-04-24,30.8,24.6,26.73,94,65,83.83,17.2,1004.9,7.7,2010,2010
2010-04-25,29.0,24.0,25.44,99,75,91.46,23.4,1005.34,8.5,2010,2010
2010-04-26,30.4,23.3,25.62,99,72,90.75,29.3,1005.2,8.7,2010,2010
2010-04-27,28.8,23.1,24.9,99,76,92.29,7.2,1006.7,8.4,2010,2010
2010-04-28,29.0,22.5,24.89,100,77,93.08,37.7,1007.61,9.3,2010,2010
2010-04-29,27.1,23.5,24.73,99,87,97.0,79.4,1007.68,5.8,2010,2010
2010-04-30,28.6,22.2,24.92,99,79,91.79,12.4,1006.6,6.5,2010,2010
2010-05-01,28.6,23.0,25.3,99,78,90.38,6.7,1005.98,12.6,2010,2010
2010-05-02,28.5,23.1,24.98,99,79,91.46,18.0,1007.05,8.7,2010,2010
2010-05-03,29.1,22.6,25.0,99,73,89.17,28.8,1006.72,5.8,2010,2010
2010-05-04,28.1,22.5,24.88,99,75,89.46,11.7,1006.56,8.2,2010,2010
2010-05-05,29.0,21.7,25.1,99,72,88.75,10.8,1005.9,9.0,2010,2010
2010-05-06,29.8,21.8,25.48,98,68,86.71,8.7,1005.43,5.8,2010,2010
2010-05-07,30.6,22.0,25.88,96,63,82.46,6.3,1004.6,7.6,2010,2010
2010-05-08,32.0,23.1,26.91,92,56,78.04,0.5,1004.52,7.3,2010,2010
2010-05-09,32.4,23.4,27.52,89,54,75.04,0.1,1004.55,8.6,2010,2010
2010-05-10,32.2,23.7,27.66,86,52,70.83,0.1,1003.97,9.0,2010,2010
2010-05-11,31.2,24.7,27.23,87,59,76.54,3.5,1003.48,6.8,2010,2010
2010-05-12,32.1,24.5,27.38,90,55,75.08,5.3,1002.93,7.3,2010,2010
2010-05-13,29.7,23.8,26.82,93,72,82.5,5.4,1003.57,5.7,2010,2010
2010-05-14,29.8,24.6,26.6,94,69,83.67,9.4,1004.94,5.8,2010,2010
2010-05-15,28.8,24.2,25.85,94,75,88.21,21.1,1005.28,6.2,2010,2010
2010-05-16,29.8,22.5,25.52,98,69,89.17,17.6,1005.65,8.7,2010,2010
2010-05-17,29.1,23.7,25.98,96,77,89.38,5.1,1005.29,4.7,2010,2010
2010-05-18,30.2,24.4,26.69,94,72,85.92,7.0,1004.76,6.3,2010,2010
2010-05-19,29.6,23.8,25.74,99,74,90.38,13.8,1004.64,6.5,2010,2010
2010-05-20,27.8,23.3,25.18,99,82,93.0,9.4,1005.33,7.6,2010,2010
2010-05-21,28.1,23.7,25.2,99,82,92.83,19.4,1005.96,6.6,2010,2010
2010-05-22,28.4,22.7,25.0,99,82,93.62,10.3,1004.99,5.6,2010,2010
2010-05-23,27.7,22.6,24.55,99,79,94.25,23.8,1004.33,5.7,2010,2010
2010-05-24,24.6,23.0,23.72,99,98,98.83,51.0,1004.24,11.5,2010,2010
2010-05-25,25.0,22.6,23.75,99,92,97.29,46.0,1005.17,9.2,2010,2010
2010-05-26,27.6,22.3,24.57,99,75,89.21,6.0,1006.81,12.3,2010,2010
2010-05-27,28.0,21.6,24.32,99,72,89.83,23.7,1007.51,10.3,2010,2010
2010-05-28,28.7,22.4,24.78,99,71,89.62,6.8,1008.02,12.6,2010,2010
2010-05-29,28.2,22.8,25.42,99,71,86.04,0.8,1007.8,13.7,2010,2010
2010-05-30,28.9,23.5,25.81,93,67,83.17,1.8,1008.37,10.7,2010,2010
2010-05-31,29.1,23.5,25.68,96,69,86.38,4.9,1009.1,6.2,2010,2010
2010-06-01,29.0,23.1,25.29,98,73,89.92,18.3,1007.95,6.8,2010,2010
2010-06-02,26.7,22.8,24.09,100,83,95.75,21.6,1006.85,9.1,2010,2010
2010-06-03,26.1,22.4,23.7,99,87,96.71,29.0,1007.02,9.1,2010,2010
2010-06-04,28.5,21.5,24.6,99,73,90.12,5.6,1007.57,7.9,2010,2010
2010-06-05,30.4,22.7,25.69,96,67,87.5,5.2,1006.67,4.7,2010,2010
2010-06-06,27.5,22.3,24.83,99,79,91.42,19.5,1006.06,5.4,2010,2010
2010-06-07,27.6,22.6,24.41,99,78,92.92,23.4,1007.06,7.3,2010,2010
2010-06-08,26.9,22.2,24.45,99,86,92.12,11.4,1008.17,7.4,2010,2010
2010-06-09,29.1,22.5,24.37,99,68,90.71,13.9,1008.61,6.6,2010,2010
2010-06-10,26.8,21.1,23.97,99,83,93.04,17.5,1007.88,6.3,2010,2010
2010-06-11,28.2,22.0,24.55,99,78,92.08,7.3,1007.61,9.2,2010,2010
2010-06-12,28.8,23.0,25.12,96,72,88.96,22.7,1007.7,7.0,2010,2010
2010-06-13,28.9,21.5,24.68,99,74,91.29,18.0,1007.08,8.9,2010,2010
2010-06-14,27.6,22.2,23.95,100,77,93.88,31.8,1006.75,7.6,2010,2010
2010-06-15,28.5,22.6,24.25,99,74,93.17,22.1,1007.37,6.9,2010,2010
2010-06-16,28.1,21.6,24.63,99,77,90.88,8.7,1007.21,7.7,2010,2010
2010-06-17,28.1,20.9,24.38,99,73,91.92,15.1,1006.8,5.1,2010,2010
2010-06-18,29.5,21.4,24.37,99,67,90.96,32.6,1006.78,7.0,2010,2010
2010-06-19,27.3,22.2,24.1,99,80,93.58,22.6,1006.99,7.2,2010,2010
2010-06-20,27.1,21.5,23.81,99,79,93.46,21.5,1006.48,7.9,2010,2010
2010-06-21,26.4,22.3,23.98,99,80,92.79,19.3,1007.14,9.8,2010,2010
2010-06-22,27.8,22.1,24.77,95,83,90.0,9.5,1006.88,8.4,2010,2010
2010-06-23,28.1,22.9,24.87,97,78,90.17,12.6,1006.65,7.4,2010,2010
2010-06-24,27.7,23.1,24.85,99,82,92.58,55.5,1005.78,8.6,2010,2010
2010-06-25,26.8,22.9,24.49,99,82,93.42,23.2,1005.84,9.7,2010,2010
2010-06-26,29.2,21.9,24.94,99,69,87.79,6.1,1005.37,13.7,2010,2010
2010-06-27,27.7,23.1,24.72,99,79,92.54,46.6,1005.47,5.6,2010,2010
2010-06-28,28.5,22.4,24.56,99,73,92.08,13.6,1005.68,9.1,2010,2010
2010-06-29,29.3,22.2,24.81,97,71,90.75,10.5,1006.32,7.5,2010,2010
2010-06-30,29.2,22.0,24.71,98,72,89.62,11.2,1006.67,7.4,2010,2010
2010-07-01,28.5,22.0,24.08,100,75,93.71,14.0,1006.91,8.5,2010,2010
2010-07-02,27.7,22.1,24.16,100,78,92.88,15.7,1006.18,5.1,2010,2010
2010-07-03,26.3,21.8,23.76,99,88,95.33,16.1,1006.57,6.6,2010,2010
2010-07-04,27.1,21.8,24.2,99,80,91.67,15.3,1007.99,9.8,2010,2010
2010-07-05,27.6,22.4,24.24,99,80,93.0,36.4,1007.42,6.2,2010,2010
2010-07-06,29.4,22.2,24.38,99,70,92.62,46.0,1007.0,7.6,2010,2010
2010-07-07,24.6,22.4,23.1,99,94,97.46,77.1,1007.19,10.6,2010,2010
2010-07-08,26.9,21.8,24.4,98,78,89.96,13.4,1006.26,5.6,2010,2010
2010-07-09,28.4,22.6,25.12,96,72,87.96,5.9,1005.57,6.1,2010,2010
2010-07-10,28.5,22.4,24.34,99,74,92.17,12.2,1005.6,7.2,2010,2010
2010-07-11,26.9,22.2,24.28,99,81,91.38,7.2,1006.59,8.4,2010,2010
2010-07-12,26.7,21.9,23.83,99,84,94.62,17.6,1006.54,6.4,2010,2010
2010-07-13,27.9,21.3,23.91,99,74,93.04,23.4,1006.02,6.2,2010,2010
2010-07-14,28.0,21.5,23.51,99,75,95.92,25.5,1006.65,5.5,2010,2010
2010-07-15,24.8,21.7,22.98,99,86,95.88,76.8,1007.03,11.6,2010,2010
2010-07-16,25.2,21.3,22.94,99,87,95.71,27.1,1008.42,10.1,2010,2010
2010-07-17,27.0,20.6,23.44,99,74,91.38,10.4,1008.88,9.7,2010,2010
2010-07-18,27.9,22.0,24.18,96,72,89.25,12.7,1008.31,7.2,2010,2010
2010-07-19,28.2,21.8,24.61,96,78,89.46,16.1,1007.42,6.1,2010,2010
2010-07-20,28.0,22.2,24.71,96,73,88.83,8.3,1007.72,6.1,2010,2010
2010-07-21,28.4,22.1,24.99,98,76,88.5,12.1,1007.45,7.9,2010,2010
2010-07-22,28.0,22.4,24.52,96,73,89.46,10.8,1007.45,7.1,2010,2010
2010-07-23,29.1,22.3,25.17,96,68,86.88,5.5,1006.98,5.9,2010,2010
2010-07-24,28.6,22.2,25.15,96,72,88.17,12.8,1006.68,6.5,2010,2010
2010-07-25,26.8,22.7,24.28,99,83,92.83,15.7,1006.28,7.6,2010,2010
2010-07-26,27.3,21.3,24.35,99,82,91.5,13.6,1005.95,8.3,2010,2010
2010-07-27,28.1,21.9,24.37,99,74,91.33,10.9,1006.44,5.4,2010,2010
2010-07-28,25.9,22.0,23.7,99,86,95.08,19.4,1007.61,6.3,2010,2010
2010-07-29,25.4,21.9,23.52,99,88,95.54,7.1,1008.27,7.6,2010,2010
2010-07-30,28.0,21.3,24.06,100,71,91.17,21.5,1006.92,7.4,2010,2010
2010-07-31,26.7,21.7,24.01,99,83,92.46,25.8,1005.42,8.0,2010,2010
2010-08-01,26.1,21.4,23.69,100,81,92.83,17.3,1004.94,6.4,2010,2010
2010-08-02,26.1,22.2,23.88,99,83,93.92,58.7,1005.79,6.4,2010,2010
2010-08-03,28.3,22.7,24.87,97,75,89.5,7.9,1005.95,5.5,2010,2010
2010-08-04,27.8,21.5,24.28,97,79,90.42,14.6,1004.97,5.9,2010,2010
2010-08-05,27.6,23.1,24.72,95,81,90.04,9.2,1005.42,7.4,2010,2010
2010-08-06,28.3,21.7,24.17,99,73,92.83,15.8,1006.44,10.9,2010,2010
2010-08-07,27.1,22.4,24.09,99,78,93.33,32.3,1006.64,9.0,2010,2010
2010-08-08,26.9,22.1,24.04,99,80,94.04,16.5,1006.79,6.5,2010,2010
2010-08-09,27.9,22.2,24.47,99,77,91.04,5.7,1006.55,8.8,2010,2010
2010-08-10,27.1,22.1,24.48,99,81,91.75,14.9,1006.69,7.1,2010,2010
2010-08-11,26.4,22.2,24.06,99,84,92.0,11.4,1007.07,11.2,2010,2010
2010-08-12,27.2,22.1,23.99,99,79,92.88,23.9,1006.88,8.3,2010,2010
2010-08-13,26.3,21.8,23.79,99,83,94.0,20.1,1006.81,8.2,2010,2010
2010-08-14,27.6,21.2,24.16,99,76,91.17,8.1,1007.58,8.6,2010,2010
2010-08-15,27.8,22.3,24.39,99,77,91.79,30.3,1008.07,7.1,2010,2010
2010-08-16,28.2,22.0,24.08,99,75,92.29,17.8,1007.27,6.4,2010,2010
2010-08-17,28.5,20.6,24.05,99,70,90.21,6.0,1007.98,9.2,2010,2010
2010-08-18,26.9,22.0,24.33,99,75,88.67,7.8,1008.11,9.9,2010,2010
2010-08-19,28.2,21.5,24.09,99,73,91.29,21.9,1006.87,6.8,2010,2010
2010-08-20,26.5,21.5,23.68,99,87,94.92,25.6,1006.14,7.1,2010,2010
2010-08-21,26.9,21.5,23.76,99,82,92.46,14.8,1006.58,9.4,2010,2010
2010-08-22,26.5,21.4,24.08,98,82,91.29,11.9,1007.18,6.2,2010,2010
2010-08-23,28.5,21.8,24.37,100,73,91.96,28.2,1006.81,7.6,2010,2010
2010-08-24,27.4,21.8,24.32,99,80,91.79,16.1,1006.03,7.6,2010,2010
2010-08-25,27.1,21.8,24.15,96,82,92.0,21.4,1006.4,9.0,2010,2010
2010-08-26,26.0,22.3,23.77,99,86,95.08,27.0,1006.68,9.3,2010,2010
2010-08-27,26.2,22.1,23.8,99,86,94.17,13.8,1006.49,7.5,2010,2010
2010-08-28,25.4,22.4,23.52,99,89,96.83,25.5,1006.04,7.6,2010,2010
2010-08-29,27.6,22.1,24.37,99,76,90.79,14.3,1006.14,6.4,2010,2010
2010-08-30,28.5,21.9,24.78,97,73,88.38,7.8,1006.49,8.8,2010,2010
2010-08-31,28.0,22.4,24.4,98,76,91.54,17.7,1005.95,8.8,2010,2010
2010-09-01,25.4,21.9,23.43,99,89,96.79,28.0,1006.1,7.9,2010,2010
2010-09-02,26.4,22.0,23.4,99,81,95.29,23.8,1008.17,11.2,2010,2010
2010-09-03,27.2,20.8,23.75,99,78,91.17,5.7,1009.47,7.4,2010,2010
2010-09-04,29.0,22.0,24.62,96,69,88.54,14.0,1008.33,5.8,2010,2010
2010-09-05,28.3,21.7,23.9,99,71,92.21,25.5,1006.94,14.0,2010,2010
2010-09-06,27.3,21.6,23.75,99,82,92.17,8.7,1007.81,8.7,2010,2010
2010-09-07,26.5,21.6,23.92,99,82,91.42,9.5,1008.78,9.2,2010,2010
2010-09-08,26.7,22.0,24.47,96,82,90.38,6.3,1007.52,5.2,2010,2010
2010-09-09,27.4,22.3,24.56,96,77,89.33,8.3,1006.98,7.6,2010,2010
2010-09-10,27.6,21.5,24.39,96,77,89.5,7.2,1005.94,7.1,2010,2010
2010-09-11,28.0,22.1,24.32,96,83,91.33,10.8,1005.65,8.0,2010,2010
2010-09-12,27.9,21.1,23.83,99,79,92.04,12.4,1005.66,8.9,2010,2010
2010-09-13,24.5,22.2,23.1,99,94,98.17,53.2,1005.3,9.4,2010,2010
2010-09-14,27.0,22.4,24.28,99,84,92.42,16.4,1005.46,10.4,2010,2010
2010-09-15,27.8,21.7,24.25,97,75,90.42,14.6,1005.78,10.9,2010,2010
2010-09-16,27.8,21.8,24.09,97,75,91.33,15.5,1005.27,8.1,2010,2010
2010-09-17,27.5,21.3,23.69,99,75,92.83,17.7,1004.86,7.1,2010,2010
2010-09-18,28.1,22.3,23.67,99,73,94.04,29.1,1005.85,9.2,2010,2010
2010-09-19,25.7,21.9,23.31,99,82,95.0,12.5,1007.05,10.6,2010,2010
2010-09-20,27.2,21.8,23.44,99,80,94.17,32.8,1006.56,10.2,2010,2010
2010-09-21,26.8,21.4,23.17,99,78,94.17,22.2,1005.88,10.7,2010,2010
2010-09-22,26.6,20.9,23.23,99,81,93.67,6.9,1006.04,7.9,2010,2010
2010-09-23,25.6,21.6,23.18,99,83,94.0,20.7,1006.28,13.2,2010,2010
2010-09-24,25.5,22.1,23.06,99,90,97.12,22.2,1005.89,14.8,2010,2010
2010-09-25,26.9,21.4,23.42,99,75,92.38,10.0,1006.14,8.3,2010,2010
2010-09-26,26.3,21.5,23.36,99,82,93.17,5.7,1006.23,9.5,2010,2010
2010-09-27,27.2,22.2,23.94,95,74,89.54,15.8,1006.24,11.1,2010,2010
2010-09-28,27.5,22.5,24.05,95,72,88.38,4.6,1004.86,15.8,2010,2010
2010-09-29,26.2,22.8,24.23,93,82,88.29,3.1,1004.88,15.1,2010,2010
2010-09-30,28.2,22.5,24.46,95,71,88.0,8.0,1005.81,10.9,2010,2010
2010-10-01,28.9,22.5,24.8,96,74,88.38,5.8,1005.95,9.7,2010,2010
2010-10-02,27.1,22.0,24.29,99,79,91.08,7.2,1005.95,7.9,2010,2010
2010-10-03,23.8,21.8,22.88,99,90,98.12,37.7,1007.44,9.2,2010,2010
2010-10-04,27.2,21.4,22.81,99,76,97.21,41.5,1007.69,5.0,2010,2010
2010-10-05,25.0,21.0,22.75,99,91,97.58,35.9,1007.42,8.9,2010,2010
2010-10-06,25.2,21.2,22.67,99,89,97.08,94.9,1007.5,8.0,2010,2010
2010-10-07,28.5,22.2,23.9,99,71,92.75,61.1,1007.09,6.9,2010,2010
2010-10-08,28.2,20.6,24.16,98,73,87.58,10.0,1007.28,9.2,2010,2010
2010-10-09,28.5,20.9,24.39,98,68,87.54,7.0,1007.1,8.2,2010,2010
2010-10-10,28.1,21.9,24.63,94,70,87.67,11.4,1005.87,9.2,2010,2010
2010-10-11,28.0,21.6,24.55,97,73,88.83,6.2,1005.12,8.0,2010,2010
2010-10-12,28.7,21.4,24.93,98,72,88.38,11.3,1005.02,6.4,2010,2010
2010-10-13,28.5,21.8,24.67,99,76,90.08,9.5,1005.4,6.2,2010,2010
2010-10-14,28.0,21.7,24.12,99,74,91.75,12.7,1005.59,6.2,2010,2010
2010-10-15,28.7,21.3,23.95,99,69,91.46,15.7,1006.24,7.4,2010,2010
2010-10-16,26.8,21.4,23.35,99,78,94.62,23.4,1007.58,5.9,2010,2010
2010-10-17,25.3,21.5,22.92,99,86,95.42,23.3,1008.18,7.4,2010,2010
2010-10-18,26.6,20.9,23.02,99,80,93.79,19.2,1008.0,8.7,2010,2010
2010-10-19,26.8,21.7,23.61,99,80,92.0,8.2,1007.82,7.9,2010,2010
2010-10-20,28.0,21.9,24.1,99,75,89.92,9.1,1007.6,10.3,2010,2010
2010-10-21,26.2,22.0,23.55,99,85,94.25,39.7,1007.37,9.7,2010,2010
2010-10-22,24.5,21.4,23.04,99,87,95.08,66.6,1007.32,10.4,2010,2010
2010-10-23,25.8,20.8,22.83,99,87,95.17,40.7,1007.69,8.9,2010,2010
2010-10-24,26.0,20.4,22.71,99,82,93.96,21.0,1006.75,8.2,2010,2010
2010-10-25,26.7,20.6,23.26,99,81,92.0,8.4,1005.71,8.9,2010,2010
2010-10-26,26.8,21.5,23.29,98,82,92.71,15.4,1006.03,9.2,2010,2010
2010-10-27,27.5,21.6,23.81,96,73,90.25,10.5,1006.73,8.7,2010,2010
2010-10-28,27.5,22.1,24.22,96,75,87.96,9.8,1006.03,8.2,2010,2010
2010-10-29,27.3,21.7,23.48,99,77,92.29,38.9,1006.23,7.6,2010,2010
2010-10-30,26.8,20.9,23.66,99,78,91.46,8.4,1006.28,7.2,2010,2010
2010-10-31,27.8,21.0,23.6,99,76,91.71,19.5,1006.48,8.4,2010,2010
2010-11-01,26.2,21.4,23.25,99,83,94.54,49.2,1008.32,11.5,2010,2010
2010-11-02,23.9,21.5,22.58,99,87,97.12,19.9,1007.64,13.2,2010,2010
2010-11-03,24.6,21.6,23.03,99,85,92.58,5.5,1005.49,13.9,2010,2010
2010-11-04,23.2,21.9,22.48,99,92,97.79,99.4,1005.15,12.0,2010,2010
2010-11-05,25.1,21.0,22.52,99,86,97.62,129.1,1007.31,7.3,2010,2010
2010-11-06,27.7,20.2,23.35,99,66,88.33,14.8,1007.93,6.2,2010,2010
2010-11-07,26.6,21.1,23.33,98,73,91.17,14.4,1007.32,4.0,2010,2010
2010-11-08,27.3,19.4,23.0,99,68,88.17,6.5,1005.94,6.7,2010,2010
2010-11-09,27.9,19.7,23.35,98,62,85.83,8.8,1005.39,9.8,2010,2010
2010-11-10,26.3,21.7,22.69,99,82,96.96,30.8,1006.3,5.6,2010,2010
2010-11-11,27.6,20.2,23.32,99,70,89.62,13.4,1007.71,6.8,2010,2010
2010-11-12,26.9,20.5,23.0,99,73,90.54,15.3,1008.23,8.7,2010,2010
2010-11-13,25.4,20.9,22.64,99,83,95.5,57.6,1008.18,6.1,2010,2010
2010-11-14,23.0,20.1,21.66,99,95,97.96,92.8,1007.98,8.3,2010,2010
2010-11-15,27.0,19.0,22.4,99,68,87.96,2.2,1007.5,7.6,2010,2010
2010-11-16,24.7,21.1,22.4,99,86,95.29,33.7,1007.02,12.9,2010,2010
2010-11-17,26.3,20.8,22.96,99,77,93.29,26.8,1007.84,6.6,2010,2010
2010-11-18,26.3,20.6,22.95,99,74,90.96,10.6,1007.55,6.9,2010,2010
2010-11-19,27.1,20.4,23.28,96,70,87.79,6.9,1006.75,6.6,2010,2010
2010-11-20,27.0,19.5,23.0,99,73,90.21,19.0,1006.83,5.6,2010,2010
2010-11-21,26.5,20.3,23.28,96,75,89.79,8.8,1007.16,4.7,2010,2010
2010-11-22,26.0,21.5,23.45,99,82,93.75,22.1,1006.11,6.7,2010,2010
2010-11-23,25.3,21.5,22.91,99,85,94.83,16.9,1004.71,7.3,2010,2010
2010-11-24,25.6,20.2,22.86,99,78,91.92,16.9,1004.28,5.8,2010,2010
2010-11-25,26.3,20.8,23.25,99,84,91.75,14.4,1004.95,7.7,2010,2010
2010-11-26,27.4,21.2,23.53,96,72,89.92,14.5,1005.44,5.6,2010,2010
2010-11-27,27.7,21.0,23.54,99,74,92.62,19.9,1005.6,5.4,2010,2010
2010-11-28,27.1,22.3,24.38,97,78,88.83,17.8,1006.11,5.5,2010,2010
2010-11-29,26.7,20.9,23.63,99,75,91.38,17.3,1005.08,6.1,2010,2010
2010-11-30,24.5,21.8,22.75,99,97,98.71,76.5,1004.79,5.2,2010,2010
2010-12-01,25.4,21.8,22.7,100,84,97.96,167.9,1005.83,6.6,2010,2010
2010-12-02,24.5,21.3,22.46,99,90,97.08,90.9,1006.15,4.0,2010,2010
2010-12-03,24.5,20.2,22.27,99,85,94.5,12.1,1006.62,7.1,2010,2010
2010-12-04,27.5,18.9,22.94,99,65,86.08,2.7,1006.88,8.7,2010,2010
2010-12-05,28.3,19.7,23.43,95,62,82.79,1.1,1006.26,7.7,2010,2010
2010-12-06,29.1,20.5,24.23,92,57,79.21,1.4,1006.39,7.6,2010,2010
2010-12-07,27.1,20.8,23.94,98,65,82.38,14.4,1006.91,5.9,2010,2010
2010-12-08,25.8,19.6,22.23,98,72,89.38,14.4,1006.75,8.0,2010,2010
2010-12-09,27.3,20.0,23.11,99,68,87.79,14.7,1006.55,9.0,2010,2010
2010-12-10,28.1,21.4,24.04,93,59,79.58,1.1,1005.94,8.8,2010,2010
2010-12-11,28.1,20.4,23.62,92,61,81.0,3.5,1006.17,7.9,2010,2010
2010-12-12,27.8,21.2,23.78,94,68,85.25,7.4,1006.06,6.5,2010,2010
2010-12-13,25.9,22.0,23.66,95,76,87.54,5.2,1005.87,5.2,2010,2010
2010-12-14,27.5,21.9,24.11,92,57,74.29,0.7,1005.15,8.8,2010,2010
2010-12-15,27.6,20.4,23.74,85,59,74.12,0.9,1005.36,8.8,2010,2010
2010-12-16,28.1,20.9,23.98,89,61,78.12,0.8,1005.83,7.4,2010,2010
2010-12-17,28.3,20.6,23.93,94,62,82.38,1.6,1006.58,8.6,2010,2010
2010-12-18,27.3,20.5,23.64,96,66,85.12,3.9,1006.25,7.9,2010,2010
2010-12-19,27.0,20.6,22.97,99,72,88.38,6.2,1006.38,12.9,2010,2010
2010-12-20,26.5,19.9,22.83,99,73,88.25,3.6,1006.72,6.6,2010,2010
2010-12-21,28.5,18.9,23.09,93,52,76.58,1.0,1006.9,9.6,2010,2010
2010-12-22,28.3,19.5,23.39,87,58,74.29,0.4,1007.81,9.0,2010,2010
2010-12-23,28.7,19.7,23.88,92,58,78.42,1.6,1007.02,8.4,2010,2010
2010-12-24,27.0,20.6,23.45,93,68,84.33,5.3,1005.8,5.5,2010,2010
2010-12-25,28.2,21.0,24.27,93,64,82.46,6.9,1005.45,5.9,2010,2010
2010-12-26,27.0,21.4,23.69,99,73,91.33,30.9,1006.33,5.4,2010,2010
2010-12-27,27.1,19.8,23.75,97,60,73.96,0.2,1006.28,12.3,2010,2010
2010-12-28,25.0,21.6,23.16,99,76,87.29,11.6,1005.53,7.2,2010,2010
2010-12-29,28.5,20.7,24.13,99,65,86.5,3.4,1003.87,7.2,2010,2010
2010-12-30,27.8,22.0,24.48,93,69,84.92,3.8,1004.48,5.8,2010,2010
2010-12-31,27.8,21.6,24.6,94,70,84.58,5.3,1005.05,5.1,2010,2010
2011-01-01,28.9,21.3,24.61,93,64,82.88,1.8,1005.13,6.1,2011,2010
2011-01-02,27.7,21.6,24.21,93,71,85.08,8.9,1005.21,6.5,2011,2010
2011-01-03,28.9,21.2,24.37,92,51,76.29,0.8,1005.01,7.2,2011,2010
2011-01-04,28.4,20.3,23.74,89,59,77.71,1.1,1005.74,8.0,2011,2010
2011-01-05,28.4,21.0,23.57,94,62,83.17,8.1,1006.0,7.2,2011,2010
2011-01-06,28.3,19.9,23.65,91,61,80.12,1.3,1005.5,8.0,2011,2010
2011-01-07,28.5,21.8,24.29,92,61,81.96,3.5,1005.06,6.2,2011,2010
2011-01-08,28.1,20.3,23.98,95,66,83.75,3.2,1004.85,7.0,2011,2010
2011-01-09,27.5,20.2,24.15,98,69,84.88,6.2,1004.97,6.8,2011,2010
2011-01-10,26.7,20.0,23.6,98,74,87.83,9.2,1004.54,7.6,2011,2010
2011-01-11,29.9,22.1,25.36,93,59,79.12,0.9,1004.29,7.9,2011,2010
2011-01-12,29.6,22.3,25.57,88,55,72.67,1.1,1003.52,8.2,2011,2010
2011-01-13,29.7,21.5,25.25,84,55,72.5,1.0,1004.2,8.7,2011,2010
2011-01-14,29.2,21.7,25.12,89,59,77.5,3.4,1004.68,6.2,2011,2010
2011-01-15,28.4,22.5,24.88,92,63,80.38,6.4,1004.63,5.8,2011,2010
2011-01-16,29.7,21.1,24.45,93,56,80.29,6.3,1004.78,7.6,2011,2010
2011-01-17,29.5,21.8,24.7,92,62,81.33,1.5,1004.99,7.3,2011,2010
2011-01-18,30.0,21.8,25.25,92,57,77.67,1.4,1005.18,7.9,2011,2010
2011-01-19,30.2,20.7,25.05,90,54,76.38,4.2,1005.71,8.1,2011,2010
2011-01-20,29.6,20.4,24.5,92,54,77.0,1.4,1005.48,7.5,2011,2010
2011-01-21,29.6,20.5,24.49,92,56,79.58,1.6,1004.58,8.4,2011,2010
2011-01-22,28.6,21.3,24.44,93,60,79.21,1.7,1004.55,6.6,2011,2010
2011-01-23,30.1,20.3,24.34,93,47,74.0,0.0,1004.59,9.1,2011,2010
2011-01-24,30.2,19.4,24.31,89,49,69.71,0.7,1005.07,9.5,2011,2010
2011-01-25,30.8,21.0,25.0,85,43,68.54,0.8,1004.42,9.2,2011,2010
2011-01-26,30.1,20.1,24.67,85,48,68.08,2.5,1004.98,8.0,2011,2010
2011-01-27,30.0,20.7,24.63,90,52,75.67,6.7,1006.04,6.9,2011,2010
2011-01-28,30.9,21.1,25.06,89,46,72.08,8.8,1006.4,8.4,2011,2010
2011-01-29,30.7,21.6,25.25,88,45,72.21,0.7,1007.3,6.9,2011,2010
2011-01-30,31.2,19.3,24.76,87,39,63.58,1.0,1007.83,8.9,2011,2010
2011-01-31,30.7,20.4,25.15,81,47,67.21,0.8,1007.03,9.2,2011,2010
2011-02-01,31.0,22.0,25.79,85,49,72.08,1.3,1005.7,7.3,2011,2010
2011-02-02,31.7,21.8,26.38,82,47,66.38,0.4,1004.95,8.9,2011,2010
2011-02-03,32.0,22.6,26.61,72,42,59.54,0.2,1004.59,10.0,2011,2010
2011-02-04,31.8,23.4,26.73,69,42,57.67,0.4,1004.39,10.1,2011,2010
2011-02-05,31.8,22.5,26.24,78,42,61.04,1.4,1003.83,7.6,2011,2010
2011-02-06,31.6,20.3,25.53,79,41,62.75,1.7,1004.77,9.1,2011,2010
2011-02-07,31.5,21.5,25.42,89,44,70.38,4.3,1007.0,9.0,2011,2010
2011-02-08,30.7,21.0,25.46,92,47,71.92,5.4,1007.55,7.0,2011,2010
2011-02-09,30.8,21.2,25.38,88,48,72.62,3.7,1005.95,7.0,2011,2010
2011-02-10,31.3,21.6,25.81,90,47,71.29,4.7,1005.1,7.3,2011,2010
2011-02-11,32.4,22.0,26.44,84,39,64.75,0.1,1005.61,8.3,2011,2010
2011-02-12,32.5,21.4,26.1,74,38,60.46,0.8,1006.84,8.6,2011,2010
2011-02-13,31.4,23.5,26.77,75,44,60.29,4.1,1007.33,7.3,2011,2010
2011-02-14,31.5,22.4,26.42,80,44,63.83,8.7,1007.04,7.0,2011,2010
2011-02-15,30.7,23.0,26.43,79,47,63.83,4.5,1006.82,7.2,2011,2010
2011-02-16,32.3,22.3,26.77,76,40,60.12,0.8,1006.82,8.8,2011,2010
2011-02-17,32.2,22.2,26.79,72,43,61.0,2.1,1006.84,8.8,2011,2010
2011-02-18,31.8,23.2,26.84,78,46,63.67,3.8,1006.83,7.5,2011,2010
2011-02-19,32.8,22.3,26.89,78,39,61.21,3.1,1005.72,8.5,2011,2010
2011-02-20,32.2,22.2,26.85,77,42,59.54,1.5,1005.03,8.2,2011,2010
2011-02-21,32.4,22.5,26.91,72,35,55.5,0.2,1005.03,9.6,2011,2010
2011-02-22,32.8,21.7,26.71,74,35,57.33,0.3,1005.28,10.2,2011,2010
2011-02-23,32.3,21.5,26.51,74,39,58.25,1.1,1005.67,9.3,2011,2010
2011-02-24,31.7,21.7,26.12,76,43,63.71,2.4,1006.48,7.8,2011,2010
2011-02-25,32.3,22.3,26.53,86,45,69.92,2.3,1006.51,6.5,2011,2010
2011-02-26,32.0,22.5,26.4,88,48,72.67,6.4,1005.57,5.9,2011,2010
2011-02-27,30.3,22.6,25.6,86,56,75.96,12.9,1005.45,6.4,2011,2010
2011-02-28,30.1,22.3,25.63,93,59,76.96,19.0,1006.09,6.6,2011,2010
2011-03-01,27.4,22.2,24.61,98,67,83.17,14.3,1006.74,5.0,2011,2010
2011-03-02,31.4,21.6,25.7,81,40,64.88,1.4,1006.47,9.2,2011,2010
2011-03-03,29.6,22.4,25.27,73,45,61.92,1.0,1005.93,9.0,2011,2010
2011-03-04,31.0,21.4,25.62,75,41,60.0,0.0,1005.31,9.9,2011,2010
2011-03-05,32.0,21.2,26.0,73,37,58.38,0.5,1005.52,10.6,2011,2010
2011-03-06,31.5,20.5,25.92,83,43,64.17,0.3,1005.93,10.0,2011,2010
2011-03-07,31.9,22.0,26.5,82,41,64.67,1.0,1004.91,8.1,2011,2010
2011-03-08,31.8,22.8,26.69,77,45,63.5,1.7,1006.28,8.2,2011,2010
2011-03-09,32.1,22.4,26.51,78,42,64.5,2.9,1007.84,7.8,2011,2010
2011-03-10,31.3,21.9,25.76,87,41,67.42,1.9,1008.65,9.8,2011,2010
2011-03-11,31.1,21.0,25.34,91,42,68.58,2.8,1008.72,7.4,2011,2010
2011-03-12,31.6,21.5,25.88,87,41,63.25,0.1,1008.07,9.6,2011,2010
2011-03-13,31.4,21.8,26.11,78,42,61.79,0.5,1007.79,8.7,2011,2010
2011-03-14,31.9,21.2,26.07,77,38,60.12,1.3,1006.92,8.6,2011,2010
2011-03-15,31.9,21.6,26.2,76,39,60.88,1.5,1007.6,9.1,2011,2010
2011-03-16,32.6,21.0,26.52,74,37,56.83,0.2,1007.68,9.1,2011,2010
2011-03-17,32.9,22.8,26.95,70,37,55.71,0.0,1006.73,9.5,2011,2010
2011-03-18,32.7,23.0,26.95,67,35,53.25,0.0,1005.64,11.2,2011,2010
2011-03-19,32.5,23.2,27.3,68,39,53.96,0.7,1005.65,10.4,2011,2010
2011-03-20,31.4,23.6,26.97,73,42,55.88,0.1,1006.22,8.2,2011,2010
2011-03-21,32.8,22.5,26.97,67,35,52.04,0.2,1005.74,9.1,2011,2010
2011-03-22,32.7,22.0,26.69,75,36,54.88,0.0,1004.87,10.1,2011,2010
2011-03-23,32.2,22.5,26.92,71,39,55.79,0.0,1004.28,8.9,2011,2010
2011-03-24,33.0,22.5,27.29,72,37,58.12,0.3,1004.5,9.1,2011,2010
2011-03-25,33.5,22.9,27.37,82,39,61.83,0.9,1004.72,10.2,2011,2010
2011-03-26,32.8,22.5,27.05,84,45,68.58,1.8,1004.03,8.4,2011,2010
2011-03-27,33.4,23.5,27.48,88,49,72.0,4.3,1003.82,8.0,2011,2010
2011-03-28,31.1,24.2,26.95,90,59,76.79,8.5,1004.68,8.5,2011,2010
2011-03-29,31.4,23.8,26.5,89,59,78.17,13.6,1005.88,9.4,2011,2010
2011-03-30,32.4,22.4,26.76,94,47,73.29,3.3,1005.78,7.9,2011,2010
2011-03-31,31.6,23.2,26.64,92,50,74.5,2.6,1005.2,9.8,2011,2010
2011-04-01,31.1,23.5,26.79,92,57,77.58,9.9,1004.78,6.6,2011,2010
2011-04-02,32.8,22.6,27.12,92,37,69.75,1.0,1005.26,9.9,2011,2010
2011-04-03,31.9,22.7,27.02,83,48,66.33,3.6,1005.31,8.0,2011,2010
2011-04-04,32.3,22.7,26.94,83,41,65.33,0.6,1004.82,8.0,2011,2010
2011-04-05,30.8,23.7,26.32,87,57,77.33,12.6,1005.63,7.8,2011,2010
2011-04-06,31.7,23.2,26.49,90,49,72.33,6.0,1006.67,6.6,2011,2010
2011-04-07,29.3,22.4,24.82,99,57,80.21,30.7,1006.19,6.6,2011,2010
2011-04-08,27.3,21.8,23.86,99,72,92.08,23.2,1006.11,8.4,2011,2010
2011-04-09,28.5,22.2,24.5,98,68,86.21,10.5,1006.65,7.2,2011,2010
2011-04-10,28.6,22.1,25.02,96,65,81.62,9.3,1007.55,8.3,2011,2010
2011-04-11,29.2,22.0,25.04,94,60,81.0,7.8,1007.25,6.9,2011,2010
2011-04-12,28.1,21.7,24.77,95,64,80.33,3.3,1007.19,7.0,2011,2010
2011-04-13,30.8,21.7,25.55,91,47,71.12,0.0,1006.42,8.7,2011,2010
2011-04-14,31.4,20.8,25.49,79,37,62.88,0.0,1005.35,10.0,2011,2010
2011-04-15,31.1,20.8,25.55,81,44,66.71,0.7,1005.31,9.7,2011,2010
2011-04-16,31.9,21.8,26.34,87,44,68.58,0.6,1005.55,7.1,2011,2010
2011-04-17,30.7,22.0,25.9,87,51,72.38,1.5,1005.88,7.3,2011,2010
2011-04-18,31.1,22.2,25.82,89,51,73.79,9.0,1006.65,8.6,2011,2010
2011-04-19,30.8,22.6,25.98,93,56,76.38,8.9,1007.27,6.8,2011,2010
2011-04-20,31.3,22.0,25.85,88,48,73.38,5.8,1007.28,7.6,2011,2010
2011-04-21,30.3,21.2,25.18,91,51,76.75,3.0,1006.88,8.9,2011,2010
2011-04-22,30.8,22.3,25.88,92,48,71.79,1.1,1006.4,9.1,2011,2010
2011-04-23,31.5,21.5,25.75,88,46,71.46,2.1,1006.6,8.2,2011,2010
2011-04-24,31.5,22.0,26.48,89,48,69.92,0.9,1006.02,8.0,2011,2010
2011-04-25,31.6,22.8,26.61,88,50,72.17,7.4,1005.4,6.9,2011,2010
2011-04-26,31.0,22.8,26.04,90,56,78.08,4.2,1004.86,6.9,2011,2010
2011-04-27,28.8,22.9,25.35,96,68,85.71,13.7,1006.39,7.6,2011,2010
2011-04-28,29.6,22.5,25.25,99,68,87.67,26.4,1006.86,8.2,2011,2010
2011-04-29,30.8,22.3,25.73,96,62,83.21,1.6,1005.22,6.5,2011,2010
2011-04-30,31.8,21.8,26.24,92,49,73.21,2.0,1003.75,8.6,2011,2010
2011-05-01,30.9,21.9,26.03,88,52,72.96,2.2,1003.32,8.1,2011,2010
2011-05-02,31.2,23.2,26.5,89,55,75.21,1.0,1003.42,7.4,2011,2010
2011-05-03,32.2,23.2,27.3,91,52,70.38,4.1,1004.02,8.4,2011,2010
2011-05-04,32.1,23.9,27.07,89,53,74.33,4.8,1004.73,6.6,2011,2010
2011-05-05,30.0,24.0,26.22,91,65,79.75,10.4,1004.78,5.5,2011,2010
2011-05-06,30.7,22.9,26.09,92,57,78.0,6.0,1004.95,6.9,2011,2010
2011-05-07,32.1,23.3,26.61,88,53,76.92,3.2,1003.95,7.1,2011,2010
2011-05-08,28.4,24.6,26.35,91,71,81.04,9.9,1004.08,4.7,2011,2010
2011-05-09,31.1,23.4,26.18,92,60,82.08,9.0,1003.38,7.8,2011,2010
2011-05-10,28.9,23.1,25.67,99,72,88.46,16.3,1002.8,5.7,2011,2010
2011-05-11,28.5,23.3,25.31,99,72,89.33,12.9,1004.15,8.0,2011,2010
2011-05-12,27.0,22.6,24.25,99,82,94.75,38.6,1005.7,5.3,2011,2010
2011-05-13,27.9,22.6,24.49,99,77,91.67,21.7,1005.46,6.9,2011,2010
2011-05-14,26.7,22.2,23.9,99,82,93.5,28.3,1005.33,6.7,2011,2010
2011-05-15,27.8,22.2,24.61,99,76,90.67,9.0,1005.98,10.3,2011,2010
2011-05-16,23.9,21.4,22.87,99,95,98.42,164.3,1006.84,9.2,2011,2010
2011-05-17,28.3,20.7,23.93,98,75,90.08,22.9,1006.26,8.6,2011,2010
2011-05-18,27.6,22.5,24.46,96,73,87.79,3.4,1006.88,12.3,2011,2010
2011-05-19,29.3,21.1,24.92,97,63,83.83,1.2,1007.68,7.5,2011,2010
2011-05-20,30.1,21.6,25.18,96,60,83.42,1.6,1006.71,7.4,2011,2010
2011-05-21,28.8,21.2,24.89,95,68,84.54,1.9,1006.53,9.2,2011,2010
2011-05-22,28.4,22.4,24.45,98,70,88.75,12.8,1007.29,9.0,2011,2010
2011-05-23,26.6,21.6,23.93,99,82,93.21,26.6,1007.17,9.0,2011,2010
2011-05-24,28.5,21.9,24.85,99,69,87.79,10.8,1006.68,7.4,2011,2010
2011-05-25,28.7,21.9,24.65,99,72,90.25,3.5,1006.63,6.6,2011,2010
2011-05-26,28.5,22.5,24.8,98,72,89.0,17.1,1006.4,7.3,2011,2010
2011-05-27,29.0,22.0,24.7,99,70,91.42,24.8,1005.93,7.4,2011,2010
2011-05-28,28.7,21.9,24.68,99,72,91.38,10.2,1004.55,8.2,2011,2010
2011-05-29,29.7,21.9,25.42,99,67,87.08,3.6,1003.68,5.5,2011,2010
2011-05-30,28.3,22.1,24.97,99,79,90.5,13.5,1004.35,7.6,2011,2010
2011-05-31,27.8,22.4,24.9,99,79,91.92,15.3,1005.18,8.3,2011,2010
2011-06-01,27.5,22.1,23.81,99,79,95.75,15.9,1006.05,5.1,2011,2010
2011-06-02,28.0,21.8,24.1,99,72,91.71,9.7,1006.41,10.7,2011,2010
2011-06-03,28.8,22.1,24.28,99,70,91.46,42.8,1006.72,7.2,2011,2010
2011-06-04,26.7,22.1,24.08,99,82,94.42,31.0,1007.11,5.8,2011,2010
2011-06-05,25.7,22.0,23.61,99,87,94.21,14.0,1007.1,7.1,2011,2010
2011-06-06,27.1,21.5,24.21,99,80,91.75,9.0,1006.99,12.6,2011,2010
2011-06-07,27.7,21.7,24.13,99,81,90.38,4.5,1006.93,9.8,2011,2010
2011-06-08,28.8,22.5,25.47,95,72,85.54,0.9,1006.5,6.4,2011,2010
2011-06-09,28.7,23.0,25.6,96,73,88.17,5.7,1006.05,6.6,2011,2010
2011-06-10,28.4,22.4,25.38,96,82,90.62,9.1,1005.36,7.0,2011,2010
2011-06-11,29.6,22.4,25.58,99,71,87.83,5.4,1003.47,6.2,2011,2010
2011-06-12,29.2,22.8,25.95,98,73,87.92,16.8,1003.2,5.4,2011,2010
2011-06-13,28.9,22.1,25.07,99,74,90.62,15.2,1003.85,6.9,2011,2010
2011-06-14,29.5,22.7,25.01,99,71,91.83,26.9,1004.34,5.5,2011,2010
2011-06-15,28.5,22.9,24.68,99,76,91.96,26.9,1005.08,8.3,2011,2010
2011-06-16,27.6,21.6,24.04,99,82,93.71,14.3,1005.87,6.1,2011,2010
2011-06-17,28.0,21.1,24.27,99,74,91.33,8.7,1006.32,8.8,2011,2010
2011-06-18,28.2,22.0,24.6,99,74,90.0,5.4,1007.52,8.1,2011,2010
2011-06-19,27.9,22.3,24.34,99,79,90.75,25.0,1006.83,6.9,2011,2010
2011-06-20,28.8,21.2,24.42,99,69,89.75,9.5,1005.65,5.8,2011,2010
2011-06-21,27.7,22.1,24.88,99,81,90.12,15.8,1005.57,6.2,2011,2010
2011-06-22,26.9,22.5,24.59,99,80,92.25,16.2,1005.93,6.8,2011,2010
2011-06-23,27.4,21.8,23.92,100,80,94.29,47.9,1005.65,8.6,2011,2010
2011-06-24,26.0,22.6,24.1,99,82,92.42,20.7,1005.25,15.3,2011,2010
2011-06-25,26.3,22.6,24.21,99,80,92.62,9.4,1005.87,6.9,2011,2010
2011-06-26,28.4,21.9,24.91,98,78,89.54,12.0,1005.38,5.1,2011,2010
2011-06-27,28.8,22.2,24.91,98,71,89.46,13.3,1005.19,8.9,2011,2010
2011-06-28,27.9,23.1,25.28,96,76,88.71,3.5,1005.09,10.0,2011,2010
2011-06-29,29.4,22.8,24.77,99,70,90.71,26.2,1005.11,11.5,2011,2010
2011-06-30,27.4,22.1,24.39,99,76,90.92,11.9,1005.28,8.3,2011,2010
2011-07-01,27.3,21.8,24.48,96,81,89.92,5.5,1005.15,7.1,2011,2010
2011-07-02,28.8,21.9,24.56,99,71,88.17,30.3,1005.53,7.9,2011,2010
2011-07-03,28.2,21.6,24.49,99,72,88.88,10.1,1004.78,7.5,2011,2010
2011-07-04,28.0,22.6,24.44,95,78,89.67,13.5,1005.09,5.6,2011,2010
2011-07-05,29.1,21.8,24.63,97,71,88.54,11.4,1005.59,6.0,2011,2010
2011-07-06,28.2,21.6,24.32,99,77,92.17,16.1,1005.61,8.3,2011,2010
2011-07-07,27.6,21.7,24.53,99,78,90.96,9.5,1005.1,8.3,2011,2010
2011-07-08,28.3,22.3,25.13,99,75,88.21,4.2,1004.4,8.7,2011,2010
2011-07-09,28.5,22.6,24.87,99,73,88.83,9.2,1004.47,6.1,2011,2010
2011-07-10,27.9,22.6,24.4,95,74,90.67,21.2,1004.8,8.7,2011,2010
2011-07-11,27.2,22.6,24.22,99,79,92.33,25.4,1006.02,11.5,2011,2010
2011-07-12,25.6,22.4,23.68,99,85,95.38,41.4,1007.51,9.9,2011,2010
2011-07-13,24.6,21.5,23.09,99,91,97.21,19.0,1007.31,5.5,2011,2010
2011-07-14,24.9,21.1,22.67,99,87,95.12,13.5,1006.93,8.4,2011,2010
2011-07-15,22.5,21.6,22.0,99,98,98.83,88.0,1006.04,10.4,2011,2010
2011-07-16,24.0,21.6,22.46,99,87,96.17,38.1,1006.46,7.4,2011,2010
2011-07-17,26.7,20.2,23.44,99,80,91.88,3.7,1007.05,5.8,2011,2010
2011-07-18,29.0,21.5,24.91,96,68,86.62,4.1,1006.32,6.1,2011,2010
2011-07-19,29.5,22.4,25.24,96,67,86.21,7.0,1006.0,5.8,2011,2010
2011-07-20,29.3,22.0,25.25,96,67,85.75,9.0,1005.43,7.3,2011,2010
2011-07-21,29.3,22.9,25.66,95,68,84.71,4.8,1004.68,7.3,2011,2010
2011-07-22,30.3,22.7,25.25,99,64,87.38,13.6,1004.55,7.9,2011,2010
2011-07-23,30.2,22.2,25.4,99,64,86.58,8.8,1005.06,5.4,2011,2010
2011-07-24,30.1,22.3,25.71,94,65,84.71,2.1,1004.93,7.2,2011,2010
2011-07-25,28.6,22.5,25.06,98,72,89.12,13.6,1004.82,9.0,2011,2010
2011-07-26,29.1,21.7,24.54,100,70,91.25,35.2,1003.94,6.3,2011,2010
2011-07-27,27.6,21.7,24.15,99,79,92.71,34.2,1004.98,7.2,2011,2010
2011-07-28,27.5,22.0,24.09,99,79,92.67,24.8,1005.63,8.7,2011,2010
2011-07-29,26.0,21.8,23.28,99,84,96.25,128.5,1005.93,4.0,2011,2010
2011-07-30,26.5,21.0,23.32,99,75,91.33,13.9,1005.78,7.6,2011,2010
2011-07-31,26.4,21.1,23.27,99,82,92.71,19.4,1006.54,8.9,2011,2010
2011-08-01,27.6,21.0,24.04,97,82,91.29,15.7,1006.29,7.6,2011,2010
2011-08-02,27.4,22.0,24.06,97,78,91.08,17.6,1005.6,7.2,2011,2010
2011-08-03,26.5,21.9,24.29,99,87,92.75,10.6,1005.23,4.1,2011,2010
2011-08-04,29.0,22.0,24.64,98,70,89.88,10.0,1005.49,8.0,2011,2010
2011-08-05,29.6,20.9,24.95,99,65,86.71,3.2,1006.06,6.2,2011,2010
2011-08-06,29.3,22.9,25.81,96,69,85.46,3.5,1005.52,6.9,2011,2010
2011-08-07,29.6,22.5,24.97,99,68,88.58,18.3,1006.01,10.5,2011,2010
2011-08-08,27.8,22.2,25.1,99,80,90.54,8.7,1006.43,7.4,2011,2010
2011-08-09,28.7,22.8,24.87,96,71,89.0,3.9,1006.22,7.0,2011,2010
2011-08-10,27.9,23.1,24.92,95,79,90.21,15.7,1005.48,4.4,2011,2010
2011-08-11,27.2,22.2,24.6,97,81,91.33,15.6,1005.68,5.8,2011,2010
2011-08-12,27.5,21.3,24.0,99,80,92.62,15.6,1006.05,7.6,2011,2010
2011-08-13,27.6,21.0,23.79,99,73,91.38,16.6,1005.75,9.0,2011,2010
2011-08-14,28.5,21.5,23.99,99,70,90.46,11.6,1005.3,5.8,2011,2010
2011-08-15,27.0,21.1,23.64,99,79,92.62,23.3,1005.89,6.8,2011,2010
2011-08-16,27.4,21.6,24.07,98,81,91.71,14.3,1006.67,8.8,2011,2010
2011-08-17,27.6,21.5,24.09,99,80,93.08,9.4,1006.91,7.5,2011,2010
2011-08-18,27.7,21.7,24.33,99,75,89.54,12.7,1006.15,7.6,2011,2010
2011-08-19,27.8,21.9,24.28,96,77,89.71,10.1,1005.72,8.5,2011,2010
2011-08-20,27.0,21.9,24.05,97,80,90.71,12.4,1005.86,8.7,2011,2010
2011-08-21,28.0,20.1,24.05,99,75,89.88,6.2,1006.88,6.8,2011,2010
2011-08-22,27.7,21.7,24.3,99,82,91.04,18.3,1006.6,8.7,2011,2010
2011-08-23,27.1,22.2,24.15,99,84,91.71,10.4,1005.93,8.9,2011,2010
2011-08-24,24.6,22.0,22.84,99,91,97.5,41.9,1006.62,9.9,2011,2010
2011-08-25,25.9,22.3,23.66,99,87,94.25,17.8,1007.22,11.2,2011,2010
2011-08-26,28.1,22.0,24.69,97,73,87.38,8.6,1007.95,8.2,2011,2010
2011-08-27,28.0,22.2,24.55,99,77,91.58,16.8,1007.26,6.2,2011,2010
2011-08-28,28.3,22.2,24.31,99,75,91.21,12.2,1006.31,8.8,2011,2010
2011-08-29,28.3,21.4,24.13,96,71,89.92,7.0,1005.88,7.7,2011,2010
2011-08-30,28.9,21.8,24.78,97,70,88.71,1.9,1005.23,9.6,2011,2010
2011-08-31,28.7,22.2,25.08,98,76,88.42,5.7,1005.32,6.7,2011,2010
2011-09-01,27.1,22.9,24.65,99,80,91.0,15.5,1006.54,7.3,2011,2010
2011-09-02,28.6,22.3,23.75,99,72,94.71,35.6,1007.45,8.0,2011,2010
2011-09-03,26.2,21.7,23.36,99,83,94.42,12.2,1007.48,9.2,2011,2010
2011-09-04,27.0,21.2,23.75,99,80,92.21,12.2,1007.15,9.4,2011,2010
2011-09-05,28.4,21.4,24.5,96,79,88.12,5.2,1006.25,7.8,2011,2010
2011-09-06,28.5,21.9,24.64,97,73,89.58,6.0,1006.48,6.2,2011,2010
2011-09-07,29.4,22.2,24.68,96,70,88.96,7.8,1007.37,6.3,2011,2010
2011-09-08,26.7,22.5,23.95,99,81,93.71,8.9,1008.0,7.6,2011,2010
2011-09-09,27.9,21.8,24.29,98,74,90.12,5.9,1006.99,7.5,2011,2010
2011-09-10,28.3,21.3,24.23,98,69,88.96,32.1,1006.77,8.6,2011,2010
2011-09-11,26.7,21.8,23.18,99,83,95.79,42.8,1007.7,9.2,2011,2010
2011-09-12,29.0,21.4,24.58,99,69,87.12,4.3,1008.22,10.5,2011,2010
2011-09-13,29.0,22.4,24.81,96,70,88.38,10.1,1007.22,9.0,2011,2010
2011-09-14,27.6,21.9,24.45,98,77,91.29,15.5,1006.16,9.8,2011,2010
2011-09-15,28.0,21.5,23.97,99,74,92.71,13.8,1006.65,7.2,2011,2010
2011-09-16,27.8,21.4,23.8,99,72,91.29,16.8,1007.13,7.6,2011,2010
2011-09-17,26.7,21.7,23.91,99,80,93.62,9.9,1007.02,7.0,2011,2010
2011-09-18,27.1,21.6,24.03,99,80,91.62,16.8,1007.6,6.9,2011,2010
2011-09-19,28.0,21.4,23.68,99,75,93.67,27.2,1007.08,7.9,2011,2010
2011-09-20,28.5,20.7,23.59,99,65,91.46,25.9,1006.62,7.3,2011,2010
2011-09-21,27.3,21.4,24.1,97,77,90.25,11.5,1006.19,7.3,2011,2010
2011-09-22,30.0,21.5,25.24,97,64,84.67,4.0,1006.45,8.3,2011,2010
2011-09-23,27.6,22.1,24.62,94,77,88.29,10.3,1006.25,6.8,2011,2010
2011-09-24,28.1,21.6,24.5,99,73,89.92,21.3,1005.6,7.9,2011,2010
2011-09-25,26.9,21.9,23.62,99,83,95.33,51.0,1006.55,10.0,2011,2010
2011-09-26,27.1,22.0,23.87,99,82,94.0,12.7,1006.98,8.7,2011,2010
2011-09-27,27.9,21.5,24.82,99,76,90.21,6.0,1006.9,5.1,2011,2010
2011-09-28,29.5,22.7,25.38,96,72,88.29,8.8,1005.88,6.3,2011,2010
2011-09-29,28.5,23.1,24.9,95,75,89.71,8.7,1005.12,9.4,2011,2010
2011-09-30,28.4,21.3,24.23,99,79,92.83,16.9,1005.48,7.9,2011,2010
2011-10-01,27.2,21.4,23.91,99,80,92.71,18.2,1005.98,7.1,2011,2010
2011-10-02,26.8,21.8,24.05,99,79,91.62,12.8,1006.55,9.0,2011,2010
2011-10-03,26.4,21.6,23.59,99,83,94.17,16.7,1006.72,6.8,2011,2010
2011-10-04,27.8,21.2,23.57,99,79,93.96,10.4,1007.06,5.9,2011,2010
2011-10-05,26.6,21.9,23.92,99,81,91.42,24.8,1005.98,10.0,2011,2010
2011-10-06,28.5,21.7,24.39,95,74,88.21,11.4,1005.05,9.0,2011,2010
2011-10-07,27.5,22.4,24.72,96,76,89.12,8.8,1004.88,6.4,2011,2010
2011-10-08,27.8,22.1,24.22,99,77,92.58,15.9,1004.7,9.0,2011,2010
2011-10-09,25.4,22.1,23.35,99,84,95.5,33.5,1006.15,10.4,2011,2010
2011-10-10,26.6,21.6,23.17,99,79,95.42,16.0,1006.16,12.8,2011,2010
2011-10-11,25.1,22.1,23.12,99,85,95.04,11.5,1006.75,10.5,2011,2010
2011-10-12,26.2,21.6,23.41,99,76,90.62,6.0,1007.15,11.6,2011,2010
2011-10-13,26.4,21.7,23.71,99,75,89.75,8.4,1005.58,12.5,2011,2010
2011-10-14,25.4,22.6,23.59,93,79,87.96,4.6,1005.47,13.8,2011,2010
2011-10-15,25.9,21.8,23.18,99,84,90.83,10.0,1006.75,13.9,2011,2010
2011-10-16,25.4,21.6,22.77,99,82,94.17,24.7,1007.81,13.2,2011,2010
2011-10-17,24.7,20.8,22.29,99,80,94.12,15.7,1007.96,11.5,2011,2010
2011-10-18,23.4,20.3,21.91,99,84,94.54,24.0,1008.86,14.3,2011,2010
2011-10-19,26.5,20.0,22.98,99,69,85.62,1.4,1009.84,13.4,2011,2010
2011-10-20,24.7,21.1,22.74,99,81,90.21,8.7,1010.05,4.8,2011,2010
2011-10-21,24.1,20.4,21.69,99,84,95.83,69.1,1008.85,11.5,2011,2010
2011-10-22,23.8,21.0,21.98,99,84,95.67,63.2,1007.36,12.5,2011,2010
2011-10-23,25.2,19.9,22.49,99,83,92.33,14.1,1007.3,12.5,2011,2010
2011-10-24,26.7,20.5,23.28,98,80,90.75,11.2,1007.83,9.7,2011,2010
2011-10-25,27.9,19.8,23.5,99,69,88.17,12.8,1006.83,6.0,2011,2010
2011-10-26,28.0,19.7,23.98,98,67,86.08,8.2,1004.41,7.5,2011,2010
2011-10-27,26.6,21.3,23.41,99,80,93.71,16.9,1003.45,6.7,2011,2010
2011-10-28,27.6,20.9,23.7,99,76,91.58,24.1,1004.51,7.2,2011,2010
2011-10-29,27.1,21.2,23.54,99,81,94.0,14.1,1005.21,4.7,2011,2010
2011-10-30,25.1,21.7,22.77,99,88,97.5,20.6,1005.57,7.7,2011,2010
2011-10-31,24.0,21.5,22.48,99,92,98.08,113.5,1005.8,8.7,2011,2010
2011-11-01,25.2,20.8,22.88,99,89,95.42,16.7,1005.71,5.5,2011,2010
2011-11-02,28.3,20.8,24.27,99,69,88.29,7.0,1005.82,5.7,2011,2010
2011-11-03,28.2,22.2,24.36,95,70,87.21,8.4,1006.08,6.9,2011,2010
2011-11-04,28.1,22.2,24.57,96,74,89.12,16.4,1005.52,4.1,2011,2010
2011-11-05,28.0,21.2,24.3,98,73,88.92,4.3,1004.97,5.8,2011,2010
2011-11-06,28.2,22.2,24.64,96,78,89.04,6.1,1005.59,4.8,2011,2010
2011-11-07,28.0,20.9,23.92,99,71,90.38,17.5,1005.65,6.6,2011,2010
2011-11-08,27.7,21.4,24.03,99,77,92.29,16.5,1005.73,7.1,2011,2010
2011-11-09,27.6,21.8,24.05,99,76,90.96,20.2,1005.8,5.9,2011,2010
2011-11-10,24.7,21.7,23.01,99,92,97.75,33.7,1005.83,12.0,2011,2010
2011-11-11,27.0,21.6,23.71,99,69,88.17,22.7,1006.7,7.9,2011,2010
2011-11-12,27.0,20.3,23.94,98,69,83.71,11.7,1007.31,6.5,2011,2010
2011-11-13,26.3,20.7,23.11,99,81,94.0,35.8,1006.54,7.9,2011,2010
2011-11-14,26.6,20.7,22.98,99,79,93.79,19.4,1005.79,8.8,2011,2010
2011-11-15,26.3,20.6,23.24,100,82,94.0,15.7,1005.58,7.2,2011,2010
2011-11-16,26.6,21.9,23.68,96,78,90.83,11.0,1005.41,9.5,2011,2010
2011-11-17,27.2,21.7,23.8,98,77,89.79,26.4,1005.5,7.4,2011,2010
2011-11-18,25.8,20.7,22.78,99,80,93.67,36.3,1006.7,8.0,2011,2010
2011-11-19,26.0,20.2,22.52,99,84,94.92,13.0,1007.1,6.1,2011,2010
2011-11-20,26.3,20.4,22.79,99,76,93.58,18.4,1007.25,5.4,2011,2010
2011-11-21,27.0,21.1,23.74,99,76,90.33,16.8,1006.87,6.1,2011,2010
2011-11-22,27.8,21.8,24.32,99,73,87.42,12.3,1007.1,3.6,2011,2010
2011-11-23,27.8,20.8,23.82,97,68,86.38,11.4,1007.61,5.9,2011,2010
2011-11-24,27.6,20.7,23.65,98,74,89.71,21.4,1007.71,6.1,2011,2010
2011-11-25,26.7,21.0,23.34,97,74,89.96,14.9,1006.54,7.0,2011,2010
2011-11-26,26.5,21.3,23.4,99,82,93.71,18.9,1005.46,7.7,2011,2010
2011-11-27,26.5,21.1,23.72,99,80,91.96,9.9,1004.24,6.5,2011,2010
2011-11-28,27.2,20.9,23.59,99,76,91.04,16.8,1004.7,5.8,2011,2010
2011-11-29,27.8,19.6,23.31,99,66,88.04,15.4,1006.4,6.5,2011,2010
2011-11-30,27.1,20.5,23.41,98,71,88.08,7.7,1006.56,4.8,2011,2010
2011-12-01,26.9,22.3,24.02,95,73,86.33,17.2,1006.79,5.1,2011,2010
2011-12-02,28.1,21.8,24.38,94,66,84.54,10.7,1007.07,4.0,2011,2010
2011-12-03,28.5,21.2,24.31,95,63,83.67,2.6,1006.2,5.2,2011,2010
2011-12-04,28.5,21.4,24.18,94,66,85.46,16.0,1005.02,5.8,2011,2010
2011-12-05,27.6,20.5,23.91,99,69,86.21,13.0,1004.7,6.5,2011,2010
2011-12-06,28.4,19.7,23.68,95,61,83.08,4.7,1005.18,8.3,2011,2010
2011-12-07,28.6,19.9,23.52,93,60,80.79,2.9,1006.16,8.0,2011,2010
2011-12-08,27.4,20.0,23.08,95,66,85.21,4.7,1006.52,7.3,2011,2010
2011-12-09,28.4,20.7,23.89,93,62,82.08,2.9,1005.73,7.7,2011,2010
2011-12-10,27.8,21.0,23.72,94,68,85.04,9.8,1005.66,8.0,2011,2010
2011-12-11,26.6,21.6,23.38,99,76,92.42,18.9,1005.45,4.3,2011,2010
2011-12-12,26.0,21.0,22.76,99,81,96.08,24.4,1006.35,5.1,2011,2010
2011-12-13,27.4,20.4,23.15,99,76,93.12,24.6,1006.31,4.7,2011,2010
2011-12-14,26.4,20.7,22.98,100,76,94.25,34.7,1005.95,5.4,2011,2010
2011-12-15,24.1,20.9,22.23,99,92,98.33,38.4,1005.6,7.1,2011,2010
2011-12-16,25.6,21.0,23.08,99,81,91.08,15.6,1006.22,8.8,2011,2010
2011-12-17,25.6,21.2,23.15,100,82,93.04,22.9,1006.51,5.0,2011,2010
2011-12-18,27.0,20.1,23.5,99,69,86.54,1.9,1006.8,7.4,2011,2010
2011-12-19,26.2,21.2,23.35,94,73,86.88,8.7,1006.82,6.5,2011,2010
2011-12-20,28.7,21.0,24.26,93,62,82.21,0.5,1004.93,6.9,2011,2010
2011-12-21,29.0,21.2,24.61,94,64,80.75,1.6,1003.6,7.5,2011,2010
2011-12-22,27.8,22.3,24.71,94,73,85.83,4.2,1004.12,5.1,2011,2010
2011-12-23,28.6,22.3,24.63,94,68,85.12,4.4,1004.85,6.5,2011,2010
2011-12-24,27.8,22.5,24.58,92,73,85.0,2.8,1005.38,5.4,2011,2010
2011-12-25,29.3,21.9,24.96,89,61,80.33,2.0,1005.55,7.1,2011,2010
2011-12-26,29.2,21.2,24.76,89,59,78.5,0.4,1005.58,7.7,2011,2010
2011-12-27,29.9,21.3,24.7,89,54,74.17,0.3,1006.62,9.1,2011,2010
2011-12-28,29.6,20.5,24.47,89,56,75.21,0.3,1007.12,9.7,2011,2010
2011-12-29,29.8,20.9,24.9,89,57,76.0,0.4,1006.59,8.4,2011,2010
2011-12-30,30.4,22.2,25.41,89,54,75.5,0.1,1006.0,8.4,2011,2010
2011-12-31,30.1,21.9,25.46,90,55,75.5,0.3,1005.42,8.3,2011,2010
2012-01-01,29.8,21.4,25.19,84,57,72.88,0.6,1005.56,8.6,2012,2010
2012-01-02,29.3,20.8,24.86,84,57,73.79,1.5,1006.97,9.4,2012,2010
2012-01-03,29.2,20.6,24.52,86,55,73.0,0.6,1008.45,8.4,2012,2010
2012-01-04,29.2,20.9,24.62,78,53,68.96,0.3,1008.22,9.2,2012,2010
2012-01-05,28.5,21.9,24.65,87,60,76.75,7.0,1008.1,5.9,2012,2010
2012-01-06,27.3,21.7,24.06,94,67,84.79,10.3,1007.39,5.2,2012,2010
2012-01-07,29.4,20.7,24.33,95,59,80.83,1.6,1006.98,8.4,2012,2010
2012-01-08,30.5,20.4,24.58,91,50,74.71,0.1,1006.97,9.2,2012,2010
2012-01-09,30.4,20.0,24.49,86,48,69.83,0.5,1006.62,9.1,2012,2010
2012-01-10,30.7,20.2,24.84,89,49,70.62,0.9,1005.93,9.1,2012,2010
2012-01-11,30.5,21.4,25.26,87,50,73.04,0.8,1004.66,8.1,2012,2010
2012-01-12,31.3,21.2,25.36,87,47,70.92,0.4,1004.22,8.5,2012,2010
2012-01-13,31.0,21.3,25.68,86,46,66.96,1.3,1005.08,8.7,2012,2010
2012-01-14,30.7,21.6,25.74,82,47,66.79,1.8,1006.93,9.8,2012,2010
2012-01-15,29.3,21.9,25.15,85,56,72.25,4.1,1008.24,6.9,2012,2010
2012-01-16,30.8,22.3,25.8,85,36,64.0,0.3,1007.53,13.6,2012,2010
2012-01-17,31.2,21.7,25.77,77,40,62.46,0.3,1007.0,9.1,2012,2010
2012-01-18,31.2,21.2,25.78,80,41,61.71,0.3,1006.29,8.6,2012,2010
2012-01-19,30.5,21.2,25.14,74,43,59.96,0.0,1005.58,10.9,2012,2010
2012-01-20,31.4,18.8,24.78,72,39,58.71,0.3,1005.18,10.8,2012,2010
2012-01-21,31.4,19.6,25.2,83,36,61.5,0.4,1005.52,9.8,2012,2010
2012-01-22,31.0,20.3,25.07,82,43,63.96,0.4,1005.55,8.9,2012,2010
2012-01-23,31.1,20.3,25.22,82,41,66.17,1.8,1005.83,8.4,2012,2010
2012-01-24,31.0,20.3,25.11,81,43,65.92,2.0,1006.77,8.7,2012,2010
2012-01-25,30.7,20.6,25.2,86,47,70.04,1.5,1006.61,9.2,2012,2010
2012-01-26,30.6,20.9,25.5,85,48,67.88,0.9,1005.75,9.0,2012,2010
2012-01-27,31.5,22.0,26.06,77,42,60.96,1.0,1005.73,8.0,2012,2010
2012-01-28,31.7,21.5,26.0,68,38,55.79,0.2,1006.01,9.5,2012,2010
2012-01-29,31.0,21.7,25.77,70,44,58.83,0.2,1006.2,9.9,2012,2010
2012-01-30,31.3,22.4,26.25,70,42,57.75,0.1,1005.95,9.4,2012,2010
2012-01-31,31.7,22.6,26.39,72,40,57.29,0.0,1005.51,9.7,2012,2010
2012-02-01,31.6,22.7,26.39,68,40,55.92,0.4,1004.63,8.9,2012,2010
2012-02-02,31.7,21.5,26.11,70,36,55.33,0.0,1003.9,9.1,2012,2010
2012-02-03,31.2,22.6,26.09,74,41,59.96,0.4,1003.25,9.4,2012,2010
2012-02-04,30.9,21.9,25.62,83,47,68.46,2.3,1003.71,8.4,2012,2010
2012-02-05,31.9,22.0,26.1,86,45,70.12,4.3,1004.45,8.0,2012,2010
2012-02-06,32.5,22.7,26.77,87,41,67.04,1.2,1004.88,6.8,2012,2010
2012-02-07,31.5,22.5,26.53,82,48,67.54,2.6,1004.98,8.4,2012,2010
2012-02-08,31.7,24.1,26.75,80,47,67.17,3.4,1005.43,6.1,2012,2010
2012-02-09,31.8,22.8,26.53,80,40,60.67,0.1,1005.45,10.0,2012,2010
2012-02-10,32.6,21.5,26.4,73,35,57.67,0.4,1006.58,9.7,2012,2010
2012-02-11,32.8,21.4,26.66,73,39,58.75,0.5,1006.63,8.9,2012,2010
2012-02-12,32.5,22.2,26.88,75,37,57.04,0.1,1006.74,9.1,2012,2010
2012-02-13,32.9,22.0,26.87,71,33,56.0,0.0,1006.04,9.1,2012,2010
2012-02-14,32.7,21.7,26.64,73,34,55.92,0.2,1006.54,8.0,2012,2010
2012-02-15,32.9,21.0,26.49,68,32,53.38,0.0,1006.87,10.0,2012,2010
2012-02-16,32.3,21.2,26.3,71,38,57.58,0.4,1007.49,9.2,2012,2010
2012-02-17,32.7,21.5,26.53,76,35,59.08,0.5,1006.45,8.0,2012,2010
2012-02-18,32.7,20.6,26.18,75,34,58.12,0.8,1005.73,9.2,2012,2010
2012-02-19,32.9,21.2,26.54,77,36,60.83,0.5,1005.82,8.5,2012,2010
2012-02-20,31.5,22.1,26.54,78,41,59.12,0.5,1006.4,7.8,2012,2010
2012-02-21,32.7,21.4,26.43,69,32,51.75,0.1,1006.53,10.0,2012,2010
2012-02-22,32.6,21.8,26.55,67,36,55.12,0.0,1005.55,9.8,2012,2010
2012-02-23,33.1,21.8,26.8,73,35,56.83,0.0,1004.65,9.1,2012,2010
2012-02-24,33.3,21.4,26.94,74,35,57.71,0.1,1005.11,9.3,2012,2010
2012-02-25,32.7,21.8,27.06,78,41,59.75,0.3,1005.68,8.6,2012,2010
2012-02-26,32.8,24.2,27.45,72,34,54.12,0.0,1005.52,12.4,2012,2010
2012-02-27,32.4,23.7,26.86,65,32,50.88,0.0,1005.23,13.2,2012,2010
2012-02-28,31.8,22.7,26.53,62,38,52.54,0.0,1005.69,10.7,2012,2010
2012-02-29,32.9,23.0,27.03,69,36,54.29,0.0,1005.43,13.8,2012,2010
2012-03-01,33.1,23.7,27.21,61,34,50.83,0.0,1004.16,15.4,2012,2010
2012-03-02,33.9,22.8,27.53,65,33,51.62,0.0,1003.56,14.1,2012,2010
2012-03-03,33.7,23.0,27.61,78,40,60.46,0.4,1003.07,9.9,2012,2010
2012-03-04,33.7,23.4,27.59,78,42,65.67,7.0,1004.24,6.5,2012,2010
2012-03-05,31.3,24.7,27.2,80,51,65.5,1.3,1004.95,10.4,2012,2010
2012-03-06,31.9,23.7,26.8,71,41,58.08,0.0,1004.28,12.4,2012,2010
2012-03-07,32.8,24.4,27.45,66,39,55.12,0.0,1002.3,18.5,2012,2010
2012-03-08,32.8,24.5,27.48,68,35,54.0,0.0,1002.3,17.9,2012,2010
2012-03-09,33.5,24.1,27.66,63,38,53.88,0.0,1002.95,16.5,2012,2010
2012-03-10,33.6,24.3,27.61,66,35,54.83,0.0,1003.62,18.0,2012,2010
2012-03-11,33.7,23.9,27.73,66,36,54.58,0.0,1004.21,14.9,2012,2010
2012-03-12,33.7,24.1,27.75,68,36,55.79,0.0,1003.6,15.0,2012,2010
2012-03-13,33.9,24.2,27.95,67,37,55.29,0.0,1004.08,14.3,2012,2010
2012-03-14,33.6,24.6,28.03,67,38,55.17,0.0,1003.61,15.4,2012,2010
2012-03-15,34.1,24.6,28.24,67,35,54.12,0.0,1004.15,15.7,2012,2010
2012-03-16,33.9,24.5,28.23,67,36,54.17,0.0,1005.02,12.4,2012,2010
2012-03-17,33.6,24.3,28.15,68,35,55.04,0.0,1006.15,10.2,2012,2010
2012-03-18,33.0,24.6,27.67,66,40,56.75,1.7,1006.27,8.2,2012,2010
2012-03-19,33.3,23.1,27.48,67,35,54.92,0.3,1005.57,8.5,2012,2010
2012-03-20,33.3,22.2,27.38,74,35,57.42,0.2,1004.61,8.8,2012,2010
2012-03-21,32.1,23.0,27.4,73,41,58.58,0.1,1004.84,9.4,2012,2010
2012-03-22,33.3,24.2,28.1,72,40,56.71,1.2,1004.85,8.1,2012,2010
2012-03-23,33.9,23.8,28.1,69,35,54.42,0.1,1004.92,8.9,2012,2010
2012-03-24,32.1,23.4,27.22,74,43,60.96,3.0,1005.87,8.7,2012,2010
2012-03-25,32.7,23.4,27.16,76,41,61.79,1.5,1006.36,7.7,2012,2010
2012-03-26,33.2,23.4,27.71,73,31,55.58,0.6,1006.24,7.7,2012,2010
2012-03-27,33.6,23.3,28.12,70,38,55.0,0.2,1005.79,8.6,2012,2010
2012-03-28,33.4,24.7,28.32,70,41,57.5,0.3,1004.6,8.6,2012,2010
2012-03-29,34.6,24.1,28.63,69,35,55.71,0.1,1003.6,10.2,2012,2010
2012-03-30,34.5,24.9,28.69,71,38,58.62,0.5,1004.13,9.9,2012,2010
2012-03-31,34.3,23.8,28.42,76,39,60.62,1.0,1004.81,8.2,2012,2010
2012-04-01,32.5,23.9,27.01,87,48,71.67,4.7,1004.51,9.2,2012,2010
2012-04-02,31.4,23.3,26.33,93,53,79.17,4.3,1004.12,8.7,2012,2010
2012-04-03,30.1,23.5,25.58,99,62,85.08,29.0,1004.99,7.9,2012,2010
2012-04-04,28.3,22.4,25.05,99,73,87.38,9.6,1004.84,6.3,2012,2010
2012-04-05,28.8,21.9,24.89,99,70,87.5,10.1,1005.65,7.8,2012,2010
2012-04-06,28.5,22.5,24.92,95,71,87.12,3.7,1006.27,7.6,2012,2010
2012-04-07,27.8,21.8,24.6,98,75,89.17,7.1,1006.98,7.8,2012,2010
2012-04-08,27.8,23.1,25.09,95,75,85.08,7.8,1007.47,5.0,2012,2010
2012-04-09,31.5,21.7,25.93,94,48,71.96,1.2,1005.45,7.9,2012,2010
2012-04-10,31.2,21.6,26.0,83,48,68.92,2.6,1006.1,8.1,2012,2010
2012-04-11,30.7,22.5,25.92,89,49,72.25,2.7,1007.91,6.4,2012,2010
2012-04-12,31.0,22.4,26.02,90,48,72.17,1.4,1008.02,8.8,2012,2010
2012-04-13,31.7,21.2,26.22,90,44,69.38,0.5,1007.49,7.8,2012,2010
2012-04-14,32.5,22.0,26.87,83,41,65.75,0.7,1007.01,8.3,2012,2010
2012-04-15,32.7,22.2,26.99,83,44,66.54,0.1,1005.49,9.3,2012,2010
2012-04-16,31.6,23.6,26.38,90,52,73.46,10.7,1005.74,7.4,2012,2010
2012-04-17,28.7,23.2,25.36,94,67,83.42,13.2,1006.7,7.4,2012,2010
2012-04-18,30.2,22.4,25.75,89,58,78.04,11.7,1006.35,7.4,2012,2010
2012-04-19,28.7,23.1,25.5,96,67,81.75,29.0,1005.68,8.1,2012,2010
2012-04-20,29.7,21.8,25.32,99,65,84.17,10.4,1005.1,5.9,2012,2010
2012-04-21,30.4,22.1,26.01,94,58,77.46,3.0,1005.34,8.5,2012,2010
2012-04-22,30.4,22.4,26.0,92,60,79.25,11.2,1006.19,6.6,2012,2010
2012-04-23,30.4,22.6,25.3,94,62,81.58,15.8,1006.0,6.8,2012,2010
2012-04-24,30.4,22.5,25.87,84,56,73.46,4.9,1005.35,9.3,2012,2010
2012-04-25,30.4,24.2,26.53,81,51,67.0,2.2,1004.5,10.1,2012,2010
2012-04-26,31.3,22.3,25.96,90,51,73.79,6.8,1005.43,8.0,2012,2010
2012-04-27,29.1,23.0,25.28,94,63,83.67,10.8,1006.0,8.9,2012,2010
2012-04-28,28.5,22.5,24.96,95,67,84.58,5.1,1005.8,8.5,2012,2010
2012-04-29,30.4,22.4,25.77,96,62,83.04,6.3,1005.46,6.0,2012,2010
2012-04-30,30.5,22.9,25.92,95,62,82.79,10.4,1005.21,8.3,2012,2010
2012-05-01,29.1,21.5,24.92,98,68,86.12,9.4,1005.14,8.3,2012,2010
2012-05-02,29.5,22.4,25.42,95,65,83.79,2.7,1005.22,5.6,2012,2010
2012-05-03,31.0,23.0,26.18,95,61,82.92,10.0,1004.9,5.9,2012,2010
2012-05-04,30.1,22.9,25.37,99,64,87.04,20.5,1006.11,6.6,2012,2010
2012-05-05,28.3,21.8,24.59,99,70,89.79,14.2,1006.53,8.9,2012,2010
2012-05-06,27.9,22.0,24.26,97,78,91.67,7.5,1007.08,9.2,2012,2010
2012-05-07,29.5,22.2,24.77,99,65,88.33,15.5,1006.47,10.1,2012,2010
2012-05-08,28.8,21.2,24.78,99,72,90.04,7.3,1005.84,9.0,2012,2010
2012-05-09,29.4,22.0,25.14,99,67,87.29,7.0,1005.38,6.5,2012,2010
2012-05-10,30.0,21.7,25.36,97,65,84.71,4.3,1004.45,6.6,2012,2010
2012-05-11,30.0,22.3,25.3,95,65,85.38,8.4,1005.37,6.9,2012,2010
2012-05-12,28.9,22.8,25.31,95,70,84.96,12.7,1005.58,8.4,2012,2010
2012-05-13,27.6,22.7,24.4,99,77,91.71,45.2,1004.67,6.7,2012,2010
2012-05-14,27.1,22.3,24.13,99,79,93.5,17.7,1004.75,7.4,2012,2010
2012-05-15,27.2,21.7,24.08,99,81,92.38,10.8,1005.47,6.1,2012,2010
2012-05-16,29.6,22.8,25.35,95,68,87.79,11.8,1005.05,5.2,2012,2010
2012-05-17,29.6,22.7,25.52,95,66,85.04,9.0,1004.9,7.0,2012,2010
2012-05-18,28.9,22.9,25.2,99,74,88.96,13.9,1004.41,8.2,2012,2010
2012-05-19,27.3,21.9,24.09,100,82,93.21,29.6,1005.09,7.2,2012,2010
2012-05-20,25.8,22.0,23.64,99,87,94.92,9.5,1005.75,6.7,2012,2010
2012-05-21,26.9,22.1,24.6,99,78,90.79,4.4,1006.35,6.4,2012,2010
2012-05-22,29.1,23.2,25.28,96,71,87.71,11.0,1006.35,6.2,2012,2010
2012-05-23,28.3,22.6,25.42,97,79,88.25,6.1,1005.65,7.0,2012,2010
2012-05-24,29.6,23.2,25.49,95,70,88.29,14.5,1005.61,6.6,2012,2010
2012-05-25,28.3,22.6,24.79,97,75,89.75,23.8,1006.25,6.0,2012,2010
2012-05-26,29.3,22.6,25.03,97,70,89.08,4.8,1005.49,5.8,2012,2010
2012-05-27,30.1,21.9,25.09,96,65,87.67,6.7,1004.34,8.0,2012,2010
2012-05-28,29.8,23.3,25.7,95,70,86.5,6.9,1004.19,7.9,2012,2010
2012-05-29,28.7,23.1,25.48,95,77,88.42,6.9,1004.6,7.3,2012,2010
2012-05-30,29.4,23.4,25.61,97,72,87.75,23.1,1004.82,7.6,2012,2010
2012-05-31,27.9,22.9,24.72,99,78,91.58,15.7,1005.38,9.4,2012,2010
2012-06-01,29.3,22.8,25.24,95,70,88.04,12.4,1006.55,8.0,2012,2010
2012-06-02,29.4,22.6,25.13,99,75,91.17,13.7,1006.83,7.9,2012,2010
2012-06-03,28.8,22.7,25.26,96,73,89.46,11.6,1006.45,7.7,2012,2010
2012-06-04,29.0,22.0,25.18,98,73,89.38,13.9,1005.49,6.6,2012,2010
2012-06-05,28.2,21.9,24.8,98,73,89.46,17.2,1004.68,7.2,2012,2010
2012-06-06,28.6,21.8,24.76,97,77,90.12,8.1,1005.1,8.3,2012,2010
2012-06-07,29.7,22.9,25.86,97,73,87.29,4.2,1004.51,5.9,2012,2010
2012-06-08,30.0,22.5,25.46,94,67,87.33,16.8,1003.51,7.6,2012,2010
2012-06-09,27.4,22.6,24.92,96,78,90.08,9.2,1003.44,7.8,2012,2010
2012-06-10,29.2,22.3,25.05,99,74,90.58,21.0,1003.97,7.6,2012,2010
2012-06-11,29.3,23.0,25.28,99,70,88.92,8.7,1004.14,8.0,2012,2010
2012-06-12,25.7,22.4,23.59,99,88,96.75,113.5,1004.97,5.9,2012,2010
2012-06-13,27.3,21.9,24.02,99,81,91.25,7.2,1006.28,8.2,2012,2010
2012-06-14,29.2,21.4,24.86,99,69,88.29,4.3,1006.38,5.9,2012,2010
2012-06-15,29.0,22.4,25.38,96,69,86.79,2.8,1005.85,6.1,2012,2010
2012-06-16,27.6,22.8,24.64,96,80,91.08,22.4,1006.58,8.5,2012,2010
2012-06-17,26.6,21.6,24.26,97,82,90.25,3.7,1006.11,8.9,2012,2010
2012-06-18,28.9,21.7,25.25,97,69,84.83,0.6,1005.66,8.4,2012,2010
2012-06-19,28.9,22.9,26.02,96,74,85.46,2.0,1006.17,6.6,2012,2010
2012-06-20,28.7,23.4,25.6,95,71,86.17,6.3,1006.18,6.6,2012,2010
2012-06-21,29.1,22.7,24.81,96,68,88.5,13.4,1006.06,8.3,2012,2010
2012-06-22,27.7,22.1,24.23,96,79,90.29,10.2,1005.88,9.7,2012,2010
2012-06-23,28.2,21.4,24.83,98,76,87.75,4.7,1007.35,7.2,2012,2010
2012-06-24,28.7,21.9,24.9,98,71,87.88,32.7,1008.01,6.0,2012,2010
2012-06-25,27.2,21.2,23.92,98,77,91.42,11.4,1006.87,8.1,2012,2010
2012-06-26,26.0,22.0,23.98,97,83,90.79,5.4,1006.84,9.4,2012,2010
2012-06-27,28.6,22.1,24.73,96,71,87.79,15.7,1007.36,4.9,2012,2010
2012-06-28,28.4,22.5,24.47,95,70,87.75,19.7,1007.81,7.0,2012,2010
2012-06-29,28.2,21.9,24.25,97,76,90.38,23.5,1006.6,7.2,2012,2010
2012-06-30,29.0,20.8,24.26,98,67,89.92,7.2,1005.98,6.1,2012,2010
2012-07-01,28.8,22.2,25.34,96,73,86.17,3.9,1005.62,5.5,2012,2010
2012-07-02,30.2,22.3,25.32,93,63,83.71,7.0,1004.96,7.2,2012,2010
2012-07-03,29.4,22.6,25.37,94,65,84.17,7.8,1004.52,6.7,2012,2010
2012-07-04,28.2,22.3,23.91,99,73,91.25,28.6,1004.96,7.6,2012,2010
2012-07-05,27.7,21.7,23.82,99,77,92.96,28.6,1004.55,5.8,2012,2010
2012-07-06,27.0,21.6,24.02,98,80,91.58,14.6,1004.45,5.8,2012,2010
2012-07-07,28.2,22.1,24.62,95,73,87.92,7.2,1004.69,8.3,2012,2010
2012-07-08,28.6,21.9,24.94,96,77,88.96,6.5,1004.44,5.6,2012,2010
2012-07-09,28.7,22.7,24.82,96,71,87.67,15.5,1004.18,9.4,2012,2010
2012-07-10,30.2,21.7,24.79,99,65,88.17,13.8,1004.5,6.2,2012,2010
2012-07-11,29.1,21.7,24.8,99,68,88.62,9.9,1004.48,8.0,2012,2010
2012-07-12,26.8,22.0,24.27,99,82,91.75,15.6,1005.21,5.5,2012,2010
2012-07-13,29.3,21.5,24.55,99,69,88.67,12.8,1005.75,8.0,2012,2010
2012-07-14,29.5,22.2,25.15,96,64,85.33,2.2,1006.32,8.1,2012,2010
2012-07-15,28.8,22.2,25.29,95,70,85.38,2.9,1006.67,4.5,2012,2010
2012-07-16,28.1,22.7,25.26,94,76,86.83,8.0,1005.28,6.2,2012,2010
2012-07-17,28.5,22.0,24.74,95,70,86.88,11.2,1004.6,9.4,2012,2010
2012-07-18,29.5,22.5,25.33,96,71,86.75,3.5,1004.98,6.4,2012,2010
2012-07-19,29.6,22.7,25.39,98,69,87.17,7.4,1005.21,5.4,2012,2010
2012-07-20,28.3,23.0,24.82,94,72,87.38,11.2,1005.02,5.5,2012,2010
2012-07-21,27.1,22.2,24.23,99,75,90.42,7.3,1005.66,8.9,2012,2010
2012-07-22,27.4,22.0,24.44,98,77,91.38,11.9,1006.08,7.7,2012,2010
2012-07-23,29.5,22.5,25.04,99,68,88.21,5.5,1006.55,6.9,2012,2010
2012-07-24,29.2,21.6,24.64,99,68,89.29,9.6,1006.59,5.8,2012,2010
2012-07-25,29.5,22.8,25.46,99,69,86.08,4.8,1005.27,7.6,2012,2010
2012-07-26,30.2,22.5,25.7,94,65,83.96,3.0,1004.42,6.3,2012,2010
2012-07-27,28.8,23.6,25.75,94,72,86.25,12.7,1004.5,4.7,2012,2010
2012-07-28,29.3,22.7,24.84,99,71,91.71,46.7,1005.12,8.8,2012,2010
2012-07-29,28.7,22.2,24.25,99,71,92.46,25.6,1006.29,8.6,2012,2010
2012-07-30,25.6,21.9,23.48,99,85,95.62,13.9,1006.72,9.0,2012,2010
2012-07-31,29.4,21.3,24.39,96,67,86.33,6.1,1006.37,9.7,2012,2010
2012-08-01,28.8,22.5,24.93,95,71,87.21,13.8,1007.17,6.8,2012,2010
2012-08-02,28.0,22.2,24.89,99,74,89.33,11.7,1006.87,7.8,2012,2010
2012-08-03,29.6,22.5,25.2,95,70,87.04,14.9,1006.05,8.7,2012,2010
2012-08-04,29.4,22.1,24.87,99,69,89.21,13.5,1005.79,7.2,2012,2010
2012-08-05,28.6,21.5,24.25,99,77,91.83,23.5,1006.4,9.0,2012,2010
2012-08-06,27.8,20.9,23.95,99,71,89.58,5.2,1006.65,9.1,2012,2010
2012-08-07,28.7,22.6,24.52,96,75,90.08,15.6,1006.03,10.2,2012,2010
2012-08-08,28.3,21.9,24.61,98,80,91.0,9.4,1005.51,6.8,2012,2010
2012-08-09,27.4,21.0,24.41,99,76,90.58,5.8,1005.43,8.4,2012,2010
2012-08-10,26.7,22.9,24.61,97,84,91.54,8.7,1006.07,6.9,2012,2010
2012-08-11,30.0,21.7,24.63,99,67,89.54,18.3,1006.3,8.5,2012,2010
2012-08-12,28.7,21.8,24.73,99,76,90.62,18.2,1005.95,6.3,2012,2010
2012-08-13,28.1,21.0,24.38,99,72,89.38,14.1,1006.3,7.9,2012,2010
2012-08-14,26.1,21.7,23.97,99,87,92.62,7.9,1006.97,5.9,2012,2010
2012-08-15,28.2,21.5,24.13,99,71,89.71,9.5,1007.18,10.5,2012,2010
2012-08-16,28.5,22.1,24.19,99,71,91.33,15.5,1007.75,8.3,2012,2010
2012-08-17,26.5,22.0,23.74,99,82,93.0,23.5,1007.52,8.7,2012,2010
2012-08-18,28.7,21.5,24.39,99,74,90.38,8.0,1007.19,7.1,2012,2010
2012-08-19,28.8,21.1,24.5,98,74,89.54,9.7,1008.22,6.2,2012,2010
2012-08-20,29.0,21.8,24.65,95,69,86.88,6.7,1007.82,7.6,2012,2010
2012-08-21,27.8,21.5,24.3,96,77,89.46,18.7,1007.13,6.5,2012,2010
2012-08-22,26.8,22.3,24.39,96,81,90.04,17.5,1007.29,8.4,2012,2010
2012-08-23,27.7,21.4,23.92,99,74,90.88,18.8,1006.55,7.4,2012,2010
2012-08-24,27.4,21.7,23.97,98,79,90.29,11.9,1005.75,9.4,2012,2010
2012-08-25,25.6,21.7,23.44,100,86,96.79,16.4,1004.96,9.9,2012,2010
2012-08-26,27.8,22.3,24.52,99,73,90.5,25.4,1005.96,11.7,2012,2010
2012-08-27,28.7,22.1,24.77,96,75,89.17,9.0,1006.16,6.8,2012,2010
2012-08-28,28.5,22.2,24.68,99,72,89.75,6.4,1005.72,9.3,2012,2010
2012-08-29,27.1,22.4,24.6,99,81,89.92,14.0,1005.48,8.2,2012,2010
2012-08-30,27.7,21.6,23.88,99,79,93.67,18.9,1006.08,8.6,2012,2010
2012-08-31,28.8,21.7,24.65,98,74,90.0,10.1,1006.76,6.3,2012,2010
2012-09-01,28.6,21.6,24.65,97,73,89.12,13.0,1006.84,7.6,2012,2010
2012-09-02,26.4,21.9,24.13,96,84,91.71,12.3,1007.0,5.9,2012,2010
2012-09-03,27.1,21.1,23.87,98,83,92.83,22.4,1007.9,7.6,2012,2010
2012-09-04,29.1,21.1,24.08,99,67,90.58,18.8,1008.21,7.9,2012,2010
2012-09-05,28.4,21.6,24.26,99,72,90.42,10.7,1007.62,8.4,2012,2010
2012-09-06,29.2,21.8,25.13,99,68,87.58,4.3,1006.91,6.5,2012,2010
2012-09-07,28.2,22.2,24.94,99,78,89.5,11.2,1006.22,9.5,2012,2010
2012-09-08,28.1,22.3,24.3,99,77,92.0,13.1,1006.34,6.8,2012,2010
2012-09-09,27.9,21.4,24.4,99,74,90.12,15.1,1007.35,6.2,2012,2010
2012-09-10,29.7,21.4,24.64,95,66,86.75,8.4,1007.08,6.7,2012,2010
2012-09-11,28.7,21.9,25.08,98,73,86.33,12.1,1006.21,5.7,2012,2010
2012-09-12,29.2,22.0,25.33,93,64,81.5,5.8,1004.85,7.6,2012,2010
2012-09-13,28.8,22.1,24.37,96,69,87.83,8.6,1005.23,7.2,2012,2010
2012-09-14,28.6,21.1,24.3,99,72,90.33,22.8,1005.7,5.6,2012,2010
2012-09-15,28.6,22.1,25.1,97,74,88.54,7.2,1006.32,7.2,2012,2010
2012-09-16,27.7,22.5,24.99,96,78,89.33,14.4,1006.81,7.9,2012,2010
2012-09-17,28.7,21.2,23.9,100,72,92.71,17.1,1007.97,8.9,2012,2010
2012-09-18,27.5,21.5,23.85,99,79,92.42,11.3,1007.95,7.6,2012,2010
2012-09-19,28.6,21.8,24.95,97,73,88.08,8.0,1007.06,6.6,2012,2010
2012-09-20,29.2,22.4,24.98,95,64,84.88,6.0,1005.31,7.6,2012,2010
2012-09-21,28.0,21.8,24.0,99,74,92.54,15.4,1004.68,7.6,2012,2010
2012-09-22,26.5,21.6,23.61,99,83,93.33,36.4,1005.94,7.1,2012,2010
2012-09-23,27.5,22.2,24.65,96,77,88.29,16.7,1006.52,6.3,2012,2010
2012-09-24,27.4,22.3,24.11,99,77,92.0,40.4,1005.92,7.0,2012,2010
2012-09-25,27.9,21.0,24.03,99,76,90.83,17.0,1006.1,8.1,2012,2010
2012-09-26,28.9,21.7,24.82,99,70,87.88,4.4,1006.02,6.8,2012,2010
2012-09-27,29.2,22.2,24.81,96,69,88.08,7.1,1006.43,7.6,2012,2010
2012-09-28,27.8,22.3,24.42,99,74,90.17,15.9,1006.14,9.2,2012,2010
2012-09-29,28.2,21.7,24.33,99,73,90.54,6.0,1005.91,8.8,2012,2010
2012-09-30,27.7,21.9,24.49,99,72,90.0,4.6,1005.49,10.7,2012,2010
2012-10-01,28.2,22.3,24.62,96,78,90.21,4.4,1005.32,7.5,2012,2010
2012-10-02,28.6,22.5,24.71,96,76,88.5,9.6,1006.08,7.2,2012,2010
2012-10-03,28.1,22.3,24.8,96,75,88.42,18.3,1006.18,8.7,2012,2010
2012-10-04,27.6,22.1,24.31,98,75,90.88,12.4,1007.37,6.2,2012,2010
2012-10-05,27.5,21.3,23.78,99,77,91.67,15.9,1006.44,7.2,2012,2010
2012-10-06,27.4,21.4,23.72,96,79,91.67,15.9,1005.13,5.4,2012,2010
2012-10-07,29.1,21.5,23.47,99,73,94.29,40.7,1005.78,7.8,2012,2010
2012-10-08,27.5,20.8,23.47,99,79,93.88,28.1,1006.89,7.8,2012,2010
2012-10-09,27.7,21.4,24.07,99,74,90.0,7.6,1007.37,8.8,2012,2010
2012-10-10,29.5,22.1,24.36,96,70,90.79,25.7,1007.08,5.6,2012,2010
2012-10-11,29.3,21.6,24.46,99,67,88.83,21.4,1006.35,9.0,2012,2010
2012-10-12,28.3,20.5,23.97,99,70,88.79,9.6,1006.43,6.6,2012,2010
2012-10-13,27.5,21.1,24.23,99,72,88.17,6.1,1006.2,8.7,2012,2010
2012-10-14,25.4,21.5,23.41,99,82,92.79,12.6,1006.61,7.4,2012,2010
2012-10-15,26.1,21.1,23.28,99,84,93.62,12.8,1006.2,8.9,2012,2010
2012-10-16,25.2,21.5,23.01,99,87,96.17,30.6,1006.22,6.9,2012,2010
2012-10-17,25.3,21.0,22.85,99,88,95.58,45.5,1006.98,10.5,2012,2010
2012-10-18,27.7,21.3,23.47,99,76,93.0,15.3,1006.72,10.5,2012,2010
2012-10-19,26.4,21.3,23.4,99,85,93.67,9.8,1005.75,7.9,2012,2010
2012-10-20,27.2,21.4,24.0,96,77,89.75,6.3,1004.84,8.2,2012,2010
2012-10-21,27.8,21.8,24.35,95,75,88.29,12.6,1004.53,7.9,2012,2010
2012-10-22,27.4,21.7,23.95,99,80,91.21,27.4,1003.57,8.5,2012,2010
2012-10-23,24.8,22.5,23.15,99,93,98.12,50.3,1002.74,14.6,2012,2010
2012-10-24,24.2,22.2,22.67,99,96,98.67,70.3,1004.57,10.2,2012,2010
2012-10-25,24.7,21.9,22.91,99,88,95.88,33.8,1005.81,12.9,2012,2010
2012-10-26,27.0,21.0,23.66,97,80,89.71,3.6,1005.65,9.2,2012,2010
2012-10-27,28.4,21.3,24.81,97,70,85.42,1.3,1004.71,7.0,2012,2010
2012-10-28,28.8,21.3,24.74,95,69,84.33,3.5,1005.06,7.6,2012,2010
2012-10-29,29.5,21.3,24.3,95,60,83.62,6.7,1006.75,7.3,2012,2010
2012-10-30,28.4,21.1,24.15,96,66,85.12,3.6,1007.54,6.6,2012,2010
2012-10-31,28.9,21.1,24.25,96,63,85.46,3.6,1007.43,6.6,2012,2010
2012-11-01,28.1,20.8,24.03,94,68,86.17,17.0,1006.52,7.6,2012,2010
2012-11-02,28.6,21.4,24.31,95,69,87.54,7.7,1006.15,7.3,2012,2010
2012-11-03,28.1,21.5,24.2,98,73,90.92,11.0,1006.17,5.6,2012,2010
2012-11-04,29.2,21.3,24.87,99,67,85.83,3.8,1005.43,6.6,2012,2010
2012-11-05,28.0,21.9,24.5,95,70,86.46,8.8,1005.22,7.3,2012,2010
2012-11-06,27.9,21.8,24.16,97,72,87.67,20.3,1005.53,6.9,2012,2010
2012-11-07,26.4,21.5,23.73,99,79,92.29,8.3,1005.54,6.2,2012,2010
2012-11-08,28.3,20.9,24.49,98,72,87.67,9.1,1005.55,5.5,2012,2010
2012-11-09,29.1,22.2,25.0,96,68,85.25,4.5,1004.4,5.8,2012,2010
2012-11-10,29.3,22.4,25.22,94,67,83.33,8.5,1004.33,6.8,2012,2010
2012-11-11,27.1,22.4,24.21,96,74,88.67,19.8,1005.4,6.6,2012,2010
2012-11-12,29.1,21.5,24.17,98,66,89.38,14.9,1005.5,7.6,2012,2010
2012-11-13,28.2,21.9,24.7,98,72,87.92,7.3,1005.39,5.9,2012,2010
2012-11-14,27.8,22.5,24.4,100,75,92.04,26.0,1006.16,5.1,2012,2010
2012-11-15,28.8,21.3,24.36,99,63,86.67,4.1,1006.3,7.5,2012,2010
2012-11-16,28.9,21.1,24.16,93,63,83.79,7.2,1006.38,7.3,2012,2010
2012-11-17,27.5,21.4,23.99,97,74,89.75,24.3,1007.26,7.2,2012,2010
2012-11-18,27.4,21.3,23.81,99,71,91.5,23.5,1007.5,5.9,2012,2010
2012-11-19,27.7,21.6,24.31,99,72,89.21,8.6,1005.95,5.5,2012,2010
2012-11-20,26.2,22.8,24.2,98,84,93.0,17.9,1004.91,3.4,2012,2010
2012-11-21,28.5,21.5,24.03,99,69,91.54,20.4,1005.67,6.2,2012,2010
2012-11-22,26.8,22.0,23.67,99,79,93.67,22.8,1007.18,5.2,2012,2010
2012-11-23,27.1,21.4,24.29,99,70,85.92,1.1,1006.33,6.8,2012,2010
2012-11-24,27.4,22.2,24.62,86,66,75.54,7.6,1005.73,7.7,2012,2010
2012-11-25,26.6,21.1,22.66,99,78,95.21,36.2,1005.79,8.7,2012,2010
2012-11-26,29.0,20.9,24.3,98,65,87.54,6.7,1006.06,7.3,2012,2010
2012-11-27,28.8,22.4,24.62,96,73,86.88,8.7,1006.06,6.2,2012,2010
2012-11-28,29.8,22.4,25.14,99,66,86.25,3.7,1006.85,6.2,2012,2010
2012-11-29,28.2,22.2,24.32,96,70,87.12,6.8,1007.72,6.2,2012,2010
2012-11-30,27.5,21.3,23.7,95,69,86.54,5.2,1007.91,5.8,2012,2010
2012-12-01,27.7,20.8,23.99,94,67,82.46,1.9,1007.53,7.3,2012,2010
2012-12-02,29.3,21.6,24.65,94,61,81.71,5.4,1007.23,6.8,2012,2010
2012-12-03,28.4,21.5,24.17,95,67,84.5,19.2,1006.99,6.6,2012,2010
2012-12-04,28.5,20.9,24.2,94,65,82.08,6.4,1007.48,7.6,2012,2010
2012-12-05,28.0,21.6,24.03,95,70,88.0,9.7,1007.25,5.6,2012,2010
2012-12-06,28.8,21.3,24.45,94,62,83.42,2.2,1005.2,7.2,2012,2010
2012-12-07,29.0,20.5,24.5,94,61,80.83,4.0,1004.2,6.5,2012,2010
2012-12-08,29.0,21.1,24.67,94,63,82.71,2.2,1004.94,6.1,2012,2010
2012-12-09,29.6,21.0,24.87,92,62,79.58,1.2,1005.24,8.0,2012,2010
2012-12-10,29.5,22.7,25.67,93,66,82.29,4.5,1004.29,5.9,2012,2010
2012-12-11,28.6,22.2,24.8,99,71,86.33,6.7,1004.36,7.3,2012,2010
2012-12-12,30.0,21.0,25.04,98,61,83.62,2.0,1005.23,5.9,2012,2010
2012-12-13,29.6,21.6,24.8,94,58,80.33,1.7,1006.27,7.8,2012,2010
2012-12-14,27.2,21.3,24.14,95,70,84.04,19.2,1006.52,7.5,2012,2010
2012-12-15,29.2,22.0,25.21,92,60,79.5,6.2,1005.58,5.8,2012,2010
2012-12-16,29.5,21.5,24.76,97,61,82.62,2.9,1005.2,6.5,2012,2010
2012-12-17,28.9,19.3,23.7,98,65,85.92,2.4,1005.41,7.2,2012,2010
2012-12-18,29.3,20.4,24.17,95,63,81.25,2.1,1005.43,6.6,2012,2010
2012-12-19,29.3,19.8,24.08,94,58,77.88,1.9,1005.06,9.1,2012,2010
2012-12-20,29.1,21.7,24.39,99,62,83.83,20.1,1004.73,7.4,2012,2010
2012-12-21,24.9,21.3,23.06,99,92,97.12,27.8,1005.18,9.6,2012,2010
2012-12-22,29.9,20.9,24.75,98,52,77.17,0.1,1004.87,10.2,2012,2010
2012-12-23,28.5,22.5,25.2,82,62,72.75,0.3,1004.06,9.4,2012,2010
2012-12-24,29.4,22.0,25.19,92,60,78.92,3.7,1004.52,6.9,2012,2010
2012-12-25,29.3,21.0,24.71,96,64,85.08,8.8,1004.45,8.2,2012,2010
2012-12-26,28.5,22.2,25.01,94,70,85.92,5.3,1004.42,6.1,2012,2010
2012-12-27,29.2,21.6,25.18,95,66,84.17,2.1,1003.72,6.1,2012,2010
2012-12-28,28.9,22.2,25.36,94,72,84.67,6.9,1003.32,6.1,2012,2010
2012-12-29,30.3,22.7,25.92,94,59,80.71,1.0,1003.8,6.3,2012,2010
2012-12-30,30.4,22.5,25.99,86,53,71.46,0.0,1005.25,8.2,2012,2010
2012-12-31,30.6,21.9,25.74,87,51,72.71,0.3,1005.6,8.7,2012,2010
2013-01-01,29.3,22.6,25.22,90,62,78.25,2.1,1005.04,6.6,2013,2010
2013-01-02,30.2,21.7,25.33,91,57,76.96,0.8,1004.48,8.1,2013,2010
2013-01-03,30.0,21.9,25.4,90,57,77.83,1.2,1005.65,6.9,2013,2010
2013-01-04,30.4,21.4,25.53,92,55,75.29,0.2,1005.97,8.7,2013,2010
2013-01-05,30.7,21.2,25.7,85,49,67.58,0.0,1005.29,10.2,2013,2010
2013-01-06,31.2,21.8,26.1,83,48,66.46,0.1,1004.4,10.7,2013,2010
2013-01-07,31.5,21.3,25.82,83,48,66.5,0.0,1003.52,10.0,2013,2010
2013-01-08,31.8,21.7,25.93,85,48,70.96,0.4,1002.62,9.8,2013,2010
2013-01-09,31.9,21.8,26.04,85,49,70.08,0.1,1004.16,8.5,2013,2010
2013-01-10,31.6,22.8,26.62,82,50,67.38,0.2,1004.25,8.9,2013,2010
2013-01-11,31.4,22.5,26.44,76,48,63.67,0.0,1003.39,11.0,2013,2010
2013-01-12,31.0,22.8,26.52,73,44,60.54,0.6,1004.14,9.7,2013,2010
2013-01-13,31.1,21.6,25.88,79,45,65.92,0.1,1004.98,9.2,2013,2010
2013-01-14,31.5,22.2,26.23,79,45,66.42,0.4,1005.45,9.2,2013,2010
2013-01-15,31.2,21.8,25.83,83,42,66.62,0.8,1005.35,8.6,2013,2010
2013-01-16,30.6,20.6,25.16,85,48,69.54,3.0,1005.44,8.5,2013,2010
2013-01-17,30.7,21.7,25.6,86,47,71.17,2.3,1006.44,7.8,2013,2010
2013-01-18,31.0,21.0,25.65,84,46,65.75,0.2,1006.6,8.1,2013,2010
2013-01-19,31.3,21.4,25.84,80,43,62.04,0.0,1005.55,9.7,2013,2010
2013-01-20,31.4,23.1,26.36,71,44,59.17,0.0,1004.9,10.8,2013,2010
2013-01-21,32.1,23.0,26.75,69,40,56.88,0.1,1004.88,10.7,2013,2010
2013-01-22,32.3,23.7,27.1,68,42,57.92,0.1,1005.88,10.8,2013,2010
2013-01-23,32.5,23.7,27.24,71,38,56.79,0.2,1007.65,10.0,2013,2010
2013-01-24,32.3,22.1,26.79,74,41,59.29,1.3,1008.2,9.8,2013,2010
2013-01-25,31.4,22.4,26.45,76,44,63.42,0.8,1007.48,8.8,2013,2010
2013-01-26,32.1,23.0,26.65,72,42,58.92,0.1,1006.58,10.0,2013,2010
2013-01-27,32.4,23.1,26.9,69,38,55.75,0.0,1006.61,11.2,2013,2010
2013-01-28,32.6,23.5,27.23,68,40,56.54,0.0,1006.95,10.4,2013,2010
2013-01-29,32.5,24.1,27.47,71,42,57.96,0.8,1006.14,10.1,2013,2010
2013-01-30,32.8,23.0,27.46,72,43,59.92,0.2,1005.02,9.1,2013,2010
2013-01-31,32.9,23.5,27.61,75,41,58.83,0.0,1004.62,12.7,2013,2010
2013-02-01,32.4,24.1,27.11,65,39,55.0,0.0,1005.07,14.2,2013,2010
2013-02-02,31.9,21.3,26.21,67,39,52.96,0.0,1006.21,11.6,2013,2010
2013-02-03,32.1,21.5,26.1,71,37,54.54,0.0,1005.8,10.6,2013,2010
2013-02-04,32.8,21.3,26.63,71,35,55.04,0.0,1005.38,9.8,2013,2010
2013-02-05,32.6,21.5,26.5,77,37,61.25,0.3,1006.1,8.7,2013,2010
2013-02-06,32.4,21.8,26.68,73,38,57.92,0.1,1006.14,8.6,2013,2010
2013-02-07,32.6,21.8,26.7,76,37,59.96,0.0,1005.77,8.8,2013,2010
2013-02-08,32.7,21.0,26.54,74,37,56.83,0.3,1005.98,9.5,2013,2010
2013-02-09,32.8,21.8,26.7,75,36,56.12,0.0,1006.16,9.3,2013,2010
2013-02-10,32.8,21.4,26.49,71,35,54.21,0.1,1006.71,10.4,2013,2010
2013-02-11,32.9,20.5,26.4,70,31,52.21,0.0,1006.67,9.8,2013,2010
2013-02-12,32.1,20.6,26.14,74,40,59.33,0.0,1006.5,9.5,2013,2010
2013-02-13,32.0,21.7,26.32,80,43,65.62,1.5,1005.84,8.0,2013,2010
2013-02-14,30.5,22.2,25.89,87,49,70.29,2.8,1006.5,7.1,2013,2010
2013-02-15,31.9,21.7,26.38,88,46,69.62,0.4,1005.71,7.4,2013,2010
2013-02-16,32.9,23.2,27.44,79,41,61.83,2.8,1005.32,8.6,2013,2010
2013-02-17,33.0,23.0,27.04,71,31,53.25,0.0,1005.56,9.8,2013,2010
2013-02-18,32.3,23.0,26.8,69,39,55.46,0.0,1004.98,9.6,2013,2010
2013-02-19,32.4,22.4,26.78,66,39,54.12,0.0,1004.4,11.3,2013,2010
2013-02-20,33.4,23.2,27.48,67,41,55.12,0.1,1003.15,12.1,2013,2010
2013-02-21,33.5,23.4,27.79,69,38,56.58,0.3,1003.55,9.6,2013,2010
2013-02-22,33.4,22.9,27.62,72,40,58.75,0.4,1004.78,8.3,2013,2010
2013-02-23,33.0,23.0,27.53,76,42,62.54,0.1,1004.45,8.2,2013,2010
2013-02-24,33.5,24.3,27.97,79,41,64.42,1.2,1004.16,6.6,2013,2010
2013-02-25,33.4,24.5,28.02,80,41,64.96,1.2,1003.1,7.6,2013,2010
2013-02-26,34.0,22.0,27.57,87,39,67.42,0.6,1003.57,8.1,2013,2010
2013-02-27,33.2,23.5,27.67,82,42,65.58,0.4,1004.25,8.9,2013,2010
2013-02-28,32.8,22.8,27.01,80,42,64.17,3.3,1004.5,8.5,2013,2010
2013-03-01,29.4,23.5,25.98,87,62,77.54,7.0,1004.2,5.8,2013,2010
2013-03-02,29.2,23.1,25.22,98,59,82.04,8.5,1004.82,10.0,2013,2010
2013-03-03,29.8,23.1,25.62,83,50,63.83,0.0,1005.45,21.9,2013,2010
2013-03-04,30.5,23.5,26.27,65,45,57.5,0.0,1005.97,20.5,2013,2010
2013-03-05,32.1,24.2,27.45,71,46,60.5,1.2,1006.06,11.3,2013,2010
2013-03-06,32.4,23.3,27.45,79,46,64.21,4.7,1006.25,8.2,2013,2010
2013-03-07,32.9,24.5,27.95,86,40,62.54,0.0,1005.71,10.2,2013,2010
2013-03-08,33.7,24.9,28.2,70,40,57.42,0.0,1004.76,10.9,2013,2010
2013-03-09,34.1,24.5,28.21,68,39,56.17,0.2,1004.79,9.8,2013,2010
2013-03-10,33.8,24.1,28.36,73,40,59.21,0.4,1004.34,9.0,2013,2010
2013-03-11,33.2,23.9,28.28,74,42,60.04,2.2,1004.1,8.0,2013,2010
2013-03-12,33.1,24.1,27.78,80,45,65.92,1.9,1005.01,7.4,2013,2010
2013-03-13,33.1,24.1,28.06,78,39,59.75,0.6,1005.38,7.8,2013,2010
2013-03-14,33.5,23.7,27.62,71,37,55.08,0.0,1005.24,9.7,2013,2010
2013-03-15,32.9,23.6,27.2,62,38,52.17,0.0,1004.75,12.0,2013,2010
2013-03-16,33.5,22.9,27.61,62,30,46.88,0.0,1004.74,11.5,2013,2010
2013-03-17,33.8,22.9,27.71,72,36,57.54,0.5,1005.99,9.9,2013,2010
2013-03-18,33.5,23.8,27.95,79,40,61.58,1.7,1006.49,6.9,2013,2010
2013-03-19,33.4,24.5,27.71,86,42,67.62,2.1,1005.88,6.9,2013,2010
2013-03-20,32.5,22.8,27.02,86,43,69.46,2.1,1005.56,11.6,2013,2010
2013-03-21,31.3,23.2,26.71,89,50,73.08,2.4,1005.64,8.8,2013,2010
2013-03-22,31.6,22.6,26.35,94,49,75.46,1.6,1006.5,11.2,2013,2010
2013-03-23,32.5,22.5,26.93,96,44,73.46,0.7,1006.33,10.2,2013,2010
2013-03-24,32.5,22.6,27.18,90,46,72.04,0.5,1004.55,10.7,2013,2010
2013-03-25,33.3,23.4,27.72,92,44,72.29,1.9,1003.81,9.2,2013,2010
2013-03-26,33.3,24.2,28.05,86,46,67.21,2.6,1004.62,7.6,2013,2010
2013-03-27,33.8,24.4,28.12,76,32,53.29,0.0,1005.55,11.3,2013,2010
2013-03-28,33.8,24.4,28.06,63,36,51.29,0.0,1005.68,12.6,2013,2010
2013-03-29,33.7,24.8,28.17,66,35,50.79,0.0,1005.73,11.9,2013,2010
2013-03-30,34.4,24.1,28.59,61,34,48.21,0.5,1005.35,13.6,2013,2010
2013-03-31,34.2,25.1,29.02,72,42,57.83,1.2,1004.36,7.7,2013,2010
2013-04-01,33.7,25.9,28.15,86,46,68.0,13.3,1004.55,6.4,2013,2010
2013-04-02,30.7,24.8,26.6,89,56,78.25,16.8,1006.04,5.9,2013,2010
2013-04-03,30.0,23.7,26.25,90,61,79.08,8.6,1005.94,6.5,2013,2010
2013-04-04,31.7,23.2,26.35,92,56,79.54,6.5,1006.49,6.9,2013,2010
2013-04-05,31.2,22.2,26.23,94,59,79.54,3.8,1006.21,5.8,2013,2010
2013-04-06,32.1,22.5,26.61,92,49,74.54,1.0,1006.18,7.2,2013,2010
2013-04-07,33.3,21.5,26.94,87,38,63.5,0.0,1005.49,9.6,2013,2010
2013-04-08,33.6,23.0,27.39,84,42,62.29,1.0,1004.67,9.2,2013,2010
2013-04-09,33.1,24.1,27.84,82,47,67.58,1.7,1004.76,7.3,2013,2010
2013-04-10,32.2,23.8,27.0,87,48,72.0,7.4,1004.66,7.6,2013,2010
2013-04-11,32.2,23.5,27.06,87,52,74.04,2.6,1004.39,9.0,2013,2010
2013-04-12,32.7,23.4,27.54,92,49,72.96,1.7,1003.66,8.0,2013,2010
2013-04-13,32.7,23.4,27.38,91,50,73.5,4.8,1003.62,6.3,2013,2010
2013-04-14,32.8,23.9,27.2,89,47,73.62,3.8,1004.32,7.9,2013,2010
2013-04-15,32.2,23.4,26.98,90,53,76.17,3.2,1005.2,9.1,2013,2010
2013-04-16,32.6,23.9,27.67,90,52,73.46,2.4,1004.92,6.5,2013,2010
2013-04-17,32.7,24.1,27.61,87,48,71.96,4.3,1004.4,7.2,2013,2010
2013-04-18,31.9,23.9,26.6,89,52,74.25,5.7,1004.88,7.7,2013,2010
2013-04-19,30.9,23.3,25.59,93,58,83.29,14.8,1005.99,4.7,2013,2010
2013-04-20,31.0,22.9,25.48,94,58,84.12,15.5,1006.83,6.3,2013,2010
2013-04-21,29.6,22.7,24.74,94,64,86.58,30.7,1007.87,7.3,2013,2010
2013-04-22,29.7,22.1,25.31,96,66,81.88,2.5,1007.17,7.2,2013,2010
2013-04-23,31.2,21.9,25.94,94,50,74.71,0.9,1006.33,8.4,2013,2010
2013-04-24,32.1,21.2,26.35,87,47,69.75,0.0,1005.87,8.5,2013,2010
2013-04-25,32.5,23.2,27.15,82,46,66.83,1.5,1006.32,9.1,2013,2010
2013-04-26,32.0,22.7,26.88,86,47,67.67,1.9,1007.31,7.8,2013,2010
2013-04-27,32.0,22.2,26.32,87,44,67.62,3.3,1007.03,8.3,2013,2010
2013-04-28,31.3,22.6,25.95,87,47,72.83,4.6,1006.15,8.1,2013,2010
2013-04-29,30.6,22.2,25.91,94,52,76.79,6.3,1005.39,7.2,2013,2010
2013-04-30,31.7,22.9,26.73,90,45,72.08,1.4,1005.34,10.6,2013,2010
2013-05-01,31.4,23.2,26.47,92,51,77.21,5.7,1006.58,8.9,2013,2010
2013-05-02,29.5,23.0,25.39,94,66,85.75,9.8,1007.02,9.4,2013,2010
2013-05-03,27.9,22.7,24.88,99,75,89.54,27.0,1006.53,8.0,2013,2010
2013-05-04,30.5,22.2,25.45,95,64,84.62,10.8,1005.59,5.5,2013,2010
2013-05-05,30.7,22.1,25.52,95,53,80.21,5.5,1007.75,10.3,2013,2010
2013-05-06,30.0,21.7,25.4,99,59,80.17,4.8,1008.76,7.3,2013,2010
2013-05-07,31.2,20.2,25.17,92,41,68.92,0.0,1008.14,9.7,2013,2010
2013-05-08,31.3,19.8,25.3,86,43,66.75,0.2,1008.37,9.4,2013,2010
2013-05-09,31.1,22.3,25.78,99,53,75.96,18.9,1008.78,8.5,2013,2010
2013-05-10,27.4,22.7,24.38,99,80,93.42,57.8,1007.97,6.8,2013,2010
2013-05-11,27.8,22.4,24.57,99,77,91.21,23.5,1006.72,8.0,2013,2010
2013-05-12,28.4,21.6,25.02,99,77,88.75,7.4,1005.46,5.4,2013,2010
2013-05-13,31.0,23.3,26.28,95,62,81.92,5.7,1005.32,6.5,2013,2010
2013-05-14,31.3,22.7,26.12,92,50,76.54,0.7,1005.98,8.0,2013,2010
2013-05-15,30.5,22.7,25.61,90,54,77.12,2.9,1006.44,6.9,2013,2010
2013-05-16,27.1,22.0,24.18,99,69,85.21,8.0,1006.6,6.9,2013,2010
2013-05-17,27.9,21.4,24.4,99,69,87.96,8.8,1006.78,7.7,2013,2010
2013-05-18,29.5,22.7,24.92,99,70,89.25,24.8,1006.62,6.5,2013,2010
2013-05-19,29.1,23.0,24.95,99,73,90.88,15.5,1006.22,5.4,2013,2010
2013-05-20,27.8,22.5,24.33,99,75,93.33,25.8,1006.18,6.8,2013,2010
2013-05-21,26.4,22.7,24.05,99,84,95.08,40.8,1005.83,7.1,2013,2010
2013-05-22,27.3,22.5,23.98,99,80,93.88,31.7,1005.93,8.1,2013,2010
2013-05-23,27.0,22.0,24.14,99,79,91.88,11.3,1006.37,7.0,2013,2010
2013-05-24,26.8,22.0,23.52,99,81,97.17,13.0,1007.08,6.5,2013,2010
2013-05-25,28.4,21.7,24.75,99,79,91.67,7.1,1007.07,4.8,2013,2010
2013-05-26,28.6,21.9,24.76,99,71,90.88,15.3,1006.92,6.4,2013,2010
2013-05-27,27.9,21.9,24.32,100,76,92.04,37.0,1006.47,7.0,2013,2010
2013-05-28,28.6,21.0,24.42,99,72,91.54,20.3,1006.07,9.4,2013,2010
2013-05-29,30.9,22.0,23.83,99,64,94.67,22.3,1006.19,6.4,2013,2010
2013-05-30,26.2,21.8,23.25,99,83,96.12,15.7,1006.93,6.5,2013,2010
2013-05-31,28.3,20.6,24.27,99,73,88.54,1.8,1006.79,10.2,2013,2010
2013-06-01,26.5,22.1,24.03,98,82,92.04,9.9,1006.84,9.8,2013,2010
2013-06-02,28.4,22.0,24.95,97,77,88.54,2.2,1006.12,8.7,2013,2010
2013-06-03,28.8,23.1,25.65,96,75,86.38,5.6,1004.87,7.6,2013,2010
2013-06-04,27.9,23.2,25.11,96,77,90.33,14.0,1005.63,7.6,2013,2010
2013-06-05,29.0,22.0,24.57,99,71,90.88,18.4,1005.8,8.4,2013,2010
2013-06-06,28.6,22.2,24.78,96,77,89.83,6.6,1004.97,6.9,2013,2010
2013-06-07,29.0,22.2,24.99,98,73,88.17,4.4,1004.87,6.6,2013,2010
2013-06-08,28.0,22.5,25.05,98,80,89.58,9.4,1004.82,5.7,2013,2010
2013-06-09,27.9,22.1,24.71,99,77,89.33,18.1,1005.09,7.3,2013,2010
2013-06-10,28.4,21.8,24.49,99,75,91.04,12.5,1005.65,8.3,2013,2010
2013-06-11,28.8,22.5,25.03,99,73,89.5,16.4,1006.58,7.9,2013,2010
2013-06-12,27.8,22.6,24.19,99,77,92.88,14.4,1007.06,6.7,2013,2010
2013-06-13,27.7,21.7,24.53,99,80,92.33,4.6,1006.15,9.0,2013,2010
2013-06-14,27.8,23.0,24.76,97,79,91.33,20.4,1005.31,6.6,2013,2010
2013-06-15,28.8,22.9,24.81,99,72,90.0,15.4,1005.34,5.8,2013,2010
2013-06-16,28.3,22.3,25.15,99,74,90.62,11.8,1005.18,8.8,2013,2010
2013-06-17,29.6,22.1,25.31,99,70,88.58,11.9,1004.59,8.6,2013,2010
2013-06-18,28.5,22.4,25.14,99,79,91.08,13.0,1004.62,5.8,2013,2010
2013-06-19,28.7,22.4,24.5,99,73,92.88,17.0,1004.33,8.1,2013,2010
2013-06-20,27.2,22.7,23.95,99,83,97.0,26.4,1004.96,6.6,2013,2010
2013-06-21,28.7,22.2,24.42,99,71,92.38,11.1,1005.5,7.6,2013,2010
2013-06-22,29.1,22.1,24.79,99,69,89.58,13.5,1005.35,6.8,2013,2010
2013-06-23,28.0,22.7,24.44,99,73,91.92,20.8,1005.78,6.1,2013,2010
2013-06-24,27.7,21.5,24.9,99,74,88.62,9.6,1006.91,5.2,2013,2010
2013-06-25,27.6,21.9,24.38,99,78,90.75,16.8,1007.3,10.2,2013,2010
2013-06-26,28.7,22.4,25.15,96,75,88.54,4.3,1006.34,5.9,2013,2010
2013-06-27,28.7,22.8,24.66,99,73,90.17,14.7,1006.68,9.7,2013,2010
2013-06-28,26.5,22.6,23.61,99,83,96.33,16.3,1006.72,6.0,2013,2010
2013-06-29,26.3,22.3,23.76,99,83,92.38,11.3,1006.9,9.2,2013,2010
2013-06-30,28.5,20.4,24.01,99,69,88.29,17.4,1006.88,8.1,2013,2010
2013-07-01,28.3,21.2,24.44,99,74,87.42,16.9,1007.01,7.7,2013,2010
2013-07-02,27.2,21.8,23.8,99,76,93.04,10.9,1007.32,7.6,2013,2010
2013-07-03,28.2,21.5,24.15,99,75,90.58,10.7,1007.6,7.2,2013,2010
2013-07-04,31.0,21.8,24.32,99,63,90.92,25.0,1007.66,7.0,2013,2010
2013-07-05,28.2,21.2,24.21,97,71,87.75,5.1,1006.56,6.5,2013,2010
2013-07-06,27.2,21.4,24.22,96,79,89.12,6.6,1005.26,6.2,2013,2010
2013-07-07,27.9,22.1,24.7,96,72,86.38,5.8,1005.09,6.5,2013,2010
2013-07-08,27.7,22.1,24.93,95,75,86.46,6.0,1006.41,5.4,2013,2010
2013-07-09,28.2,22.3,24.76,96,75,89.12,10.1,1006.87,7.6,2013,2010
2013-07-10,27.7,22.1,24.32,99,74,89.79,16.5,1006.62,6.1,2013,2010
2013-07-11,26.2,21.6,23.8,100,85,93.71,11.1,1007.12,9.0,2013,2010
2013-07-12,27.6,22.5,24.46,96,78,90.0,12.6,1007.08,7.3,2013,2010
2013-07-13,28.6,22.3,24.64,99,70,88.5,5.9,1006.54,8.3,2013,2010
2013-07-14,28.7,21.4,24.44,99,72,88.46,6.6,1005.52,6.8,2013,2010
2013-07-15,29.0,21.8,25.14,96,65,84.17,2.7,1004.57,7.7,2013,2010
2013-07-16,29.9,21.6,25.06,96,62,85.83,7.0,1004.74,7.0,2013,2010
2013-07-17,29.0,22.5,24.91,99,71,89.25,23.2,1005.39,9.4,2013,2010
2013-07-18,27.0,22.4,24.1,99,82,94.75,24.0,1006.36,7.8,2013,2010
2013-07-19,27.3,22.0,24.59,99,79,90.62,9.2,1006.39,6.1,2013,2010
2013-07-20,28.4,22.0,24.54,98,74,89.21,7.9,1005.93,7.3,2013,2010
2013-07-21,27.9,21.4,23.71,99,75,93.71,44.5,1005.99,8.9,2013,2010
2013-07-22,28.5,21.4,24.31,96,71,89.33,14.2,1006.68,7.6,2013,2010
2013-07-23,28.4,22.2,24.75,96,77,88.92,7.9,1005.66,6.0,2013,2010
2013-07-24,29.2,22.7,25.36,94,69,85.79,7.4,1004.07,5.1,2013,2010
2013-07-25,28.9,23.0,25.37,95,77,87.5,3.8,1005.54,7.7,2013,2010
2013-07-26,27.5,22.6,24.68,96,75,89.92,1.0,1006.91,6.8,2013,2010
2013-07-27,26.6,21.5,23.87,99,79,93.71,37.4,1006.4,7.4,2013,2010
2013-07-28,28.7,21.7,24.54,99,69,90.08,12.3,1006.17,8.1,2013,2010
2013-07-29,28.6,21.9,24.21,99,72,92.33,11.8,1007.43,5.9,2013,2010
2013-07-30,28.5,22.2,24.78,97,70,88.12,8.9,1008.27,7.1,2013,2010
2013-07-31,27.8,22.4,24.12,99,75,91.67,49.2,1007.72,8.7,2013,2010
2013-08-01,24.6,21.9,23.26,99,92,96.96,24.3,1007.27,8.0,2013,2010
2013-08-02,27.7,21.5,24.09,99,74,90.71,13.9,1006.59,5.4,2013,2010
2013-08-03,28.2,21.4,24.37,99,76,89.79,13.9,1006.56,6.2,2013,2010
2013-08-04,28.5,22.0,24.3,99,72,92.83,11.4,1005.75,5.2,2013,2010
2013-08-05,28.6,21.7,25.0,99,74,88.62,7.7,1005.83,6.3,2013,2010
2013-08-06,30.6,22.5,25.63,95,60,83.75,3.6,1005.95,6.4,2013,2010
2013-08-07,29.8,22.2,25.08,93,58,81.71,6.3,1006.21,7.2,2013,2010
2013-08-08,28.5,21.4,23.72,98,66,88.83,11.7,1006.4,6.7,2013,2010
2013-08-09,26.8,20.7,23.55,99,75,90.46,8.1,1006.42,5.2,2013,2010
2013-08-10,28.6,21.2,24.45,96,69,87.17,8.0,1006.54,6.0,2013,2010
2013-08-11,27.8,21.6,23.87,99,72,91.5,16.9,1007.06,6.7,2013,2010
2013-08-12,24.3,22.0,22.7,99,96,98.75,182.0,1006.19,7.8,2013,2010
2013-08-13,27.6,21.7,24.32,99,82,91.54,6.4,1005.66,10.4,2013,2010
2013-08-14,28.6,23.1,25.37,94,76,87.58,4.7,1004.68,5.8,2013,2010
2013-08-15,28.9,22.3,25.19,98,71,88.21,7.0,1004.85,7.4,2013,2010
2013-08-16,29.1,22.5,24.3,99,69,91.83,25.5,1005.43,12.7,2013,2010
2013-08-17,27.3,21.6,24.06,99,84,93.33,11.8,1006.56,7.2,2013,2010
2013-08-18,27.9,22.4,24.62,96,83,91.17,14.5,1006.97,4.3,2013,2010
2013-08-19,28.7,21.9,24.31,99,70,90.29,21.4,1005.76,6.2,2013,2010
2013-08-20,28.2,21.7,24.17,99,77,93.25,17.4,1004.99,6.0,2013,2010
2013-08-21,28.8,21.5,24.21,99,71,91.38,19.4,1005.6,5.9,2013,2010
2013-08-22,28.5,21.7,24.25,99,74,93.42,56.8,1004.51,12.1,2013,2010
2013-08-23,27.9,22.2,24.85,99,70,85.96,45.9,1004.72,10.2,2013,2010
2013-08-24,27.3,22.3,24.1,99,77,90.29,14.2,1006.55,5.5,2013,2010
2013-08-25,27.6,21.5,23.58,99,82,94.33,58.2,1007.22,7.8,2013,2010
2013-08-26,27.2,20.8,23.95,99,82,91.75,12.0,1007.25,7.4,2013,2010
2013-08-27,26.2,22.1,23.79,99,86,92.54,15.4,1006.65,7.3,2013,2010
2013-08-28,28.7,21.3,24.48,99,69,89.04,5.3,1006.27,8.4,2013,2010
2013-08-29,28.5,21.4,24.98,98,71,87.38,8.5,1006.64,6.1,2013,2010
2013-08-30,27.6,22.3,24.19,100,77,91.62,36.2,1006.92,7.8,2013,2010
2013-08-31,27.2,22.4,23.95,99,77,93.58,20.9,1006.89,10.9,2013,2010
2013-09-01,28.9,20.6,24.51,100,69,88.17,4.0,1006.7,7.0,2013,2010
2013-09-02,28.5,21.4,24.3,99,75,90.29,29.6,1007.37,6.3,2013,2010
2013-09-03,28.6,21.7,24.09,99,69,89.54,13.9,1006.76,6.4,2013,2010
2013-09-04,28.4,22.0,24.06,98,71,90.58,17.1,1006.68,11.3,2013,2010
2013-09-05,26.9,21.5,23.77,99,80,93.38,16.4,1007.03,8.7,2013,2010
2013-09-06,26.2,21.9,23.28,99,85,97.08,51.6,1007.17,5.6,2013,2010
2013-09-07,27.3,21.5,24.11,99,76,89.96,2.0,1006.27,9.6,2013,2010
2013-09-08,28.2,22.0,24.51,96,72,88.38,12.8,1005.98,7.6,2013,2010
2013-09-09,28.0,21.7,24.0,99,79,92.79,30.2,1006.58,8.3,2013,2010
2013-09-10,26.7,21.4,23.49,99,83,95.12,32.5,1007.08,8.9,2013,2010
2013-09-11,27.6,22.1,24.11,99,68,87.29,9.9,1006.91,11.8,2013,2010
2013-09-12,27.6,21.2,24.0,96,73,87.88,8.6,1005.38,4.6,2013,2010
2013-09-13,29.0,21.3,24.05,99,68,91.21,23.8,1003.69,7.2,2013,2010
2013-09-14,28.0,21.8,24.18,99,75,92.54,12.6,1003.84,9.4,2013,2010
2013-09-15,27.6,22.1,24.19,99,83,93.71,26.1,1004.94,8.5,2013,2010
2013-09-16,28.3,21.8,24.42,99,74,92.54,13.3,1004.88,9.4,2013,2010
2013-09-17,28.7,22.0,24.42,99,76,93.71,27.4,1004.84,7.8,2013,2010
2013-09-18,25.9,22.3,23.59,99,87,97.83,46.9,1005.24,6.0,2013,2010
2013-09-19,27.6,21.5,24.03,99,76,91.96,3.5,1006.67,6.9,2013,2010
2013-09-20,28.6,22.5,24.74,99,72,89.42,8.8,1006.3,7.9,2013,2010
2013-09-21,28.6,21.4,24.87,99,74,89.08,6.5,1004.82,8.1,2013,2010
2013-09-22,28.0,23.2,24.96,96,81,90.62,7.3,1004.6,7.6,2013,2010
2013-09-23,28.4,23.0,25.09,95,75,88.42,3.0,1005.5,6.1,2013,2010
2013-09-24,29.7,22.7,25.22,96,70,88.29,8.7,1004.91,6.4,2013,2010
2013-09-25,28.3,22.5,25.09,96,75,88.08,14.0,1004.32,5.9,2013,2010
2013-09-26,27.2,22.3,24.25,99,77,92.38,21.5,1005.32,9.2,2013,2010
2013-09-27,26.6,22.4,24.34,98,85,91.79,11.6,1006.0,7.2,2013,2010
2013-09-28,27.0,21.6,23.64,99,84,94.29,16.0,1007.22,7.4,2013,2010
2013-09-29,26.4,21.7,23.58,99,87,95.33,27.3,1006.92,10.7,2013,2010
2013-09-30,27.5,21.3,23.43,99,84,94.88,33.3,1006.73,8.1,2013,2010
2013-10-01,27.7,21.4,23.74,99,73,92.58,10.6,1006.09,11.3,2013,2010
2013-10-02,28.2,21.5,24.0,99,75,92.42,16.1,1005.36,10.5,2013,2010
2013-10-03,25.2,22.3,23.35,99,92,97.08,57.3,1005.56,10.1,2013,2010
2013-10-04,26.8,21.9,23.97,99,85,93.33,16.0,1006.42,5.9,2013,2010
2013-10-05,29.1,21.9,24.76,96,68,87.58,8.8,1005.8,6.8,2013,2010
2013-10-06,28.8,21.5,24.35,99,70,90.38,13.7,1006.03,7.2,2013,2010
2013-10-07,28.2,22.0,24.3,97,74,91.0,17.8,1006.06,9.8,2013,2010
2013-10-08,29.2,21.6,24.94,99,70,88.08,6.3,1006.15,8.3,2013,2010
2013-10-09,27.6,22.4,24.38,99,75,90.75,20.2,1005.69,8.3,2013,2010
2013-10-10,28.4,20.9,24.38,99,70,88.71,8.7,1005.66,7.1,2013,2010
2013-10-11,28.2,21.6,23.9,99,80,93.42,14.4,1005.2,6.7,2013,2010
2013-10-12,27.9,22.0,24.2,99,74,90.33,18.6,1005.65,7.9,2013,2010
2013-10-13,28.4,21.1,23.86,99,72,91.54,23.6,1005.58,6.3,2013,2010
2013-10-14,27.0,21.3,23.58,99,81,92.12,10.8,1005.72,9.9,2013,2010
2013-10-15,25.6,21.9,23.29,99,85,94.46,35.6,1006.74,10.7,2013,2010
2013-10-16,26.2,21.3,23.42,99,82,93.08,19.7,1007.13,6.3,2013,2010
2013-10-17,26.1,21.3,23.53,99,80,92.71,14.4,1006.82,8.3,2013,2010
2013-10-18,28.3,21.7,24.16,97,74,90.12,11.1,1005.98,5.8,2013,2010
2013-10-19,27.8,21.3,24.4,98,76,88.04,9.6,1005.86,7.9,2013,2010
2013-10-20,29.3,21.9,24.28,99,70,90.5,22.6,1006.08,6.1,2013,2010
2013-10-21,28.7,21.7,23.47,99,73,95.54,28.0,1006.58,8.6,2013,2010
2013-10-22,27.4,21.2,23.92,99,74,91.25,6.4,1005.6,6.3,2013,2010
2013-10-23,27.4,22.1,24.27,96,79,90.25,8.5,1004.85,7.9,2013,2010
2013-10-24,28.4,21.3,24.59,99,73,89.25,5.1,1005.13,7.4,2013,2010
2013-10-25,28.8,21.7,24.55,99,74,90.21,23.7,1005.67,6.2,2013,2010
2013-10-26,27.0,22.0,23.78,99,79,94.08,17.3,1006.13,7.1,2013,2010
2013-10-27,27.0,21.8,23.92,99,78,92.83,9.1,1005.82,5.8,2013,2010
2013-10-28,28.0,21.8,24.37,97,75,89.12,10.4,1005.89,8.6,2013,2010
2013-10-29,29.9,21.4,24.57,99,65,88.12,14.1,1005.88,8.0,2013,2010
2013-10-30,27.9,21.9,24.22,99,74,91.08,23.7,1006.08,7.7,2013,2010
2013-10-31,27.4,21.8,23.87,99,81,92.58,23.3,1006.21,10.6,2013,2010
2013-11-01,27.4,20.8,23.71,100,80,91.04,11.6,1006.52,7.9,2013,2010
2013-11-02,26.0,20.4,22.81,99,80,92.21,6.4,1007.78,9.2,2013,2010
2013-11-03,27.9,20.5,23.44,99,71,88.46,13.6,1007.33,8.7,2013,2010
2013-11-04,28.9,20.6,23.99,99,62,87.58,13.9,1006.64,6.4,2013,2010
2013-11-05,28.5,20.5,24.22,96,68,86.71,2.5,1005.71,6.9,2013,2010
2013-11-06,27.6,21.8,24.1,99,81,90.92,15.7,1006.01,7.7,2013,2010
2013-11-07,27.7,20.9,23.78,99,78,92.42,17.5,1006.12,4.9,2013,2010
2013-11-08,26.5,21.2,23.44,99,85,94.38,35.2,1005.33,6.6,2013,2010
2013-11-09,24.9,21.2,22.83,99,92,97.71,26.1,1005.86,6.4,2013,2010
2013-11-10,28.0,20.9,24.02,99,75,90.88,8.3,1005.16,5.4,2013,2010
2013-11-11,27.3,20.9,23.82,99,76,91.75,16.8,1004.73,5.8,2013,2010
2013-11-12,28.1,22.1,24.07,99,72,91.54,7.2,1003.83,6.4,2013,2010
2013-11-13,28.1,22.1,24.3,99,73,90.79,15.8,1003.97,4.1,2013,2010
2013-11-14,27.7,21.5,24.03,99,79,92.79,11.7,1004.9,5.8,2013,2010
2013-11-15,28.0,22.0,24.4,99,74,91.96,7.8,1004.44,6.6,2013,2010
2013-11-16,27.1,22.5,24.52,99,81,92.25,9.1,1004.3,5.1,2013,2010
2013-11-17,28.8,22.1,25.12,95,69,85.79,9.3,1004.53,7.6,2013,2010
2013-11-18,29.1,22.4,24.61,96,69,88.12,9.0,1004.91,8.0,2013,2010
2013-11-19,28.2,20.6,24.42,96,67,85.75,2.4,1004.94,6.9,2013,2010
2013-11-20,28.0,21.6,24.25,97,75,88.96,2.3,1006.4,8.8,2013,2010
2013-11-21,28.2,21.2,24.35,98,70,87.33,5.0,1006.97,4.9,2013,2010
2013-11-22,28.6,21.1,24.4,98,68,86.17,2.4,1005.87,6.2,2013,2010
2013-11-23,28.5,21.4,24.42,95,67,84.46,1.9,1004.84,7.3,2013,2010
2013-11-24,27.0,22.1,23.73,96,76,90.54,12.4,1005.65,6.2,2013,2010
2013-11-25,28.1,21.5,23.95,95,68,86.58,6.7,1006.02,6.9,2013,2010
2013-11-26,28.4,21.0,23.81,98,69,88.12,8.3,1005.65,7.6,2013,2010
2013-11-27,28.1,21.3,24.07,99,72,89.17,16.1,1005.04,6.8,2013,2010
2013-11-28,28.5,21.8,24.48,98,66,86.75,9.6,1005.45,4.7,2013,2010
2013-11-29,28.8,21.4,24.53,94,62,83.29,3.9,1005.7,7.0,2013,2010
2013-11-30,29.1,21.7,24.75,90,60,78.92,1.3,1005.69,7.2,2013,2010
2013-12-01,29.4,21.7,24.77,94,59,79.5,2.4,1005.5,6.8,2013,2010
2013-12-02,28.8,20.7,24.13,93,60,80.54,3.2,1005.99,7.9,2013,2010
2013-12-03,27.8,22.0,24.16,96,70,87.79,9.7,1007.33,5.6,2013,2010
2013-12-04,29.5,21.4,24.71,96,62,83.83,1.3,1006.57,7.1,2013,2010
2013-12-05,29.6,21.4,24.61,94,63,81.79,6.4,1006.01,7.3,2013,2010
2013-12-06,28.0,21.7,24.9,94,70,84.62,4.1,1005.35,7.0,2013,2010
2013-12-07,28.8,21.6,24.6,93,66,84.12,11.4,1006.32,6.6,2013,2010
2013-12-08,28.6,21.8,24.32,93,65,84.17,8.9,1006.59,7.8,2013,2010
2013-12-09,28.4,21.3,24.35,93,63,80.71,1.1,1006.76,7.7,2013,2010
2013-12-10,28.5,20.6,24.39,94,64,83.25,0.5,1006.97,6.9,2013,2010
2013-12-11,29.4,22.3,25.06,94,65,84.25,2.2,1006.26,5.9,2013,2010
2013-12-12,29.1,22.2,25.52,92,66,81.54,6.8,1005.25,6.8,2013,2010
2013-12-13,29.6,23.1,25.79,91,58,79.58,3.5,1003.94,6.2,2013,2010
2013-12-14,28.9,22.0,24.72,94,63,81.04,5.6,1004.21,8.0,2013,2010
2013-12-15,26.4,22.6,24.12,95,79,89.5,8.7,1004.8,6.7,2013,2010
2013-12-16,27.6,21.4,24.16,99,75,91.62,18.1,1005.24,5.4,2013,2010
2013-12-17,28.5,21.1,24.14,99,68,88.62,5.1,1005.92,7.6,2013,2010
2013-12-18,29.2,21.6,24.27,94,61,83.96,4.2,1006.13,6.9,2013,2010
2013-12-19,29.7,21.0,24.68,93,56,78.25,0.9,1005.14,8.1,2013,2010
2013-12-20,30.3,21.7,25.36,85,53,73.79,0.6,1004.55,8.4,2013,2010
2013-12-21,30.0,20.9,24.91,92,57,76.17,1.4,1004.48,8.5,2013,2010
2013-12-22,30.2,20.8,25.0,93,56,79.5,1.4,1005.09,7.9,2013,2010
2013-12-23,30.0,21.1,24.94,93,54,77.25,0.5,1006.08,7.8,2013,2010
2013-12-24,30.4,20.7,24.88,87,48,72.21,0.5,1006.64,9.0,2013,2010
2013-12-25,29.7,20.4,24.43,86,53,71.96,1.0,1006.06,10.0,2013,2010
2013-12-26,30.3,20.9,24.85,84,50,72.12,0.0,1006.44,8.8,2013,2010
2013-12-27,30.3,20.2,24.73,82,50,70.75,0.0,1006.16,9.7,2013,2010
2013-12-28,31.0,20.9,25.57,85,52,68.5,0.4,1004.75,11.3,2013,2010
2013-12-29,30.8,22.2,26.05,86,57,75.04,1.8,1004.18,6.8,2013,2010
2013-12-30,30.7,21.9,25.82,84,53,72.46,1.4,1004.67,7.9,2013,2010
2013-12-31,31.1,21.7,25.7,82,50,70.12,1.4,1005.62,9.3,2013,2010
2014-01-01,30.0,23.0,26.09,87,56,71.71,2.2,1004.87,6.5,2014,2010
2014-01-02,30.9,22.9,25.98,86,52,72.83,2.6,1003.87,8.6,2014,2010
2014-01-03,31.3,21.9,26.03,85,45,69.62,1.4,1003.71,8.1,2014,2010
2014-01-04,31.6,21.5,25.86,85,48,69.79,1.5,1003.87,8.9,2014,2010
2014-01-05,30.3,23.1,25.87,89,55,75.88,3.9,1004.93,6.9,2014,2010
2014-01-06,30.3,22.8,26.07,90,54,74.88,3.6,1005.7,6.1,2014,2010
2014-01-07,30.3,21.4,25.51,91,51,72.67,1.1,1006.4,7.6,2014,2010
2014-01-08,30.5,21.4,25.57,90,49,72.46,2.4,1006.32,6.8,2014,2010
2014-01-09,30.2,21.4,24.83,92,55,77.29,12.8,1005.98,6.6,2014,2010
2014-01-10,30.8,21.4,25.73,88,48,70.71,1.1,1005.1,8.1,2014,2010
2014-01-11,30.9,22.1,25.82,84,49,68.08,0.7,1005.88,8.4,2014,2010
2014-01-12,31.3,21.9,26.09,86,45,65.29,0.5,1006.28,8.2,2014,2010
2014-01-13,31.6,22.9,26.43,72,44,61.62,0.7,1005.77,9.7,2014,2010
2014-01-14,30.9,22.3,26.16,76,49,65.33,0.7,1005.71,8.9,2014,2010
2014-01-15,32.1,21.7,26.38,81,43,65.21,0.6,1005.08,8.0,2014,2010
2014-01-16,32.4,22.3,26.67,75,40,61.75,0.4,1004.28,9.9,2014,2010
2014-01-17,31.7,23.7,26.99,75,46,63.5,1.0,1004.82,8.7,2014,2010
2014-01-18,31.9,23.1,26.75,78,41,61.38,0.4,1005.69,9.5,2014,2010
2014-01-19,32.4,22.5,26.84,71,41,58.29,0.6,1006.48,10.7,2014,2010
2014-01-20,32.0,22.4,26.86,82,47,64.67,1.8,1005.69,8.4,2014,2010
2014-01-21,32.1,23.0,26.85,77,44,64.79,5.7,1005.45,8.3,2014,2010
2014-01-22,32.2,22.8,26.73,76,36,58.54,0.1,1005.42,10.5,2014,2010
2014-01-23,31.9,23.2,26.74,67,35,53.58,0.0,1006.04,10.9,2014,2010
2014-01-24,32.1,21.9,26.28,64,38,53.21,0.1,1006.68,10.7,2014,2010
2014-01-25,32.0,22.6,26.6,66,40,53.29,0.6,1006.71,10.8,2014,2010
2014-01-26,32.5,21.0,26.11,74,32,57.33,0.0,1005.86,9.4,2014,2010
2014-01-27,32.6,20.1,26.01,78,31,56.83,0.0,1004.81,9.6,2014,2010
2014-01-28,32.7,20.2,26.17,80,35,60.25,0.0,1005.14,10.0,2014,2010
2014-01-29,32.7,21.4,26.68,77,39,59.79,0.5,1004.97,8.9,2014,2010
2014-01-30,32.2,22.4,26.84,76,40,59.08,1.4,1005.22,9.1,2014,2010
2014-01-31,31.9,22.3,26.47,73,39,57.21,0.0,1003.92,9.1,2014,2010
2014-02-01,32.5,21.3,26.48,65,38,52.88,0.0,1004.24,11.3,2014,2010
2014-02-02,32.0,22.7,26.62,75,42,63.21,0.9,1005.18,8.8,2014,2010
2014-02-03,31.3,22.4,26.2,87,44,69.67,2.3,1005.24,6.5,2014,2010
2014-02-04,32.6,21.9,26.61,82,39,64.0,0.5,1005.21,8.6,2014,2010
2014-02-05,32.6,22.8,26.98,77,41,62.46,0.3,1005.62,8.1,2014,2010
2014-02-06,32.4,21.8,26.72,76,36,58.42,0.4,1005.71,9.6,2014,2010
2014-02-07,32.7,21.6,26.69,75,32,54.42,0.0,1005.41,10.8,2014,2010
2014-02-08,31.5,22.7,26.55,71,41,57.58,0.7,1005.02,11.8,2014,2010
2014-02-09,32.5,22.8,27.12,68,40,56.5,0.4,1004.5,10.4,2014,2010
2014-02-10,32.3,23.7,27.42,73,44,60.12,0.8,1004.44,7.9,2014,2010
2014-02-11,33.0,23.9,27.67,77,42,61.33,1.4,1004.49,6.3,2014,2010
2014-02-12,32.9,23.2,27.27,84,41,64.92,1.5,1004.45,8.4,2014,2010
2014-02-13,32.9,22.3,26.95,87,42,67.42,2.0,1005.08,8.4,2014,2010
2014-02-14,31.7,22.3,26.53,89,45,68.42,1.3,1006.03,7.8,2014,2010
2014-02-15,33.0,23.2,27.24,89,39,62.08,0.0,1006.3,8.4,2014,2010
2014-02-16,32.7,23.8,27.35,68,36,53.92,0.0,1005.41,10.8,2014,2010
2014-02-17,32.9,23.4,27.11,62,35,51.17,0.0,1004.97,12.3,2014,2010
2014-02-18,32.7,22.9,26.91,61,36,51.42,0.0,1004.94,12.3,2014,2010
2014-02-19,33.0,22.0,26.9,70,34,53.04,0.0,1004.47,10.0,2014,2010
2014-02-20,33.3,21.5,26.85,71,31,53.25,0.0,1004.54,10.5,2014,2010
2014-02-21,33.4,21.2,26.88,70,33,55.17,0.0,1004.55,9.6,2014,2010
2014-02-22,33.6,21.6,27.23,75,36,57.29,0.1,1004.89,9.9,2014,2010
2014-02-23,33.2,22.8,27.57,75,36,56.5,0.2,1005.03,9.4,2014,2010
2014-02-24,33.5,22.9,27.54,72,33,55.75,0.2,1004.9,9.4,2014,2010
2014-02-25,33.6,22.3,27.44,74,34,55.5,0.0,1004.81,10.2,2014,2010
2014-02-26,33.1,22.4,27.35,75,38,57.58,0.0,1004.27,9.6,2014,2010
2014-02-27,33.1,22.6,27.53,78,40,60.75,1.2,1005.3,9.3,2014,2010
2014-02-28,32.0,23.2,26.35,89,48,74.33,8.4,1007.08,7.3,2014,2010
2014-03-01,32.2,23.4,26.98,90,46,68.75,10.8,1006.9,10.4,2014,2010
2014-03-02,32.7,22.6,27.07,69,36,55.17,0.0,1005.68,11.4,2014,2010
2014-03-03,32.2,21.8,26.65,75,40,60.12,0.9,1005.48,8.9,2014,2010
2014-03-04,31.7,22.5,26.58,77,41,63.08,0.2,1006.04,7.4,2014,2010
2014-03-05,32.0,22.7,26.82,83,44,64.75,7.7,1006.64,7.7,2014,2010
2014-03-06,32.1,22.6,26.95,89,46,70.0,3.4,1006.76,6.8,2014,2010
2014-03-07,31.6,23.2,26.89,88,44,69.54,1.9,1006.79,6.3,2014,2010
2014-03-08,31.9,21.7,26.31,89,43,68.04,1.8,1007.96,8.2,2014,2010
2014-03-09,33.3,21.9,26.75,83,39,65.33,2.2,1008.24,8.0,2014,2010
2014-03-10,32.9,23.0,27.38,79,36,58.92,0.3,1006.92,8.7,2014,2010
2014-03-11,33.3,22.0,26.98,73,34,58.08,1.2,1005.36,8.6,2014,2010
2014-03-12,32.5,22.5,26.96,80,39,63.71,0.2,1005.29,8.2,2014,2010
2014-03-13,33.6,23.3,27.71,81,36,59.75,0.4,1006.02,7.2,2014,2010
2014-03-14,33.3,22.7,27.55,74,37,55.17,0.1,1006.03,9.4,2014,2010
2014-03-15,33.9,21.9,27.45,68,34,53.83,0.3,1005.16,10.4,2014,2010
2014-03-16,33.5,21.6,27.18,76,36,59.04,0.1,1003.8,9.3,2014,2010
2014-03-17,32.8,22.5,27.19,81,41,64.62,1.7,1003.32,9.9,2014,2010
2014-03-18,33.7,23.1,27.7,86,38,66.67,0.9,1004.32,7.4,2014,2010
2014-03-19,33.8,22.7,27.84,84,38,60.46,0.0,1003.92,8.3,2014,2010
2014-03-20,34.2,24.1,28.46,68,38,54.5,0.8,1003.72,9.3,2014,2010
2014-03-21,32.7,24.6,27.99,66,42,54.96,3.0,1005.01,8.8,2014,2010
2014-03-22,34.4,23.2,28.28,68,34,51.12,0.0,1005.69,9.4,2014,2010
2014-03-23,34.9,24.0,28.78,72,31,53.88,0.5,1005.99,9.4,2014,2010
2014-03-24,33.8,24.3,28.1,81,38,60.29,2.0,1006.0,8.3,2014,2010
2014-03-25,33.6,22.5,27.37,88,39,66.04,1.0,1006.48,8.3,2014,2010
2014-03-26,33.8,22.6,27.97,77,39,57.67,0.0,1006.59,10.6,2014,2010
2014-03-27,34.5,25.0,28.55,67,29,51.71,0.0,1005.04,15.0,2014,2010
2014-03-28,34.5,24.0,28.34,64,33,50.33,0.0,1004.42,13.5,2014,2010
2014-03-29,34.4,22.6,28.24,72,35,54.21,0.0,1004.85,9.7,2014,2010
2014-03-30,34.2,23.3,28.27,74,35,56.08,1.4,1005.6,9.4,2014,2010
2014-03-31,34.1,23.2,28.02,70,29,49.75,0.0,1005.7,10.5,2014,2010
2014-04-01,34.4,22.6,27.92,63,31,48.92,0.0,1004.92,11.4,2014,2010
2014-04-02,34.2,23.5,28.32,70,35,52.54,0.0,1005.14,11.7,2014,2010
2014-04-03,34.3,23.8,28.45,68,37,54.46,0.0,1005.08,10.2,2014,2010
2014-04-04,34.1,24.3,28.33,77,40,61.92,2.9,1004.99,6.8,2014,2010
2014-04-05,33.9,23.9,28.34,78,40,62.71,1.4,1004.46,7.7,2014,2010
2014-04-06,34.7,24.0,28.74,76,36,59.67,1.2,1004.5,7.9,2014,2010
2014-04-07,34.8,23.5,28.25,82,37,64.92,2.1,1004.64,10.3,2014,2010
2014-04-08,34.4,24.7,28.08,89,44,72.21,3.9,1005.28,6.8,2014,2010
2014-04-09,32.7,23.7,27.82,94,47,68.58,3.3,1005.62,6.6,2014,2010
2014-04-10,34.2,24.4,28.5,73,35,54.88,0.2,1005.37,10.3,2014,2010
2014-04-11,33.6,24.6,28.22,65,41,54.08,2.8,1004.72,10.9,2014,2010
2014-04-12,34.0,24.9,28.3,65,36,53.25,0.0,1004.28,9.7,2014,2010
2014-04-13,34.4,22.8,28.15,73,34,55.79,0.0,1003.81,10.1,2014,2010
2014-04-14,32.4,24.7,27.83,81,47,64.67,4.8,1004.21,7.1,2014,2010
2014-04-15,31.2,24.4,27.17,81,55,71.17,9.4,1004.72,7.0,2014,2010
2014-04-16,32.8,23.8,27.29,93,48,73.58,2.1,1004.73,6.1,2014,2010
2014-04-17,32.9,24.4,28.02,84,43,62.5,1.0,1004.26,8.4,2014,2010
2014-04-18,33.2,23.8,27.87,73,41,60.42,0.5,1004.11,9.4,2014,2010
2014-04-19,34.0,23.9,28.12,75,40,61.5,1.4,1004.72,9.4,2014,2010
2014-04-20,34.0,24.2,28.08,74,40,61.42,3.2,1005.64,8.7,2014,2010
2014-04-21,32.4,24.3,27.32,83,48,68.62,11.0,1005.46,8.4,2014,2010
2014-04-22,32.2,24.0,27.26,86,49,69.96,5.9,1004.69,7.0,2014,2010
2014-04-23,31.1,23.8,27.01,88,57,74.25,5.6,1005.5,7.5,2014,2010
2014-04-24,32.8,23.3,27.22,89,46,71.38,2.2,1005.6,10.8,2014,2010
2014-04-25,31.6,23.9,27.05,89,54,75.08,6.2,1005.41,6.5,2014,2010
2014-04-26,29.3,24.1,26.09,91,64,80.67,11.5,1005.6,7.2,2014,2010
2014-04-27,30.1,23.2,26.13,93,62,80.75,4.3,1005.07,7.4,2014,2010
2014-04-28,31.2,22.8,26.72,98,61,80.58,5.4,1004.09,6.0,2014,2010
2014-04-29,30.9,23.8,26.06,97,62,85.79,22.5,1004.43,6.8,2014,2010
2014-04-30,29.6,23.1,26.19,99,69,85.08,10.7,1004.95,8.4,2014,2010
2014-05-01,30.8,23.3,25.77,95,64,86.46,29.5,1005.22,8.2,2014,2010
2014-05-02,29.9,23.4,25.15,96,67,88.88,16.4,1005.56,8.7,2014,2010
2014-05-03,30.3,23.0,25.65,96,60,83.46,3.8,1007.09,9.8,2014,2010
2014-05-04,30.9,22.5,25.95,93,59,81.88,4.4,1007.42,8.3,2014,2010
2014-05-05,30.5,23.1,25.9,95,64,83.42,9.1,1006.53,5.5,2014,2010
2014-05-06,30.7,22.0,25.53,94,60,84.12,11.4,1005.93,7.2,2014,2010
2014-05-07,29.5,22.4,25.3,99,69,87.29,15.3,1007.49,8.0,2014,2010
2014-05-08,28.1,22.3,24.89,99,75,89.83,26.4,1008.28,5.8,2014,2010
2014-05-09,28.2,22.5,24.34,99,78,93.33,98.2,1008.34,6.8,2014,2010
2014-05-10,28.2,22.0,24.01,99,76,94.46,89.8,1007.73,9.2,2014,2010
2014-05-11,27.0,21.8,24.08,99,81,94.25,35.8,1006.4,6.5,2014,2010
2014-05-12,29.2,21.6,25.15,99,65,84.96,3.9,1005.11,8.2,2014,2010
2014-05-13,30.0,23.3,26.12,94,67,82.71,5.2,1003.47,6.6,2014,2010
2014-05-14,29.3,23.2,25.65,97,68,84.33,9.4,1005.05,8.0,2014,2010
2014-05-15,29.5,22.4,25.27,99,69,88.12,8.5,1006.25,7.0,2014,2010
2014-05-16,27.6,23.0,24.45,99,85,95.0,41.1,1005.72,5.8,2014,2010
2014-05-17,29.9,23.0,25.37,95,64,84.88,1.9,1005.18,7.9,2014,2010
2014-05-18,30.4,21.7,25.61,95,59,80.29,5.3,1005.12,7.8,2014,2010
2014-05-19,30.4,22.8,25.38,95,62,83.29,13.4,1005.72,7.9,2014,2010
2014-05-20,29.4,22.2,25.15,95,65,84.96,8.3,1006.6,9.4,2014,2010
2014-05-21,30.1,21.9,25.73,96,66,84.04,3.7,1006.14,8.4,2014,2010
2014-05-22,30.2,23.1,25.47,96,64,85.96,6.3,1006.06,7.4,2014,2010
2014-05-23,29.2,22.9,24.96,99,69,88.71,27.6,1006.65,5.8,2014,2010
2014-05-24,28.7,21.9,25.27,99,76,88.96,8.1,1006.19,6.5,2014,2010
2014-05-25,29.0,21.9,25.23,99,69,87.92,20.6,1006.12,6.8,2014,2010
2014-05-26,29.3,22.9,25.24,99,68,90.46,15.5,1006.53,6.5,2014,2010
2014-05-27,29.3,22.8,25.5,96,70,86.29,8.5,1006.3,6.6,2014,2010
2014-05-28,29.7,22.9,25.58,98,68,86.75,10.8,1006.0,7.7,2014,2010
2014-05-29,27.9,22.3,24.57,99,78,91.58,23.3,1006.03,7.9,2014,2010
2014-05-30,28.8,22.6,24.68,99,79,91.92,29.9,1005.29,7.6,2014,2010
2014-05-31,27.9,22.8,25.05,99,79,90.5,6.8,1005.03,6.5,2014,2010
2014-06-01,28.6,23.5,25.73,95,73,88.08,8.7,1004.1,6.5,2014,2010
2014-06-02,28.5,22.7,25.02,99,76,92.33,10.5,1004.06,7.1,2014,2010
2014-06-03,28.9,22.6,25.3,99,74,90.04,10.9,1003.97,10.8,2014,2010
2014-06-04,28.4,22.7,25.1,99,74,91.21,12.6,1003.53,5.7,2014,2010
2014-06-05,27.1,22.7,24.86,99,85,91.75,9.2,1003.2,6.5,2014,2010
2014-06-06,29.7,22.2,25.35,97,69,87.88,9.6,1003.58,6.8,2014,2010
2014-06-07,29.4,23.1,25.46,96,69,88.38,9.5,1004.89,7.9,2014,2010
2014-06-08,28.2,23.0,25.19,94,73,87.58,13.8,1005.42,6.2,2014,2010
2014-06-09,27.6,23.3,25.25,95,79,88.71,18.2,1005.56,4.9,2014,2010
2014-06-10,28.9,23.1,25.55,99,74,89.42,6.3,1005.73,7.2,2014,2010
2014-06-11,30.1,23.4,25.88,96,69,87.21,6.5,1004.82,5.1,2014,2010
2014-06-12,30.1,23.3,25.55,99,70,88.96,9.0,1004.72,9.5,2014,2010
2014-06-13,29.2,22.5,25.28,99,72,90.04,15.6,1004.63,8.0,2014,2010
2014-06-14,28.2,22.6,24.94,99,78,92.92,17.7,1004.69,6.5,2014,2010
2014-06-15,28.6,22.9,25.23,99,80,91.29,10.6,1004.78,8.2,2014,2010
2014-06-16,28.8,23.5,25.35,96,76,89.96,14.8,1004.9,5.2,2014,2010
2014-06-17,29.4,22.8,25.76,96,72,87.46,12.2,1005.12,7.3,2014,2010
2014-06-18,29.8,22.6,26.02,97,70,86.0,9.5,1005.57,8.2,2014,2010
2014-06-19,29.0,23.6,25.77,98,78,89.79,6.9,1005.55,5.7,2014,2010
2014-06-20,29.8,23.3,26.07,96,70,85.75,4.1,1005.17,7.6,2014,2010
2014-06-21,30.5,23.5,25.77,98,65,86.42,12.5,1005.13,7.6,2014,2010
2014-06-22,29.2,22.9,25.39,99,73,90.75,7.0,1004.62,6.8,2014,2010
2014-06-23,26.5,22.6,24.29,99,86,97.25,15.7,1006.09,7.4,2014,2010
2014-06-24,27.6,22.7,24.44,99,80,94.75,13.2,1007.49,7.9,2014,2010
2014-06-25,31.3,22.2,24.5,99,61,91.79,23.2,1007.07,7.9,2014,2010
2014-06-26,28.7,21.5,24.17,99,73,92.71,7.7,1006.54,5.9,2014,2010
2014-06-27,29.0,22.5,24.48,99,71,92.67,25.7,1007.02,7.4,2014,2010
2014-06-28,30.8,21.6,25.69,99,64,85.88,1.9,1006.13,10.0,2014,2010
2014-06-29,29.8,22.9,25.98,93,68,83.29,8.8,1006.3,6.6,2014,2010
2014-06-30,28.8,23.2,25.12,96,70,88.62,10.5,1005.86,5.8,2014,2010
2014-07-01,27.6,22.8,24.46,99,82,92.58,10.5,1005.78,6.5,2014,2010
2014-07-02,29.1,21.2,24.88,99,71,89.96,12.9,1006.04,9.8,2014,2010
2014-07-03,28.5,23.3,25.02,95,76,89.38,10.6,1006.63,6.1,2014,2010
2014-07-04,29.7,22.8,25.8,95,65,84.25,5.7,1006.87,7.1,2014,2010
2014-07-05,29.4,21.7,25.43,94,67,83.58,6.0,1006.63,7.2,2014,2010
2014-07-06,29.0,22.7,25.17,95,67,86.42,12.5,1006.2,5.4,2014,2010
2014-07-07,29.3,23.0,25.94,93,68,81.96,4.2,1006.5,8.0,2014,2010
2014-07-08,30.9,23.2,26.22,94,62,83.75,2.4,1005.9,6.6,2014,2010
2014-07-09,30.8,23.5,26.48,92,64,81.33,1.6,1004.88,6.9,2014,2010
2014-07-10,30.4,23.8,26.44,94,64,82.54,1.8,1004.17,6.5,2014,2010
2014-07-11,30.5,23.9,26.81,89,61,77.88,0.0,1003.25,7.5,2014,2010
2014-07-12,29.5,24.0,26.0,95,68,83.5,7.1,1004.05,7.0,2014,2010
2014-07-13,29.0,23.3,25.44,96,70,87.62,15.9,1005.47,6.2,2014,2010
2014-07-14,28.9,23.0,25.36,96,71,89.04,17.0,1006.31,7.9,2014,2010
2014-07-15,29.2,22.4,25.45,99,72,88.25,12.7,1006.49,7.7,2014,2010
2014-07-16,27.4,23.6,25.13,95,82,89.71,10.4,1006.8,6.0,2014,2010
2014-07-17,29.2,22.6,25.19,96,69,87.33,20.5,1006.87,7.9,2014,2010
2014-07-18,29.9,22.9,25.59,96,68,87.58,0.2,1006.35,10.5,2014,2010
2014-07-19,30.1,23.2,26.0,96,67,84.62,8.2,1005.61,5.6,2014,2010
2014-07-20,28.3,22.9,25.27,95,73,87.21,18.5,1005.93,5.4,2014,2010
2014-07-21,28.9,21.9,25.1,98,72,88.92,11.7,1005.46,10.5,2014,2010
2014-07-22,29.7,22.0,25.39,99,66,86.17,11.4,1004.8,5.7,2014,2010
2014-07-23,28.4,23.3,25.44,96,73,87.0,6.7,1004.3,8.7,2014,2010
2014-07-24,30.5,23.6,25.95,96,65,84.12,8.7,1004.12,7.1,2014,2010
2014-07-25,29.7,23.0,25.61,98,68,85.83,10.4,1005.08,4.8,2014,2010
2014-07-26,29.7,22.7,24.79,99,70,90.25,18.1,1006.67,6.8,2014,2010
2014-07-27,29.8,22.2,25.18,99,67,87.62,4.7,1006.92,8.4,2014,2010
2014-07-28,27.8,23.0,25.13,95,82,89.54,8.8,1006.82,7.2,2014,2010
2014-07-29,29.2,22.7,25.2,99,70,87.67,9.3,1006.61,6.8,2014,2010
2014-07-30,30.0,22.0,25.28,99,64,88.17,2.9,1006.6,6.9,2014,2010
2014-07-31,29.6,23.3,25.98,93,71,85.08,4.7,1005.27,6.2,2014,2010
2014-08-01,28.5,23.2,25.29,95,71,85.58,8.5,1004.95,7.6,2014,2010
2014-08-02,27.3,22.6,24.07,99,76,92.92,16.4,1006.15,6.9,2014,2010
2014-08-03,27.3,21.4,24.15,99,79,91.92,12.1,1007.18,8.0,2014,2010
2014-08-04,28.5,22.1,24.87,96,70,87.46,11.5,1007.49,6.0,2014,2010
2014-08-05,29.4,22.3,25.36,95,69,84.62,3.2,1007.33,7.6,2014,2010
2014-08-06,28.5,22.1,24.87,95,70,85.5,5.0,1007.12,6.6,2014,2010
2014-08-07,28.2,22.4,24.38,97,70,88.54,16.6,1007.33,7.3,2014,2010
2014-08-08,27.5,21.9,24.16,99,80,92.17,21.2,1007.21,7.1,2014,2010
2014-08-09,28.8,21.7,24.63,96,71,87.0,9.8,1007.12,6.6,2014,2010
2014-08-10,28.0,22.2,24.84,96,74,89.21,8.8,1006.77,7.6,2014,2010
2014-08-11,27.9,22.1,24.9,98,74,87.21,13.8,1006.81,6.8,2014,2010
2014-08-12,27.9,20.9,24.14,99,74,91.83,50.3,1007.23,7.1,2014,2010
2014-08-13,30.4,21.1,24.96,99,64,88.04,12.3,1006.45,8.4,2014,2010
2014-08-14,29.5,22.8,25.73,93,70,85.04,3.8,1005.26,6.8,2014,2010
2014-08-15,29.0,23.2,25.31,93,71,86.12,12.5,1005.55,6.3,2014,2010
2014-08-16,28.2,22.5,24.76,96,74,88.0,20.7,1006.36,7.2,2014,2010
2014-08-17,29.2,21.6,25.07,99,71,89.0,17.8,1005.85,6.1,2014,2010
2014-08-18,28.3,22.0,24.58,99,75,91.75,17.0,1005.39,7.0,2014,2010
2014-08-19,27.7,22.2,24.12,99,84,93.75,17.6,1005.8,5.5,2014,2010
2014-08-20,28.9,22.2,24.52,99,71,91.21,8.9,1006.76,6.4,2014,2010
2014-08-21,27.2,21.7,24.16,96,76,89.62,10.2,1007.06,7.1,2014,2010
2014-08-22,27.9,21.5,24.04,99,70,87.08,19.5,1006.93,7.6,2014,2010
2014-08-23,26.2,21.6,23.61,99,79,93.92,8.9,1006.39,5.4,2014,2010
2014-08-24,28.4,21.8,24.21,99,77,90.54,18.0,1005.32,8.0,2014,2010
2014-08-25,27.7,21.4,23.98,99,73,90.96,10.8,1005.06,7.4,2014,2010
2014-08-26,28.5,21.3,23.95,99,72,90.71,14.1,1006.51,12.0,2014,2010
2014-08-27,27.8,22.1,23.85,99,74,91.96,8.1,1007.4,13.1,2014,2010
2014-08-28,26.9,20.6,23.72,99,83,92.29,6.2,1006.99,7.2,2014,2010
2014-08-29,28.6,21.2,24.48,99,70,89.67,5.4,1006.24,8.6,2014,2010
2014-08-30,29.2,22.4,25.22,96,69,87.54,7.3,1006.69,9.2,2014,2010
2014-08-31,30.2,21.5,25.63,97,66,84.38,3.1,1005.97,7.8,2014,2010
2014-09-01,28.8,22.4,25.28,98,71,86.83,5.4,1005.81,9.2,2014,2010
2014-09-02,29.0,21.7,24.35,99,70,91.25,11.1,1005.99,6.6,2014,2010
2014-09-03,27.3,21.8,24.21,99,86,93.25,18.0,1005.85,6.3,2014,2010
2014-09-04,28.3,22.3,24.28,97,75,90.96,12.3,1006.18,7.9,2014,2010
2014-09-05,27.9,21.8,24.5,99,77,91.38,5.4,1006.32,7.6,2014,2010
2014-09-06,28.5,21.7,24.75,99,72,89.5,10.6,1005.16,7.2,2014,2010
2014-09-07,29.1,21.4,24.57,99,71,90.0,11.9,1004.81,8.1,2014,2010
2014-09-08,29.0,21.3,24.83,98,69,88.12,7.3,1005.55,8.2,2014,2010
2014-09-09,28.7,22.4,24.78,99,72,90.46,16.6,1005.9,8.4,2014,2010
2014-09-10,28.1,21.9,24.23,99,80,92.62,32.4,1005.05,8.5,2014,2010
2014-09-11,28.4,22.3,24.18,99,76,93.42,16.3,1004.8,6.2,2014,2010
2014-09-12,27.1,21.7,23.44,99,82,96.08,27.1,1004.97,6.2,2014,2010
2014-09-13,26.7,21.4,23.55,99,83,95.08,32.3,1005.42,9.9,2014,2010
2014-09-14,26.7,21.6,23.92,100,80,92.79,14.5,1007.2,8.4,2014,2010
2014-09-15,26.5,21.7,24.16,99,85,92.96,24.7,1008.03,5.4,2014,2010
2014-09-16,28.1,22.2,24.31,98,75,90.04,14.2,1007.93,6.4,2014,2010
2014-09-17,28.7,21.6,24.35,98,69,89.58,12.9,1007.36,7.3,2014,2010
2014-09-18,27.3,21.8,24.32,99,78,91.25,12.0,1007.07,9.7,2014,2010
2014-09-19,28.4,21.9,24.27,98,75,89.62,18.4,1007.0,8.2,2014,2010
2014-09-20,28.1,22.3,23.99,99,75,91.33,15.4,1006.99,7.4,2014,2010
2014-09-21,27.5,21.8,23.97,99,79,92.33,16.4,1007.32,7.6,2014,2010
2014-09-22,28.1,21.7,24.17,99,75,89.88,15.7,1007.17,8.5,2014,2010
2014-09-23,27.5,21.4,24.06,98,80,91.04,3.4,1006.33,8.3,2014,2010
2014-09-24,27.1,21.6,23.97,97,80,90.42,7.7,1006.75,9.7,2014,2010
2014-09-25,27.1,21.4,23.98,99,81,91.5,17.2,1006.86,7.3,2014,2010
2014-09-26,27.9,21.5,24.01,99,75,91.0,19.9,1005.65,6.9,2014,2010
2014-09-27,28.2,21.5,24.31,98,77,90.62,12.9,1004.86,7.7,2014,2010
2014-09-28,28.0,21.7,24.25,99,77,91.04,11.5,1005.46,8.9,2014,2010
2014-09-29,29.1,21.6,24.76,99,69,88.0,3.5,1005.21,8.6,2014,2010
2014-09-30,29.2,21.9,25.0,98,74,89.33,4.7,1005.18,6.5,2014,2010
2014-10-01,29.3,22.0,24.63,99,75,90.38,8.1,1005.36,8.0,2014,2010
2014-10-02,29.1,21.2,24.92,99,70,88.21,8.6,1005.45,5.1,2014,2010
2014-10-03,28.7,21.5,25.26,98,71,85.71,7.4,1005.87,6.6,2014,2010
2014-10-04,28.3,22.4,25.02,95,71,85.62,10.8,1005.12,6.8,2014,2010
2014-10-05,28.6,21.9,24.57,95,69,86.67,22.6,1004.45,6.7,2014,2010
2014-10-06,28.3,21.9,24.25,99,74,90.58,20.0,1005.02,6.2,2014,2010
2014-10-07,25.2,22.5,23.35,99,88,97.17,51.9,1005.88,8.8,2014,2010
2014-10-08,25.3,21.6,22.96,99,93,98.42,16.9,1005.76,9.3,2014,2010
2014-10-09,26.6,22.0,23.46,99,79,94.83,8.6,1005.92,13.4,2014,2010
2014-10-10,26.4,22.1,23.41,99,87,95.96,16.1,1005.82,8.4,2014,2010
2014-10-11,27.9,20.9,23.85,99,75,91.38,18.1,1006.06,10.0,2014,2010
2014-10-12,28.0,22.2,24.45,99,83,92.25,20.7,1006.05,6.5,2014,2010
2014-10-13,28.5,21.9,24.02,99,72,93.33,25.9,1005.95,10.9,2014,2010
2014-10-14,25.1,22.3,23.58,99,92,96.5,11.4,1006.61,8.6,2014,2010
2014-10-15,28.9,21.7,24.51,99,69,89.58,4.8,1006.91,6.5,2014,2010
2014-10-16,29.6,22.5,24.87,96,65,87.79,12.4,1006.97,7.9,2014,2010
2014-10-17,28.3,22.5,24.54,99,76,90.92,15.4,1006.99,9.6,2014,2010
2014-10-18,27.9,21.0,23.68,100,80,93.62,27.0,1006.92,7.6,2014,2010
2014-10-19,26.7,21.5,23.62,99,82,92.92,26.0,1006.55,5.7,2014,2010
2014-10-20,27.3,21.1,23.11,99,76,95.25,25.6,1006.4,8.0,2014,2010
2014-10-21,27.4,20.5,23.44,99,79,92.25,4.1,1005.97,10.2,2014,2010
2014-10-22,28.5,21.2,24.73,97,69,85.0,0.7,1006.08,10.7,2014,2010
2014-10-23,29.6,22.5,24.99,95,66,87.04,6.8,1005.84,10.4,2014,2010
2014-10-24,28.1,22.6,24.58,97,74,90.54,13.0,1006.38,6.1,2014,2010
2014-10-25,28.4,22.8,24.8,97,78,89.96,27.5,1006.51,9.0,2014,2010
2014-10-26,24.7,21.9,23.15,99,92,97.04,55.4,1006.53,9.5,2014,2010
2014-10-27,27.5,20.5,23.64,99,79,91.46,3.4,1006.52,7.3,2014,2010
2014-10-28,28.5,21.7,24.32,96,70,88.58,11.0,1006.78,6.8,2014,2010
2014-10-29,28.1,21.6,24.41,96,76,90.25,8.8,1005.95,7.2,2014,2010
2014-10-30,28.0,22.2,24.33,100,73,91.29,20.3,1004.53,4.4,2014,2010
2014-10-31,26.8,21.8,23.65,99,79,93.71,20.9,1005.3,7.9,2014,2010
2014-11-01,27.0,21.7,23.75,99,78,91.96,17.5,1007.16,7.0,2014,2010
2014-11-02,28.6,22.1,24.53,96,71,89.04,16.1,1006.6,7.6,2014,2010
2014-11-03,28.2,22.4,24.69,96,73,88.29,8.6,1005.23,5.9,2014,2010
2014-11-04,30.0,22.7,25.18,95,62,83.88,8.6,1004.62,6.6,2014,2010
2014-11-05,28.2,22.6,24.75,94,73,87.58,22.8,1005.3,7.4,2014,2010
2014-11-06,27.3,22.4,24.21,96,78,91.33,25.1,1006.47,6.6,2014,2010
2014-11-07,28.2,22.3,24.44,97,75,91.04,10.1,1005.73,4.9,2014,2010
2014-11-08,28.7,21.5,24.41,98,71,88.46,11.6,1005.31,8.0,2014,2010
2014-11-09,27.4,22.3,24.38,99,77,90.46,26.9,1006.25,6.8,2014,2010
2014-11-10,26.9,21.9,24.34,98,78,88.54,14.7,1007.06,5.1,2014,2010
2014-11-11,28.2,22.0,24.52,95,68,84.75,6.5,1006.72,7.2,2014,2010
2014-11-12,27.9,21.8,24.04,99,73,89.5,16.2,1007.07,5.7,2014,2010
2014-11-13,28.3,21.2,24.32,99,66,85.25,5.9,1006.88,7.3,2014,2010
2014-11-14,27.2,20.7,23.45,99,79,91.96,15.8,1006.55,7.8,2014,2010
2014-11-15,28.0,21.0,23.75,99,76,90.29,6.6,1007.22,6.8,2014,2010
2014-11-16,27.8,21.2,24.25,97,72,87.67,9.7,1006.95,6.8,2014,2010
2014-11-17,28.0,21.3,24.22,99,74,90.04,8.2,1006.56,8.3,2014,2010
2014-11-18,28.2,22.5,24.61,96,76,89.83,15.6,1006.31,5.8,2014,2010
2014-11-19,27.2,21.7,24.11,99,78,91.58,6.6,1006.15,8.9,2014,2010
2014-11-20,27.6,20.8,23.99,99,73,89.58,8.5,1005.88,5.1,2014,2010
2014-11-21,25.6,21.9,23.28,99,88,95.46,31.1,1006.93,6.8,2014,2010
2014-11-22,29.0,21.1,24.5,95,65,84.21,3.0,1006.27,6.6,2014,2010
2014-11-23,28.8,21.2,24.77,95,70,85.29,3.6,1004.36,5.4,2014,2010
2014-11-24,29.2,22.0,24.81,95,68,85.79,5.1,1004.88,8.9,2014,2010
2014-11-25,28.5,23.0,24.7,99,73,89.88,24.7,1005.33,8.7,2014,2010
2014-11-26,29.0,22.6,23.94,99,72,96.5,23.7,1005.82,7.1,2014,2010
2014-11-27,28.8,22.5,25.08,99,66,86.17,1.7,1004.94,11.6,2014,2010
2014-11-28,29.8,22.8,25.68,92,61,80.17,1.0,1003.73,6.6,2014,2010
2014-11-29,30.1,21.8,25.51,90,59,77.88,0.9,1003.81,6.6,2014,2010
2014-11-30,30.7,21.5,25.48,91,56,77.0,0.4,1004.11,8.1,2014,2010
2014-12-01,29.9,23.1,25.48,94,63,82.67,6.6,1003.96,6.6,2014,2010
2014-12-02,29.3,22.7,25.3,95,67,87.21,7.8,1002.33,6.7,2014,2010
2014-12-03,29.4,22.9,25.07,99,68,87.38,10.8,1002.55,6.5,2014,2010
2014-12-04,28.0,22.0,24.47,99,71,89.75,13.7,1004.63,6.9,2014,2010
2014-12-05,27.9,21.7,24.37,98,72,89.21,14.1,1006.31,4.8,2014,2010
2014-12-06,27.3,23.1,24.42,98,75,90.67,14.0,1006.04,6.6,2014,2010
2014-12-07,27.0,22.0,23.85,99,81,94.17,8.8,1005.54,5.9,2014,2010
2014-12-08,28.7,22.1,24.65,99,62,85.67,1.6,1004.84,6.6,2014,2010
2014-12-09,29.3,22.3,25.02,90,60,78.83,3.0,1005.4,6.7,2014,2010
2014-12-10,29.4,20.9,24.61,90,57,78.29,6.2,1006.04,7.2,2014,2010
2014-12-11,29.2,21.1,24.58,90,59,79.5,6.0,1006.66,7.6,2014,2010
2014-12-12,26.8,22.8,24.15,99,75,88.46,36.3,1007.38,5.1,2014,2010
2014-12-13,26.6,21.5,23.28,99,81,94.54,98.9,1007.05,6.7,2014,2010
2014-12-14,24.1,21.6,22.67,99,95,98.42,111.0,1007.03,4.8,2014,2010
2014-12-15,25.9,20.7,23.12,99,79,91.42,9.6,1006.76,5.5,2014,2010
2014-12-16,28.0,22.1,24.43,94,68,85.58,6.4,1007.53,5.4,2014,2010
2014-12-17,28.2,22.0,24.37,99,70,88.25,28.7,1007.69,6.5,2014,2010
2014-12-18,29.1,21.3,24.67,99,63,85.75,2.3,1006.75,8.3,2014,2010
2014-12-19,29.4,20.6,24.44,95,61,82.12,2.1,1005.86,8.0,2014,2010
2014-12-20,29.3,21.3,24.89,94,61,79.62,0.5,1005.82,7.6,2014,2010
2014-12-21,29.2,21.3,24.81,91,62,80.08,0.6,1005.94,8.0,2014,2010
2014-12-22,30.0,21.4,25.15,92,57,78.42,0.2,1004.01,8.6,2014,2010
2014-12-23,29.3,21.8,25.4,91,64,80.21,1.9,1003.27,7.3,2014,2010
2014-12-24,28.7,22.9,25.32,96,70,85.58,2.3,1004.53,5.1,2014,2010
2014-12-25,30.1,22.3,25.52,96,62,81.58,0.4,1004.97,7.6,2014,2010
2014-12-26,29.8,23.7,25.94,88,54,70.54,0.6,1003.92,9.5,2014,2010
2014-12-27,30.3,22.6,25.52,88,56,74.08,1.2,1005.35,10.1,2014,2010
2014-12-28,30.7,22.6,25.74,87,55,76.17,2.4,1005.62,8.2,2014,2010
2014-12-29,30.3,21.6,25.56,86,58,75.79,0.7,1006.15,8.9,2014,2010
2014-12-30,30.1,22.8,25.95,85,60,75.21,0.4,1005.98,7.4,2014,2010
2014-12-31,30.8,22.3,26.35,86,55,70.71,0.0,1005.0,8.2,2014,2010
2015-01-01,30.7,24.0,26.54,75,46,63.12,0.0,1004.03,13.4,2015,2010
2015-01-02,30.7,23.3,26.12,80,51,64.83,0.3,1003.58,12.1,2015,2010
2015-01-03,32.0,22.0,26.27,84,50,71.79,0.1,1003.74,8.3,2015,2010
2015-01-04,30.9,23.2,26.58,80,54,69.21,0.4,1004.97,9.0,2015,2010
2015-01-05,31.0,24.1,26.62,75,47,64.5,0.0,1004.96,18.7,2015,2010
2015-01-06,30.6,24.2,26.6,73,50,64.33,0.0,1004.01,13.7,2015,2010
2015-01-07,30.9,24.2,26.54,68,46,60.79,0.0,1003.22,13.6,2015,2010
2015-01-08,30.1,23.7,26.12,69,49,61.29,0.0,1003.65,19.2,2015,2010
2015-01-09,31.0,23.9,26.55,66,43,57.79,0.0,1004.18,15.7,2015,2010
2015-01-10,31.5,24.4,26.96,68,46,59.12,0.0,1004.71,13.8,2015,2010
2015-01-11,31.9,24.5,27.28,71,48,61.38,0.0,1004.52,9.6,2015,2010
2015-01-12,32.5,23.9,27.37,79,45,66.12,0.8,1004.74,8.2,2015,2010
2015-01-13,31.3,23.0,26.7,86,53,71.33,0.7,1004.95,7.6,2015,2010
2015-01-14,32.1,22.7,26.79,83,45,67.08,0.4,1004.81,8.5,2015,2010
2015-01-15,31.9,21.8,26.35,84,47,68.46,0.4,1006.02,8.5,2015,2010
2015-01-16,31.9,23.7,26.96,85,47,66.96,1.8,1006.77,9.6,2015,2010
2015-01-17,31.2,22.4,26.58,83,42,61.79,1.7,1007.59,7.4,2015,2010
2015-01-18,31.4,22.4,26.32,74,44,60.71,0.2,1007.89,8.7,2015,2010
2015-01-19,31.3,22.3,26.47,80,46,63.0,0.3,1006.44,8.4,2015,2010
2015-01-20,31.6,22.8,26.75,85,43,65.04,1.8,1005.69,6.7,2015,2010
2015-01-21,31.5,22.4,26.07,84,40,64.17,1.0,1006.25,8.9,2015,2010
2015-01-22,31.5,22.0,25.94,83,43,67.42,8.7,1007.67,6.6,2015,2010
2015-01-23,31.0,22.7,26.44,89,50,71.12,1.8,1006.7,6.6,2015,2010
2015-01-24,31.6,22.7,26.53,78,42,64.17,1.8,1006.26,8.1,2015,2010
2015-01-25,32.0,21.8,26.27,74,40,58.54,0.1,1004.58,10.5,2015,2010
2015-01-26,31.9,23.0,26.44,67,40,56.46,0.0,1005.12,10.3,2015,2010
2015-01-27,32.3,21.5,26.45,67,38,54.96,0.3,1006.1,11.4,2015,2010
2015-01-28,31.7,23.0,26.53,77,43,61.67,0.0,1004.46,11.3,2015,2010
2015-01-29,32.3,24.0,27.16,70,42,58.88,0.0,1003.51,12.0,2015,2010
2015-01-30,32.3,22.8,26.96,75,39,57.42,0.0,1004.77,9.1,2015,2010
2015-01-31,32.1,22.6,26.78,68,36,53.88,0.0,1005.31,10.7,2015,2010
2015-02-01,32.8,23.1,27.23,65,39,54.29,0.1,1004.98,10.6,2015,2010
2015-02-02,33.1,23.8,27.67,70,41,58.67,0.2,1004.61,9.0,2015,2010
2015-02-03,32.8,24.0,27.7,73,42,58.75,0.0,1004.42,11.4,2015,2010
2015-02-04,32.4,24.8,27.71,67,44,57.58,0.6,1003.55,13.0,2015,2010
2015-02-05,32.4,22.9,27.15,77,45,63.71,8.0,1004.68,7.6,2015,2010
2015-02-06,32.0,23.6,27.32,83,43,63.42,0.2,1005.9,8.2,2015,2010
2015-02-07,31.4,23.7,26.85,76,42,60.29,2.8,1006.54,8.3,2015,2010
2015-02-08,28.7,22.7,25.02,95,51,74.17,6.8,1007.92,5.7,2015,2010
2015-02-09,30.1,21.6,24.92,99,53,81.92,8.9,1007.5,7.0,2015,2010
2015-02-10,29.8,21.1,25.28,98,55,77.96,7.1,1006.13,6.2,2015,2010
2015-02-11,31.3,21.7,25.82,90,47,71.54,1.8,1006.09,7.3,2015,2010
2015-02-12,31.0,22.5,26.6,84,52,68.58,0.8,1006.54,9.0,2015,2010
2015-02-13,32.3,24.6,27.24,75,46,61.83,0.0,1005.73,17.8,2015,2010
2015-02-14,32.1,23.5,26.72,64,38,53.5,0.0,1005.35,20.1,2015,2010
2015-02-15,32.2,24.4,27.4,68,44,58.21,0.0,1005.18,17.0,2015,2010
2015-02-16,33.2,24.8,27.86,73,38,57.21,0.1,1004.4,9.8,2015,2010
2015-02-17,34.0,21.8,27.5,71,33,56.5,0.7,1005.2,9.8,2015,2010
2015-02-18,33.8,21.9,27.38,77,36,61.33,0.8,1006.76,8.1,2015,2010
2015-02-19,33.4,22.8,27.36,74,32,55.46,0.0,1006.44,9.4,2015,2010
2015-02-20,33.0,23.0,27.39,71,40,57.38,0.8,1005.99,9.1,2015,2010
2015-02-21,33.3,23.4,27.61,74,38,57.08,0.1,1005.33,9.2,2015,2010
2015-02-22,33.8,23.6,27.6,67,34,53.67,0.0,1004.2,11.7,2015,2010
2015-02-23,33.4,24.4,27.85,68,35,53.42,0.0,1005.04,10.7,2015,2010
2015-02-24,33.4,22.1,27.2,65,33,52.5,0.0,1005.45,10.4,2015,2010
2015-02-25,33.5,22.4,27.23,74,35,56.83,0.5,1005.44,8.9,2015,2010
2015-02-26,33.3,23.0,27.46,77,38,61.42,0.9,1004.9,7.5,2015,2010
2015-02-27,33.4,22.7,27.69,76,38,59.33,0.0,1004.92,8.8,2015,2010
2015-02-28,33.7,24.5,28.25,72,37,56.04,0.0,1005.74,9.9,2015,2010
2015-03-01,33.0,24.4,27.91,72,41,56.88,0.1,1006.09,9.7,2015,2010
2015-03-02,33.5,23.6,27.44,64,34,51.42,0.0,1005.18,14.7,2015,2010
2015-03-03,33.7,23.7,27.49,67,26,49.29,0.0,1003.85,16.9,2015,2010
2015-03-04,33.6,23.1,27.61,63,32,49.5,0.2,1003.8,12.6,2015,2010
2015-03-05,34.1,22.4,27.64,67,34,55.58,0.5,1004.05,11.4,2015,2010
2015-03-06,34.0,23.4,27.8,70,35,55.62,0.0,1004.45,11.9,2015,2010
2015-03-07,33.1,24.7,27.72,68,36,54.96,0.0,1003.92,17.4,2015,2010
2015-03-08,32.5,24.6,27.64,64,38,53.83,0.0,1001.34,21.8,2015,2010
2015-03-09,33.3,24.5,27.96,65,39,54.08,0.0,1001.43,15.9,2015,2010
2015-03-10,33.5,24.5,28.2,67,40,56.92,0.2,1002.42,10.0,2015,2010
2015-03-11,34.4,25.1,28.98,67,40,57.08,0.1,1002.66,8.4,2015,2010
2015-03-12,34.1,25.0,28.72,71,40,58.08,0.6,1003.49,9.3,2015,2010
2015-03-13,33.9,24.8,28.37,70,37,55.58,0.0,1002.92,11.5,2015,2010
2015-03-14,33.4,23.6,27.74,65,34,51.88,0.0,1003.63,11.2,2015,2010
2015-03-15,34.4,23.5,28.23,68,35,53.75,0.1,1004.61,9.9,2015,2010
2015-03-16,33.2,24.8,28.13,70,38,56.21,2.6,1005.55,10.0,2015,2010
2015-03-17,33.6,23.6,27.73,69,27,48.58,0.5,1005.98,10.5,2015,2010
2015-03-18,33.5,22.1,27.15,64,25,45.71,0.2,1006.65,10.5,2015,2010
2015-03-19,32.6,22.6,26.89,74,34,55.38,0.0,1007.65,8.8,2015,2010
2015-03-20,32.6,22.5,26.33,88,38,65.75,4.0,1008.69,8.4,2015,2010
2015-03-21,32.4,22.8,26.98,93,42,67.33,2.2,1008.5,6.0,2015,2010
2015-03-22,32.8,22.7,27.32,76,37,61.12,2.2,1007.99,7.6,2015,2010
2015-03-23,33.4,23.5,27.75,77,35,59.38,0.4,1007.89,10.4,2015,2010
2015-03-24,33.8,23.8,28.04,72,33,56.96,0.1,1008.07,8.4,2015,2010
2015-03-25,34.1,22.5,27.79,76,30,56.5,0.1,1007.97,8.4,2015,2010
2015-03-26,33.9,21.4,27.45,78,30,57.17,0.0,1006.98,9.3,2015,2010
2015-03-27,34.3,22.2,27.67,75,32,59.58,0.5,1006.69,10.7,2015,2010
2015-03-28,34.3,23.4,27.93,81,34,61.17,0.5,1008.08,8.6,2015,2010
2015-03-29,32.5,23.2,26.14,89,46,76.12,10.9,1009.06,5.4,2015,2010
2015-03-30,31.1,22.9,25.9,92,53,77.58,7.0,1008.17,6.1,2015,2010
2015-03-31,31.0,23.4,26.69,87,54,71.71,1.9,1006.1,7.8,2015,2010
2015-04-01,32.5,23.2,27.14,74,42,62.0,0.4,1005.92,8.8,2015,2010
2015-04-02,33.1,22.1,27.13,77,38,61.0,0.0,1006.08,9.7,2015,2010
2015-04-03,32.8,23.3,27.51,73,42,60.21,0.0,1005.12,9.6,2015,2010
2015-04-04,33.1,23.2,27.65,70,40,56.92,0.1,1003.94,9.4,2015,2010
2015-04-05,33.3,24.0,27.87,73,38,57.08,0.0,1003.08,11.5,2015,2010
2015-04-06,33.9,23.4,27.75,70,35,54.75,0.0,1003.21,12.9,2015,2010
2015-04-07,34.4,24.4,28.31,66,34,53.04,0.0,1003.16,13.9,2015,2010
2015-04-08,34.0,24.8,28.59,65,37,53.46,0.0,1003.3,11.8,2015,2010
2015-04-09,34.6,24.6,28.85,69,35,53.75,0.0,1003.35,11.3,2015,2010
2015-04-10,34.6,25.1,29.21,69,37,55.75,0.0,1003.72,10.8,2015,2010
2015-04-11,33.3,24.9,27.87,83,45,64.79,5.9,1004.72,7.0,2015,2010
2015-04-12,33.1,24.1,28.0,83,46,68.08,4.0,1005.02,6.9,2015,2010
2015-04-13,30.7,24.8,26.99,87,57,74.79,16.2,1006.63,6.2,2015,2010
2015-04-14,30.4,23.9,26.71,89,60,76.38,8.1,1006.75,5.4,2015,2010
2015-04-15,31.0,23.3,26.19,92,58,79.92,11.8,1006.26,6.6,2015,2010
2015-04-16,30.0,22.5,25.61,95,61,81.46,13.2,1006.51,5.8,2015,2010
2015-04-17,30.9,22.6,25.96,92,57,77.75,7.5,1006.22,6.7,2015,2010
2015-04-18,31.3,22.9,26.61,93,57,75.21,3.6,1005.43,7.7,2015,2010
2015-04-19,31.3,23.4,26.67,91,55,75.71,6.4,1005.01,7.2,2015,2010
2015-04-20,31.2,22.9,26.2,92,57,79.12,3.5,1005.13,8.2,2015,2010
2015-04-21,30.4,23.6,25.95,93,60,82.38,9.4,1005.4,8.3,2015,2010
2015-04-22,31.0,23.3,26.75,94,61,78.75,6.4,1004.5,5.4,2015,2010
2015-04-23,32.8,23.3,27.48,91,49,72.62,1.2,1004.28,6.5,2015,2010
2015-04-24,33.5,23.3,27.54,78,42,65.75,1.8,1005.31,8.3,2015,2010
2015-04-25,32.2,23.3,26.94,88,48,72.46,1.0,1005.53,10.2,2015,2010
2015-04-26,33.0,24.1,27.94,88,46,69.79,0.8,1003.88,6.1,2015,2010
2015-04-27,32.1,24.6,27.3,89,57,78.71,7.7,1003.09,8.7,2015,2010
2015-04-28,30.9,24.5,27.28,93,64,80.67,3.7,1002.93,11.2,2015,2010
2015-04-29,29.6,24.7,26.51,98,73,85.5,10.4,1003.62,6.8,2015,2010
2015-04-30,28.4,23.4,25.49,99,77,89.96,22.7,1004.97,8.9,2015,2010
2015-05-01,29.3,23.0,25.03,99,74,91.29,25.0,1005.35,6.8,2015,2010
2015-05-02,30.5,22.9,25.27,99,65,88.83,17.3,1004.67,7.2,2015,2010
2015-05-03,30.6,22.0,25.85,96,60,81.79,12.2,1004.65,7.0,2015,2010
2015-05-04,29.7,22.4,25.3,96,64,85.92,13.0,1005.51,7.5,2015,2010
2015-05-05,31.2,22.3,25.82,95,58,81.54,7.5,1005.46,8.4,2015,2010
2015-05-06,30.7,23.2,26.18,92,63,81.75,5.4,1005.02,6.8,2015,2010
2015-05-07,30.7,22.9,26.19,96,65,84.38,5.4,1004.1,7.2,2015,2010
2015-05-08,31.6,24.2,27.08,91,62,80.92,2.5,1003.63,8.4,2015,2010
2015-05-09,31.4,23.7,26.64,93,61,81.29,11.7,1003.46,6.8,2015,2010
2015-05-10,30.6,23.5,26.41,94,63,83.21,8.0,1003.37,7.2,2015,2010
2015-05-11,31.3,23.8,26.99,94,61,80.25,4.6,1003.42,7.7,2015,2010
2015-05-12,32.5,24.2,27.84,91,57,75.04,1.0,1003.0,8.1,2015,2010
2015-05-13,32.0,24.2,27.55,89,55,75.12,2.1,1003.55,6.0,2015,2010
2015-05-14,31.3,24.0,26.44,91,60,80.29,9.3,1004.2,8.7,2015,2010
2015-05-15,30.7,23.8,26.31,92,63,80.42,16.1,1005.17,7.3,2015,2010
2015-05-16,27.0,23.3,24.53,99,79,92.71,29.1,1006.72,5.8,2015,2010
2015-05-17,28.8,22.3,24.9,99,74,91.67,18.5,1006.87,8.9,2015,2010
2015-05-18,29.6,22.4,25.37,99,67,87.75,9.8,1007.16,7.1,2015,2010
2015-05-19,30.4,23.7,26.27,93,66,84.12,3.3,1006.31,6.8,2015,2010
2015-05-20,29.7,23.4,25.78,94,67,86.0,29.5,1005.79,8.4,2015,2010
2015-05-21,29.7,23.3,25.71,97,68,86.33,17.4,1006.57,9.4,2015,2010
2015-05-22,30.9,23.8,26.48,94,62,84.88,2.6,1006.38,8.0,2015,2010
2015-05-23,30.8,23.8,26.55,91,65,81.46,7.4,1006.45,7.0,2015,2010
2015-05-24,29.0,23.7,26.04,94,70,83.96,17.4,1006.12,6.7,2015,2010
2015-05-25,29.1,23.6,25.68,93,69,86.42,3.3,1006.19,8.7,2015,2010
2015-05-26,29.6,23.1,25.08,99,69,91.17,36.7,1005.93,6.1,2015,2010
2015-05-27,29.0,23.0,25.15,99,67,88.79,25.7,1005.68,5.8,2015,2010
2015-05-28,29.0,22.7,25.18,97,64,83.96,1.6,1006.37,8.0,2015,2010
2015-05-29,29.0,22.0,25.52,95,61,78.54,0.1,1006.13,9.1,2015,2010
2015-05-30,30.5,23.0,25.81,96,62,82.04,7.1,1005.37,7.2,2015,2010
2015-05-31,29.5,23.3,25.76,95,70,85.92,6.9,1005.33,6.7,2015,2010
2015-06-01,30.2,23.3,26.29,98,67,84.54,5.6,1005.04,8.5,2015,2010
2015-06-02,29.1,23.5,25.88,98,72,88.5,13.0,1004.72,7.3,2015,2010
2015-06-03,28.8,23.7,25.18,99,76,92.33,17.3,1004.35,12.2,2015,2010
2015-06-04,29.7,22.4,25.14,99,72,92.25,14.4,1005.51,5.8,2015,2010
2015-06-05,29.7,22.8,25.26,99,69,90.5,8.6,1006.0,9.3,2015,2010
2015-06-06,27.2,22.7,25.07,99,83,92.08,6.7,1005.83,6.5,2015,2010
2015-06-07,29.0,22.2,24.76,99,72,91.29,59.0,1006.54,7.6,2015,2010
2015-06-08,27.4,22.6,24.82,100,75,89.29,18.4,1007.16,7.4,2015,2010
2015-06-09,28.4,22.4,24.68,99,70,87.58,9.2,1006.42,5.2,2015,2010
2015-06-10,28.1,21.8,24.5,99,75,91.12,19.8,1006.07,5.6,2015,2010
2015-06-11,28.3,21.9,24.75,99,76,91.25,23.2,1005.42,7.9,2015,2010
2015-06-12,28.8,23.4,25.4,96,74,88.29,5.5,1005.48,7.6,2015,2010
2015-06-13,29.0,23.3,25.35,99,75,89.71,13.8,1005.38,8.4,2015,2010
2015-06-14,30.5,22.8,25.85,97,67,86.04,5.8,1004.65,9.1,2015,2010
2015-06-15,30.2,23.1,26.04,96,68,86.29,7.3,1003.71,6.2,2015,2010
2015-06-16,30.5,23.2,26.4,95,69,85.0,4.7,1003.35,6.5,2015,2010
2015-06-17,29.6,23.9,26.12,95,69,87.62,4.3,1003.68,6.8,2015,2010
2015-06-18,31.0,23.8,26.89,93,65,82.92,2.5,1002.72,9.4,2015,2010
2015-06-19,30.1,24.1,26.65,93,69,84.54,7.0,1003.11,5.4,2015,2010
2015-06-20,30.1,24.2,26.25,94,68,85.92,12.4,1004.72,6.8,2015,2010
2015-06-21,29.1,23.7,25.89,97,73,87.75,13.0,1005.82,5.4,2015,2010
2015-06-22,31.7,22.7,26.88,98,59,82.25,0.0,1004.1,8.7,2015,2010
2015-06-23,31.2,24.0,27.26,93,63,81.0,0.6,1003.86,7.2,2015,2010
2015-06-24,32.1,24.6,27.78,92,62,80.42,1.8,1003.38,6.9,2015,2010
2015-06-25,32.0,24.6,27.79,90,60,78.83,1.2,1003.51,6.7,2015,2010
2015-06-26,31.4,24.7,27.45,91,62,80.75,1.2,1003.67,6.6,2015,2010
2015-06-27,31.1,24.6,26.71,94,63,84.25,3.1,1004.6,7.0,2015,2010
2015-06-28,30.3,24.0,26.58,93,66,82.71,5.9,1005.0,6.6,2015,2010
2015-06-29,29.7,23.6,25.65,99,70,87.88,17.0,1005.89,7.0,2015,2010
2015-06-30,30.1,23.3,26.63,99,65,80.29,0.0,1004.68,11.5,2015,2010
2015-07-01,32.0,24.6,27.65,84,56,70.38,0.4,1003.91,9.7,2015,2010
2015-07-02,32.7,23.7,27.62,90,54,74.71,0.6,1002.85,8.2,2015,2010
2015-07-03,32.1,24.4,27.15,92,62,79.79,1.7,1002.18,7.3,2015,2010
2015-07-04,31.2,24.8,27.25,90,56,77.17,2.1,1002.92,7.6,2015,2010
2015-07-05,29.8,23.9,26.24,94,68,84.42,9.3,1005.13,6.8,2015,2010
2015-07-06,28.8,24.3,25.57,95,74,88.58,9.7,1005.96,4.4,2015,2010
2015-07-07,26.8,23.3,24.89,99,80,90.38,27.0,1006.4,7.8,2015,2010
2015-07-08,26.6,23.0,24.32,99,85,96.46,40.0,1006.22,6.0,2015,2010
2015-07-09,28.3,22.3,24.73,99,78,92.54,10.4,1005.37,5.7,2015,2010
2015-07-10,28.5,22.2,24.87,97,75,90.5,16.9,1005.28,8.3,2015,2010
2015-07-11,28.8,22.6,25.1,99,73,90.96,6.4,1006.4,6.2,2015,2010
2015-07-12,29.3,23.2,25.44,94,69,86.71,10.1,1006.94,9.6,2015,2010
2015-07-13,29.3,22.6,25.05,95,69,88.29,10.5,1006.71,7.0,2015,2010
2015-07-14,28.7,21.8,25.15,98,72,88.08,11.9,1006.67,6.8,2015,2010
2015-07-15,30.2,22.3,25.72,98,61,84.42,2.7,1006.0,8.6,2015,2010
2015-07-16,28.7,22.8,25.24,99,71,87.96,12.0,1006.3,7.6,2015,2010
2015-07-17,28.3,22.3,24.85,99,77,90.54,16.3,1006.46,8.4,2015,2010
2015-07-18,27.6,22.6,24.33,99,75,91.79,14.6,1007.62,6.8,2015,2010
2015-07-19,29.3,22.0,24.37,99,71,92.38,30.1,1007.68,7.7,2015,2010
2015-07-20,27.8,22.4,24.67,99,74,90.71,11.2,1007.86,6.7,2015,2010
2015-07-21,28.4,21.8,24.85,99,75,88.92,10.8,1006.78,7.1,2015,2010
2015-07-22,27.9,22.3,24.5,99,74,90.83,18.3,1006.9,7.6,2015,2010
2015-07-23,27.4,21.5,24.46,99,79,92.0,7.2,1007.05,7.9,2015,2010
2015-07-24,31.5,22.7,26.16,99,60,84.46,1.9,1005.65,7.1,2015,2010
2015-07-25,32.1,23.0,27.15,90,57,76.75,0.1,1003.31,8.9,2015,2010
2015-07-26,31.1,23.4,26.94,90,60,77.96,0.7,1003.52,7.3,2015,2010
2015-07-27,30.1,23.3,26.04,94,63,80.42,2.2,1004.12,7.3,2015,2010
2015-07-28,28.9,23.0,25.42,93,71,84.71,21.3,1004.4,7.2,2015,2010
2015-07-29,29.4,22.4,24.79,99,69,90.17,14.1,1005.63,8.0,2015,2010
2015-07-30,29.7,22.5,24.85,99,67,90.79,10.7,1006.29,6.2,2015,2010
2015-07-31,28.6,22.4,25.09,99,68,87.17,8.0,1006.05,7.3,2015,2010
2015-08-01,30.0,22.4,25.34,95,64,82.62,8.3,1005.09,6.6,2015,2010
2015-08-02,30.3,22.6,26.38,95,67,84.12,2.9,1003.56,5.1,2015,2010
2015-08-03,30.3,23.6,26.33,94,68,83.5,4.1,1002.86,5.6,2015,2010
2015-08-04,31.7,23.8,27.28,88,58,76.83,0.1,1003.05,9.3,2015,2010
2015-08-05,31.6,23.9,26.54,94,63,82.62,3.9,1003.6,7.2,2015,2010
2015-08-06,30.3,23.4,26.34,95,68,84.12,5.4,1003.32,8.0,2015,2010
2015-08-07,31.0,23.6,26.02,99,64,85.62,10.3,1004.3,8.4,2015,2010
2015-08-08,28.4,22.9,25.25,99,75,90.08,8.3,1006.1,7.5,2015,2010
2015-08-09,28.3,22.9,24.99,98,73,88.96,7.6,1006.39,7.3,2015,2010
2015-08-10,27.9,22.6,24.54,95,73,89.54,11.9,1005.4,8.2,2015,2010
2015-08-11,28.7,23.0,25.0,96,76,89.75,9.6,1005.38,5.8,2015,2010
2015-08-12,29.9,22.0,25.2,99,63,87.12,5.3,1005.33,6.5,2015,2010
2015-08-13,31.2,22.0,25.82,95,55,81.38,8.8,1005.5,7.2,2015,2010
2015-08-14,28.3,23.1,25.27,95,73,87.25,9.5,1005.98,4.0,2015,2010
2015-08-15,28.1,22.9,24.8,96,73,88.42,12.9,1005.92,6.6,2015,2010
2015-08-16,27.8,21.9,24.78,98,77,90.79,13.9,1006.08,5.4,2015,2010
2015-08-17,29.4,22.6,25.0,99,69,90.29,12.7,1006.26,6.3,2015,2010
2015-08-18,29.6,22.4,25.36,99,77,90.33,13.5,1005.52,8.9,2015,2010
2015-08-19,29.3,23.1,26.05,98,70,85.88,8.3,1004.92,4.8,2015,2010
2015-08-20,29.7,23.7,25.86,94,71,85.92,11.0,1004.59,6.9,2015,2010
2015-08-21,28.7,22.9,25.02,96,72,88.38,26.6,1005.03,6.8,2015,2010
2015-08-22,28.7,22.2,25.18,99,78,89.83,12.3,1005.25,7.6,2015,2010
2015-08-23,28.6,23.1,25.44,96,76,87.79,14.9,1004.96,7.6,2015,2010
2015-08-24,27.1,22.8,24.6,96,83,91.67,12.7,1004.67,7.6,2015,2010
2015-08-25,29.7,21.9,24.84,99,61,86.62,10.2,1005.85,8.9,2015,2010
2015-08-26,29.4,22.3,25.2,99,69,87.71,11.9,1006.62,7.9,2015,2010
2015-08-27,29.5,22.7,25.21,96,70,86.88,11.6,1006.04,6.7,2015,2010
2015-08-28,30.0,22.2,25.79,96,67,85.42,1.4,1004.6,6.2,2015,2010
2015-08-29,30.4,23.3,25.7,98,65,86.88,17.5,1004.63,5.6,2015,2010
2015-08-30,30.3,22.9,25.17,99,67,89.96,25.5,1005.35,7.2,2015,2010
2015-08-31,28.9,21.5,24.85,99,73,90.96,14.2,1006.27,8.7,2015,2010
2015-09-01,29.7,22.8,25.75,96,68,86.17,3.6,1006.75,6.9,2015,2010
2015-09-02,28.0,22.9,25.09,99,76,91.46,9.3,1006.89,6.3,2015,2010
2015-09-03,28.7,22.0,25.06,99,72,89.12,14.5,1005.95,7.2,2015,2010
2015-09-04,28.6,21.9,24.91,98,77,90.38,16.0,1005.68,6.8,2015,2010
2015-09-05,29.6,22.6,25.25,97,72,88.79,11.3,1005.85,7.1,2015,2010
2015-09-06,28.9,22.2,24.99,99,71,90.25,16.2,1006.07,5.9,2015,2010
2015-09-07,29.4,22.2,25.1,98,68,89.21,19.9,1005.51,6.6,2015,2010
2015-09-08,29.4,23.8,25.77,94,71,86.92,17.3,1004.52,5.8,2015,2010
2015-09-09,29.5,23.1,25.3,99,71,90.62,27.9,1003.75,7.8,2015,2010
2015-09-10,27.6,23.1,24.64,99,71,92.0,45.6,1005.82,7.6,2015,2010
2015-09-11,28.8,22.8,25.1,96,68,85.58,6.9,1006.48,7.7,2015,2010
2015-09-12,29.1,22.1,24.86,99,76,90.17,10.5,1005.71,9.7,2015,2010
2015-09-13,29.2,21.9,24.93,97,77,89.92,12.4,1005.54,6.9,2015,2010
2015-09-14,29.5,22.3,25.43,96,75,88.88,5.4,1005.25,6.5,2015,2010
2015-09-15,29.8,22.4,25.55,96,69,86.96,5.7,1005.75,7.6,2015,2010
2015-09-16,29.7,22.8,25.72,96,70,86.5,6.2,1005.99,8.3,2015,2010
2015-09-17,29.0,22.7,25.23,99,73,89.96,19.7,1005.26,8.0,2015,2010
2015-09-18,28.2,23.1,25.03,96,80,89.96,8.4,1004.55,8.4,2015,2010
2015-09-19,28.9,23.0,25.84,95,77,86.67,5.5,1004.57,6.8,2015,2010
2015-09-20,30.3,22.2,25.75,99,65,87.96,10.6,1004.69,7.6,2015,2010
2015-09-21,29.1,22.5,25.38,98,73,88.79,11.4,1003.85,6.8,2015,2010
2015-09-22,29.0,22.7,25.18,96,72,89.46,11.8,1003.79,9.1,2015,2010
2015-09-23,28.0,22.8,24.53,99,83,93.67,11.4,1004.21,7.1,2015,2010
2015-09-24,28.6,22.6,24.84,99,76,90.5,22.8,1004.68,8.1,2015,2010
2015-09-25,28.5,21.8,24.73,99,81,92.04,8.8,1004.8,8.0,2015,2010
2015-09-26,29.4,22.8,25.58,96,72,87.62,7.6,1004.67,6.5,2015,2010
2015-09-27,28.7,22.7,25.4,99,78,89.71,21.3,1005.06,6.3,2015,2010
2015-09-28,29.9,22.6,25.8,99,74,88.92,6.8,1004.0,7.0,2015,2010
2015-09-29,30.8,22.5,25.52,97,65,86.29,9.5,1003.72,8.0,2015,2010
2015-09-30,28.2,22.8,24.81,98,78,90.96,16.6,1004.34,9.1,2015,2010
2015-10-01,29.0,22.3,24.73,99,74,90.25,24.1,1004.5,7.7,2015,2010
2015-10-02,27.8,21.7,24.27,98,79,91.92,8.6,1004.14,10.7,2015,2010
2015-10-03,28.6,21.2,24.93,97,73,87.71,2.6,1004.03,10.1,2015,2010
2015-10-04,30.0,22.9,25.48,96,68,87.46,7.8,1004.7,5.9,2015,2010
2015-10-05,29.9,23.1,26.01,96,71,86.92,6.8,1005.78,5.8,2015,2010
2015-10-06,29.6,23.2,25.36,99,70,90.88,51.2,1006.25,7.3,2015,2010
2015-10-07,29.2,23.1,25.22,99,73,89.96,55.4,1005.75,6.6,2015,2010
2015-10-08,27.8,23.1,25.04,95,76,89.33,11.7,1005.31,8.7,2015,2010
2015-10-09,28.8,23.0,24.54,99,72,91.12,55.8,1005.83,6.2,2015,2010
2015-10-10,28.8,22.7,24.75,99,72,91.25,19.9,1006.03,8.3,2015,2010
2015-10-11,26.5,22.3,23.88,100,83,96.17,19.4,1005.9,9.1,2015,2010
2015-10-12,28.3,22.5,24.66,100,73,92.04,9.7,1006.2,8.9,2015,2010
2015-10-13,29.1,22.8,25.14,99,70,89.83,18.8,1005.75,7.4,2015,2010
2015-10-14,27.7,22.8,24.6,100,81,93.92,19.1,1005.6,7.2,2015,2010
2015-10-15,28.3,22.5,24.95,99,78,90.92,13.4,1004.8,7.0,2015,2010
2015-10-16,27.5,22.5,24.36,99,77,92.79,7.7,1004.9,7.1,2015,2010
2015-10-17,29.1,22.3,24.76,99,74,91.83,8.0,1005.86,5.4,2015,2010
2015-10-18,29.4,23.0,25.2,96,71,87.83,35.1,1007.09,6.9,2015,2010
2015-10-19,29.5,22.4,25.27,97,70,87.83,7.6,1006.3,8.1,2015,2010
2015-10-20,29.7,21.9,25.1,99,69,88.96,5.7,1005.75,8.1,2015,2010
2015-10-21,27.7,22.7,25.05,99,81,90.92,18.3,1006.1,8.9,2015,2010
2015-10-22,29.2,22.4,25.08,96,72,88.62,4.7,1005.37,5.7,2015,2010
2015-10-23,28.5,22.6,24.91,97,79,90.5,18.5,1005.32,7.1,2015,2010
2015-10-24,27.0,23.0,24.49,98,86,93.25,14.0,1005.57,7.8,2015,2010
2015-10-25,27.1,22.3,24.21,99,84,93.62,21.7,1005.8,4.7,2015,2010
2015-10-26,27.9,21.9,24.21,100,78,91.75,23.4,1006.51,9.5,2015,2010
2015-10-27,29.0,22.0,24.95,95,72,87.71,3.0,1006.87,7.3,2015,2010
2015-10-28,28.6,21.6,24.67,97,75,89.08,13.4,1007.52,7.6,2015,2010
2015-10-29,29.5,22.5,24.99,96,70,88.67,15.4,1006.81,6.5,2015,2010
2015-10-30,28.2,22.2,24.45,99,75,91.12,22.8,1006.48,8.0,2015,2010
2015-10-31,28.6,22.2,24.59,99,71,90.17,14.9,1006.54,6.2,2015,2010
2015-11-01,28.7,21.8,24.3,100,70,90.21,13.7,1006.69,8.7,2015,2010
2015-11-02,28.0,21.6,24.31,100,76,89.38,8.7,1006.59,8.4,2015,2010
2015-11-03,27.8,21.5,24.2,97,77,90.46,12.1,1005.46,6.5,2015,2010
2015-11-04,27.1,21.6,23.95,99,80,92.04,8.8,1005.92,6.3,2015,2010
2015-11-05,27.4,22.1,24.39,99,77,90.54,5.2,1006.53,6.6,2015,2010
2015-11-06,26.9,21.1,23.83,99,84,93.21,13.5,1006.65,9.5,2015,2010
2015-11-07,29.1,21.1,24.41,99,71,90.33,16.2,1005.53,6.8,2015,2010
2015-11-08,28.6,22.4,24.81,97,73,89.08,2.7,1005.15,6.8,2015,2010
2015-11-09,29.3,22.4,24.45,99,68,90.0,20.7,1005.71,9.5,2015,2010
2015-11-10,29.9,21.8,24.49,99,66,91.08,18.6,1005.77,7.6,2015,2010
2015-11-11,27.0,22.2,24.67,96,83,91.17,10.8,1004.88,6.2,2015,2010
2015-11-12,28.6,22.7,24.93,96,72,89.0,7.0,1004.56,7.7,2015,2010
2015-11-13,29.4,22.4,25.19,96,72,88.38,8.9,1003.04,7.2,2015,2010
2015-11-14,29.1,22.5,25.47,96,72,88.33,13.0,1003.38,6.2,2015,2010
2015-11-15,29.1,23.0,25.2,99,71,90.75,38.7,1004.02,7.6,2015,2010
2015-11-16,27.6,22.6,24.4,99,81,93.58,42.6,1003.72,6.5,2015,2010
2015-11-17,24.2,21.7,23.04,99,94,98.5,89.4,1002.64,8.4,2015,2010
2015-11-18,24.3,22.5,23.15,99,96,98.79,146.3,1003.54,14.2,2015,2010
2015-11-19,24.9,22.2,23.42,99,92,97.92,42.9,1004.39,12.7,2015,2010
2015-11-20,27.5,22.0,24.02,99,83,94.08,25.9,1003.86,7.2,2015,2010
2015-11-21,28.4,21.7,23.87,99,75,93.33,17.2,1003.43,6.3,2015,2010
2015-11-22,27.5,21.9,23.95,99,80,94.04,21.5,1004.2,6.1,2015,2010
2015-11-23,25.9,21.9,23.33,99,92,97.79,49.4,1004.4,4.7,2015,2010
2015-11-24,29.8,21.0,24.68,99,63,86.12,2.4,1004.55,8.4,2015,2010
2015-11-25,29.5,22.1,25.2,94,69,85.0,5.8,1003.98,6.5,2015,2010
2015-11-26,30.1,22.8,25.97,92,64,82.17,4.8,1004.53,6.6,2015,2010
2015-11-27,29.9,22.1,25.39,93,62,81.79,1.3,1004.48,8.0,2015,2010
2015-11-28,30.5,22.2,25.91,90,58,77.83,1.8,1003.94,8.0,2015,2010
2015-11-29,30.6,22.4,26.13,89,57,77.75,0.0,1002.48,8.2,2015,2010
2015-11-30,30.4,23.4,26.46,87,60,76.5,0.4,1002.1,7.3,2015,2010
2015-12-01,31.3,22.3,26.22,90,56,78.54,0.0,1002.77,8.0,2015,2010
2015-12-02,30.9,22.1,26.36,89,56,77.29,0.2,1003.53,9.4,2015,2010
2015-12-03,30.0,22.9,26.28,94,64,81.12,2.2,1005.45,7.9,2015,2010
2015-12-04,29.9,22.7,25.65,95,67,85.62,13.7,1006.17,6.6,2015,2010
2015-12-05,30.5,22.4,25.75,98,63,85.17,7.2,1005.89,8.0,2015,2010
2015-12-06,30.5,23.2,25.98,92,61,81.0,6.0,1004.6,8.5,2015,2010
2015-12-07,31.1,22.2,26.15,92,55,77.5,1.0,1003.65,7.6,2015,2010
2015-12-08,30.1,22.4,25.59,94,61,80.21,5.6,1004.59,7.4,2015,2010
2015-12-09,29.9,22.5,25.42,96,64,85.79,10.4,1005.32,6.7,2015,2010
2015-12-10,29.1,23.4,25.34,96,73,89.04,7.7,1005.08,6.5,2015,2010
2015-12-11,30.1,23.1,26.08,96,65,83.67,1.1,1004.4,7.0,2015,2010
2015-12-12,30.9,22.5,26.05,95,64,82.92,0.5,1003.99,7.2,2015,2010
2015-12-13,30.1,23.4,25.83,93,66,83.08,4.1,1004.45,6.1,2015,2010
2015-12-14,30.0,22.7,25.48,95,67,86.42,18.2,1004.76,8.4,2015,2010
2015-12-15,28.3,22.7,25.06,96,71,87.33,0.8,1004.01,8.4,2015,2010
2015-12-16,30.0,22.7,25.71,95,65,84.29,1.8,1003.59,6.6,2015,2010
2015-12-17,30.3,22.9,25.85,94,64,83.79,1.2,1002.75,7.3,2015,2010
2015-12-18,31.2,23.5,26.44,92,58,79.17,0.9,1003.61,9.4,2015,2010
2015-12-19,31.4,22.4,26.38,90,57,77.38,0.8,1004.11,9.9,2015,2010
2015-12-20,30.7,24.0,26.85,84,56,72.83,0.0,1003.99,9.0,2015,2010
2015-12-21,31.7,23.5,26.95,87,54,73.38,0.1,1002.93,7.3,2015,2010
2015-12-22,31.8,22.8,26.62,93,54,75.67,1.2,1002.17,9.1,2015,2010
2015-12-23,29.9,23.4,26.12,93,64,80.92,2.6,1002.41,6.9,2015,2010
2015-12-24,31.3,23.3,26.75,94,58,78.88,1.0,1003.14,7.4,2015,2010
2015-12-25,31.9,23.5,27.15,91,53,75.62,0.5,1002.72,7.9,2015,2010
2015-12-26,32.3,23.4,27.37,83,52,69.21,0.1,1002.18,9.4,2015,2010
2015-12-27,32.2,23.6,27.33,83,51,71.25,0.7,1001.3,8.6,2015,2010
2015-12-28,32.1,23.8,27.19,91,54,73.46,1.6,1001.99,8.2,2015,2010
2015-12-29,32.3,22.8,26.92,91,52,75.88,0.0,1004.48,8.8,2015,2010
2015-12-30,32.8,23.4,27.38,91,49,71.38,0.0,1004.18,8.3,2015,2010
2015-12-31,32.9,23.5,27.8,82,48,65.17,0.0,1002.71,9.4,2015,2010
2016-01-01,32.6,25.2,28.04,74,46,62.25,0.4,1002.86,9.2,2016,2010
2016-01-02,32.6,24.3,27.68,70,45,60.42,0.4,1004.05,11.4,2016,2010
2016-01-03,32.5,23.2,27.22,81,49,67.46,2.3,1004.27,8.2,2016,2010
2016-01-04,31.8,24.2,27.12,87,53,73.0,3.1,1005.35,7.2,2016,2010
2016-01-05,31.8,23.4,27.29,85,52,71.17,0.8,1006.43,8.3,2016,2010
2016-01-06,31.7,24.0,27.42,85,52,69.58,1.6,1006.78,7.9,2016,2010
2016-01-07,32.8,23.3,27.33,83,47,68.04,0.5,1006.12,8.1,2016,2010
2016-01-08,32.2,23.7,27.4,84,50,70.0,0.4,1005.26,8.2,2016,2010
2016-01-09,32.2,22.1,26.95,87,46,69.29,0.4,1005.3,8.8,2016,2010
2016-01-10,32.4,22.5,26.9,86,43,68.92,0.7,1006.21,7.4,2016,2010
2016-01-11,32.0,22.1,26.47,80,38,63.5,0.0,1006.69,10.5,2016,2010
2016-01-12,32.5,20.9,26.32,76,39,59.79,0.0,1006.8,10.0,2016,2010
2016-01-13,32.6,22.6,26.94,78,44,62.33,0.0,1006.63,9.8,2016,2010
2016-01-14,32.8,22.8,26.88,82,42,68.04,1.3,1006.59,8.0,2016,2010
2016-01-15,32.7,22.8,27.05,83,37,64.75,0.0,1004.4,8.4,2016,2010
2016-01-16,32.9,21.1,26.9,79,37,61.88,0.0,1004.73,8.8,2016,2010
2016-01-17,33.3,22.2,27.45,87,42,66.75,0.3,1005.44,8.2,2016,2010
2016-01-18,33.0,23.7,27.59,80,36,59.38,0.5,1005.42,10.9,2016,2010
2016-01-19,32.2,23.4,26.91,66,39,54.79,0.0,1005.94,16.9,2016,2010
2016-01-20,32.9,23.2,27.41,64,40,54.83,0.1,1005.87,12.8,2016,2010
2016-01-21,32.7,25.3,28.14,72,42,57.42,0.2,1005.65,8.2,2016,2010
2016-01-22,33.3,22.7,27.61,73,38,59.58,0.8,1005.44,8.9,2016,2010
2016-01-23,33.6,23.0,27.65,72,35,55.21,0.0,1004.95,15.7,2016,2010
2016-01-24,32.0,24.5,27.2,69,43,58.67,0.0,1005.17,18.5,2016,2010
2016-01-25,33.1,25.0,28.03,70,42,59.42,1.9,1006.71,13.3,2016,2010
2016-01-26,33.6,23.6,28.01,76,41,60.75,1.0,1006.14,8.2,2016,2010
2016-01-27,33.6,22.5,27.62,78,35,60.12,0.1,1004.99,9.3,2016,2010
2016-01-28,32.8,23.0,27.46,81,40,65.08,1.2,1006.0,9.3,2016,2010
2016-01-29,33.4,22.7,27.57,79,37,60.75,0.4,1006.33,9.3,2016,2010
2016-01-30,33.7,23.3,27.77,68,35,54.75,0.0,1006.39,10.2,2016,2010
2016-01-31,33.4,23.1,27.61,76,37,58.62,0.0,1006.27,9.2,2016,2010
2016-02-01,33.5,21.4,27.19,77,34,59.0,0.2,1005.18,9.7,2016,2010
2016-02-02,33.4,21.5,27.19,80,36,60.71,0.0,1005.08,9.0,2016,2010
2016-02-03,34.2,22.9,28.01,78,38,61.25,0.1,1005.01,9.0,2016,2010
2016-02-04,33.7,23.8,28.18,79,37,61.33,1.8,1005.63,7.8,2016,2010
2016-02-05,33.1,23.0,27.04,76,37,58.71,0.0,1005.36,17.0,2016,2010
2016-02-06,33.1,23.8,27.54,63,35,51.79,0.0,1004.65,16.5,2016,2010
2016-02-07,32.2,23.4,26.87,66,36,52.58,0.0,1004.21,21.6,2016,2010
2016-02-08,34.0,24.0,27.9,61,32,47.46,0.0,1004.15,18.6,2016,2010
2016-02-09,33.4,25.0,28.26,65,41,55.29,0.0,1005.3,12.2,2016,2010
2016-02-10,32.7,25.5,28.14,69,42,58.79,0.0,1005.51,19.1,2016,2010
2016-02-11,33.4,25.5,28.27,68,41,57.67,0.0,1004.8,17.1,2016,2010
2016-02-12,33.5,25.0,28.11,65,37,54.08,0.0,1004.56,18.7,2016,2010
2016-02-13,33.6,24.6,28.0,62,37,51.58,0.0,1003.59,16.6,2016,2010
2016-02-14,33.1,24.5,27.85,63,37,52.46,0.0,1001.52,17.4,2016,2010
2016-02-15,34.2,25.1,28.73,66,37,53.83,0.0,1001.24,16.0,2016,2010
2016-02-16,34.5,24.8,28.92,70,38,55.83,0.0,1001.59,9.2,2016,2010
2016-02-17,34.7,24.2,28.83,70,37,54.29,0.0,1003.7,10.8,2016,2010
2016-02-18,34.2,25.3,28.55,67,41,57.42,0.0,1003.89,13.4,2016,2010
2016-02-19,33.2,25.6,28.27,68,37,55.42,0.0,1002.8,22.9,2016,2010
2016-02-20,34.0,24.9,28.28,60,33,50.54,0.0,1002.57,18.2,2016,2010
2016-02-21,34.1,24.9,28.48,63,37,52.79,0.0,1002.84,12.2,2016,2010
2016-02-22,34.8,23.8,28.56,67,34,53.71,0.0,1002.94,11.0,2016,2010
2016-02-23,35.0,22.9,28.43,75,32,56.58,0.0,1003.54,9.4,2016,2010
2016-02-24,34.3,22.6,28.33,81,37,62.71,1.5,1005.08,9.8,2016,2010
2016-02-25,34.6,23.9,28.78,77,32,54.88,0.0,1005.76,8.8,2016,2010
2016-02-26,33.7,24.0,27.95,68,40,55.5,0.0,1005.69,11.3,2016,2010
2016-02-27,34.3,24.7,28.07,66,28,53.25,0.0,1004.3,16.6,2016,2010
2016-02-28,33.8,24.9,28.23,63,35,51.17,0.0,1004.55,13.7,2016,2010
2016-02-29,34.1,23.6,28.41,63,37,50.71,0.0,1005.82,9.8,2016,2010
2016-03-01,34.6,23.5,28.59,72,36,54.25,0.0,1006.18,9.6,2016,2010
2016-03-02,33.8,24.3,28.32,68,39,56.92,0.0,1006.02,10.2,2016,2010
2016-03-03,34.1,24.3,28.5,73,35,56.42,0.1,1005.35,8.7,2016,2010
2016-03-04,34.5,22.7,27.95,68,35,56.54,0.0,1005.86,9.9,2016,2010
2016-03-05,34.8,23.4,28.42,72,36,57.46,0.1,1006.55,9.2,2016,2010
2016-03-06,34.2,24.4,28.22,77,37,60.92,3.4,1007.8,7.9,2016,2010
2016-03-07,32.9,23.2,27.45,88,42,68.75,1.8,1008.03,9.1,2016,2010
2016-03-08,34.6,23.1,28.21,84,34,59.46,0.0,1006.44,8.8,2016,2010
2016-03-09,34.9,23.4,28.42,73,34,57.46,0.4,1005.88,8.9,2016,2010
2016-03-10,35.4,23.8,28.84,73,34,57.29,0.2,1006.73,8.3,2016,2010
2016-03-11,35.3,24.5,29.06,73,36,59.54,0.4,1006.36,7.2,2016,2010
2016-03-12,34.6,25.3,29.05,73,39,60.0,0.6,1006.2,7.0,2016,2010
2016-03-13,34.4,25.5,28.94,69,36,57.96,1.5,1006.3,7.0,2016,2010
2016-03-14,34.7,24.6,28.75,74,36,58.42,0.3,1006.6,7.7,2016,2010
2016-03-15,34.6,23.0,28.4,70,30,53.08,0.0,1005.46,9.8,2016,2010
2016-03-16,35.3,22.8,28.57,73,23,51.42,0.0,1005.31,9.2,2016,2010
2016-03-17,34.6,23.3,28.65,73,34,54.71,0.0,1005.44,9.2,2016,2010
2016-03-18,35.1,23.6,28.76,76,36,58.5,0.0,1004.72,10.9,2016,2010
2016-03-19,34.4,24.9,28.92,79,41,63.96,2.3,1004.25,7.4,2016,2010
2016-03-20,35.1,25.6,29.34,82,38,64.83,2.0,1005.09,6.6,2016,2010
2016-03-21,34.7,24.9,29.18,85,41,61.58,1.0,1006.12,8.4,2016,2010
2016-03-22,34.5,25.6,29.13,63,35,50.96,0.0,1005.49,18.5,2016,2010
2016-03-23,35.3,25.7,29.53,66,32,50.21,0.0,1004.85,11.4,2016,2010
2016-03-24,35.4,24.9,29.45,69,34,54.42,0.0,1003.82,11.3,2016,2010
2016-03-25,35.7,24.7,29.49,71,35,55.17,0.0,1002.91,10.5,2016,2010
2016-03-26,35.7,25.3,29.87,70,34,55.29,0.0,1004.51,9.5,2016,2010
2016-03-27,35.2,25.4,29.71,73,37,57.25,0.8,1006.72,8.4,2016,2010
2016-03-28,35.1,25.6,29.16,81,42,65.88,4.2,1006.62,7.4,2016,2010
2016-03-29,34.5,24.9,28.92,86,41,65.33,1.1,1005.55,7.4,2016,2010
2016-03-30,33.3,24.6,28.08,80,43,65.17,5.0,1006.28,8.4,2016,2010
2016-03-31,33.8,24.2,28.2,88,45,71.25,1.6,1006.57,9.8,2016,2010
2016-04-01,32.1,24.9,27.29,97,57,79.12,10.7,1007.32,7.7,2016,2010
2016-04-02,30.5,23.6,26.75,94,63,79.96,12.2,1006.8,6.1,2016,2010
2016-04-03,31.7,23.6,27.36,95,57,78.25,3.8,1006.44,8.0,2016,2010
2016-04-04,33.6,23.4,28.15,89,43,64.33,0.5,1006.82,9.3,2016,2010
2016-04-05,33.9,24.0,28.18,73,39,57.5,0.0,1006.35,10.8,2016,2010
2016-04-06,34.7,23.8,28.34,67,32,52.21,0.0,1004.76,11.5,2016,2010
2016-04-07,34.1,23.6,28.18,67,38,54.17,0.0,1004.12,11.3,2016,2010
2016-04-08,34.6,24.4,28.88,67,38,53.79,0.0,1004.03,10.6,2016,2010
2016-04-09,34.4,24.7,28.83,62,37,50.54,0.0,1003.89,11.6,2016,2010
2016-04-10,33.9,25.2,28.73,64,38,52.75,0.0,1005.36,11.4,2016,2010
2016-04-11,34.5,23.9,28.49,71,33,53.46,0.2,1006.22,10.4,2016,2010
2016-04-12,34.3,23.0,28.1,78,34,58.46,1.9,1007.4,9.5,2016,2010
2016-04-13,34.0,22.5,27.42,88,37,66.67,0.6,1006.69,10.7,2016,2010
2016-04-14,34.4,22.8,28.17,87,37,62.62,0.9,1004.59,7.4,2016,2010
2016-04-15,34.3,24.0,28.39,77,39,62.38,0.7,1003.5,8.2,2016,2010
2016-04-16,34.0,24.3,28.38,79,41,63.71,2.0,1004.02,8.2,2016,2010
2016-04-17,33.3,24.7,28.31,86,48,68.5,5.0,1005.43,7.2,2016,2010
2016-04-18,34.1,24.5,28.62,88,44,67.58,1.3,1005.81,6.2,2016,2010
2016-04-19,32.5,25.2,27.66,87,51,72.83,6.8,1005.38,6.4,2016,2010
2016-04-20,32.5,23.6,27.12,90,54,76.92,11.1,1004.34,6.7,2016,2010
2016-04-21,32.9,24.0,27.56,89,50,74.88,4.0,1004.18,8.7,2016,2010
2016-04-22,33.3,24.2,27.62,92,50,75.5,5.9,1005.48,8.6,2016,2010
2016-04-23,32.0,23.9,26.99,93,55,79.92,7.1,1006.0,8.0,2016,2010
2016-04-24,29.7,24.7,26.21,94,71,85.88,13.3,1006.65,7.1,2016,2010
2016-04-25,30.5,24.3,26.33,95,67,86.5,11.9,1004.7,6.8,2016,2010
2016-04-26,30.3,23.4,26.05,98,67,86.54,19.1,1004.38,8.3,2016,2010
2016-04-27,28.9,22.9,25.6,99,74,89.12,14.0,1004.76,4.7,2016,2010
2016-04-28,29.1,23.0,25.64,99,73,88.29,25.8,1006.03,7.3,2016,2010
2016-04-29,30.3,23.3,25.89,98,69,87.88,26.7,1005.16,6.0,2016,2010
2016-04-30,29.6,23.2,25.84,99,74,89.54,40.8,1004.42,7.5,2016,2010
2016-05-01,29.1,22.5,25.08,99,75,91.54,22.3,1005.12,8.6,2016,2010
2016-05-02,30.1,22.3,25.22,99,68,89.38,9.1,1006.04,11.5,2016,2010
2016-05-03,27.9,23.4,24.64,99,83,94.83,38.5,1007.15,9.8,2016,2010
2016-05-04,29.8,22.8,25.59,96,68,87.04,6.6,1006.29,8.1,2016,2010
2016-05-05,28.1,23.1,25.65,95,81,88.92,14.5,1005.78,8.7,2016,2010
2016-05-06,29.6,23.5,25.9,96,71,87.88,18.3,1005.93,7.2,2016,2010
2016-05-07,28.7,23.2,25.2,97,76,91.0,26.9,1006.89,5.8,2016,2010
2016-05-08,30.4,22.5,26.01,99,59,82.79,3.3,1006.59,7.8,2016,2010
2016-05-09,30.8,22.3,25.89,92,57,77.96,5.6,1006.95,7.6,2016,2010
2016-05-10,30.6,22.7,26.06,95,58,79.92,1.1,1007.28,8.7,2016,2010
2016-05-11,30.1,22.0,25.7,96,64,84.92,3.2,1007.0,7.9,2016,2010
2016-05-12,30.6,22.9,26.3,95,68,83.79,4.9,1006.35,5.7,2016,2010
2016-05-13,31.9,23.9,27.39,91,60,78.38,1.0,1005.05,6.5,2016,2010
2016-05-14,31.1,24.4,26.82,93,62,81.29,5.5,1005.18,7.6,2016,2010
2016-05-15,30.9,24.2,26.86,94,65,82.62,7.9,1005.18,7.9,2016,2010
2016-05-16,30.1,24.2,26.57,96,71,86.79,8.5,1005.62,5.0,2016,2010
2016-05-17,29.4,24.0,26.25,97,72,88.46,13.3,1006.18,7.6,2016,2010
2016-05-18,30.2,24.6,26.37,97,70,88.04,9.0,1005.7,7.4,2016,2010
2016-05-19,28.9,23.6,26.21,99,77,88.71,7.5,1005.19,6.2,2016,2010
2016-05-20,28.9,24.0,26.29,95,75,87.96,10.6,1005.49,6.5,2016,2010
2016-05-21,30.6,23.0,26.31,96,70,87.29,10.1,1005.67,7.6,2016,2010
2016-05-22,30.6,23.6,26.22,99,68,87.38,11.3,1005.06,5.9,2016,2010
2016-05-23,30.1,23.3,26.42,97,70,87.25,5.2,1005.43,5.4,2016,2010
2016-05-24,29.7,24.2,26.56,96,74,87.67,12.3,1007.52,6.9,2016,2010
2016-05-25,29.3,23.4,26.24,96,76,88.38,16.1,1007.57,8.1,2016,2010
2016-05-26,28.3,23.9,25.67,99,79,90.08,38.6,1006.27,7.9,2016,2010
2016-05-27,29.7,22.9,25.29,99,71,89.92,32.2,1005.32,9.2,2016,2010
2016-05-28,28.1,23.3,25.19,99,77,90.54,14.5,1007.2,7.9,2016,2010
2016-05-29,30.1,22.4,25.21,99,68,90.67,30.1,1007.74,8.8,2016,2010
2016-05-30,27.7,22.8,24.93,99,80,92.62,13.5,1006.3,6.3,2016,2010
2016-05-31,28.6,21.9,24.66,99,74,91.83,38.2,1005.4,10.3,2016,2010
2016-06-01,27.6,22.8,24.43,100,82,94.0,22.2,1005.98,7.5,2016,2010
2016-06-02,28.4,21.7,24.13,99,76,93.12,16.7,1006.84,8.4,2016,2010
2016-06-03,28.5,21.1,24.55,99,73,89.75,5.7,1006.46,6.5,2016,2010
2016-06-04,29.1,22.6,25.44,97,74,88.21,3.0,1005.54,10.0,2016,2010
2016-06-05,27.9,23.6,25.54,97,79,88.92,8.6,1005.82,10.2,2016,2010
2016-06-06,28.0,23.1,25.22,96,75,88.5,13.4,1007.57,9.1,2016,2010
2016-06-07,28.9,22.5,24.95,99,72,89.42,12.1,1007.61,9.0,2016,2010
2016-06-08,27.9,22.7,24.63,96,83,91.5,17.6,1008.2,8.9,2016,2010
2016-06-09,29.0,22.8,25.01,97,72,90.83,8.4,1008.12,7.2,2016,2010
2016-06-10,28.0,22.7,24.85,99,81,92.46,17.8,1008.46,7.9,2016,2010
2016-06-11,27.2,21.9,24.65,99,85,92.75,11.9,1008.96,9.1,2016,2010
2016-06-12,28.0,23.0,24.93,96,76,90.42,9.5,1009.12,6.1,2016,2010
2016-06-13,26.7,22.7,24.7,98,85,91.08,11.0,1008.17,7.1,2016,2010
2016-06-14,27.3,22.4,24.6,96,80,91.0,21.4,1008.74,8.4,2016,2010
2016-06-15,28.0,21.8,24.79,97,78,89.21,11.5,1008.86,6.6,2016,2010
2016-06-16,29.3,22.5,25.5,96,72,87.79,8.8,1007.92,8.3,2016,2010
2016-06-17,29.5,22.9,25.51,96,72,87.33,7.7,1006.8,6.4,2016,2010
2016-06-18,28.9,22.9,25.35,97,70,88.62,7.0,1006.48,7.3,2016,2010
2016-06-19,28.6,21.9,24.75,99,74,90.96,14.5,1006.36,8.8,2016,2010
2016-06-20,27.2,22.4,24.65,99,82,91.46,14.8,1006.81,5.8,2016,2010
2016-06-21,27.1,22.6,24.43,99,81,92.0,14.3,1006.43,6.9,2016,2010
2016-06-22,28.1,22.1,24.69,99,78,90.92,8.7,1007.26,5.5,2016,2010
2016-06-23,29.9,22.4,25.3,96,67,86.38,12.6,1007.08,6.6,2016,2010
2016-06-24,28.2,22.5,24.8,96,74,88.08,16.6,1006.39,6.2,2016,2010
2016-06-25,27.6,21.6,24.6,98,77,89.67,14.6,1006.27,4.9,2016,2010
2016-06-26,28.8,22.9,25.35,96,74,88.62,10.4,1005.49,6.9,2016,2010
2016-06-27,29.7,21.7,25.25,97,71,88.33,8.8,1004.86,7.2,2016,2010
2016-06-28,30.2,23.1,25.58,95,67,87.04,5.2,1004.8,7.5,2016,2010
2016-06-29,29.4,23.3,26.28,96,71,85.08,2.4,1004.63,6.3,2016,2010
2016-06-30,29.5,23.4,25.7,97,71,87.54,19.3,1004.92,7.7,2016,2010
2016-07-01,28.0,22.7,24.53,99,80,93.79,29.5,1006.76,6.6,2016,2010
2016-07-02,26.9,22.8,24.44,99,82,94.62,19.1,1007.98,5.5,2016,2010
2016-07-03,28.3,21.8,24.73,99,77,91.88,6.6,1008.17,7.9,2016,2010
2016-07-04,27.2,22.8,24.86,98,78,90.17,11.4,1007.79,4.4,2016,2010
2016-07-05,28.8,23.4,25.49,95,72,87.62,5.9,1007.47,8.8,2016,2010
2016-07-06,28.9,22.2,25.76,98,72,85.5,10.4,1006.68,6.8,2016,2010
2016-07-07,29.0,23.4,25.55,95,74,87.54,8.4,1005.98,8.1,2016,2010
2016-07-08,29.0,23.4,25.52,99,72,88.12,6.6,1006.52,8.5,2016,2010
2016-07-09,28.4,22.6,25.79,97,79,87.92,10.3,1006.58,6.6,2016,2010
2016-07-10,29.3,22.5,25.16,98,69,88.0,8.8,1006.72,6.4,2016,2010
2016-07-11,27.6,22.2,24.79,99,80,90.71,17.5,1006.6,7.6,2016,2010
2016-07-12,28.8,21.7,24.4,99,74,92.71,38.7,1006.38,10.5,2016,2010
2016-07-13,28.6,22.6,25.11,99,74,89.25,7.2,1006.89,6.0,2016,2010
2016-07-14,29.3,22.2,25.03,98,67,86.12,13.0,1007.15,6.5,2016,2010
2016-07-15,28.5,22.0,24.78,98,71,88.0,6.6,1007.01,7.6,2016,2010
2016-07-16,27.5,22.6,24.55,95,78,90.83,13.1,1006.85,6.5,2016,2010
2016-07-17,27.9,21.9,24.58,99,75,89.71,27.5,1006.86,6.3,2016,2010
2016-07-18,27.4,22.0,23.82,99,75,94.42,33.4,1006.98,6.1,2016,2010
2016-07-19,29.4,21.8,24.7,99,70,89.33,13.1,1006.77,7.3,2016,2010
2016-07-20,28.9,21.3,24.65,99,73,89.71,16.3,1007.66,7.4,2016,2010
2016-07-21,30.4,20.7,24.53,99,60,87.46,3.7,1007.42,8.4,2016,2010
2016-07-22,27.7,21.8,24.13,99,73,89.58,10.3,1007.49,7.1,2016,2010
2016-07-23,28.5,22.1,24.22,99,73,92.33,21.5,1007.38,8.6,2016,2010
2016-07-24,27.6,21.4,24.34,99,77,90.38,17.7,1006.83,6.6,2016,2010
2016-07-25,29.7,21.5,25.21,94,65,83.21,4.3,1005.35,7.6,2016,2010
2016-07-26,28.9,23.1,25.62,93,73,85.08,8.8,1004.81,6.4,2016,2010
2016-07-27,29.1,22.7,25.25,94,69,86.42,11.2,1004.39,6.2,2016,2010
2016-07-28,28.9,23.3,25.03,99,70,88.08,14.1,1005.28,10.7,2016,2010
2016-07-29,27.7,21.4,24.62,99,76,90.54,11.6,1005.88,5.9,2016,2010
2016-07-30,28.8,22.1,24.43,98,70,90.25,13.7,1005.76,5.1,2016,2010
2016-07-31,30.6,20.7,24.8,99,60,86.29,5.5,1005.08,7.9,2016,2010
2016-08-01,28.0,23.4,25.29,94,77,87.46,8.8,1005.45,5.8,2016,2010
2016-08-02,27.6,22.4,24.64,99,81,91.08,13.1,1006.23,7.6,2016,2010
2016-08-03,26.8,23.0,24.35,99,85,94.58,17.2,1006.58,6.6,2016,2010
2016-08-04,27.8,22.7,24.68,98,82,90.79,3.8,1006.8,7.6,2016,2010
2016-08-05,29.7,22.7,25.16,95,69,89.0,8.1,1006.37,8.9,2016,2010
2016-08-06,29.3,23.1,25.68,95,74,87.5,8.8,1006.18,6.1,2016,2010
2016-08-07,29.1,22.9,25.51,96,73,88.83,13.0,1006.3,7.1,2016,2010
2016-08-08,28.9,23.0,25.1,100,75,91.38,17.6,1006.37,6.2,2016,2010
2016-08-09,29.1,23.0,25.35,95,73,88.88,6.9,1006.39,4.7,2016,2010
2016-08-10,29.0,23.2,25.06,99,72,90.29,16.6,1006.71,6.8,2016,2010
2016-08-11,28.0,22.5,24.8,99,75,90.75,10.3,1006.95,5.4,2016,2010
2016-08-12,28.8,21.5,24.87,98,70,89.67,13.1,1005.97,7.4,2016,2010
2016-08-13,29.3,22.6,25.18,99,71,88.71,12.0,1005.28,7.3,2016,2010
2016-08-14,28.6,22.0,24.62,100,74,91.38,8.6,1005.42,5.0,2016,2010
2016-08-15,27.2,22.2,24.69,97,85,91.71,5.7,1005.54,5.7,2016,2010
2016-08-16,28.4,22.9,25.13,99,75,89.83,10.9,1005.75,6.9,2016,2010
2016-08-17,28.9,21.9,25.34,99,72,88.58,12.9,1005.75,5.6,2016,2010
2016-08-18,28.7,22.8,24.82,98,73,91.5,22.8,1005.81,6.6,2016,2010
2016-08-19,28.7,22.1,24.91,99,75,90.62,22.0,1005.69,5.8,2016,2010
2016-08-20,28.3,21.3,24.84,99,73,89.83,21.1,1004.91,8.3,2016,2010
2016-08-21,28.7,22.7,24.98,99,78,90.46,8.9,1004.85,7.2,2016,2010
2016-08-22,28.9,22.9,25.43,94,75,87.96,9.5,1005.52,7.4,2016,2010
2016-08-23,28.7,23.4,25.83,94,71,84.25,3.6,1006.37,8.0,2016,2010
2016-08-24,29.3,22.2,25.51,97,68,85.46,8.0,1006.24,7.2,2016,2010
2016-08-25,28.2,22.6,24.37,99,73,90.42,26.7,1005.96,8.7,2016,2010
2016-08-26,28.3,22.4,24.18,99,76,91.17,32.5,1006.85,8.7,2016,2010
2016-08-27,28.4,21.5,24.67,99,80,89.75,1.1,1006.29,9.3,2016,2010
2016-08-28,28.3,23.3,25.0,97,80,90.5,16.9,1006.68,9.0,2016,2010
2016-08-29,29.0,22.0,24.52,99,73,90.54,24.5,1006.32,7.5,2016,2010
2016-08-30,27.5,22.3,24.38,99,80,92.33,11.1,1006.77,9.9,2016,2010
2016-08-31,26.9,21.7,24.22,99,77,90.71,7.4,1006.85,9.4,2016,2010
2016-09-01,26.2,21.7,23.43,99,85,95.5,19.1,1008.06,6.6,2016,2010
2016-09-02,27.9,21.0,23.95,99,77,91.71,8.0,1007.92,7.2,2016,2010
2016-09-03,29.7,21.6,24.93,96,67,87.29,5.5,1006.91,7.0,2016,2010
2016-09-04,28.5,21.8,24.68,99,73,89.75,18.4,1006.1,7.4,2016,2010
2016-09-05,27.6,21.3,24.07,99,78,91.96,20.9,1006.62,6.5,2016,2010
2016-09-06,28.6,22.1,24.79,99,74,89.75,10.0,1007.62,7.9,2016,2010
2016-09-07,28.0,22.9,24.81,96,76,90.79,7.9,1007.99,5.1,2016,2010
2016-09-08,28.0,22.1,24.63,100,75,90.58,12.0,1006.68,5.9,2016,2010
2016-09-09,28.3,22.0,24.66,99,76,89.75,12.0,1006.46,7.1,2016,2010
2016-09-10,27.9,22.3,24.69,97,80,91.12,9.3,1008.25,9.4,2016,2010
2016-09-11,27.9,22.6,24.64,96,74,90.67,14.0,1008.7,7.9,2016,2010
2016-09-12,26.4,22.6,23.95,97,82,92.08,20.3,1007.95,9.4,2016,2010
2016-09-13,29.2,21.7,24.55,99,67,89.04,8.0,1007.18,7.6,2016,2010
2016-09-14,28.3,22.1,24.62,99,80,91.46,22.9,1007.56,6.5,2016,2010
2016-09-15,28.0,22.3,24.23,99,79,94.04,28.0,1007.55,7.6,2016,2010
2016-09-16,28.2,21.7,24.75,99,78,91.0,6.8,1006.16,9.2,2016,2010
2016-09-17,29.6,22.5,25.59,96,71,86.42,6.3,1005.52,6.2,2016,2010
2016-09-18,29.7,22.7,25.53,95,67,86.08,9.9,1004.86,7.3,2016,2010
2016-09-19,29.4,21.9,25.5,95,69,85.67,3.9,1004.68,6.1,2016,2010
2016-09-20,29.2,22.6,25.31,95,75,87.62,7.7,1005.12,8.7,2016,2010
2016-09-21,28.6,23.0,24.9,96,72,88.29,15.0,1005.39,9.9,2016,2010
2016-09-22,28.1,22.2,24.88,99,70,87.04,9.0,1006.01,9.4,2016,2010
2016-09-23,29.0,21.5,24.7,96,71,88.17,9.4,1006.94,8.0,2016,2010
2016-09-24,27.5,22.6,24.82,98,80,89.33,12.3,1007.27,5.8,2016,2010
2016-09-25,27.8,22.4,24.55,98,76,91.5,13.6,1006.33,7.6,2016,2010
2016-09-26,28.9,21.0,24.41,99,74,90.21,9.7,1005.69,8.6,2016,2010
2016-09-27,29.3,22.2,24.67,98,71,90.12,8.9,1005.72,6.9,2016,2010
2016-09-28,29.4,21.3,24.72,99,71,89.54,12.2,1006.65,7.1,2016,2010
2016-09-29,29.2,22.4,25.35,95,70,86.08,6.1,1006.98,5.8,2016,2010
2016-09-30,29.1,22.6,24.92,99,67,87.71,19.9,1006.2,6.6,2016,2010
2016-10-01,27.2,22.0,23.98,99,80,93.0,17.5,1006.28,6.2,2016,2010
2016-10-02,28.0,21.3,23.97,99,74,90.33,15.3,1006.0,9.5,2016,2010
2016-10-03,25.7,21.9,23.08,99,90,97.42,34.4,1005.44,11.4,2016,2010
2016-10-04,27.3,21.7,24.3,99,78,91.08,5.1,1005.76,11.3,2016,2010
2016-10-05,27.6,22.4,24.78,96,80,90.5,6.5,1005.78,7.9,2016,2010
2016-10-06,27.4,22.5,24.55,97,82,90.79,9.3,1005.25,9.0,2016,2010
2016-10-07,27.1,22.0,23.85,99,83,94.54,16.8,1004.85,7.9,2016,2010
2016-10-08,27.7,21.3,23.63,99,78,94.83,49.8,1004.87,9.6,2016,2010
2016-10-09,28.1,21.6,24.32,99,76,92.12,19.9,1005.58,7.2,2016,2010
2016-10-10,28.1,22.2,24.36,99,77,91.88,29.7,1005.88,7.0,2016,2010
2016-10-11,27.1,21.7,24.23,99,78,92.83,19.7,1005.93,6.6,2016,2010
2016-10-12,26.5,22.0,23.89,99,85,94.5,33.0,1005.9,5.8,2016,2010
2016-10-13,28.1,21.6,24.12,99,77,91.54,11.2,1005.97,6.8,2016,2010
2016-10-14,29.1,22.2,24.96,97,74,88.96,9.5,1006.06,7.4,2016,2010
2016-10-15,29.8,22.0,25.05,99,70,89.62,7.2,1005.83,7.9,2016,2010
2016-10-16,28.6,22.8,24.67,99,76,91.42,16.0,1005.67,8.2,2016,2010
2016-10-17,26.5,22.4,23.53,99,91,97.67,86.9,1005.12,7.9,2016,2010
2016-10-18,26.3,22.3,23.81,99,84,94.79,82.6,1006.06,13.3,2016,2010
2016-10-19,27.3,22.5,24.2,99,77,91.71,49.3,1005.57,13.8,2016,2010
2016-10-20,28.0,23.0,24.88,97,71,88.88,2.7,1004.68,13.1,2016,2010
2016-10-21,28.1,23.0,24.8,96,76,90.62,15.2,1004.75,7.6,2016,2010
2016-10-22,28.5,21.5,24.51,99,78,91.96,15.4,1006.02,5.8,2016,2010
2016-10-23,28.1,21.8,24.69,99,73,89.54,15.0,1007.26,5.4,2016,2010
2016-10-24,28.9,21.3,24.91,98,70,87.04,10.4,1006.9,7.4,2016,2010
2016-10-25,28.6,21.8,24.4,96,67,86.46,9.2,1006.19,6.5,2016,2010
2016-10-26,28.3,21.1,24.0,97,68,88.67,7.0,1005.73,9.4,2016,2010
2016-10-27,25.9,21.1,23.34,99,83,93.46,21.7,1005.24,8.4,2016,2010
2016-10-28,26.9,21.8,23.29,99,81,96.42,107.7,1005.69,9.3,2016,2010
2016-10-29,27.7,21.7,24.08,99,78,90.38,20.4,1006.47,9.0,2016,2010
2016-10-30,27.5,21.9,24.04,99,80,92.46,11.9,1006.32,5.9,2016,2010
2016-10-31,27.6,21.5,23.76,99,81,93.46,22.7,1005.83,6.2,2016,2010
2016-11-01,25.7,22.4,23.42,99,91,96.38,13.5,1006.02,7.4,2016,2010
2016-11-02,26.4,22.2,24.02,99,87,93.71,8.3,1006.49,8.2,2016,2010
2016-11-03,28.1,22.1,24.22,97,75,90.83,13.8,1006.23,7.1,2016,2010
2016-11-04,28.3,22.0,24.54,98,74,89.62,7.7,1005.67,6.5,2016,2010
2016-11-05,28.0,22.1,24.85,98,77,89.21,9.8,1006.35,6.5,2016,2010
2016-11-06,28.1,21.5,24.54,98,71,87.62,6.8,1006.79,5.4,2016,2010
2016-11-07,29.2,21.6,24.44,97,65,87.58,8.8,1006.42,5.4,2016,2010
2016-11-08,28.7,20.8,24.56,98,66,85.75,3.1,1006.25,6.4,2016,2010
2016-11-09,28.8,21.6,24.98,96,67,85.0,1.2,1005.61,7.0,2016,2010
2016-11-10,29.8,22.8,25.4,95,63,84.25,4.1,1006.11,6.9,2016,2010
2016-11-11,27.8,21.8,24.04,99,75,92.67,27.6,1006.23,6.6,2016,2010
2016-11-12,26.0,21.7,23.55,99,84,94.25,10.7,1006.49,5.8,2016,2010
2016-11-13,27.1,21.5,24.1,99,81,91.46,6.6,1006.27,6.8,2016,2010
2016-11-14,27.9,22.3,24.13,99,73,90.58,13.0,1005.58,7.4,2016,2010
2016-11-15,28.4,21.5,23.96,99,72,91.33,11.0,1005.18,9.7,2016,2010
2016-11-16,23.5,22.4,22.86,99,93,98.38,96.8,1004.87,13.0,2016,2010
2016-11-17,30.9,22.0,23.49,99,62,95.21,113.1,1004.6,8.1,2016,2010
2016-11-18,24.8,22.3,23.15,99,90,97.5,44.5,1005.25,11.2,2016,2010
2016-11-19,24.8,22.3,23.04,99,91,97.75,42.9,1006.22,8.6,2016,2010
2016-11-20,25.9,22.1,22.82,99,82,97.75,173.3,1006.63,7.6,2016,2010
2016-11-21,27.4,22.0,22.99,99,75,95.62,104.2,1005.85,7.9,2016,2010
2016-11-22,26.6,21.0,23.15,99,75,92.5,13.7,1005.07,6.2,2016,2010
2016-11-23,26.5,21.5,23.04,99,82,97.33,50.8,1005.08,7.7,2016,2010
2016-11-24,25.1,22.0,23.21,99,88,96.58,15.1,1005.71,7.3,2016,2010
2016-11-25,29.0,21.5,23.74,99,72,93.71,26.3,1005.9,7.6,2016,2010
2016-11-26,27.4,22.8,24.38,95,82,90.83,5.6,1006.38,7.8,2016,2010
2016-11-27,27.1,22.5,24.32,98,82,90.88,14.4,1005.57,5.2,2016,2010
2016-11-28,27.4,22.2,23.95,99,78,94.29,26.1,1004.74,8.8,2016,2010
2016-11-29,25.9,22.4,23.79,99,85,95.33,14.8,1004.65,7.1,2016,2010
2016-11-30,27.6,22.3,24.59,99,77,90.54,5.0,1004.78,7.4,2016,2010
2016-12-01,27.4,22.3,24.59,99,79,91.54,12.3,1005.52,5.2,2016,2010
2016-12-02,29.1,21.6,24.77,99,63,86.58,16.4,1006.38,6.1,2016,2010
2016-12-03,27.6,20.9,23.86,96,74,87.58,3.6,1006.44,7.9,2016,2010
2016-12-04,27.0,21.4,23.91,99,83,92.12,2.9,1006.69,8.7,2016,2010
2016-12-05,28.4,21.4,24.2,96,73,89.0,9.7,1006.52,6.1,2016,2010
2016-12-06,28.5,21.3,24.35,96,70,86.96,7.6,1006.52,6.5,2016,2010
2016-12-07,28.1,21.9,24.17,95,68,86.67,13.3,1006.45,6.8,2016,2010
2016-12-08,26.7,21.5,23.96,99,77,91.17,24.4,1006.72,5.4,2016,2010
2016-12-09,27.9,20.9,24.13,99,78,91.04,14.1,1006.95,5.8,2016,2010
2016-12-10,27.9,21.3,24.24,98,71,88.08,6.3,1006.4,6.0,2016,2010
2016-12-11,28.3,21.8,24.08,99,72,88.88,11.3,1005.7,9.7,2016,2010
2016-12-12,27.0,21.9,23.96,98,78,92.0,5.0,1006.22,5.9,2016,2010
2016-12-13,28.3,22.3,24.6,96,73,89.08,5.0,1006.22,5.5,2016,2010
2016-12-14,27.9,22.5,24.94,96,74,87.12,8.3,1006.01,5.8,2016,2010
2016-12-15,29.8,22.7,25.32,94,61,82.08,2.2,1006.2,7.0,2016,2010
2016-12-16,29.0,22.2,24.88,94,65,82.54,11.3,1006.62,7.2,2016,2010
2016-12-17,29.7,22.0,25.11,93,61,82.58,1.5,1005.82,7.9,2016,2010
2016-12-18,30.1,21.6,25.15,93,59,77.38,1.8,1005.42,8.0,2016,2010
2016-12-19,30.2,21.3,25.26,89,58,74.92,1.5,1005.18,9.0,2016,2010
2016-12-20,30.0,21.8,25.2,87,56,74.42,3.3,1004.92,8.0,2016,2010
2016-12-21,28.4,21.2,24.48,87,63,77.17,9.8,1005.47,7.6,2016,2010
2016-12-22,29.0,21.6,24.65,89,59,76.71,1.6,1006.18,7.7,2016,2010
2016-12-23,28.3,21.0,24.24,92,62,80.04,5.6,1006.23,7.6,2016,2010
2016-12-24,29.3,21.6,24.66,94,63,82.17,2.7,1006.22,7.6,2016,2010
2016-12-25,29.2,21.2,24.05,94,63,85.67,6.3,1005.85,6.5,2016,2010
2016-12-26,28.4,21.5,24.73,94,69,84.21,3.9,1005.78,7.7,2016,2010
2016-12-27,29.4,22.8,25.4,92,62,79.25,0.9,1005.06,8.2,2016,2010
2016-12-28,30.4,21.2,25.3,91,54,75.83,0.6,1004.1,9.0,2016,2010
2016-12-29,30.4,21.9,25.46,84,46,70.67,0.2,1004.87,8.3,2016,2010
2016-12-30,30.1,20.2,24.69,81,51,69.38,0.9,1005.76,9.8,2016,2010
2016-12-31,30.3,21.0,25.07,93,55,76.75,1.5,1005.77,8.0,2016,2010
2017-01-01,31.2,22.4,25.69,98,58,85.12,0.2,1004.86,9.3,2017,2010
2017-01-02,31.6,22.5,26.12,99,56,83.67,0.2,1004.31,8.4,2017,2010
2017-01-03,31.4,21.2,25.74,99,58,85.12,0.1,1003.35,9.8,2017,2010
2017-01-04,30.3,21.5,25.48,100,63,85.46,0.0,1003.28,10.2,2017,2010
2017-01-05,31.6,20.8,25.38,100,50,79.79,0.0,1003.94,9.0,2017,2010
2017-01-06,30.5,20.7,24.96,96,55,81.46,0.0,1004.52,10.2,2017,2010
2017-01-07,31.5,22.4,25.83,99,55,82.71,0.2,1005.69,12.4,2017,2010
2017-01-08,30.0,22.1,25.6,100,63,82.96,0.1,1006.58,8.0,2017,2010
2017-01-09,31.1,21.9,25.88,100,46,75.29,0.0,1005.88,21.9,2017,2010
2017-01-10,31.5,21.2,25.64,95,51,79.12,0.5,1004.29,14.8,2017,2010
2017-01-11,32.0,22.1,26.1,96,44,73.5,0.1,1004.5,13.8,2017,2010
2017-01-12,32.0,21.4,25.94,98,46,77.83,0.0,1004.7,11.3,2017,2010
2017-01-13,31.5,21.7,25.42,97,54,81.88,0.2,1005.45,7.7,2017,2010
2017-01-14,31.2,21.1,25.62,96,48,73.58,0.0,1005.08,20.7,2017,2010
2017-01-15,31.8,19.9,25.19,98,38,75.62,0.0,1004.7,10.5,2017,2010
2017-01-16,32.6,20.1,25.07,95,35,75.5,0.0,1004.6,8.8,2017,2010
2017-01-17,32.7,20.5,25.51,95,43,74.29,0.0,1005.25,14.7,2017,2010
2017-01-18,32.5,21.0,25.6,96,36,74.96,0.0,1005.6,13.6,2017,2010
2017-01-19,31.3,19.5,25.07,95,52,77.5,0.4,1005.52,13.5,2017,2010
2017-01-20,30.5,20.9,25.36,94,51,76.62,0.6,1006.63,11.4,2017,2010
2017-01-21,31.1,21.1,25.47,94,52,77.54,0.4,1008.04,11.0,2017,2010
2017-01-22,30.6,21.5,25.43,95,56,79.33,1.2,1006.98,12.7,2017,2010
2017-01-23,30.4,21.0,25.21,97,55,81.62,1.0,1006.7,10.5,2017,2010
2017-01-24,30.0,21.4,25.19,94,58,78.83,0.0,1007.08,11.5,2017,2010
2017-01-25,32.5,20.0,25.09,99,43,77.79,0.0,1006.07,10.9,2017,2010
2017-01-26,32.2,20.4,25.33,97,47,79.0,0.0,1006.66,12.1,2017,2010
2017-01-27,33.0,21.5,26.29,98,46,78.5,0.0,1005.86,12.6,2017,2010
2017-01-28,33.5,22.5,26.94,96,37,69.0,0.0,1004.59,7.8,2017,2010
2017-01-29,34.2,21.5,27.01,96,32,66.25,0.0,1004.88,13.4,2017,2010
2017-01-30,33.5,22.2,27.22,95,40,67.08,0.0,1005.63,10.0,2017,2010
2017-01-31,33.8,22.2,26.95,95,36,69.5,0.0,1005.71,13.2,2017,2010
2017-02-01,34.0,22.5,27.19,95,38,67.96,0.0,1004.75,12.5,2017,2010
2017-02-02,33.0,21.6,26.75,96,43,68.75,0.2,1004.45,15.8,2017,2010
2017-02-03,33.9,21.2,26.68,97,34,67.62,0.0,1004.68,9.7,2017,2010
2017-02-04,35.0,22.1,27.23,94,35,70.0,0.0,1003.38,8.8,2017,2010
2017-02-05,34.8,22.8,27.96,91,38,67.29,0.0,1002.6,12.0,2017,2010
2017-02-06,34.9,22.6,27.68,94,36,69.75,0.0,1002.58,7.9,2017,2010
2017-02-07,36.0,22.9,28.18,92,35,66.96,0.0,1002.65,14.2,2017,2010
2017-02-08,34.9,23.4,27.93,92,40,74.54,0.1,1003.27,11.8,2017,2010
2017-02-09,33.7,23.5,27.67,99,48,76.0,0.0,1004.89,15.0,2017,2010
2017-02-10,34.5,23.4,28.44,93,35,62.0,0.0,1005.49,29.8,2017,2010
2017-02-11,34.2,21.4,27.73,90,25,51.92,0.0,1004.8,27.3,2017,2010
2017-02-12,34.6,21.6,28.06,74,34,47.33,0.1,1004.87,13.7,2017,2010
2017-02-13,34.0,22.3,27.1,88,37,65.0,0.7,1004.81,9.6,2017,2010
2017-02-14,31.5,23.0,26.54,92,53,74.67,0.7,1005.7,9.4,2017,2010
2017-02-15,32.0,21.6,26.64,89,47,71.71,0.7,1006.7,9.6,2017,2010
2017-02-16,31.8,22.7,26.12,97,53,81.71,18.7,1008.12,9.5,2017,2010
2017-02-17,32.1,21.8,25.95,97,43,74.75,1.6,1008.22,9.4,2017,2010
2017-02-18,32.2,22.1,26.27,89,42,70.5,0.9,1006.71,10.8,2017,2010
2017-02-19,32.7,21.5,26.68,90,43,69.25,0.1,1006.2,9.1,2017,2010
2017-02-20,32.7,21.6,26.67,90,48,72.25,0.2,1006.4,13.7,2017,2010
2017-02-21,32.3,22.2,26.51,95,52,77.0,1.9,1006.21,13.5,2017,2010
2017-02-22,31.5,22.4,26.21,95,52,80.54,4.7,1005.35,13.1,2017,2010
2017-02-23,30.2,22.9,25.63,95,66,85.54,8.2,1004.98,11.8,2017,2010
2017-02-24,31.1,22.5,26.05,95,58,81.46,3.6,1005.1,10.4,2017,2010
2017-02-25,31.4,22.2,26.11,95,62,81.46,3.5,1005.77,9.8,2017,2010
2017-02-26,33.5,22.4,26.5,98,43,78.71,0.7,1006.04,10.6,2017,2010
2017-02-27,34.1,20.2,26.25,97,35,67.79,0.0,1005.66,10.0,2017,2010
2017-02-28,34.7,21.1,27.09,95,30,70.17,0.0,1005.08,9.1,2017,2010
2017-03-01,35.2,22.0,27.44,97,34,69.12,0.0,1004.22,12.6,2017,2010
2017-03-02,34.8,21.2,27.48,96,33,62.12,0.0,1003.92,16.5,2017,2010
2017-03-03,35.2,22.6,28.32,91,34,58.38,0.0,1004.09,19.6,2017,2010
2017-03-04,34.2,23.0,28.21,87,34,57.17,0.0,1003.75,30.3,2017,2010
2017-03-05,35.5,22.8,28.72,73,31,51.42,0.0,1002.57,23.7,2017,2010
2017-03-06,34.7,23.8,28.4,92,35,64.0,0.1,1003.04,20.6,2017,2010
2017-03-07,36.0,23.4,28.75,92,31,61.38,0.0,1004.07,15.9,2017,2010
2017-03-08,35.5,23.4,28.59,89,32,59.71,0.0,1004.65,20.9,2017,2010
2017-03-09,35.5,23.1,28.38,97,34,65.46,0.0,1003.5,17.9,2017,2010
2017-03-10,36.1,23.2,28.67,92,30,62.79,0.1,1003.75,14.1,2017,2010
2017-03-11,34.2,23.1,27.55,96,48,75.54,0.8,1004.74,12.7,2017,2010
2017-03-12,35.0,23.1,27.68,93,35,72.67,4.0,1005.17,13.0,2017,2010
2017-03-13,34.6,23.0,27.9,97,37,71.62,0.2,1004.25,14.7,2017,2010
2017-03-14,33.5,23.5,27.5,96,48,71.88,1.4,1006.17,10.7,2017,2010
2017-03-15,34.8,24.1,27.93,92,29,67.33,0.1,1006.51,8.7,2017,2010
2017-03-16,34.7,23.1,27.72,95,38,67.71,0.2,1006.41,9.8,2017,2010
2017-03-17,36.3,21.9,28.24,92,24,60.67,0.0,1005.83,13.0,2017,2010
2017-03-18,36.0,23.0,28.47,92,32,60.62,0.6,1005.89,18.1,2017,2010
2017-03-19,36.3,23.0,28.93,81,26,53.04,0.0,1005.87,19.4,2017,2010
2017-03-20,36.2,23.3,28.44,93,23,63.29,0.4,1006.13,7.9,2017,2010
2017-03-21,35.0,23.3,28.04,90,39,67.79,0.5,1005.91,10.4,2017,2010
2017-03-22,35.7,23.8,28.68,92,33,66.38,0.6,1005.02,10.3,2017,2010
2017-03-23,33.3,23.6,27.5,89,47,70.5,2.7,1005.97,12.6,2017,2010
2017-03-24,34.8,23.4,27.18,92,41,73.08,3.8,1006.36,10.5,2017,2010
2017-03-25,34.4,22.5,27.54,90,40,70.92,0.7,1005.16,13.8,2017,2010
2017-03-26,32.4,23.5,27.05,93,49,77.0,1.6,1005.78,13.2,2017,2010
2017-03-27,32.8,22.6,27.54,93,45,73.25,0.7,1005.05,11.9,2017,2010
2017-03-28,32.5,24.0,27.82,92,48,74.38,1.8,1005.04,12.0,2017,2010
2017-03-29,32.3,23.5,27.61,92,49,74.5,3.0,1004.98,13.3,2017,2010
2017-03-30,32.3,24.0,26.65,96,51,81.33,5.7,1005.56,11.5,2017,2010
2017-03-31,31.6,23.0,26.68,96,58,81.62,3.6,1005.69,10.1,2017,2010
2017-04-01,32.7,22.3,27.17,96,51,78.42,0.1,1005.66,10.2,2017,2010
2017-04-02,30.7,24.1,26.54,98,64,84.58,10.6,1005.25,12.7,2017,2010
2017-04-03,31.9,24.3,27.4,97,61,82.17,2.1,1003.77,9.3,2017,2010
2017-04-04,31.2,24.3,27.06,98,64,84.88,4.3,1003.42,8.5,2017,2010
2017-04-05,31.8,23.7,27.38,97,61,82.38,3.2,1003.75,11.2,2017,2010
2017-04-06,34.6,24.0,28.28,99,50,79.38,2.2,1003.8,11.0,2017,2010
2017-04-07,35.5,24.6,28.24,97,36,75.62,2.4,1004.02,9.4,2017,2010
2017-04-08,35.0,23.2,27.81,97,33,69.0,0.0,1004.17,12.8,2017,2010
2017-04-09,34.5,22.4,27.27,92,34,68.0,0.3,1004.51,14.7,2017,2010
2017-04-10,35.0,22.4,28.0,87,31,65.17,0.5,1004.09,9.5,2017,2010
2017-04-11,35.7,23.2,28.29,88,30,61.83,0.7,1003.74,9.4,2017,2010
2017-04-12,36.0,22.5,28.51,82,30,56.96,0.0,1003.11,10.5,2017,2010
2017-04-13,35.9,23.0,28.54,92,31,63.62,0.7,1002.82,10.4,2017,2010
2017-04-14,35.2,23.5,29.02,96,39,61.75,1.1,1002.91,12.9,2017,2010
2017-04-15,36.6,23.3,29.23,92,36,63.62,0.0,1002.53,8.4,2017,2010
2017-04-16,35.0,24.9,28.54,92,45,74.62,1.5,1003.56,11.2,2017,2010
2017-04-17,31.2,24.0,26.5,99,63,84.12,15.4,1004.86,8.9,2017,2010
2017-04-18,30.7,23.0,26.25,98,63,86.21,14.6,1005.16,10.2,2017,2010
2017-04-19,29.1,23.6,25.44,99,72,89.79,40.8,1006.06,8.0,2017,2010
2017-04-20,27.4,23.1,24.58,100,85,95.46,26.4,1006.21,10.9,2017,2010
2017-04-21,30.9,22.6,25.89,100,63,87.62,4.5,1005.06,11.2,2017,2010
2017-04-22,31.3,23.7,27.16,97,65,82.29,1.3,1003.98,9.3,2017,2010
2017-04-23,31.9,23.8,27.34,96,62,83.04,4.6,1003.8,10.9,2017,2010
2017-04-24,32.1,23.9,26.8,99,62,85.46,5.0,1004.08,9.4,2017,2010
2017-04-25,31.6,22.7,26.25,99,63,85.33,3.3,1004.66,9.0,2017,2010
2017-04-26,29.5,23.1,25.02,98,75,91.88,14.2,1004.65,10.3,2017,2010
2017-04-27,32.3,22.4,25.9,100,58,87.75,8.5,1004.05,10.1,2017,2010
2017-04-28,31.5,23.1,26.71,96,67,85.33,4.2,1003.64,8.4,2017,2010
2017-04-29,31.4,23.5,26.25,100,66,89.33,14.4,1004.9,10.6,2017,2010
2017-04-30,30.0,22.9,25.1,100,72,93.08,27.3,1005.79,9.5,2017,2010
2017-05-01,29.7,22.5,25.26,99,72,90.92,13.8,1005.51,8.0,2017,2010
2017-05-02,28.4,23.0,24.7,100,78,94.38,46.4,1005.68,11.2,2017,2010
2017-05-03,28.9,22.1,24.68,100,77,93.75,16.0,1004.73,11.4,2017,2010
2017-05-04,30.5,22.4,25.56,98,68,90.21,12.7,1004.07,8.6,2017,2010
2017-05-05,31.1,22.6,25.49,100,65,90.0,36.6,1004.49,9.0,2017,2010
2017-05-06,28.4,22.9,24.35,100,78,96.71,51.9,1005.92,10.2,2017,2010
2017-05-07,29.1,22.6,24.77,100,72,92.67,25.7,1005.62,9.2,2017,2010
2017-05-08,27.4,22.6,24.39,100,82,96.71,22.0,1005.33,8.9,2017,2010
2017-05-09,29.6,22.3,24.75,100,72,93.67,30.4,1005.58,7.8,2017,2010
2017-05-10,30.5,22.9,25.21,100,67,91.58,19.3,1006.04,10.5,2017,2010
2017-05-11,25.3,23.3,24.16,100,91,97.25,54.5,1006.73,8.9,2017,2010
2017-05-12,27.8,22.6,24.61,100,79,93.17,20.4,1006.58,8.2,2017,2010
2017-05-13,29.5,22.5,25.42,100,71,89.71,2.1,1006.23,10.4,2017,2010
2017-05-14,30.9,22.5,26.06,100,67,89.33,2.1,1005.93,7.8,2017,2010
2017-05-15,31.0,23.6,26.52,99,67,87.21,4.5,1006.14,8.2,2017,2010
2017-05-16,31.1,23.6,25.74,99,68,89.29,16.4,1005.88,12.1,2017,2010
2017-05-17,27.8,22.6,25.07,99,84,93.96,13.9,1005.43,8.2,2017,2010
2017-05-18,30.8,22.6,26.03,100,70,88.17,11.9,1003.75,9.4,2017,2010
2017-05-19,30.8,23.1,25.88,100,67,89.54,14.5,1002.3,8.0,2017,2010
2017-05-20,28.9,23.5,24.77,100,80,95.25,28.6,1003.18,9.9,2017,2010
2017-05-21,28.6,23.2,24.96,100,79,95.12,25.4,1005.21,7.7,2017,2010
2017-05-22,30.5,22.2,25.63,100,67,89.33,2.5,1006.08,10.5,2017,2010
2017-05-23,30.9,23.2,25.81,99,68,89.88,11.0,1004.81,8.4,2017,2010
2017-05-24,30.4,23.7,26.65,100,72,88.62,6.9,1003.92,10.2,2017,2010
2017-05-25,29.2,23.5,25.43,100,77,95.46,30.4,1004.57,17.3,2017,2010
2017-05-26,30.0,23.8,25.91,100,71,90.71,16.5,1005.9,8.7,2017,2010
2017-05-27,29.5,24.6,26.17,97,75,91.38,9.3,1006.21,11.8,2017,2010
2017-05-28,27.1,23.5,24.91,100,86,96.29,12.2,1006.47,8.2,2017,2010
2017-05-29,29.5,22.1,25.08,100,70,90.62,7.3,1006.92,7.5,2017,2010
2017-05-30,27.5,23.3,24.5,100,84,96.62,21.4,1006.94,9.2,2017,2010
2017-05-31,29.2,22.7,25.3,100,74,92.17,22.0,1006.11,8.2,2017,2010
2017-06-01,29.6,23.4,25.69,100,74,91.5,17.9,1005.42,8.5,2017,2010
2017-06-02,31.4,23.5,26.71,97,67,86.83,6.1,1004.2,8.4,2017,2010
2017-06-03,30.5,23.5,26.28,98,73,89.96,17.0,1003.9,7.7,2017,2010
2017-06-04,30.2,23.9,26.06,99,73,90.71,19.2,1003.62,10.8,2017,2010
2017-06-05,30.4,23.6,25.9,99,73,92.75,11.1,1003.84,13.0,2017,2010
2017-06-06,30.5,23.6,26.27,98,69,89.04,13.6,1004.8,10.5,2017,2010
2017-06-07,30.0,23.8,25.76,100,72,92.29,28.3,1005.72,15.0,2017,2010
2017-06-08,27.7,23.7,24.7,100,89,96.21,29.2,1006.99,11.4,2017,2010
2017-06-09,27.9,23.2,24.69,100,84,94.33,29.8,1006.4,9.8,2017,2010
2017-06-10,29.5,23.0,24.98,100,68,93.12,23.2,1006.33,12.0,2017,2010
2017-06-11,29.1,23.1,25.05,100,74,94.67,15.1,1006.55,6.0,2017,2010
2017-06-12,28.9,23.0,25.35,100,77,92.17,13.3,1005.28,8.9,2017,2010
2017-06-13,25.5,23.4,24.35,100,88,96.04,19.7,1005.21,7.2,2017,2010
2017-06-14,28.5,22.0,24.62,100,72,91.71,8.3,1006.0,10.2,2017,2010
2017-06-15,29.0,22.1,24.87,98,71,90.42,16.1,1006.51,10.3,2017,2010
2017-06-16,29.5,22.8,25.25,100,78,93.62,22.2,1006.12,14.5,2017,2010
2017-06-17,29.3,23.0,24.63,100,74,94.46,22.2,1005.88,10.2,2017,2010
2017-06-18,28.2,22.7,25.17,99,76,89.38,3.1,1004.77,12.1,2017,2010
2017-06-19,30.1,22.0,25.37,99,66,89.42,1.4,1004.41,9.8,2017,2010
2017-06-20,28.2,23.0,24.78,100,79,93.62,33.2,1004.36,8.4,2017,2010
2017-06-21,28.0,22.9,24.52,100,78,94.33,26.1,1004.9,9.3,2017,2010
2017-06-22,29.2,22.6,25.33,99,76,91.79,7.9,1005.11,9.7,2017,2010
2017-06-23,29.5,22.6,25.71,97,69,88.21,3.0,1004.55,9.6,2017,2010
2017-06-24,30.0,23.1,26.07,98,72,87.29,1.2,1004.86,7.9,2017,2010
2017-06-25,29.8,23.0,25.7,99,72,90.96,5.2,1006.04,9.3,2017,2010
2017-06-26,29.5,22.8,25.3,99,73,91.12,23.4,1006.05,8.1,2017,2010
2017-06-27,27.5,23.0,24.95,98,79,91.58,22.3,1006.24,9.2,2017,2010
2017-06-28,29.1,22.2,24.72,100,73,94.0,22.9,1006.07,7.2,2017,2010
2017-06-29,29.4,22.9,25.13,99,74,91.21,7.5,1005.66,9.4,2017,2010
2017-06-30,29.1,22.5,25.42,100,75,91.38,8.1,1005.14,10.4,2017,2010
2017-07-01,29.8,23.4,26.15,100,72,90.17,8.7,1005.11,10.6,2017,2010
2017-07-02,30.1,23.2,25.7,99,74,91.12,7.0,1005.56,7.3,2017,2010
2017-07-03,30.1,23.0,25.42,99,69,90.46,9.5,1005.58,11.4,2017,2010
2017-07-04,28.0,22.0,24.82,100,76,93.04,25.8,1005.92,9.7,2017,2010
2017-07-05,28.8,23.4,25.1,100,79,92.0,29.5,1005.82,9.0,2017,2010
2017-07-06,28.8,21.4,24.89,99,74,90.75,7.1,1005.79,10.7,2017,2010
2017-07-07,28.4,23.4,25.0,99,80,93.79,24.4,1006.15,10.6,2017,2010
2017-07-08,28.9,22.5,24.92,100,75,93.88,26.6,1005.76,10.2,2017,2010
2017-07-09,30.1,23.8,25.47,100,71,91.33,8.0,1005.47,8.7,2017,2010
2017-07-10,28.4,22.8,24.69,100,81,95.5,22.3,1005.66,10.4,2017,2010
2017-07-11,29.9,22.4,24.92,100,70,91.38,6.3,1005.45,7.7,2017,2010
2017-07-12,29.1,22.2,24.96,100,73,92.29,23.9,1005.81,8.7,2017,2010
2017-07-13,28.6,22.6,25.23,99,76,90.29,4.7,1007.06,8.1,2017,2010
2017-07-14,29.1,22.5,25.31,100,78,90.83,1.6,1007.54,8.0,2017,2010
2017-07-15,29.8,22.7,25.08,99,71,90.62,22.1,1007.48,8.7,2017,2010
2017-07-16,29.7,22.5,25.05,99,69,91.75,10.4,1006.48,11.3,2017,2010
2017-07-17,28.1,23.1,25.11,100,81,93.12,9.4,1005.57,7.1,2017,2010
2017-07-18,29.4,22.7,25.1,100,77,92.88,17.7,1005.69,5.1,2017,2010
2017-07-19,28.7,22.6,24.96,100,75,93.5,55.4,1006.27,9.3,2017,2010
2017-07-20,29.5,22.4,25.05,99,70,91.21,12.2,1005.98,8.0,2017,2010
2017-07-21,28.7,23.0,25.42,100,77,89.96,16.4,1006.0,8.0,2017,2010
2017-07-22,29.0,22.3,25.1,99,74,91.83,10.3,1005.75,7.9,2017,2010
2017-07-23,29.6,23.0,25.18,100,73,93.25,25.1,1005.24,8.7,2017,2010
2017-07-24,29.5,22.6,25.64,99,77,91.08,5.3,1004.89,9.5,2017,2010
2017-07-25,29.8,23.4,25.63,99,73,90.08,21.0,1004.86,7.6,2017,2010
2017-07-26,30.0,23.1,25.34,100,70,92.08,7.5,1004.39,9.7,2017,2010
2017-07-27,31.2,22.2,26.15,100,64,87.67,0.2,1003.92,8.8,2017,2010
2017-07-28,29.3,23.5,25.77,100,76,89.83,22.5,1004.5,8.1,2017,2010
2017-07-29,29.3,23.9,25.48,100,72,92.62,36.3,1005.35,9.7,2017,2010
2017-07-30,27.9,22.9,24.19,100,84,97.42,39.8,1006.97,10.9,2017,2010
2017-07-31,30.0,22.0,24.21,100,68,93.75,16.8,1007.55,9.2,2017,2010
2017-08-01,29.4,21.9,24.95,100,70,91.04,13.4,1007.34,10.5,2017,2010
2017-08-02,29.5,22.5,25.85,99,73,87.42,1.0,1006.3,7.8,2017,2010
2017-08-03,30.0,23.0,26.22,100,71,86.46,1.3,1005.8,10.0,2017,2010
2017-08-04,28.4,23.6,25.52,98,81,92.08,22.6,1006.32,9.7,2017,2010
2017-08-05,29.0,23.0,25.0,100,76,91.58,14.3,1005.88,9.7,2017,2010
2017-08-06,29.0,22.8,25.28,100,75,90.88,11.5,1005.34,8.2,2017,2010
2017-08-07,29.5,23.0,25.52,99,77,92.08,9.4,1005.01,7.2,2017,2010
2017-08-08,30.6,23.2,25.38,100,69,93.04,52.3,1004.72,13.3,2017,2010
2017-08-09,27.9,23.0,25.15,100,82,93.29,18.8,1006.29,9.2,2017,2010
2017-08-10,28.5,22.7,25.0,99,79,92.38,14.8,1007.11,8.1,2017,2010
2017-08-11,29.6,22.5,25.14,100,70,92.29,14.1,1006.71,10.1,2017,2010
2017-08-12,27.2,22.6,24.06,100,85,95.92,48.4,1006.64,8.4,2017,2010
2017-08-13,28.5,21.7,24.79,100,73,90.71,12.4,1005.72,9.0,2017,2010
2017-08-14,29.1,22.2,25.25,99,74,90.83,4.6,1004.7,8.3,2017,2010
2017-08-15,27.4,23.4,25.21,100,82,92.71,4.5,1004.56,7.6,2017,2010
2017-08-16,28.1,22.7,24.95,99,79,91.79,6.7,1005.41,10.7,2017,2010
2017-08-17,29.1,22.6,25.4,100,73,89.88,6.1,1004.86,7.1,2017,2010
2017-08-18,29.6,23.2,25.55,100,72,88.92,6.8,1004.99,9.9,2017,2010
2017-08-19,27.1,22.8,24.6,100,83,94.04,8.6,1004.78,10.3,2017,2010
2017-08-20,30.0,23.0,25.4,100,65,88.92,4.9,1004.98,11.6,2017,2010
2017-08-21,29.0,22.1,25.31,97,70,86.42,9.9,1005.93,9.4,2017,2010
2017-08-22,30.9,23.0,25.67,99,66,89.0,21.0,1005.92,7.2,2017,2010
2017-08-23,30.0,22.8,24.85,100,70,93.42,28.7,1004.76,8.4,2017,2010
2017-08-24,27.0,22.5,24.08,100,86,94.54,26.9,1004.68,9.7,2017,2010
2017-08-25,29.4,20.9,24.0,99,69,91.0,28.1,1005.49,9.4,2017,2010
2017-08-26,30.1,21.5,25.04,100,67,88.75,4.3,1005.49,8.4,2017,2010
2017-08-27,29.8,21.5,24.79,100,70,90.75,13.5,1004.71,11.0,2017,2010
2017-08-28,27.9,22.1,24.36,100,77,92.96,103.4,1005.85,8.5,2017,2010
2017-08-29,28.0,22.2,24.29,100,81,94.38,28.6,1006.68,10.1,2017,2010
2017-08-30,29.4,21.9,24.45,100,71,92.62,26.6,1006.36,7.7,2017,2010
2017-08-31,29.8,21.9,25.15,100,70,90.46,4.8,1005.94,11.1,2017,2010
2017-09-01,29.3,23.5,25.8,99,74,89.04,8.7,1006.08,9.4,2017,2010
2017-09-02,29.7,23.5,25.78,98,73,89.83,6.6,1006.35,10.6,2017,2010
2017-09-03,29.2,23.0,25.36,98,74,91.04,11.8,1006.45,11.6,2017,2010
2017-09-04,29.9,22.8,25.59,100,73,91.62,5.2,1006.08,9.2,2017,2010
2017-09-05,29.3,23.6,25.5,99,72,89.83,7.2,1005.88,10.8,2017,2010
2017-09-06,30.4,22.5,25.27,98,71,90.58,13.7,1005.6,8.6,2017,2010
2017-09-07,29.7,22.8,24.98,100,75,92.79,10.5,1005.72,12.1,2017,2010
2017-09-08,28.2,22.8,24.55,100,73,93.17,14.8,1005.18,11.4,2017,2010
2017-09-09,27.1,22.2,24.31,99,77,92.46,15.4,1005.32,12.2,2017,2010
2017-09-10,28.4,21.8,24.12,99,72,93.0,8.9,1005.61,10.7,2017,2010
2017-09-11,29.9,21.4,24.85,98,67,88.75,2.6,1005.7,15.5,2017,2010
2017-09-12,30.9,22.0,25.52,100,66,89.0,7.0,1005.81,7.4,2017,2010
2017-09-13,30.1,22.0,25.11,100,69,91.96,17.4,1006.2,9.0,2017,2010
2017-09-14,29.1,22.6,25.02,100,75,93.5,11.1,1006.29,8.0,2017,2010
2017-09-15,30.0,23.2,25.42,100,70,91.29,7.3,1005.47,7.6,2017,2010
2017-09-16,30.0,22.9,25.27,100,71,92.42,20.0,1004.9,11.8,2017,2010
2017-09-17,30.2,22.9,25.13,100,69,92.42,10.3,1005.18,10.4,2017,2010
2017-09-18,29.7,22.1,24.67,100,76,94.29,22.5,1005.38,7.7,2017,2010
2017-09-19,29.1,23.0,24.85,100,78,94.54,19.0,1006.09,11.4,2017,2010
2017-09-20,30.3,22.6,24.86,100,72,93.21,26.8,1006.0,11.2,2017,2010
2017-09-21,29.6,22.3,25.06,100,70,91.29,23.8,1005.19,11.0,2017,2010
2017-09-22,28.8,22.6,25.0,100,75,92.38,28.5,1004.49,11.6,2017,2010
2017-09-23,27.1,22.8,24.49,98,90,95.21,11.1,1004.22,9.4,2017,2010
2017-09-24,28.4,23.0,24.86,99,81,93.17,20.1,1004.81,10.8,2017,2010
2017-09-25,29.7,22.0,24.79,100,71,92.33,8.8,1004.86,7.6,2017,2010
2017-09-26,28.5,22.2,24.82,100,75,92.42,12.4,1004.13,9.7,2017,2010
2017-09-27,29.0,22.2,25.08,99,73,90.83,3.2,1003.82,10.9,2017,2010
2017-09-28,28.4,22.5,24.58,100,75,94.5,19.4,1004.12,8.6,2017,2010
2017-09-29,28.5,22.9,24.51,100,76,94.46,14.2,1004.42,10.0,2017,2010
2017-09-30,29.3,22.1,24.78,100,71,91.58,10.9,1004.22,10.9,2017,2010
2017-10-01,26.7,22.5,24.35,99,84,93.83,19.9,1003.56,13.3,2017,2010
2017-10-02,29.5,23.2,25.16,97,66,89.5,11.6,1003.75,10.8,2017,2010
2017-10-03,30.2,22.6,25.04,100,68,90.75,14.3,1004.12,8.7,2017,2010
2017-10-04,24.2,22.6,23.17,100,98,99.5,72.3,1003.87,12.4,2017,2010
2017-10-05,24.5,21.4,22.63,100,93,98.25,49.8,1005.58,14.8,2017,2010
2017-10-06,27.9,21.5,24.21,99,75,89.42,4.5,1006.53,11.7,2017,2010
2017-10-07,30.0,22.5,25.6,95,67,85.0,0.4,1006.18,14.7,2017,2010
2017-10-08,29.1,23.4,25.78,98,72,87.54,8.5,1005.53,8.7,2017,2010
2017-10-09,30.2,22.4,25.21,100,65,89.33,10.5,1004.25,6.5,2017,2010
2017-10-10,29.4,22.5,25.29,100,75,89.88,16.4,1003.65,9.4,2017,2010
2017-10-11,29.6,22.5,25.42,100,70,90.58,9.0,1003.44,9.3,2017,2010
2017-10-12,29.9,21.9,25.22,100,69,90.88,9.4,1003.4,8.7,2017,2010
2017-10-13,29.3,22.6,24.89,98,72,91.54,11.8,1003.87,11.5,2017,2010
2017-10-14,28.6,22.9,25.22,97,76,91.25,3.4,1004.15,8.1,2017,2010
2017-10-15,29.5,23.7,26.24,98,72,87.75,2.1,1003.66,9.9,2017,2010
2017-10-16,30.6,23.6,26.31,99,69,88.04,2.9,1003.55,10.7,2017,2010
2017-10-17,30.6,24.1,26.29,100,70,89.75,10.1,1003.58,8.9,2017,2010
2017-10-18,30.5,23.6,25.9,100,72,92.17,5.5,1003.87,9.8,2017,2010
2017-10-19,28.9,23.3,25.82,100,76,91.0,5.4,1003.48,10.0,2017,2010
2017-10-20,30.6,23.5,25.95,100,72,90.92,10.1,1003.08,8.9,2017,2010
2017-10-21,30.0,23.6,25.57,100,71,92.29,9.4,1003.42,18.7,2017,2010
2017-10-22,29.2,23.5,25.28,100,75,93.88,14.0,1004.0,11.2,2017,2010
2017-10-23,27.8,23.1,24.74,100,78,96.12,37.2,1004.2,10.1,2017,2010
2017-10-24,25.7,22.9,23.95,100,89,97.46,68.5,1004.29,12.8,2017,2010
2017-10-25,24.5,22.5,23.32,100,96,99.0,45.7,1005.51,13.6,2017,2010
2017-10-26,24.4,21.5,22.84,100,92,97.33,18.0,1004.9,9.7,2017,2010
2017-10-27,29.6,21.1,24.15,99,65,89.67,3.5,1005.1,13.9,2017,2010
2017-10-28,28.2,22.1,24.02,100,77,93.33,8.0,1006.18,14.0,2017,2010
2017-10-29,30.2,22.0,25.15,100,67,88.25,8.1,1006.58,9.2,2017,2010
2017-10-30,29.4,21.7,24.75,98,69,89.42,10.6,1006.5,7.9,2017,2010
2017-10-31,28.5,21.9,24.64,100,76,90.96,6.9,1005.85,7.1,2017,2010
2017-11-01,29.5,22.9,25.58,97,73,86.83,2.7,1005.0,8.8,2017,2010
2017-11-02,28.5,23.1,25.35,98,75,89.08,11.2,1004.95,10.0,2017,2010
2017-11-03,28.8,22.8,25.24,99,72,88.62,4.3,1005.1,9.7,2017,2010
2017-11-04,26.7,21.8,24.2,99,83,94.67,12.2,1005.62,7.9,2017,2010
2017-11-05,28.5,21.5,24.59,100,72,90.92,17.2,1005.98,7.9,2017,2010
2017-11-06,28.0,22.9,24.84,99,73,88.79,10.1,1005.95,7.7,2017,2010
2017-11-07,28.5,23.0,24.82,100,73,90.92,11.5,1004.57,8.7,2017,2010
2017-11-08,28.9,22.3,24.67,100,72,91.67,8.9,1003.52,11.5,2017,2010
2017-11-09,25.0,22.1,23.62,100,88,97.42,18.6,1004.2,9.0,2017,2010
2017-11-10,27.9,22.0,24.44,100,73,92.83,13.0,1003.72,11.9,2017,2010
2017-11-11,27.8,22.5,24.61,99,75,92.79,6.7,1003.0,7.9,2017,2010
2017-11-12,28.2,22.6,24.89,99,74,91.0,14.0,1003.09,11.7,2017,2010
2017-11-13,28.6,23.0,24.7,100,77,94.62,44.5,1003.14,7.6,2017,2010
2017-11-14,25.9,22.8,23.72,99,88,96.96,37.4,1004.17,9.8,2017,2010
2017-11-15,24.8,22.5,23.3,100,95,98.58,53.4,1005.27,13.1,2017,2010
2017-11-16,24.9,21.8,22.99,100,99,99.62,37.8,1005.86,7.8,2017,2010
2017-11-17,28.4,21.7,24.17,100,72,92.5,14.2,1006.04,10.0,2017,2010
2017-11-18,28.8,21.5,24.37,99,68,88.42,3.5,1004.91,11.3,2017,2010
2017-11-19,28.4,22.0,24.42,98,69,89.0,2.8,1004.6,7.7,2017,2010
2017-11-20,28.3,22.5,24.51,100,71,91.92,5.2,1004.89,8.9,2017,2010
2017-11-21,28.2,22.0,24.41,100,73,92.21,15.2,1005.25,11.8,2017,2010
2017-11-22,27.8,22.5,24.43,100,74,91.54,14.2,1005.59,9.5,2017,2010
2017-11-23,27.5,22.6,24.27,100,77,92.38,20.9,1004.93,11.9,2017,2010
2017-11-24,27.8,22.1,24.26,100,79,94.33,10.9,1005.1,9.4,2017,2010
2017-11-25,27.9,22.7,24.51,100,79,93.79,14.2,1005.48,10.0,2017,2010
2017-11-26,28.6,22.9,25.12,99,76,90.96,10.3,1004.57,8.2,2017,2010
2017-11-27,28.8,23.2,24.95,99,72,90.54,5.6,1003.81,10.4,2017,2010
2017-11-28,28.6,22.5,24.96,100,75,91.42,14.8,1004.43,8.4,2017,2010
2017-11-29,28.0,23.1,24.69,100,78,94.29,18.6,1004.68,10.4,2017,2010
2017-11-30,25.1,22.4,23.73,100,94,98.83,14.3,1004.85,7.3,2017,2010
2017-12-01,27.6,22.2,24.45,99,78,92.25,1.8,1004.68,8.2,2017,2010
2017-12-02,29.6,21.8,25.16,98,64,86.54,0.1,1003.95,11.8,2017,2010
2017-12-03,28.6,22.2,24.92,100,72,87.67,1.0,1003.18,8.2,2017,2010
2017-12-04,28.7,23.0,25.05,99,72,90.04,10.3,1003.3,6.6,2017,2010
2017-12-05,30.5,22.4,25.65,96,67,84.96,3.8,1003.64,8.2,2017,2010
2017-12-06,30.1,22.3,25.22,100,68,89.0,7.8,1003.7,10.2,2017,2010
2017-12-07,27.7,22.6,24.69,100,79,92.29,23.7,1004.26,13.2,2017,2010
2017-12-08,27.8,22.5,24.26,100,81,94.21,21.6,1004.99,10.2,2017,2010
2017-12-09,28.2,22.4,24.76,100,77,92.38,6.0,1005.85,9.5,2017,2010
2017-12-10,26.0,22.6,23.71,100,96,98.5,35.7,1006.75,9.1,2017,2010
2017-12-11,26.5,21.9,23.8,100,80,93.54,20.9,1007.17,7.6,2017,2010
2017-12-12,25.2,22.0,23.47,100,90,98.12,17.1,1007.09,6.9,2017,2010
2017-12-13,29.3,20.9,24.38,98,67,87.38,0.0,1006.01,7.9,2017,2010
2017-12-14,29.0,22.2,24.92,98,67,87.75,0.9,1004.81,12.0,2017,2010
2017-12-15,29.6,21.3,24.93,96,66,85.92,0.3,1004.62,10.7,2017,2010
2017-12-16,30.3,21.0,24.97,97,65,84.0,0.1,1004.07,9.3,2017,2010
2017-12-17,30.6,21.2,25.19,98,59,85.71,0.0,1003.71,10.5,2017,2010
2017-12-18,31.1,21.6,25.57,98,56,82.17,0.2,1004.1,7.8,2017,2010
2017-12-19,29.9,21.0,24.93,98,64,85.25,0.0,1004.6,13.6,2017,2010
2017-12-20,29.1,21.5,25.01,98,67,85.71,0.5,1004.16,8.0,2017,2010
2017-12-21,32.2,21.6,25.52,96,47,82.25,0.4,1004.04,10.7,2017,2010
2017-12-22,30.1,21.0,25.0,97,60,83.75,0.2,1004.48,13.4,2017,2010
2017-12-23,30.2,21.7,25.24,98,63,84.96,0.7,1004.58,10.3,2017,2010
2017-12-24,29.6,21.8,25.27,97,65,83.33,1.1,1005.14,10.3,2017,2010
2017-12-25,31.4,22.0,25.58,99,47,82.04,1.2,1005.66,9.6,2017,2010
2017-12-26,31.6,21.5,25.47,99,46,79.67,0.2,1006.08,7.6,2017,2010
2017-12-27,31.0,22.2,25.38,96,52,81.46,0.4,1005.78,9.5,2017,2010
2017-12-28,28.6,21.8,25.0,95,68,84.12,1.9,1006.01,9.8,2017,2010
2017-12-29,28.4,22.1,24.52,99,73,88.79,11.3,1006.65,6.6,2017,2010
2017-12-30,25.8,22.2,23.77,100,83,93.79,22.5,1006.98,5.9,2017,2010
2017-12-31,28.7,21.5,24.28,99,69,89.54,10.3,1007.27,7.2,2017,2010
2018-01-01,28.9,21.2,24.64,98,68,86.79,0.9,1006.92,10.2,2018,2010
2018-01-02,29.5,21.6,24.86,98,64,86.33,0.6,1005.56,9.4,2018,2010
2018-01-03,28.1,22.0,24.09,99,75,92.54,15.2,1005.42,9.7,2018,2010
2018-01-04,26.1,21.5,23.27,100,84,96.67,16.1,1006.19,10.2,2018,2010
2018-01-05,27.0,21.8,23.87,100,80,93.62,10.7,1007.44,7.2,2018,2010
2018-01-06,27.0,21.1,24.11,99,79,91.46,1.3,1006.78,8.4,2018,2010
2018-01-07,27.3,21.9,23.81,99,83,94.54,8.6,1005.95,5.9,2018,2010
2018-01-08,28.2,21.1,24.1,100,71,91.17,5.1,1005.84,8.6,2018,2010
2018-01-09,28.4,20.8,24.14,100,72,90.67,1.7,1005.74,8.4,2018,2010
2018-01-10,29.0,21.2,24.33,100,68,89.79,4.6,1005.69,8.5,2018,2010
2018-01-11,28.5,21.0,24.2,100,70,89.96,3.6,1006.11,8.1,2018,2010
2018-01-12,27.9,21.9,24.23,99,73,90.46,5.9,1006.58,7.7,2018,2010
2018-01-13,29.6,20.5,24.3,98,65,86.54,0.9,1006.53,7.8,2018,2010
2018-01-14,27.9,21.8,24.41,100,72,88.12,1.1,1006.25,9.8,2018,2010
2018-01-15,27.8,22.0,24.06,100,79,92.04,9.5,1006.11,6.2,2018,2010
2018-01-16,28.2,21.4,24.35,100,69,88.75,1.2,1006.45,8.2,2018,2010
2018-01-17,27.4,22.0,24.15,100,76,89.38,5.5,1006.82,6.0,2018,2010
2018-01-18,26.8,21.3,23.7,100,86,93.96,9.4,1006.17,6.8,2018,2010
2018-01-19,29.0,21.0,24.5,100,68,89.04,8.0,1005.22,6.6,2018,2010
2018-01-20,30.0,22.0,24.95,100,68,89.08,7.0,1004.1,6.9,2018,2010
2018-01-21,30.1,22.1,25.35,97,68,87.04,3.6,1002.91,7.8,2018,2010
2018-01-22,30.0,22.4,25.32,96,64,86.04,1.4,1002.66,8.6,2018,2010
2018-01-23,29.0,21.9,25.07,100,71,86.67,0.8,1002.65,7.9,2018,2010
2018-01-24,29.7,21.6,24.96,99,66,86.62,1.1,1003.22,10.1,2018,2010
2018-01-25,31.4,21.6,25.4,100,53,83.96,0.4,1003.42,10.0,2018,2010
2018-01-26,31.5,21.1,25.47,98,50,83.17,0.4,1002.79,7.3,2018,2010
2018-01-27,31.8,22.1,25.95,100,48,82.96,0.0,1002.07,7.9,2018,2010
2018-01-28,32.4,21.3,25.9,100,47,82.25,0.0,1001.43,8.1,2018,2010
2018-01-29,30.9,22.0,25.69,100,59,84.04,0.7,1000.93,10.0,2018,2010
2018-01-30,32.2,22.3,26.36,99,47,80.21,0.0,1001.44,7.4,2018,2010
2018-01-31,32.8,22.4,26.48,96,47,81.21,0.1,1001.92,16.0,2018,2010
2018-02-01,32.6,22.5,26.53,99,47,77.12,0.2,1003.42,16.0,2018,2010
2018-02-02,32.0,22.2,26.18,99,48,80.75,0.0,1004.46,7.8,2018,2010
2018-02-03,32.2,21.6,25.81,100,46,82.33,1.6,1004.39,9.7,2018,2010
2018-02-04,32.7,21.5,26.32,96,32,74.12,0.0,1004.1,10.7,2018,2010
2018-02-05,32.2,21.1,26.31,97,38,70.29,0.0,1004.99,16.3,2018,2010
2018-02-06,32.4,19.8,25.35,99,40,74.62,0.0,1005.22,8.7,2018,2010
2018-02-07,32.2,21.0,25.78,97,43,76.67,0.0,1005.08,22.1,2018,2010
2018-02-08,32.1,21.1,26.0,97,44,74.42,0.0,1004.49,10.0,2018,2010
2018-02-09,33.2,21.0,26.17,97,40,76.42,0.0,1003.62,8.5,2018,2010
2018-02-10,31.9,22.3,26.18,96,51,80.96,1.9,1004.35,9.0,2018,2010
2018-02-11,30.0,22.5,25.77,100,62,83.88,1.0,1005.18,9.7,2018,2010
2018-02-12,31.4,22.2,26.03,100,58,81.42,2.5,1005.15,9.5,2018,2010
2018-02-13,32.0,22.2,26.66,99,39,67.75,0.0,1005.59,27.4,2018,2010
2018-02-14,32.8,20.5,26.28,96,36,66.17,0.0,1005.39,23.9,2018,2010
2018-02-15,33.0,20.5,26.33,94,40,70.12,0.0,1005.52,13.0,2018,2010
2018-02-16,32.5,22.3,26.72,96,42,72.58,0.2,1005.36,9.7,2018,2010
2018-02-17,31.2,23.0,26.14,99,57,82.42,3.2,1005.78,8.6,2018,2010
2018-02-18,33.5,22.2,26.73,96,40,75.12,0.0,1005.0,8.9,2018,2010
2018-02-19,33.0,21.4,26.6,97,34,67.46,0.0,1004.68,23.3,2018,2010
2018-02-20,33.2,21.1,25.8,97,38,77.42,1.3,1005.52,7.5,2018,2010
2018-02-21,32.8,21.1,25.69,94,42,77.08,0.2,1006.04,13.5,2018,2010
2018-02-22,33.8,21.3,26.21,94,37,76.0,0.7,1006.53,11.8,2018,2010
2018-02-23,33.5,21.3,26.24,95,34,72.71,0.0,1006.56,7.8,2018,2010
2018-02-24,32.7,21.5,25.85,92,39,73.79,0.8,1006.22,10.5,2018,2010
2018-02-25,31.5,20.8,25.52,89,46,71.0,4.7,1006.98,9.0,2018,2010
2018-02-26,33.3,20.9,26.01,90,39,71.25,1.4,1006.95,8.7,2018,2010
2018-02-27,32.9,21.1,26.25,90,35,67.58,0.1,1006.63,12.0,2018,2010
2018-02-28,33.6,20.9,26.33,91,31,66.96,0.0,1005.59,11.3,2018,2010
2018-03-01,33.3,20.7,25.95,86,33,67.67,0.1,1005.57,13.6,2018,2010
2018-03-02,33.7,21.4,26.68,91,27,66.67,0.0,1005.63,7.6,2018,2010
2018-03-03,34.2,20.1,26.44,93,33,63.75,0.0,1004.68,10.0,2018,2010
2018-03-04,34.5,21.5,26.93,92,26,66.96,0.1,1004.32,8.9,2018,2010
2018-03-05,33.3,22.6,26.95,86,42,65.46,0.1,1004.01,8.9,2018,2010
2018-03-06,33.5,20.5,26.46,85,40,67.21,0.2,1004.06,11.5,2018,2010
2018-03-07,34.3,21.6,27.38,78,35,58.71,0.0,1003.89,13.7,2018,2010
2018-03-08,34.7,22.9,27.84,89,39,64.21,0.0,1003.86,12.8,2018,2010
2018-03-09,34.4,23.6,28.04,90,44,70.58,0.0,1003.4,7.4,2018,2010
2018-03-10,34.4,23.5,28.0,90,45,71.58,0.1,1002.3,10.7,2018,2010
2018-03-11,33.2,23.5,28.12,94,49,74.75,0.0,1002.24,15.2,2018,2010
2018-03-12,33.2,24.8,27.98,95,53,77.62,1.9,1003.43,12.8,2018,2010
2018-03-13,32.5,23.9,26.65,96,60,83.79,1.9,1004.67,9.7,2018,2010
2018-03-14,31.3,22.9,26.37,98,59,83.79,1.7,1005.16,10.6,2018,2010
2018-03-15,33.3,23.4,26.86,97,47,79.25,2.7,1005.02,12.6,2018,2010
2018-03-16,34.5,22.9,27.4,94,34,73.38,0.1,1004.35,13.9,2018,2010
2018-03-17,34.7,22.9,27.22,97,35,75.21,0.0,1004.7,13.7,2018,2010
2018-03-18,32.2,22.4,26.69,97,48,77.88,0.4,1004.09,12.2,2018,2010
2018-03-19,32.3,22.1,26.62,95,49,78.04,2.0,1002.55,15.0,2018,2010
2018-03-20,32.0,21.9,26.55,97,49,76.46,0.7,1002.99,10.4,2018,2010
2018-03-21,34.2,22.7,27.78,97,42,71.88,0.1,1003.53,14.1,2018,2010
2018-03-22,35.2,23.5,28.62,93,27,60.46,0.0,1004.98,21.9,2018,2010
2018-03-23,35.8,21.9,27.98,98,31,65.33,0.0,1005.5,12.8,2018,2010
2018-03-24,33.5,23.2,27.16,92,47,74.62,3.3,1004.92,7.6,2018,2010
2018-03-25,35.0,23.1,28.32,90,36,60.92,0.0,1003.38,15.6,2018,2010
2018-03-26,35.7,22.0,28.3,96,28,60.96,0.0,1003.3,11.4,2018,2010
2018-03-27,35.9,22.4,28.46,96,28,60.54,0.0,1003.11,9.3,2018,2010
2018-03-28,35.8,22.3,27.82,96,30,69.92,2.6,1002.7,9.1,2018,2010
2018-03-29,34.7,22.8,27.65,97,38,74.38,0.6,1003.62,14.1,2018,2010
2018-03-30,32.8,23.6,26.86,97,49,79.83,2.4,1004.85,10.1,2018,2010
2018-03-31,31.6,23.4,26.6,99,57,80.08,8.6,1005.0,9.5,2018,2010
2018-04-01,33.7,22.9,26.95,95,28,71.83,0.0,1004.52,14.4,2018,2010
2018-04-02,34.6,22.8,26.96,91,32,71.12,0.3,1004.4,15.3,2018,2010
2018-04-03,33.0,22.8,27.32,90,39,66.88,0.0,1004.45,14.7,2018,2010
2018-04-04,32.6,22.4,27.28,88,46,67.54,0.5,1005.2,12.3,2018,2010
2018-04-05,31.2,23.0,26.0,98,51,77.71,10.9,1006.36,12.3,2018,2010
2018-04-06,28.8,22.2,24.69,98,67,88.21,24.9,1006.97,9.0,2018,2010
2018-04-07,30.8,21.6,25.47,99,60,84.21,4.6,1006.44,8.8,2018,2010
2018-04-08,31.2,23.0,26.18,98,60,82.08,2.8,1005.5,10.5,2018,2010
2018-04-09,31.0,21.8,25.82,97,59,82.5,3.6,1005.74,8.7,2018,2010
2018-04-10,30.4,22.9,25.29,100,63,86.21,25.0,1007.27,11.7,2018,2010
2018-04-11,28.0,22.8,24.4,99,76,91.83,36.1,1007.77,11.8,2018,2010
2018-04-12,30.1,21.4,25.06,100,61,88.67,14.4,1006.43,8.8,2018,2010
2018-04-13,28.5,23.1,24.68,99,73,90.75,26.1,1006.54,8.7,2018,2010
2018-04-14,30.6,21.9,25.45,98,63,85.67,5.9,1005.92,7.3,2018,2010
2018-04-15,31.6,21.4,25.71,100,58,85.88,6.3,1006.31,12.1,2018,2010
2018-04-16,32.0,21.3,26.15,99,56,83.5,0.0,1006.32,11.5,2018,2010
2018-04-17,31.4,23.4,26.1,100,62,85.04,9.9,1005.6,10.9,2018,2010
2018-04-18,33.0,22.0,26.55,99,49,80.29,0.0,1004.73,12.0,2018,2010
2018-04-19,33.5,22.9,26.92,97,52,79.75,0.8,1004.25,9.9,2018,2010
2018-04-20,32.5,23.2,26.91,98,57,83.17,2.0,1004.29,8.7,2018,2010
2018-04-21,30.1,22.9,26.12,95,68,85.21,1.2,1004.04,10.9,2018,2010
2018-04-22,30.0,23.1,26.26,96,69,85.46,3.6,1004.79,9.2,2018,2010
2018-04-23,30.4,23.6,26.09,99,67,87.88,9.0,1004.98,9.3,2018,2010
2018-04-24,30.1,23.8,26.25,99,69,86.75,11.4,1005.48,8.3,2018,2010
2018-04-25,29.3,23.7,25.71,99,75,89.08,11.7,1005.61,7.0,2018,2010
2018-04-26,28.9,22.6,25.56,99,73,87.67,19.2,1005.57,9.9,2018,2010
2018-04-27,29.1,22.5,25.32,98,74,88.58,27.3,1005.45,7.0,2018,2010
2018-04-28,29.9,22.9,25.27,100,65,88.71,19.6,1006.0,11.8,2018,2010
2018-04-29,30.6,22.6,25.77,100,68,88.25,9.0,1006.26,7.1,2018,2010
2018-04-30,29.6,23.1,25.88,99,70,88.54,2.8,1006.05,10.4,2018,2010
2018-05-01,31.6,22.9,26.56,98,58,82.71,1.5,1005.76,11.9,2018,2010
2018-05-02,32.8,22.5,26.82,99,52,81.96,0.7,1005.22,13.4,2018,2010
2018-05-03,31.9,23.1,26.12,100,58,86.38,10.5,1005.36,8.5,2018,2010
2018-05-04,29.1,23.1,25.18,99,76,91.29,24.0,1005.09,7.9,2018,2010
2018-05-05,29.9,23.4,25.34,98,69,91.0,3.8,1005.18,9.5,2018,2010
2018-05-06,30.1,22.8,25.35,100,69,90.12,14.0,1007.23,8.9,2018,2010
2018-05-07,28.6,22.3,25.2,100,75,90.71,21.3,1007.65,8.6,2018,2010
2018-05-08,29.8,22.8,25.51,99,70,88.58,9.8,1007.16,9.2,2018,2010
2018-05-09,28.6,22.1,25.0,99,74,89.38,6.7,1007.15,12.1,2018,2010
2018-05-10,28.6,22.1,25.0,100,73,90.12,7.6,1007.12,9.3,2018,2010
2018-05-11,30.1,21.8,25.18,100,67,90.79,11.6,1006.45,10.8,2018,2010
2018-05-12,27.6,23.1,24.78,99,82,94.46,22.1,1006.02,5.4,2018,2010
2018-05-13,26.6,22.0,23.82,100,83,96.42,64.7,1006.04,10.2,2018,2010
2018-05-14,29.5,22.6,25.07,99,66,90.54,8.4,1005.72,9.4,2018,2010
2018-05-15,28.9,22.3,24.85,99,73,90.92,13.1,1005.02,11.8,2018,2010
2018-05-16,28.7,22.4,24.8,100,75,92.17,17.0,1004.85,9.0,2018,2010
2018-05-17,28.9,21.9,24.82,99,75,92.12,13.6,1004.34,10.2,2018,2010
2018-05-18,28.8,22.7,24.6,100,79,94.0,26.7,1004.71,11.7,2018,2010
2018-05-19,26.4,22.3,24.18,100,88,95.21,5.5,1005.13,8.8,2018,2010
2018-05-20,29.0,22.2,25.0,97,72,89.96,16.2,1005.42,10.1,2018,2010
2018-05-21,29.4,21.5,24.44,100,70,91.79,16.2,1005.2,11.2,2018,2010
2018-05-22,29.4,21.9,24.61,100,70,91.92,13.1,1005.17,9.4,2018,2010
2018-05-23,29.4,22.1,25.11,100,70,91.54,13.0,1006.15,9.1,2018,2010
2018-05-24,29.3,22.0,25.46,100,79,91.21,13.4,1006.08,7.4,2018,2010
2018-05-25,28.0,23.7,25.08,100,83,95.46,14.7,1005.16,8.4,2018,2010
2018-05-26,29.1,23.0,24.92,99,76,92.88,16.6,1004.68,14.2,2018,2010
2018-05-27,29.5,22.9,24.72,99,69,92.33,13.7,1005.67,12.6,2018,2010
2018-05-28,29.8,22.5,25.28,100,74,91.96,18.1,1005.99,7.9,2018,2010
2018-05-29,28.7,23.2,24.97,100,79,94.12,31.8,1005.82,11.0,2018,2010
2018-05-30,29.8,22.4,24.98,100,72,93.08,17.8,1004.68,7.1,2018,2010
2018-05-31,28.4,23.0,25.05,100,75,92.88,12.4,1003.34,9.2,2018,2010
2018-06-01,28.2,23.0,25.46,98,77,91.29,6.4,1003.13,9.1,2018,2010
2018-06-02,28.5,23.5,26.01,99,77,89.54,14.6,1003.66,9.5,2018,2010
2018-06-03,31.5,22.5,25.79,100,65,90.88,13.2,1005.36,8.9,2018,2010
2018-06-04,29.9,23.5,25.51,100,72,93.5,22.4,1006.22,12.1,2018,2010
2018-06-05,27.6,23.6,25.15,100,81,95.58,19.9,1005.4,8.9,2018,2010
2018-06-06,28.4,22.9,25.24,100,78,92.96,7.7,1004.2,11.3,2018,2010
2018-06-07,29.4,22.9,25.3,100,76,92.75,12.7,1004.28,7.9,2018,2010
2018-06-08,31.5,23.0,26.33,99,67,88.17,4.0,1004.11,8.7,2018,2010
2018-06-09,28.5,24.0,25.56,100,80,94.0,11.7,1004.91,8.6,2018,2010
2018-06-10,27.1,23.2,24.68,100,88,96.25,33.1,1005.11,10.0,2018,2010
2018-06-11,29.2,22.8,25.07,100,71,92.62,5.0,1005.45,11.2,2018,2010
2018-06-12,29.1,23.3,25.28,99,75,91.58,10.3,1005.64,9.4,2018,2010
2018-06-13,29.4,22.9,25.3,100,73,93.25,18.4,1005.8,8.1,2018,2010
2018-06-14,28.5,23.5,25.18,100,78,93.67,19.9,1006.05,13.3,2018,2010
2018-06-15,29.4,22.3,24.82,100,72,92.29,3.8,1005.76,8.3,2018,2010
2018-06-16,29.6,21.9,25.26,100,71,91.17,11.3,1006.05,8.2,2018,2010
2018-06-17,29.4,22.8,25.65,100,74,90.46,15.1,1006.22,8.7,2018,2010
2018-06-18,29.4,23.0,25.0,100,73,92.88,13.3,1006.92,10.7,2018,2010
2018-06-19,29.0,22.4,24.52,100,73,92.54,17.6,1007.14,9.1,2018,2010
2018-06-20,27.7,22.1,24.62,100,79,92.88,16.7,1007.27,10.2,2018,2010
2018-06-21,28.5,22.2,24.96,100,83,92.96,7.5,1006.8,8.0,2018,2010
2018-06-22,29.1,22.6,25.05,100,79,93.79,11.7,1006.18,9.7,2018,2010
2018-06-23,28.9,22.6,25.01,100,75,91.88,22.9,1005.54,9.8,2018,2010
2018-06-24,28.5,22.1,24.52,100,76,92.42,8.9,1004.97,10.1,2018,2010
2018-06-25,27.4,22.9,24.63,100,78,92.83,7.2,1005.4,12.0,2018,2010
2018-06-26,27.6,23.4,24.74,100,87,96.12,45.5,1005.62,7.4,2018,2010
2018-06-27,29.8,22.5,24.66,100,70,92.79,46.8,1005.52,8.3,2018,2010
2018-06-28,29.1,22.0,24.47,100,73,93.5,20.5,1006.12,10.0,2018,2010
2018-06-29,28.8,22.9,24.61,100,75,92.71,17.4,1006.47,12.0,2018,2010
2018-06-30,28.1,22.4,24.32,99,79,93.21,12.8,1006.11,8.4,2018,2010
2018-07-01,27.6,22.2,24.35,100,79,92.46,14.5,1005.61,6.8,2018,2010
2018-07-02,26.5,21.9,23.77,100,84,95.62,15.1,1005.28,9.5,2018,2010
2018-07-03,29.1,21.6,24.94,100,69,89.25,3.0,1004.48,9.0,2018,2010
2018-07-04,29.9,21.4,24.94,100,68,90.79,7.9,1003.97,9.7,2018,2010
2018-07-05,28.6,21.9,24.75,100,76,93.17,7.7,1004.22,6.5,2018,2010
2018-07-06,28.2,22.8,25.12,100,76,93.08,7.8,1004.38,8.4,2018,2010
2018-07-07,29.5,22.5,25.05,100,73,92.08,6.4,1004.15,10.2,2018,2010
2018-07-08,29.5,22.0,25.46,99,72,88.67,1.4,1004.38,9.8,2018,2010
2018-07-09,30.1,22.3,26.02,98,74,87.21,7.5,1004.86,8.4,2018,2010
2018-07-10,29.0,22.9,24.91,100,76,93.83,13.3,1004.91,10.8,2018,2010
2018-07-11,27.7,22.3,24.5,100,80,93.29,19.0,1004.99,9.4,2018,2010
2018-07-12,29.6,22.5,25.7,98,78,90.42,4.3,1004.99,6.6,2018,2010
2018-07-13,29.9,23.0,25.62,99,77,90.33,5.0,1004.98,8.4,2018,2010
2018-07-14,30.3,22.2,25.12,100,68,92.67,12.2,1004.84,9.5,2018,2010
2018-07-15,30.0,23.0,25.43,100,71,91.29,8.1,1004.52,9.0,2018,2010
2018-07-16,29.2,23.2,25.44,99,76,91.46,4.9,1005.51,7.4,2018,2010
2018-07-17,29.1,22.6,25.46,100,74,90.17,2.6,1006.18,9.9,2018,2010
2018-07-18,29.9,22.8,25.82,100,73,88.46,2.2,1005.2,8.7,2018,2010
2018-07-19,30.0,22.8,25.66,100,76,91.67,4.2,1004.32,8.7,2018,2010
2018-07-20,28.8,23.0,24.75,100,78,95.12,42.8,1004.55,12.0,2018,2010
2018-07-21,30.2,21.9,24.98,100,68,92.83,9.9,1004.18,11.0,2018,2010
2018-07-22,29.2,22.2,24.81,100,78,94.62,15.7,1004.9,6.5,2018,2010
2018-07-23,28.8,22.2,25.25,100,73,90.88,14.8,1005.88,9.7,2018,2010
2018-07-24,29.9,23.0,25.64,99,70,89.71,3.1,1006.83,9.3,2018,2010
2018-07-25,28.7,23.2,25.38,100,77,92.0,9.1,1006.38,9.2,2018,2010
2018-07-26,28.1,23.0,24.75,100,78,95.04,26.6,1006.72,7.5,2018,2010
2018-07-27,27.5,22.0,24.34,100,83,94.54,23.1,1006.85,11.1,2018,2010
2018-07-28,26.8,23.0,24.62,100,83,93.92,21.5,1007.15,6.1,2018,2010
2018-07-29,28.0,22.2,24.34,100,76,93.83,26.6,1006.8,8.3,2018,2010
2018-07-30,29.5,22.2,25.13,100,72,91.17,7.7,1006.39,8.6,2018,2010
2018-07-31,28.1,23.0,24.98,98,77,91.17,21.2,1006.03,11.9,2018,2010
2018-08-01,28.4,22.6,24.92,99,80,93.29,14.5,1005.58,9.9,2018,2010
2018-08-02,26.5,22.5,24.2,100,86,94.88,24.1,1005.59,11.0,2018,2010
2018-08-03,29.9,21.9,24.91,100,69,91.71,12.2,1006.01,7.6,2018,2010
2018-08-04,27.6,22.9,24.62,98,77,91.5,16.7,1005.56,10.3,2018,2010
2018-08-05,29.2,21.5,25.0,100,74,90.04,3.6,1004.35,9.0,2018,2010
2018-08-06,30.4,22.6,25.44,99,62,87.88,8.2,1003.78,7.9,2018,2010
2018-08-07,28.5,22.5,24.98,100,75,92.83,5.7,1004.08,10.5,2018,2010
2018-08-08,28.9,23.3,25.68,100,79,91.88,6.0,1004.24,10.3,2018,2010
2018-08-09,29.4,23.6,25.32,100,75,93.33,12.5,1004.66,9.5,2018,2010
2018-08-10,30.5,22.6,25.76,100,75,91.25,4.7,1005.12,7.9,2018,2010
2018-08-11,29.5,23.5,25.75,98,75,90.67,5.7,1005.51,6.7,2018,2010
2018-08-12,29.6,23.5,25.8,98,73,88.33,1.8,1005.66,9.2,2018,2010
2018-08-13,28.0,23.0,24.68,100,78,93.42,45.7,1006.03,9.8,2018,2010
2018-08-14,29.0,21.5,24.22,100,75,92.71,25.4,1005.75,6.6,2018,2010
2018-08-15,29.5,20.9,24.32,100,67,91.96,4.4,1006.1,10.1,2018,2010
2018-08-16,30.4,22.6,25.0,99,66,89.58,16.6,1006.92,10.1,2018,2010
2018-08-17,29.5,22.1,25.38,100,74,89.54,2.7,1007.22,8.0,2018,2010
2018-08-18,29.8,22.9,25.65,98,70,87.46,2.1,1006.45,10.8,2018,2010
2018-08-19,30.0,22.5,25.23,100,73,90.79,4.6,1005.8,6.2,2018,2010
2018-08-20,29.9,22.2,25.56,99,70,88.67,7.7,1005.68,7.8,2018,2010
2018-08-21,29.2,22.6,25.71,100,78,90.83,1.6,1005.35,6.6,2018,2010
2018-08-22,29.8,23.4,25.91,99,74,87.67,2.3,1005.35,9.5,2018,2010
2018-08-23,27.9,23.1,24.9,99,81,92.75,11.7,1005.62,7.2,2018,2010
2018-08-24,29.2,22.8,24.96,99,75,90.71,18.2,1004.78,8.8,2018,2010
2018-08-25,30.4,22.0,25.35,100,73,89.75,7.4,1005.22,9.4,2018,2010
2018-08-26,29.9,22.7,24.96,100,74,92.5,24.2,1005.5,9.8,2018,2010
2018-08-27,29.0,22.7,25.01,100,79,92.92,18.3,1005.22,8.4,2018,2010
2018-08-28,29.2,22.2,24.82,99,78,92.75,20.3,1005.25,7.8,2018,2010
2018-08-29,28.9,23.1,24.93,99,74,91.5,15.5,1005.35,10.0,2018,2010
2018-08-30,27.0,22.8,24.72,99,83,92.58,5.6,1005.32,8.3,2018,2010
2018-08-31,27.9,23.5,25.0,99,83,93.54,25.3,1004.87,9.7,2018,2010
2018-09-01,29.0,22.8,24.7,100,79,95.04,17.5,1004.89,11.0,2018,2010
2018-09-02,29.8,21.8,25.0,100,72,91.25,13.3,1003.74,10.5,2018,2010
2018-09-03,29.5,22.7,25.22,99,73,92.29,15.8,1003.8,9.1,2018,2010
2018-09-04,27.9,23.3,24.92,98,77,92.33,14.9,1004.14,10.5,2018,2010
2018-09-05,29.6,22.1,24.63,100,71,94.38,56.6,1004.75,9.2,2018,2010
2018-09-06,28.0,22.1,24.45,100,79,93.83,31.2,1006.04,9.7,2018,2010
2018-09-07,29.4,21.0,24.25,100,73,92.79,21.1,1006.03,10.4,2018,2010
2018-09-08,28.9,21.5,24.69,100,76,92.33,7.1,1005.26,9.5,2018,2010
2018-09-09,29.1,21.9,24.81,100,74,92.17,14.0,1004.75,11.0,2018,2010
2018-09-10,29.5,20.6,24.76,100,69,91.29,3.3,1005.03,8.0,2018,2010
2018-09-11,28.6,22.0,24.79,100,80,93.42,16.5,1005.76,9.9,2018,2010
2018-09-12,30.1,21.2,24.77,100,72,93.04,22.0,1005.26,12.1,2018,2010
2018-09-13,30.1,22.1,24.98,100,71,91.96,29.1,1005.31,8.6,2018,2010
2018-09-14,27.2,22.5,24.2,99,83,94.29,20.1,1005.21,7.0,2018,2010
2018-09-15,29.5,22.1,24.79,100,73,92.08,8.0,1004.93,9.5,2018,2010
2018-09-16,29.9,21.4,24.93,100,70,92.21,18.3,1004.74,10.5,2018,2010
2018-09-17,29.2,22.0,25.06,100,74,92.25,11.7,1004.44,9.8,2018,2010
2018-09-18,29.6,23.0,25.59,99,69,89.46,3.0,1004.01,9.2,2018,2010
2018-09-19,28.5,22.9,24.94,99,83,94.21,21.2,1003.21,7.6,2018,2010
2018-09-20,28.5,22.5,24.98,100,81,93.67,8.6,1003.51,10.6,2018,2010
2018-09-21,29.1,22.5,25.3,100,76,91.54,22.1,1003.39,8.2,2018,2010
2018-09-22,29.7,23.0,25.63,99,76,91.75,6.5,1003.21,12.5,2018,2010
2018-09-23,28.5,22.9,25.02,100,76,93.33,12.9,1002.76,9.5,2018,2010
2018-09-24,29.5,22.4,24.73,100,75,94.46,17.1,1003.54,7.3,2018,2010
2018-09-25,30.4,22.0,25.55,100,76,91.92,5.4,1003.87,10.7,2018,2010
2018-09-26,29.0,22.0,24.84,99,76,92.42,12.8,1004.5,11.4,2018,2010
2018-09-27,29.5,22.4,24.67,100,75,93.42,25.7,1004.35,6.9,2018,2010
2018-09-28,30.4,21.4,24.78,100,72,91.92,12.1,1004.8,13.3,2018,2010
2018-09-29,29.8,22.3,25.45,100,70,91.29,5.6,1004.29,6.5,2018,2010
2018-09-30,29.3,22.3,24.87,100,74,93.29,19.3,1003.99,9.4,2018,2010
2018-10-01,29.2,22.6,24.93,100,74,91.83,12.9,1004.27,10.2,2018,2010
2018-10-02,28.5,22.0,24.25,100,81,94.04,16.5,1004.37,11.5,2018,2010
2018-10-03,24.5,22.3,23.06,100,96,99.04,108.0,1004.31,8.6,2018,2010
2018-10-04,25.1,21.5,23.25,100,88,96.79,22.0,1005.0,9.0,2018,2010
2018-10-05,26.0,21.1,23.08,100,84,96.79,18.6,1006.1,10.8,2018,2010
2018-10-06,28.1,18.5,23.74,100,67,84.17,0.0,1006.6,15.1,2018,2010
2018-10-07,29.4,21.2,25.2,94,64,82.04,0.0,1005.86,13.9,2018,2010
2018-10-08,29.5,23.1,25.42,99,68,86.0,4.4,1005.76,15.1,2018,2010
2018-10-09,28.5,22.9,24.87,100,78,91.46,4.9,1006.18,11.2,2018,2010
2018-10-10,29.7,22.0,24.69,99,69,92.46,26.0,1006.0,9.4,2018,2010
2018-10-11,26.5,22.0,23.95,100,83,94.88,12.5,1006.47,8.6,2018,2010
2018-10-12,24.4,21.8,22.7,100,91,98.25,98.1,1006.75,18.3,2018,2010
2018-10-13,25.8,22.0,23.32,100,88,97.5,25.2,1007.1,15.5,2018,2010
2018-10-14,27.5,21.6,24.05,100,79,92.54,6.2,1006.46,8.9,2018,2010
2018-10-15,27.1,20.6,23.82,100,83,93.88,9.2,1005.68,9.5,2018,2010
2018-10-16,25.4,22.4,23.4,99,92,97.71,31.7,1005.46,12.2,2018,2010
2018-10-17,27.4,21.6,23.55,100,85,95.79,24.6,1005.37,12.3,2018,2010
2018-10-18,29.0,20.9,24.02,100,69,92.92,22.9,1005.72,8.4,2018,2010
2018-10-19,29.8,21.0,24.45,100,68,90.92,4.7,1005.3,7.6,2018,2010
2018-10-20,29.0,21.4,24.5,100,72,93.04,17.8,1004.18,10.4,2018,2010
2018-10-21,27.9,22.1,24.28,100,83,94.79,25.0,1004.52,6.3,2018,2010
2018-10-22,28.1,22.2,24.24,100,77,93.83,16.2,1005.4,8.0,2018,2010
2018-10-23,28.9,22.5,24.77,100,72,90.71,4.3,1005.84,12.0,2018,2010
2018-10-24,29.2,22.4,24.72,100,68,92.58,25.4,1005.72,12.2,2018,2010
2018-10-25,27.8,21.8,24.45,100,81,94.79,23.6,1004.77,9.8,2018,2010
2018-10-26,28.9,22.1,24.69,100,79,93.92,17.4,1004.46,8.8,2018,2010
2018-10-27,29.0,22.9,24.87,99,76,91.96,19.0,1005.09,10.1,2018,2010
2018-10-28,26.6,22.2,24.11,100,85,96.04,11.6,1005.32,8.0,2018,2010
2018-10-29,29.9,21.6,25.03,100,73,91.62,5.2,1004.85,7.7,2018,2010
2018-10-30,29.7,22.0,25.38,99,69,89.42,8.8,1004.82,13.7,2018,2010
2018-10-31,29.8,22.6,25.59,100,68,88.17,1.2,1005.24,10.5,2018,2010
2018-11-01,29.8,21.4,24.86,100,74,92.46,17.6,1005.34,10.5,2018,2010
2018-11-02,28.9,22.0,24.55,100,76,94.33,27.0,1005.43,8.0,2018,2010
2018-11-03,28.1,22.8,24.39,99,83,94.75,18.1,1005.34,10.4,2018,2010
2018-11-04,28.7,22.5,24.32,100,79,94.04,45.3,1005.98,12.3,2018,2010
2018-11-05,27.4,21.8,23.85,100,85,94.83,36.2,1005.58,9.4,2018,2010
2018-11-06,28.5,22.0,24.3,100,80,93.92,8.3,1004.49,8.5,2018,2010
2018-11-07,29.5,21.0,24.82,99,67,90.04,2.2,1003.33,9.2,2018,2010
2018-11-08,30.0,21.9,25.38,99,66,87.96,1.9,1003.81,9.0,2018,2010
2018-11-09,29.7,22.5,25.28,99,72,90.17,5.6,1004.72,9.2,2018,2010
2018-11-10,29.5,21.9,24.93,100,71,91.42,14.8,1004.5,7.5,2018,2010
2018-11-11,29.6,22.5,25.03,100,73,92.62,13.7,1003.48,8.0,2018,2010
2018-11-12,29.1,22.2,25.29,100,75,92.08,6.5,1003.47,8.1,2018,2010
2018-11-13,29.8,22.4,25.04,100,71,93.29,37.5,1004.52,9.9,2018,2010
2018-11-14,27.8,22.6,24.43,100,83,95.42,21.7,1004.92,7.4,2018,2010
2018-11-15,28.6,22.2,24.9,100,71,91.08,2.1,1004.8,6.8,2018,2010
2018-11-16,28.9,22.8,25.15,99,74,91.71,12.2,1004.13,6.1,2018,2010
2018-11-17,28.9,23.4,25.08,100,80,94.38,28.7,1003.95,6.2,2018,2010
2018-11-18,30.0,22.3,25.75,100,76,91.5,1.7,1004.02,10.2,2018,2010
2018-11-19,29.4,22.9,25.78,100,75,91.33,17.3,1004.0,7.1,2018,2010
2018-11-20,26.8,22.6,24.37,100,84,96.79,22.8,1004.39,8.7,2018,2010
2018-11-21,27.8,22.8,24.48,100,81,94.83,14.7,1005.92,7.7,2018,2010
2018-11-22,28.9,21.6,24.77,100,76,92.79,31.2,1005.78,11.0,2018,2010
2018-11-23,29.5,21.8,25.29,100,71,89.62,2.0,1004.71,10.8,2018,2010
2018-11-24,29.5,22.2,25.52,98,73,88.17,0.9,1003.8,7.7,2018,2010
2018-11-25,29.8,21.8,25.46,98,66,86.12,0.7,1003.91,10.7,2018,2010
2018-11-26,30.0,22.5,25.45,100,70,89.58,4.1,1005.17,8.9,2018,2010
2018-11-27,29.2,22.0,24.63,100,75,92.25,5.9,1005.85,13.7,2018,2010
2018-11-28,29.5,22.2,24.93,100,71,91.88,26.9,1005.19,9.8,2018,2010
2018-11-29,27.6,22.5,24.68,99,82,92.38,7.4,1006.0,7.9,2018,2010
2018-11-30,29.2,21.6,24.82,100,77,91.12,15.4,1006.47,8.2,2018,2010
2018-12-01,29.1,20.7,24.72,100,70,90.21,3.5,1005.46,9.3,2018,2010
2018-12-02,29.7,20.4,24.72,100,65,88.12,3.2,1005.15,9.6,2018,2010
2018-12-03,29.4,22.7,25.03,100,69,90.21,7.3,1005.4,7.7,2018,2010
2018-12-04,29.8,22.0,24.82,100,75,91.83,1.8,1005.39,7.9,2018,2010
2018-12-05,28.8,21.6,24.8,99,70,87.62,2.0,1005.75,8.8,2018,2010
2018-12-06,31.0,21.0,25.19,98,55,83.0,0.5,1005.97,7.4,2018,2010
2018-12-07,29.2,21.8,24.95,98,70,86.79,1.4,1006.9,12.3,2018,2010
2018-12-08,29.6,21.2,25.38,97,64,84.71,1.0,1006.62,8.9,2018,2010
2018-12-09,30.5,21.9,25.62,100,63,86.71,0.3,1005.52,9.7,2018,2010
2018-12-10,32.2,23.1,26.16,100,52,84.96,1.7,1005.3,9.3,2018,2010
2018-12-11,32.2,22.4,26.25,96,48,79.54,0.0,1005.97,7.6,2018,2010
2018-12-12,32.2,21.0,25.76,100,38,80.58,0.0,1005.88,6.9,2018,2010
2018-12-13,31.2,20.9,25.57,98,56,84.38,0.7,1005.82,9.4,2018,2010
2018-12-14,30.8,22.0,25.88,97,62,84.83,2.8,1006.1,8.7,2018,2010
2018-12-15,30.6,22.1,25.66,99,66,85.83,0.1,1005.8,11.9,2018,2010
2018-12-16,32.7,22.5,26.47,96,45,78.83,0.0,1005.3,8.1,2018,2010
2018-12-17,32.1,20.8,25.78,100,48,81.96,0.5,1005.68,7.4,2018,2010
2018-12-18,31.4,21.4,25.26,99,52,82.17,0.2,1005.25,11.0,2018,2010
2018-12-19,30.4,20.5,25.23,96,60,81.42,0.5,1004.98,9.4,2018,2010
2018-12-20,30.9,21.1,25.67,98,59,83.08,0.1,1005.32,10.5,2018,2010
2018-12-21,30.5,22.0,25.65,100,63,85.67,1.1,1005.08,9.7,2018,2010
2018-12-22,32.1,21.5,25.81,100,46,80.12,0.5,1004.21,18.3,2018,2010
2018-12-23,32.5,20.9,25.99,98,39,72.75,0.0,1003.86,17.1,2018,2010
2018-12-24,33.0,21.8,26.55,96,40,68.58,0.0,1003.14,9.2,2018,2010
2018-12-25,32.8,21.5,26.49,96,42,72.12,0.0,1002.12,13.5,2018,2010
2018-12-26,33.1,21.6,26.5,97,36,71.46,0.0,1001.85,14.4,2018,2010
2018-12-27,32.5,21.9,26.15,96,48,78.5,0.0,1002.41,9.9,2018,2010
2018-12-28,32.2,20.8,25.84,97,54,79.21,0.0,1002.97,10.4,2018,2010
2018-12-29,33.0,21.8,26.37,94,46,78.0,0.0,1002.96,11.6,2018,2010
2018-12-30,31.8,21.3,26.44,96,58,79.29,0.8,1002.5,9.3,2018,2010
2018-12-31,33.5,21.6,26.92,99,36,73.21,0.0,1002.06,10.1,2018,2010
2019-01-01,32.7,21.5,26.47,97,51,79.88,0.1,1000.68,9.8,2019,2010
2019-01-02,33.0,22.2,26.64,95,51,80.54,1.4,1001.5,9.2,2019,2010
2019-01-03,33.8,22.4,27.02,99,42,75.04,0.0,1002.9,10.1,2019,2010
2019-01-04,33.0,22.3,26.61,94,47,75.96,0.0,1003.8,14.2,2019,2010
2019-01-05,34.1,21.8,27.15,98,43,73.83,0.0,1004.48,7.3,2019,2010
2019-01-06,32.5,22.5,26.95,97,49,74.42,0.0,1005.2,7.1,2019,2010
2019-01-07,32.3,21.4,26.17,93,48,76.62,0.4,1006.56,14.1,2019,2010
2019-01-08,31.0,22.0,25.89,90,51,75.38,0.7,1007.45,9.9,2019,2010
2019-01-09,27.8,23.1,25.03,92,69,79.92,0.0,1007.75,8.9,2019,2010
2019-01-10,30.9,21.1,25.41,95,47,78.12,0.7,1006.85,12.6,2019,2010
2019-01-11,31.6,21.4,25.22,98,49,81.38,1.1,1006.34,13.7,2019,2010
2019-01-12,32.9,20.5,25.35,98,38,76.21,1.2,1006.31,8.9,2019,2010
2019-01-13,34.0,18.5,25.57,99,31,69.58,0.0,1005.99,11.5,2019,2010
2019-01-14,34.1,20.3,26.51,93,31,65.54,0.0,1005.32,16.1,2019,2010
2019-01-15,34.2,20.5,26.91,93,31,63.96,0.0,1004.82,17.5,2019,2010
2019-01-16,34.3,22.1,27.4,91,32,61.83,0.0,1005.66,20.0,2019,2010
2019-01-17,34.0,21.4,27.17,95,32,63.54,0.0,1005.6,13.8,2019,2010
2019-01-18,34.4,20.9,27.02,98,32,63.96,0.0,1004.64,16.5,2019,2010
2019-01-19,34.0,21.6,27.01,97,36,72.62,0.1,1004.45,9.3,2019,2010
2019-01-20,34.5,22.0,27.86,92,35,62.04,0.0,1004.71,19.5,2019,2010
2019-01-21,34.5,23.5,28.45,85,36,59.33,0.0,1004.49,19.7,2019,2010
2019-01-22,34.2,21.3,27.83,89,32,57.04,0.0,1003.55,21.6,2019,2010
2019-01-23,35.0,22.5,28.18,98,35,63.62,0.0,1003.1,15.4,2019,2010
2019-01-24,34.0,22.3,27.75,86,49,67.17,0.0,1003.28,13.8,2019,2010
2019-01-25,34.8,23.1,28.15,93,39,69.38,0.3,1004.13,10.0,2019,2010
2019-01-26,34.7,22.9,27.42,99,38,78.25,1.7,1003.25,12.3,2019,2010
2019-01-27,33.0,23.1,27.28,100,49,77.83,0.0,1004.11,15.0,2019,2010
2019-01-28,33.1,23.1,27.28,97,50,76.58,2.6,1004.84,14.9,2019,2010
2019-01-29,33.2,21.1,26.76,98,41,73.38,0.2,1004.92,16.0,2019,2010
2019-01-30,34.5,22.5,27.28,95,33,67.0,0.0,1004.66,8.9,2019,2010
2019-01-31,34.3,21.0,27.73,84,33,52.38,0.0,1005.05,20.0,2019,2010
2019-02-01,32.5,23.0,27.2,87,45,67.58,1.3,1005.77,12.8,2019,2010
2019-02-02,35.5,21.4,27.65,96,32,62.79,0.0,1004.75,12.5,2019,2010
2019-02-03,35.2,22.0,27.66,96,32,65.17,0.5,1003.15,12.4,2019,2010
2019-02-04,35.5,22.7,28.02,87,20,61.0,0.1,1003.68,13.8,2019,2010
2019-02-05,35.7,22.8,28.33,89,28,57.71,0.0,1003.23,12.9,2019,2010
2019-02-06,35.0,23.8,28.53,76,34,52.21,0.2,1003.15,17.6,2019,2010
2019-02-07,35.0,22.0,27.99,87,29,56.29,0.0,1003.38,13.6,2019,2010
2019-02-08,34.8,22.0,28.43,83,30,50.21,0.0,1003.47,25.6,2019,2010
2019-02-09,34.3,23.2,28.6,82,29,45.83,0.0,1003.79,29.5,2019,2010
2019-02-10,34.8,22.9,28.3,73,29,47.42,0.0,1003.45,29.6,2019,2010
2019-02-11,35.5,21.9,28.34,76,29,48.5,0.0,1002.97,22.3,2019,2010
2019-02-12,33.8,22.0,27.39,86,41,65.58,0.0,1004.21,15.5,2019,2010
2019-02-13,33.0,23.0,27.71,93,46,71.0,0.0,1005.37,13.3,2019,2010
2019-02-14,35.0,22.4,27.74,92,40,70.17,0.0,1004.97,15.4,2019,2010
2019-02-15,34.2,23.0,27.77,96,38,71.42,0.1,1004.82,15.6,2019,2010
2019-02-16,33.6,22.3,27.72,90,43,69.54,0.0,1005.11,15.6,2019,2010
2019-02-17,33.5,22.8,27.83,91,45,70.62,0.5,1005.56,10.4,2019,2010
2019-02-18,35.6,23.3,28.42,87,39,66.96,0.0,1005.52,14.5,2019,2010
2019-02-19,34.9,23.1,27.86,93,37,69.75,0.8,1005.34,13.3,2019,2010
2019-02-20,33.0,23.6,27.67,91,41,68.42,0.0,1004.35,10.7,2019,2010
2019-02-21,33.6,22.8,27.82,89,42,69.54,0.0,1003.78,10.6,2019,2010
2019-02-22,33.8,23.0,28.08,89,48,70.12,0.8,1004.14,14.0,2019,2010
2019-02-23,36.0,24.3,28.59,95,37,69.21,1.0,1004.73,11.3,2019,2010
2019-02-24,33.5,23.1,27.65,96,47,74.08,1.3,1004.84,12.9,2019,2010
2019-02-25,33.2,22.2,27.27,96,47,73.04,2.8,1004.56,8.4,2019,2010
2019-02-26,34.9,23.6,28.42,94,31,60.46,0.0,1004.88,25.9,2019,2010
2019-02-27,35.2,22.6,27.8,94,33,68.21,4.9,1004.83,10.5,2019,2010
2019-02-28,35.0,23.1,27.98,93,34,70.62,0.8,1004.64,14.6,2019,2010
2019-03-01,34.8,23.5,27.85,89,43,70.96,1.1,1005.52,14.0,2019,2010
2019-03-02,32.3,23.3,27.44,93,45,74.25,1.1,1005.79,12.6,2019,2010
2019-03-03,33.2,23.1,27.2,98,52,79.58,8.1,1004.8,14.9,2019,2010
2019-03-04,33.2,22.9,27.41,99,49,78.42,1.1,1004.91,12.9,2019,2010
2019-03-05,35.7,22.6,28.56,95,32,62.08,0.1,1004.86,17.8,2019,2010
2019-03-06,35.5,23.9,29.39,76,28,49.0,0.0,1004.7,27.5,2019,2010
2019-03-07,36.2,22.2,28.89,90,27,53.88,0.0,1004.6,27.6,2019,2010
2019-03-08,35.9,22.2,29.08,85,27,50.92,0.0,1002.17,30.5,2019,2010
2019-03-09,36.3,22.2,29.37,65,24,42.54,0.0,1001.65,19.7,2019,2010
2019-03-10,36.8,23.5,29.78,85,30,53.04,0.0,1003.28,17.8,2019,2010
2019-03-11,36.8,23.7,29.98,88,34,57.96,0.0,1003.22,17.4,2019,2010
2019-03-12,36.3,25.0,30.22,76,29,50.04,0.0,1002.62,28.4,2019,2010
2019-03-13,36.5,22.8,29.05,90,28,56.42,0.1,1002.79,14.8,2019,2010
2019-03-14,35.2,22.5,28.44,88,34,59.08,0.5,1003.82,13.1,2019,2010
2019-03-15,36.4,22.4,28.7,89,30,59.12,0.0,1004.26,12.9,2019,2010
2019-03-16,36.8,23.8,29.82,83,31,55.12,0.0,1003.44,25.8,2019,2010
2019-03-17,37.0,23.6,30.03,90,31,57.25,0.0,1002.44,23.7,2019,2010
2019-03-18,37.0,23.7,29.79,98,27,57.25,0.0,1003.34,17.6,2019,2010
2019-03-19,32.3,23.9,27.28,99,51,76.5,1.2,1005.42,11.6,2019,2010
2019-03-20,32.0,23.8,26.65,99,54,83.29,2.4,1005.2,8.2,2019,2010
2019-03-21,35.5,23.0,28.18,99,37,69.21,0.0,1004.56,13.3,2019,2010
2019-03-22,35.0,23.2,28.56,95,31,59.38,0.0,1005.15,22.7,2019,2010
2019-03-23,35.7,23.0,28.77,83,33,54.04,0.0,1005.47,22.3,2019,2010
2019-03-24,35.8,23.9,29.16,79,30,50.46,0.0,1005.59,16.9,2019,2010
2019-03-25,36.0,22.6,27.97,97,38,72.17,1.9,1004.32,12.9,2019,2010
2019-03-26,36.4,23.6,29.21,93,31,58.46,0.0,1003.14,21.0,2019,2010
2019-03-27,36.2,25.4,29.89,61,31,46.29,0.0,1002.92,30.3,2019,2010
2019-03-28,36.8,24.0,29.72,65,25,44.96,0.0,1005.0,17.1,2019,2010
2019-03-29,34.9,24.1,28.35,86,37,68.67,1.7,1005.5,13.8,2019,2010
2019-03-30,36.5,23.5,28.67,93,35,71.54,0.5,1003.73,9.2,2019,2010
2019-03-31,34.2,23.8,28.5,90,44,69.42,1.9,1004.25,10.1,2019,2010
2019-04-01,34.0,22.9,27.94,90,43,70.67,2.4,1005.74,14.8,2019,2010
2019-04-02,36.2,23.5,28.35,90,36,68.12,1.9,1006.0,11.9,2019,2010
2019-04-03,36.6,23.3,28.98,92,26,58.25,0.0,1006.66,21.9,2019,2010
2019-04-04,34.8,22.8,27.7,98,35,72.12,1.4,1006.58,8.8,2019,2010
2019-04-05,33.2,22.1,26.71,100,42,77.62,2.0,1005.76,15.6,2019,2010
2019-04-06,31.9,23.2,27.05,95,52,76.67,0.5,1005.88,7.9,2019,2010
2019-04-07,32.7,23.6,27.45,92,50,76.33,4.6,1005.84,10.1,2019,2010
2019-04-08,33.3,23.3,27.72,98,52,79.58,1.9,1005.11,12.4,2019,2010
2019-04-09,32.8,23.8,26.65,99,57,85.92,6.6,1005.46,16.5,2019,2010
2019-04-10,29.3,23.3,25.76,99,72,89.54,11.0,1005.64,11.5,2019,2010
2019-04-11,31.9,23.0,26.25,98,59,86.96,8.3,1004.46,11.9,2019,2010
2019-04-12,32.2,23.5,27.06,99,59,83.54,1.1,1003.79,11.4,2019,2010
2019-04-13,33.4,22.0,27.28,98,49,78.25,0.8,1003.65,12.0,2019,2010
2019-04-14,31.3,23.6,26.96,99,65,86.71,5.5,1004.3,10.4,2019,2010
2019-04-15,30.0,24.8,27.06,100,71,87.04,1.2,1004.84,9.7,2019,2010
2019-04-16,35.5,23.5,28.4,100,38,73.12,0.3,1004.5,9.5,2019,2010
2019-04-17,33.4,23.1,27.56,96,49,77.83,0.8,1004.08,12.8,2019,2010
2019-04-18,31.8,23.8,26.8,98,53,83.46,3.6,1004.11,9.7,2019,2010
2019-04-19,31.3,23.2,26.19,100,61,86.04,13.2,1005.05,12.0,2019,2010
2019-04-20,29.9,23.4,25.59,100,70,91.42,21.9,1006.43,8.4,2019,2010
2019-04-21,33.1,23.0,26.98,98,47,78.08,0.7,1006.2,8.4,2019,2010
2019-04-22,29.4,23.6,25.64,97,66,83.88,2.9,1005.87,10.5,2019,2010
2019-04-23,31.0,22.4,25.85,97,63,85.29,10.6,1005.48,10.3,2019,2010
2019-04-24,32.3,21.9,26.57,96,53,79.58,1.3,1004.96,11.2,2019,2010
2019-04-25,33.1,21.9,27.11,96,49,77.33,0.6,1004.92,13.4,2019,2010
2019-04-26,33.0,22.9,27.43,98,49,78.92,0.1,1004.98,9.7,2019,2010
2019-04-27,34.7,23.3,27.89,93,42,74.75,0.4,1003.78,11.3,2019,2010
2019-04-28,33.6,23.2,27.76,97,54,78.92,1.1,1002.67,10.5,2019,2010
2019-04-29,34.2,24.6,27.74,98,50,81.0,2.1,1002.72,10.0,2019,2010
2019-04-30,31.1,23.1,26.52,99,67,85.92,13.8,1003.6,8.7,2019,2010
2019-05-01,31.8,23.7,27.07,96,58,82.25,0.8,1003.34,9.7,2019,2010
2019-05-02,31.2,24.0,27.54,98,64,81.08,0.5,1003.17,12.3,2019,2010
2019-05-03,31.2,24.3,27.08,100,65,85.58,3.9,1003.76,9.2,2019,2010
2019-05-04,32.5,24.0,27.44,99,60,84.38,5.5,1002.96,9.4,2019,2010
2019-05-05,31.8,24.5,27.41,97,66,85.25,1.7,1002.46,8.7,2019,2010
2019-05-06,31.0,24.4,26.68,100,69,88.42,33.7,1004.07,9.0,2019,2010
2019-05-07,29.6,24.4,26.38,99,72,89.38,7.5,1004.79,11.3,2019,2010
2019-05-08,29.0,23.7,25.08,100,79,96.54,55.0,1004.64,5.9,2019,2010
2019-05-09,28.1,23.5,25.37,100,79,92.67,20.5,1004.62,11.3,2019,2010
2019-05-10,30.2,22.7,25.26,100,72,93.04,23.3,1004.84,8.4,2019,2010
2019-05-11,28.9,23.2,25.49,100,75,91.58,1.3,1004.82,7.4,2019,2010
2019-05-12,30.4,23.0,26.1,100,68,88.75,22.6,1004.77,9.3,2019,2010
2019-05-13,30.9,23.6,26.15,100,68,89.58,15.0,1005.31,9.5,2019,2010
2019-05-14,28.9,23.4,25.71,99,78,92.88,19.7,1005.61,8.7,2019,2010
2019-05-15,29.4,23.0,25.76,100,79,92.83,15.8,1005.33,9.4,2019,2010
2019-05-16,29.1,23.5,25.28,100,79,94.54,44.6,1005.75,10.9,2019,2010
2019-05-17,28.9,23.0,25.3,100,78,93.92,21.8,1005.18,9.2,2019,2010
2019-05-18,28.8,23.4,25.27,100,81,93.92,12.2,1004.98,9.5,2019,2010
2019-05-19,30.8,23.0,25.31,99,67,90.92,19.9,1004.98,7.6,2019,2010
2019-05-20,29.5,22.8,24.78,100,72,92.96,21.5,1005.05,12.6,2019,2010
2019-05-21,28.5,22.5,23.99,100,78,96.83,47.8,1004.62,9.7,2019,2010
2019-05-22,27.9,21.9,24.83,99,81,92.83,3.3,1004.77,8.9,2019,2010
2019-05-23,29.9,22.5,25.57,99,73,90.21,6.4,1005.0,8.4,2019,2010
2019-05-24,30.0,21.9,25.22,100,69,90.62,11.7,1004.94,13.1,2019,2010
2019-05-25,30.4,21.9,25.48,100,64,87.17,1.8,1004.91,8.8,2019,2010
2019-05-26,28.8,22.1,25.12,99,72,89.38,9.1,1005.28,10.2,2019,2010
2019-05-27,27.4,22.6,24.7,99,84,94.21,13.7,1005.56,15.4,2019,2010
2019-05-28,27.4,22.5,24.38,100,82,95.38,31.0,1005.37,16.3,2019,2010
2019-05-29,30.1,22.8,25.29,100,67,90.88,20.0,1005.44,12.0,2019,2010
2019-05-30,30.0,22.3,25.49,100,75,92.38,12.3,1006.25,5.9,2019,2010
2019-05-31,29.7,22.9,25.43,100,74,92.21,30.7,1006.52,7.2,2019,2010
2019-06-01,30.1,22.8,25.54,100,67,90.38,10.1,1005.68,10.6,2019,2010
2019-06-02,30.4,22.8,26.3,99,71,88.08,3.6,1004.64,10.2,2019,2010
2019-06-03,29.5,23.6,26.15,99,76,90.12,9.4,1005.33,9.6,2019,2010
2019-06-04,30.9,23.2,26.0,100,69,91.33,13.7,1005.28,8.5,2019,2010
2019-06-05,28.9,23.6,25.8,100,77,92.12,19.7,1005.15,11.5,2019,2010
2019-06-06,28.0,23.1,24.81,100,84,96.79,40.2,1005.28,7.8,2019,2010
2019-06-07,28.4,22.2,24.94,100,77,93.17,9.6,1005.4,7.3,2019,2010
2019-06-08,29.5,22.6,24.93,99,71,92.33,18.8,1005.53,8.3,2019,2010
2019-06-09,30.2,22.8,25.42,100,75,91.38,16.9,1005.7,9.4,2019,2010
2019-06-10,28.7,22.9,25.35,100,81,93.08,13.8,1005.84,8.9,2019,2010
2019-06-11,30.5,22.7,25.38,100,67,91.92,24.6,1005.7,8.4,2019,2010
2019-06-12,26.9,23.5,24.9,99,89,96.5,21.5,1006.6,6.7,2019,2010
2019-06-13,28.2,23.0,25.0,100,80,95.0,20.8,1006.83,6.0,2019,2010
2019-06-14,30.0,22.9,25.51,100,73,91.62,11.1,1006.54,6.7,2019,2010
2019-06-15,29.5,23.4,25.88,99,82,92.62,14.1,1005.93,8.0,2019,2010
2019-06-16,29.6,24.2,26.57,99,78,90.92,1.9,1004.33,8.4,2019,2010
2019-06-17,30.5,24.3,27.3,99,74,87.96,0.4,1003.06,8.8,2019,2010
2019-06-18,31.2,24.5,27.4,100,72,88.96,7.6,1003.05,6.6,2019,2010
2019-06-19,30.8,24.1,27.02,99,76,90.46,4.9,1003.21,7.2,2019,2010
2019-06-20,28.4,23.9,25.81,100,82,93.75,20.0,1004.24,11.5,2019,2010
2019-06-21,29.7,23.9,26.18,100,75,92.25,10.8,1005.09,7.6,2019,2010
2019-06-22,30.0,24.2,26.39,99,76,90.54,11.3,1005.38,8.8,2019,2010
2019-06-23,29.2,23.5,25.58,100,80,94.04,31.0,1005.93,10.9,2019,2010
2019-06-24,29.1,23.1,25.33,100,75,93.96,9.7,1006.08,9.7,2019,2010
2019-06-25,30.0,22.9,26.1,100,76,91.17,9.2,1005.46,9.7,2019,2010
2019-06-26,29.8,24.2,26.62,99,72,87.21,0.5,1003.5,7.8,2019,2010
2019-06-27,29.0,23.8,26.06,97,75,88.29,5.3,1002.6,7.7,2019,2010
2019-06-28,29.1,22.9,25.65,98,75,90.08,20.0,1002.82,8.5,2019,2010
2019-06-29,29.6,23.6,25.69,100,72,91.08,20.1,1004.52,12.3,2019,2010
2019-06-30,30.0,22.5,25.5,100,71,92.08,10.9,1005.16,8.1,2019,2010
2019-07-01,29.9,23.2,25.53,99,76,93.33,13.3,1005.74,7.3,2019,2010
2019-07-02,27.0,23.5,24.9,100,83,94.67,10.6,1005.49,7.1,2019,2010
2019-07-03,28.6,23.1,25.59,99,80,91.96,11.8,1004.07,7.6,2019,2010
2019-07-04,32.5,23.5,26.83,98,52,84.83,0.7,1003.58,11.5,2019,2010
2019-07-05,32.5,23.2,26.8,100,44,81.88,0.1,1004.98,10.6,2019,2010
2019-07-06,31.5,22.9,26.08,99,64,88.04,9.0,1005.32,10.2,2019,2010
2019-07-07,29.9,23.2,25.62,100,75,92.54,21.7,1005.58,10.8,2019,2010
2019-07-08,28.6,23.2,25.27,100,79,93.25,16.2,1006.46,9.4,2019,2010
2019-07-09,27.9,21.8,24.43,100,77,94.0,18.8,1007.85,10.3,2019,2010
2019-07-10,30.4,22.1,25.43,100,70,90.88,6.1,1006.45,8.4,2019,2010
2019-07-11,28.9,23.0,25.55,99,74,90.54,12.7,1005.1,6.6,2019,2010
2019-07-12,27.8,23.0,24.97,100,80,94.0,12.3,1004.11,9.5,2019,2010
2019-07-13,27.0,22.6,24.38,100,89,95.75,23.3,1004.68,6.5,2019,2010
2019-07-14,27.9,22.4,24.11,100,84,95.92,76.1,1005.16,6.6,2019,2010
2019-07-15,29.4,22.8,24.91,100,67,90.33,32.1,1005.51,6.9,2019,2010
2019-07-16,29.5,23.4,25.99,96,72,87.79,1.8,1005.05,8.7,2019,2010
2019-07-17,30.2,23.2,26.47,100,70,87.5,1.2,1004.93,8.7,2019,2010
2019-07-18,29.1,23.6,25.79,100,76,92.21,10.5,1004.68,7.1,2019,2010
2019-07-19,29.4,23.1,26.22,100,75,89.75,4.4,1003.88,9.5,2019,2010
2019-07-20,30.8,23.6,27.02,99,73,86.92,1.4,1002.65,7.5,2019,2010
2019-07-21,29.5,24.0,26.14,100,77,90.58,2.9,1003.65,9.3,2019,2010
2019-07-22,27.5,22.9,24.82,100,83,94.25,18.5,1005.73,11.5,2019,2010
2019-07-23,27.7,23.0,24.72,100,79,93.5,21.5,1006.98,9.5,2019,2010
2019-07-24,29.4,23.0,24.96,100,72,92.75,17.1,1007.24,7.6,2019,2010
2019-07-25,28.0,22.5,24.35,100,77,95.62,24.4,1006.78,7.2,2019,2010
2019-07-26,29.1,22.2,25.29,98,77,91.21,2.5,1006.44,7.8,2019,2010
2019-07-27,30.0,22.4,25.94,98,68,88.29,4.1,1006.36,9.7,2019,2010
2019-07-28,30.3,23.2,26.42,96,70,86.29,0.4,1005.64,8.2,2019,2010
2019-07-29,29.8,23.1,26.33,99,71,85.46,3.5,1004.66,10.7,2019,2010
2019-07-30,29.9,23.1,26.36,99,68,87.71,2.8,1004.81,10.2,2019,2010
2019-07-31,31.0,22.2,26.07,100,65,87.46,4.5,1004.45,9.2,2019,2010
2019-08-01,29.5,23.4,25.99,100,77,91.29,8.1,1004.63,10.7,2019,2010
2019-08-02,29.2,22.8,24.96,100,79,93.92,38.3,1005.06,9.6,2019,2010
2019-08-03,28.8,22.9,25.18,100,74,93.58,16.3,1005.46,11.6,2019,2010
2019-08-04,29.5,23.0,25.64,100,79,93.17,10.2,1005.66,8.3,2019,2010
2019-08-05,29.8,24.2,26.34,99,76,89.75,3.2,1005.46,9.6,2019,2010
2019-08-06,27.9,23.8,25.08,100,82,95.25,32.9,1006.05,8.4,2019,2010
2019-08-07,27.5,22.5,24.55,100,83,94.25,15.4,1007.29,8.2,2019,2010
2019-08-08,29.6,21.8,25.22,100,73,90.83,8.2,1007.25,8.1,2019,2010
2019-08-09,30.1,22.5,25.59,100,72,90.46,3.0,1006.04,8.8,2019,2010
2019-08-10,29.3,22.3,25.62,100,82,93.12,3.8,1004.87,8.0,2019,2010
2019-08-11,29.5,24.0,26.26,100,75,90.0,17.4,1004.88,8.9,2019,2010
2019-08-12,29.9,24.2,26.04,100,74,91.96,6.2,1004.08,11.0,2019,2010
2019-08-13,29.5,23.2,25.83,99,81,91.67,9.2,1003.75,11.0,2019,2010
2019-08-14,26.9,23.4,25.06,100,84,96.08,32.3,1004.4,8.9,2019,2010
2019-08-15,26.8,23.3,24.42,100,85,96.96,20.2,1006.99,8.4,2019,2010
2019-08-16,28.6,22.2,24.77,100,74,91.5,17.5,1008.07,12.6,2019,2010
2019-08-17,28.7,22.0,24.67,99,70,92.42,19.7,1007.23,9.7,2019,2010
2019-08-18,30.5,21.8,25.22,100,68,89.75,7.0,1005.42,10.1,2019,2010
2019-08-19,28.9,22.3,25.04,100,79,92.71,13.8,1005.12,10.2,2019,2010
2019-08-20,29.0,22.7,24.89,100,82,93.54,19.9,1005.85,10.4,2019,2010
2019-08-21,29.9,22.5,25.79,100,72,89.62,4.3,1006.03,8.8,2019,2010
2019-08-22,30.8,23.4,26.17,100,67,89.96,7.0,1006.22,7.6,2019,2010
2019-08-23,29.6,23.5,26.05,100,77,91.33,2.5,1005.75,8.7,2019,2010
2019-08-24,30.4,23.1,26.2,100,71,89.21,2.5,1005.49,7.7,2019,2010
2019-08-25,29.9,22.8,25.79,100,76,91.25,6.7,1004.93,11.2,2019,2010
2019-08-26,30.4,23.7,26.32,100,73,90.67,3.7,1003.87,7.4,2019,2010
2019-08-27,30.5,23.1,26.76,100,73,86.96,1.2,1003.29,9.4,2019,2010
2019-08-28,30.7,24.0,26.21,99,69,89.12,2.6,1004.2,9.9,2019,2010
2019-08-29,28.6,22.8,25.22,100,79,92.83,16.6,1004.88,7.7,2019,2010
2019-08-30,28.8,22.8,25.06,100,79,94.12,6.8,1005.33,6.4,2019,2010
2019-08-31,29.5,23.2,25.54,100,76,91.92,10.1,1005.22,11.2,2019,2010
2019-09-01,29.6,22.8,25.42,100,73,92.75,15.6,1005.23,8.9,2019,2010
2019-09-02,30.3,22.5,25.85,99,69,89.62,2.1,1004.19,8.7,2019,2010
2019-09-03,28.9,23.6,25.34,99,79,92.67,18.2,1003.77,8.1,2019,2010
2019-09-04,29.9,22.5,25.11,100,68,91.79,15.5,1005.55,15.3,2019,2010
2019-09-05,28.8,22.5,25.18,100,79,91.42,13.5,1006.38,9.9,2019,2010
2019-09-06,29.9,23.0,25.33,99,72,92.21,22.1,1006.01,10.1,2019,2010
2019-09-07,28.7,22.9,25.07,100,80,94.0,16.5,1005.9,7.2,2019,2010
2019-09-08,27.9,23.0,25.08,100,80,92.96,7.5,1006.78,12.6,2019,2010
2019-09-09,30.5,22.0,25.33,100,67,90.08,6.5,1006.58,9.7,2019,2010
2019-09-10,30.6,21.9,26.38,98,68,85.58,0.6,1005.19,7.6,2019,2010
2019-09-11,31.1,23.6,26.35,100,72,89.54,14.4,1003.89,11.6,2019,2010
2019-09-12,26.5,23.4,24.63,100,88,97.21,63.6,1003.43,10.2,2019,2010
2019-09-13,26.5,23.0,24.85,99,87,95.0,23.6,1004.35,9.0,2019,2010
2019-09-14,27.9,23.3,25.26,100,80,92.62,20.6,1004.8,8.9,2019,2010
2019-09-15,27.9,22.5,24.45,100,82,96.38,46.9,1005.38,9.1,2019,2010
2019-09-16,28.6,22.0,24.74,100,75,92.17,10.0,1006.32,10.4,2019,2010
2019-09-17,30.1,23.2,25.45,100,72,92.29,13.1,1006.53,6.5,2019,2010
2019-09-18,30.0,22.6,25.25,100,70,91.92,18.9,1005.91,9.6,2019,2010
2019-09-19,27.9,22.6,24.46,100,79,95.29,15.3,1005.37,6.7,2019,2010
2019-09-20,29.5,21.8,24.81,100,73,91.88,21.2,1005.62,11.2,2019,2010
2019-09-21,27.9,23.1,24.71,99,81,93.46,9.7,1006.99,10.6,2019,2010
2019-09-22,30.2,22.5,25.06,98,69,90.71,9.4,1006.75,9.1,2019,2010
2019-09-23,29.1,23.0,25.08,100,76,92.62,12.4,1006.62,7.2,2019,2010
2019-09-24,30.1,22.9,25.42,100,69,91.0,5.5,1006.4,9.2,2019,2010
2019-09-25,29.5,22.9,25.11,100,77,92.75,16.4,1006.6,14.8,2019,2010
2019-09-26,29.9,22.0,24.92,100,65,91.88,17.1,1005.77,15.9,2019,2010
2019-09-27,29.0,22.0,24.67,100,71,92.04,6.5,1005.9,11.7,2019,2010
2019-09-28,29.5,22.0,24.77,100,76,92.62,10.2,1006.81,9.2,2019,2010
2019-09-29,29.9,21.1,24.74,100,71,91.92,2.5,1005.37,9.4,2019,2010
2019-09-30,26.9,22.5,24.32,100,83,93.21,10.1,1004.55,6.6,2019,2010
2019-10-01,28.5,22.0,23.87,100,82,95.88,29.0,1004.66,16.2,2019,2010
2019-10-02,28.1,21.5,24.22,100,77,93.21,14.0,1004.91,8.8,2019,2010
2019-10-03,26.8,21.9,24.41,99,84,93.38,12.8,1006.25,10.2,2019,2010
2019-10-04,29.5,22.2,24.64,99,73,92.71,13.7,1006.74,9.7,2019,2010
2019-10-05,28.5,22.7,24.58,100,78,94.5,16.2,1006.38,13.0,2019,2010
2019-10-06,30.2,21.4,24.54,99,66,91.58,14.2,1005.2,9.9,2019,2010
2019-10-07,29.0,21.9,24.6,100,73,92.58,10.5,1004.58,11.0,2019,2010
2019-10-08,28.2,22.7,24.65,100,76,92.79,16.8,1004.62,8.2,2019,2010
2019-10-09,28.8,22.6,24.96,100,78,92.62,13.4,1004.36,8.0,2019,2010
2019-10-10,29.0,22.5,24.75,100,78,94.29,6.1,1003.66,10.5,2019,2010
2019-10-11,29.2,21.2,24.61,100,70,91.96,4.2,1003.59,10.2,2019,2010
2019-10-12,28.3,22.4,24.2,100,73,94.04,19.8,1003.77,14.2,2019,2010
2019-10-13,26.2,22.6,23.65,100,86,96.92,17.6,1005.04,9.0,2019,2010
2019-10-14,28.1,22.4,23.85,100,82,95.5,26.0,1005.99,12.4,2019,2010
2019-10-15,27.7,22.1,24.53,100,81,93.42,8.1,1006.66,7.1,2019,2010
2019-10-16,30.0,21.2,25.06,99,68,89.67,3.3,1006.5,7.2,2019,2010
2019-10-17,29.4,22.2,25.1,100,74,91.5,14.7,1006.34,8.9,2019,2010
2019-10-18,29.8,22.4,24.77,100,71,91.71,15.6,1006.08,8.4,2019,2010
2019-10-19,28.4,21.8,24.27,100,79,94.12,23.4,1005.88,10.5,2019,2010
2019-10-20,25.4,22.1,23.38,100,89,96.58,67.9,1006.6,8.3,2019,2010
2019-10-21,27.5,21.6,24.18,100,75,92.92,25.1,1007.24,11.6,2019,2010
2019-10-22,29.4,21.7,24.48,100,69,92.62,18.0,1006.31,8.4,2019,2010
2019-10-23,29.8,21.6,24.52,100,75,93.46,12.1,1004.59,8.0,2019,2010
2019-10-24,28.7,22.4,24.57,100,78,94.21,13.3,1004.39,12.7,2019,2010
2019-10-25,27.3,22.0,23.9,100,80,94.96,24.3,1004.95,10.2,2019,2010
2019-10-26,26.4,22.0,24.24,100,84,94.0,5.8,1005.01,9.6,2019,2010
2019-10-27,30.0,21.8,24.99,100,70,91.12,5.6,1004.18,7.9,2019,2010
2019-10-28,28.5,23.0,25.12,100,82,93.92,12.3,1004.14,8.6,2019,2010
2019-10-29,27.8,23.4,25.0,100,80,94.62,18.6,1003.99,8.2,2019,2010
2019-10-30,29.5,22.9,25.05,99,71,91.88,11.7,1004.41,10.7,2019,2010
2019-10-31,28.4,22.8,24.72,99,80,93.71,19.5,1005.18,10.8,2019,2010
2019-11-01,28.0,22.5,24.47,100,87,96.42,23.5,1005.93,7.4,2019,2010
2019-11-02,29.6,22.4,25.16,98,74,91.12,11.4,1004.85,8.4,2019,2010
2019-11-03,25.7,22.6,23.93,100,94,98.33,15.3,1003.96,7.1,2019,2010
2019-11-04,29.5,21.4,25.17,100,69,88.71,1.1,1003.48,8.5,2019,2010
2019-11-05,30.8,21.9,25.64,99,63,87.17,11.7,1003.43,11.4,2019,2010
2019-11-06,26.6,22.0,24.22,99,85,95.0,19.9,1003.86,7.6,2019,2010
2019-11-07,29.9,21.6,25.12,100,72,91.83,16.8,1002.54,9.8,2019,2010
2019-11-08,30.0,23.6,25.86,98,76,91.71,4.3,1001.57,8.2,2019,2010
2019-11-09,29.0,23.1,25.04,100,79,94.33,10.0,1003.1,10.8,2019,2010
2019-11-10,26.3,22.7,24.45,100,86,95.71,19.5,1004.77,9.6,2019,2010
2019-11-11,28.6,22.9,24.54,100,83,95.88,71.9,1004.8,7.8,2019,2010
2019-11-12,27.5,22.5,24.59,100,80,94.83,21.9,1004.58,7.2,2019,2010
2019-11-13,27.8,22.7,24.5,100,80,93.62,19.0,1005.92,8.7,2019,2010
2019-11-14,28.8,22.5,24.35,100,79,93.54,16.5,1006.7,13.5,2019,2010
2019-11-15,29.0,21.6,24.42,100,73,93.83,28.6,1006.38,8.8,2019,2010
2019-11-16,28.4,22.3,24.71,100,77,92.58,12.5,1004.84,7.9,2019,2010
2019-11-17,29.0,22.2,24.56,100,74,92.67,6.0,1003.85,9.2,2019,2010
2019-11-18,28.1,22.6,24.39,100,77,94.71,19.3,1004.52,11.5,2019,2010
2019-11-19,26.6,22.8,24.19,100,82,94.88,33.1,1006.03,10.2,2019,2010
2019-11-20,28.9,22.1,24.96,100,76,90.75,1.9,1006.53,8.7,2019,2010
2019-11-21,29.5,20.7,24.75,99,66,87.71,1.5,1006.05,9.8,2019,2010
2019-11-22,29.8,22.0,25.11,99,66,87.92,4.0,1006.01,11.5,2019,2010
2019-11-23,30.2,21.8,25.07,100,68,89.04,0.9,1005.72,6.7,2019,2010
2019-11-24,30.1,20.9,25.11,100,65,87.79,0.8,1004.48,7.3,2019,2010
2019-11-25,30.2,23.0,25.63,98,69,86.17,1.9,1002.46,9.6,2019,2010
2019-11-26,30.0,23.1,26.08,96,68,85.33,0.6,1001.76,8.9,2019,2010
2019-11-27,31.1,23.1,26.32,99,68,88.67,4.3,1002.94,8.7,2019,2010
2019-11-28,29.7,23.4,25.34,99,72,91.67,12.8,1005.01,9.4,2019,2010
2019-11-29,28.1,22.8,24.77,100,80,94.38,15.6,1005.38,7.6,2019,2010
2019-11-30,31.5,22.6,25.65,99,59,87.71,9.0,1003.78,13.5,2019,2010
2019-12-01,30.3,22.5,25.7,98,66,87.79,1.1,1003.98,9.4,2019,2010
2019-12-02,30.4,22.4,25.56,98,66,87.88,1.8,1005.41,10.4,2019,2010
2019-12-03,29.6,22.1,25.45,100,69,88.92,2.2,1005.41,9.4,2019,2010
2019-12-04,30.0,21.5,25.27,100,71,90.38,7.2,1005.15,8.0,2019,2010
2019-12-05,29.2,22.5,24.55,100,71,92.42,40.1,1005.52,10.0,2019,2010
2019-12-06,25.4,22.0,23.81,100,94,97.21,37.8,1006.98,7.2,2019,2010
2019-12-07,28.7,21.6,24.44,100,76,93.04,7.9,1007.82,8.4,2019,2010
2019-12-08,29.5,21.5,25.05,100,68,88.21,0.8,1006.04,8.2,2019,2010
2019-12-09,29.3,21.5,25.34,100,73,87.12,0.9,1004.22,8.8,2019,2010
2019-12-10,30.4,21.6,25.55,99,66,87.92,1.5,1004.36,7.9,2019,2010
2019-12-11,28.4,22.7,25.14,99,77,90.92,2.6,1005.26,9.7,2019,2010
2019-12-12,28.4,22.4,25.05,98,76,89.04,1.4,1004.88,11.5,2019,2010
2019-12-13,28.8,21.6,24.82,100,70,88.67,1.9,1004.17,9.2,2019,2010
2019-12-14,29.1,20.6,24.64,98,68,88.12,1.8,1005.14,9.4,2019,2010
2019-12-15,30.0,20.8,24.9,98,64,87.5,0.7,1005.22,9.7,2019,2010
2019-12-16,30.2,21.2,25.48,98,68,86.58,0.4,1004.26,7.2,2019,2010
2019-12-17,30.9,21.8,25.57,99,65,88.67,14.7,1002.77,9.2,2019,2010
2019-12-18,29.4,22.4,24.92,99,70,92.21,6.5,1002.88,10.2,2019,2010
2019-12-19,27.2,22.7,24.85,100,80,92.58,3.1,1003.47,9.7,2019,2010
2019-12-20,29.0,23.0,25.35,99,77,89.79,5.3,1003.86,7.5,2019,2010
2019-12-21,28.9,23.2,25.69,99,80,90.5,22.9,1003.4,8.1,2019,2010
2019-12-22,27.5,23.5,24.92,100,84,96.46,70.4,1003.71,8.2,2019,2010
2019-12-23,28.9,22.7,25.28,99,75,92.58,12.6,1003.84,6.2,2019,2010
2019-12-24,30.0,22.8,25.93,98,71,87.75,1.5,1003.33,8.6,2019,2010
2019-12-25,29.5,23.1,25.79,98,75,90.54,7.1,1002.75,8.4,2019,2010
2019-12-26,28.2,23.5,25.6,100,82,92.71,11.0,1002.73,9.2,2019,2010
2019-12-27,29.3,23.5,26.12,98,76,87.79,1.6,1004.19,7.7,2019,2010
2019-12-28,30.3,23.5,26.32,98,70,87.54,0.8,1003.64,8.7,2019,2010
2019-12-29,29.6,23.8,26.09,100,75,91.0,5.1,1003.42,7.9,2019,2010
2019-12-30,28.9,23.3,25.54,100,76,91.62,2.6,1004.73,7.0,2019,2010
2019-12-31,28.8,23.4,25.3,100,74,89.58,1.9,1005.71,8.3,2019,2010
2020-01-01,30.0,22.0,25.4,96,65,85.29,0.5,1005.25,9.1,2020,2020
2020-01-02,30.1,21.4,24.96,99,62,87.42,8.0,1005.78,9.2,2020,2020
2020-01-03,30.1,21.5,25.38,99,64,88.21,1.5,1007.08,7.2,2020,2020
2020-01-04,30.1,21.4,25.4,100,67,88.92,0.6,1007.99,10.7,2020,2020
2020-01-05,32.8,22.2,26.4,100,34,79.96,0.1,1007.92,20.1,2020,2020
2020-01-06,32.4,22.1,25.98,99,44,82.04,0.1,1006.42,12.3,2020,2020
2020-01-07,31.8,20.4,25.68,97,47,77.0,0.0,1005.96,11.0,2020,2020
2020-01-08,32.5,21.2,25.99,99,48,81.12,0.0,1005.2,16.9,2020,2020
2020-01-09,33.5,21.7,26.89,97,45,73.83,0.0,1003.82,19.5,2020,2020
2020-01-10,33.0,20.6,26.47,96,43,72.96,0.0,1001.7,15.6,2020,2020
2020-01-11,31.9,22.5,26.4,99,60,84.29,0.6,1002.76,12.5,2020,2020
2020-01-12,33.8,22.3,27.1,97,44,75.38,0.0,1002.77,12.1,2020,2020
2020-01-13,33.5,22.0,27.19,96,46,75.62,0.0,1002.52,10.4,2020,2020
2020-01-14,33.2,22.2,26.98,97,44,75.33,0.0,1001.9,16.1,2020,2020
2020-01-15,33.3,21.7,26.81,100,42,75.79,0.0,1002.37,11.6,2020,2020
2020-01-16,33.8,22.2,26.93,100,42,78.12,0.0,1002.62,7.4,2020,2020
2020-01-17,34.3,22.9,27.63,99,46,78.96,0.0,1001.65,9.3,2020,2020
2020-01-18,34.5,24.5,28.27,96,46,77.88,0.0,1001.93,10.4,2020,2020
2020-01-19,33.4,24.5,27.55,95,50,81.08,1.8,1002.94,10.5,2020,2020
2020-01-20,29.7,23.8,26.28,100,72,88.67,1.8,1005.19,11.3,2020,2020
2020-01-21,29.1,23.4,25.92,100,73,88.67,0.7,1006.2,9.7,2020,2020
2020-01-22,29.8,23.0,25.82,97,65,85.58,2.0,1006.45,8.9,2020,2020
2020-01-23,29.0,22.9,25.24,100,73,90.0,17.0,1006.33,10.4,2020,2020
2020-01-24,30.5,22.0,25.57,100,64,89.58,7.3,1006.27,7.8,2020,2020
2020-01-25,31.0,22.8,26.09,100,61,85.92,3.1,1006.62,8.3,2020,2020
2020-01-26,30.2,22.9,25.62,99,62,85.75,6.2,1007.5,10.2,2020,2020
2020-01-27,29.3,21.8,24.76,99,63,87.17,11.6,1008.11,12.4,2020,2020
2020-01-28,28.0,22.7,24.58,100,74,93.08,68.8,1007.52,7.7,2020,2020
2020-01-29,29.5,22.2,25.22,100,67,88.54,9.8,1006.7,7.5,2020,2020
2020-01-30,29.9,23.1,25.84,100,67,88.62,2.6,1005.54,11.1,2020,2020
2020-01-31,31.3,21.1,25.53,99,60,84.08,0.5,1005.27,9.5,2020,2020
2020-02-01,31.5,21.1,25.84,97,58,81.96,0.9,1005.91,13.0,2020,2020
2020-02-02,33.1,22.6,27.07,100,47,75.42,0.0,1004.85,28.0,2020,2020
2020-02-03,33.2,22.0,27.08,98,41,73.17,0.0,1005.0,11.5,2020,2020
2020-02-04,34.0,22.6,27.22,98,40,78.67,0.1,1005.22,11.4,2020,2020
2020-02-05,32.6,23.1,26.7,99,54,83.96,1.2,1004.14,12.6,2020,2020
2020-02-06,32.0,21.4,25.9,99,56,83.83,1.5,1003.99,10.4,2020,2020
2020-02-07,30.9,21.4,25.64,99,65,87.96,4.2,1005.22,10.3,2020,2020
2020-02-08,33.4,21.7,26.75,99,40,78.46,0.1,1006.14,7.3,2020,2020
2020-02-09,33.3,22.2,26.9,95,38,66.0,0.0,1005.58,21.4,2020,2020
2020-02-10,34.5,20.1,26.3,97,41,72.46,0.0,1003.51,11.0,2020,2020
2020-02-11,33.6,21.4,26.82,98,47,78.88,0.1,1003.75,11.3,2020,2020
2020-02-12,33.8,22.1,27.05,98,47,79.38,0.4,1003.42,8.7,2020,2020
2020-02-13,34.0,23.2,27.24,96,42,78.54,1.0,1003.14,12.8,2020,2020
2020-02-14,34.2,22.5,27.45,97,41,72.12,0.0,1003.55,12.5,2020,2020
2020-02-15,34.7,21.5,27.27,97,37,70.21,0.0,1003.18,13.7,2020,2020
2020-02-16,34.5,22.4,28.05,96,39,66.75,0.0,1002.12,23.2,2020,2020
2020-02-17,34.5,22.4,28.04,96,39,68.71,0.0,1000.6,13.2,2020,2020
2020-02-18,35.0,22.6,28.07,96,41,72.79,0.0,1000.78,6.4,2020,2020
2020-02-19,35.8,22.9,28.39,99,38,72.83,0.0,1002.36,9.5,2020,2020
2020-02-20,33.5,24.1,27.6,97,48,79.17,1.2,1003.81,9.4,2020,2020
2020-02-21,34.3,23.5,27.66,100,37,73.5,0.4,1005.99,8.3,2020,2020
2020-02-22,34.9,22.4,27.62,98,33,69.21,0.0,1006.39,14.7,2020,2020
2020-02-23,34.8,21.6,27.56,94,31,60.17,0.0,1005.61,13.5,2020,2020
2020-02-24,32.5,21.9,26.4,97,51,79.04,0.0,1005.52,13.9,2020,2020
2020-02-25,32.6,21.4,26.2,100,46,78.5,2.0,1005.93,14.9,2020,2020
2020-02-26,31.4,23.5,26.36,99,59,84.79,4.9,1007.18,11.4,2020,2020
2020-02-27,31.3,22.0,25.9,99,57,84.5,1.1,1007.16,12.7,2020,2020
2020-02-28,35.2,21.0,27.38,99,33,66.12,0.0,1005.98,23.4,2020,2020
2020-02-29,34.7,21.7,27.88,96,35,64.75,0.0,1005.98,22.0,2020,2020
2020-03-01,35.5,21.2,27.77,96,26,62.96,0.0,1005.49,19.7,2020,2020
2020-03-02,35.5,21.2,27.4,95,23,68.04,0.0,1004.78,8.6,2020,2020
2020-03-03,34.6,21.9,27.31,97,40,72.0,0.2,1004.28,12.3,2020,2020
2020-03-04,34.2,22.4,27.52,92,43,72.46,0.2,1004.31,13.3,2020,2020
2020-03-05,35.5,22.2,28.23,94,37,67.67,0.0,1004.5,14.8,2020,2020
2020-03-06,35.6,23.2,28.78,94,35,60.12,0.0,1005.2,13.4,2020,2020
2020-03-07,35.7,23.4,28.71,95,32,57.92,0.0,1004.76,14.3,2020,2020
2020-03-08,35.1,21.6,28.86,87,28,50.12,0.0,1004.08,25.0,2020,2020
2020-03-09,35.8,22.7,29.06,87,30,52.5,0.0,1004.49,31.6,2020,2020
2020-03-10,37.0,22.3,29.03,97,27,56.29,0.0,1005.4,17.7,2020,2020
2020-03-11,37.0,21.8,28.5,97,24,58.46,0.0,1004.3,16.1,2020,2020
2020-03-12,35.2,22.5,28.11,88,34,63.42,0.2,1003.2,8.0,2020,2020
2020-03-13,33.2,22.9,27.61,93,46,73.08,1.9,1005.51,12.5,2020,2020
2020-03-14,35.7,23.0,28.28,94,31,65.08,0.3,1006.81,10.5,2020,2020
2020-03-15,35.9,22.4,28.44,94,31,59.46,0.0,1006.29,10.5,2020,2020
2020-03-16,36.0,23.3,28.84,89,24,54.46,0.0,1005.55,20.5,2020,2020
2020-03-17,35.7,22.6,28.74,99,31,58.54,0.1,1006.08,14.0,2020,2020
2020-03-18,36.2,22.9,29.11,91,29,49.96,0.0,1005.81,16.9,2020,2020
2020-03-19,35.8,21.8,28.2,96,28,65.96,0.0,1006.56,7.5,2020,2020
2020-03-20,35.7,22.8,28.21,88,30,61.21,0.7,1007.98,11.9,2020,2020
2020-03-21,35.5,21.5,28.24,78,29,52.42,0.0,1006.78,22.8,2020,2020
2020-03-22,35.8,21.8,28.59,90,28,54.62,0.0,1005.51,15.3,2020,2020
2020-03-23,35.6,22.2,28.84,81,31,54.38,0.0,1006.45,16.4,2020,2020
2020-03-24,35.6,22.5,28.06,97,33,70.17,0.6,1006.31,9.7,2020,2020
2020-03-25,35.2,22.7,27.83,95,35,70.42,0.2,1004.78,13.7,2020,2020
2020-03-26,34.1,22.2,27.41,94,38,73.62,1.2,1004.3,14.1,2020,2020
2020-03-27,35.0,21.7,27.53,96,34,66.58,0.0,1003.24,16.9,2020,2020
2020-03-28,35.5,22.0,27.95,95,31,65.5,0.0,1003.54,9.6,2020,2020
2020-03-29,36.3,22.4,28.41,88,28,61.71,0.0,1004.3,9.3,2020,2020
2020-03-30,36.0,23.1,27.94,94,30,71.67,0.5,1004.5,15.0,2020,2020
2020-03-31,34.0,23.5,27.65,99,43,78.08,1.6,1004.19,12.0,2020,2020
2020-04-01,32.0,23.6,26.79,99,53,82.75,5.1,1004.69,13.9,2020,2020
2020-04-02,30.5,23.4,26.44,99,66,86.83,1.9,1005.37,9.9,2020,2020
2020-04-03,32.7,23.5,27.7,99,53,79.29,0.1,1003.88,10.0,2020,2020
2020-04-04,35.0,22.0,27.92,97,42,75.79,0.6,1002.91,13.5,2020,2020
2020-04-05,34.5,23.9,28.25,99,48,79.83,0.3,1003.75,13.5,2020,2020
2020-04-06,36.0,24.7,28.58,99,37,77.17,0.6,1004.43,15.4,2020,2020
2020-04-07,36.7,24.0,29.3,98,37,72.79,0.8,1004.66,11.6,2020,2020
2020-04-08,33.5,24.8,28.08,99,55,82.46,5.2,1004.14,11.1,2020,2020
2020-04-09,35.5,24.2,28.46,100,44,78.46,1.6,1003.97,12.8,2020,2020
2020-04-10,33.4,24.2,28.26,100,53,81.46,1.8,1004.07,13.1,2020,2020
2020-04-11,33.7,23.7,28.14,100,49,79.58,0.8,1005.0,11.6,2020,2020
2020-04-12,33.0,24.2,27.16,99,53,84.75,11.2,1006.57,11.3,2020,2020
2020-04-13,31.5,23.5,25.71,100,66,91.96,20.2,1007.43,10.5,2020,2020
2020-04-14,29.4,23.0,24.92,100,69,93.08,32.7,1007.24,9.8,2020,2020
2020-04-15,29.5,22.4,25.07,100,78,92.92,16.8,1006.03,6.9,2020,2020
2020-04-16,31.1,22.8,26.52,99,63,80.38,1.9,1006.32,16.2,2020,2020
2020-04-17,34.6,21.0,26.69,98,35,75.88,0.0,1006.48,9.4,2020,2020
2020-04-18,31.9,23.2,26.76,98,54,84.46,1.7,1007.07,13.5,2020,2020
2020-04-19,32.2,21.1,26.35,98,42,79.79,0.2,1006.5,8.8,2020,2020
2020-04-20,32.2,22.1,26.8,99,57,80.71,0.6,1006.05,10.5,2020,2020
2020-04-21,32.3,23.7,26.23,100,61,88.17,9.9,1006.7,9.0,2020,2020
2020-04-22,31.0,22.8,26.28,99,63,85.75,1.3,1006.57,8.7,2020,2020
2020-04-23,30.0,23.3,25.77,99,68,89.67,19.6,1006.43,9.7,2020,2020
2020-04-24,30.2,22.9,25.57,99,69,91.62,14.6,1006.16,10.8,2020,2020
2020-04-25,29.9,23.2,25.66,99,71,91.21,11.9,1005.97,10.5,2020,2020
2020-04-26,31.0,22.1,26.1,99,63,86.5,1.1,1005.55,9.7,2020,2020
2020-04-27,30.6,22.9,26.01,96,73,87.88,10.3,1006.05,5.9,2020,2020
2020-04-28,28.0,23.1,25.34,98,81,92.21,21.0,1005.93,8.7,2020,2020
2020-04-29,30.6,22.5,25.62,100,69,90.58,14.7,1005.63,12.2,2020,2020
2020-04-30,30.9,23.2,25.62,99,69,92.17,19.2,1006.11,17.1,2020,2020
2020-05-01,31.0,22.9,25.99,100,65,90.54,6.1,1006.43,8.5,2020,2020
2020-05-02,31.2,23.2,26.38,99,70,88.58,7.0,1006.02,10.4,2020,2020
2020-05-03,32.7,23.2,26.74,98,56,84.04,1.8,1004.91,10.1,2020,2020
2020-05-04,32.4,24.2,26.97,100,59,85.12,0.6,1003.85,9.4,2020,2020
2020-05-05,30.4,23.8,26.56,99,71,87.46,3.7,1004.08,9.8,2020,2020
2020-05-06,30.5,23.5,26.3,100,70,90.21,15.2,1004.68,6.4,2020,2020
2020-05-07,30.3,23.6,26.26,100,70,89.54,15.5,1004.87,9.2,2020,2020
2020-05-08,28.5,24.2,25.94,99,79,91.71,7.3,1005.22,9.2,2020,2020
2020-05-09,30.5,23.8,26.33,100,73,91.58,12.7,1005.15,9.0,2020,2020
2020-05-10,30.3,24.7,26.58,99,72,91.42,12.4,1005.53,11.3,2020,2020
2020-05-11,29.4,24.0,25.9,100,78,93.96,28.8,1006.13,11.1,2020,2020
2020-05-12,30.9,23.9,25.95,100,74,92.62,12.1,1006.78,9.7,2020,2020
2020-05-13,30.1,23.0,25.58,99,76,92.58,21.5,1006.52,14.2,2020,2020
2020-05-14,30.7,23.9,26.21,100,68,90.75,16.9,1005.87,10.9,2020,2020
2020-05-15,30.8,23.0,26.35,99,66,87.67,2.0,1004.82,8.9,2020,2020
2020-05-16,30.6,23.4,26.5,100,71,89.92,8.2,1004.35,9.8,2020,2020
2020-05-17,31.8,23.9,26.59,100,67,90.42,10.5,1004.68,6.3,2020,2020
2020-05-18,28.1,24.0,25.54,99,83,94.08,26.5,1005.82,8.8,2020,2020
2020-05-19,28.3,23.8,25.58,99,80,93.96,24.7,1006.06,5.6,2020,2020
2020-05-20,29.0,23.6,25.96,100,79,92.08,4.5,1005.5,8.0,2020,2020
2020-05-21,30.6,23.2,26.5,100,69,89.08,8.3,1005.16,7.7,2020,2020
2020-05-22,31.0,23.8,26.43,100,70,90.96,28.2,1005.45,7.5,2020,2020
2020-05-23,30.9,24.2,26.68,100,69,89.38,6.1,1005.39,12.0,2020,2020
2020-05-24,31.0,24.2,27.1,99,70,88.08,2.0,1004.62,11.2,2020,2020
2020-05-25,29.3,24.5,26.06,100,83,94.29,21.9,1004.35,8.2,2020,2020
2020-05-26,30.9,23.7,26.17,100,72,92.33,17.4,1004.3,9.4,2020,2020
2020-05-27,30.0,23.6,25.69,100,77,93.75,21.1,1005.33,7.6,2020,2020
2020-05-28,28.7,23.4,25.25,100,78,93.92,25.8,1006.66,10.7,2020,2020
2020-05-29,29.1,23.1,24.94,99,70,92.75,17.6,1007.33,10.2,2020,2020
2020-05-30,29.0,22.4,24.93,100,72,91.75,39.8,1007.18,14.6,2020,2020
2020-05-31,27.1,22.9,24.35,100,85,97.08,32.3,1007.69,7.6,2020,2020
2020-06-01,27.8,22.3,24.65,100,80,94.62,30.4,1007.6,7.8,2020,2020
2020-06-02,29.6,23.0,25.18,100,75,92.88,20.7,1006.75,6.6,2020,2020
2020-06-03,27.5,22.9,24.22,100,87,97.58,21.2,1005.85,11.0,2020,2020
2020-06-04,30.0,22.5,25.35,99,67,88.67,1.8,1005.22,13.3,2020,2020
2020-06-05,30.4,22.5,25.23,99,68,90.0,17.8,1006.39,8.4,2020,2020
2020-06-06,29.6,22.8,25.42,100,71,91.21,3.1,1007.0,7.7,2020,2020
2020-06-07,30.7,22.9,25.65,100,68,91.25,5.0,1006.65,9.7,2020,2020
2020-06-08,28.5,23.0,25.45,99,79,92.12,14.8,1005.94,9.2,2020,2020
2020-06-09,28.2,23.2,24.94,100,78,93.92,20.7,1006.2,11.6,2020,2020
2020-06-10,28.0,22.5,24.45,100,81,96.54,34.1,1007.17,7.1,2020,2020
2020-06-11,27.8,22.3,24.4,100,79,93.46,25.2,1007.43,10.2,2020,2020
2020-06-12,28.4,22.5,24.51,99,79,93.92,19.5,1006.65,10.5,2020,2020
2020-06-13,27.4,22.1,24.33,99,82,93.71,18.7,1005.34,9.8,2020,2020
2020-06-14,29.6,22.4,25.42,100,71,91.04,6.5,1005.38,8.1,2020,2020
2020-06-15,28.7,23.4,25.36,100,80,93.58,16.0,1005.68,6.9,2020,2020
2020-06-16,29.1,23.3,25.22,100,79,94.5,14.5,1006.24,10.9,2020,2020
2020-06-17,29.5,22.8,25.21,100,73,93.0,19.3,1006.08,8.0,2020,2020
2020-06-18,27.7,23.1,24.88,100,89,97.12,12.1,1005.22,8.2,2020,2020
2020-06-19,28.2,23.0,24.79,100,84,95.46,21.0,1005.35,9.4,2020,2020
2020-06-20,29.0,22.3,24.84,100,76,93.83,18.0,1005.06,8.7,2020,2020
2020-06-21,30.3,23.0,25.33,100,70,92.88,22.0,1005.41,13.5,2020,2020
2020-06-22,29.9,22.9,25.53,100,74,92.83,14.9,1005.29,7.1,2020,2020
2020-06-23,29.6,23.4,25.37,98,75,92.17,21.4,1004.33,9.2,2020,2020
2020-06-24,29.3,23.1,25.55,100,75,91.75,8.8,1004.28,9.2,2020,2020
2020-06-25,28.9,23.0,25.33,100,75,91.67,1.7,1004.81,10.8,2020,2020
2020-06-26,28.2,22.5,24.83,100,75,92.38,7.6,1005.17,9.9,2020,2020
2020-06-27,28.6,22.6,24.7,99,80,94.42,16.9,1004.76,9.2,2020,2020
2020-06-28,28.5,22.5,24.76,100,80,93.88,13.1,1004.61,6.2,2020,2020
2020-06-29,28.8,22.5,24.94,100,73,91.96,15.6,1005.3,8.2,2020,2020
2020-06-30,29.9,22.5,24.85,100,74,94.79,36.5,1005.22,9.2,2020,2020
2020-07-01,29.5,22.9,25.29,100,71,90.21,26.6,1004.87,9.2,2020,2020
2020-07-02,27.8,22.3,24.57,100,77,92.58,22.1,1005.4,7.4,2020,2020
2020-07-03,28.8,23.1,24.69,100,80,94.21,35.3,1005.04,8.7,2020,2020
2020-07-04,28.0,22.3,24.42,100,82,94.75,32.9,1005.55,9.0,2020,2020
2020-07-05,28.4,21.9,24.46,100,76,93.33,27.3,1005.92,10.9,2020,2020
2020-07-06,27.6,22.9,24.56,100,80,95.12,33.7,1006.4,8.6,2020,2020
2020-07-07,29.1,22.4,25.02,100,76,92.46,16.4,1006.11,8.6,2020,2020
2020-07-08,26.1,22.6,24.08,100,84,96.33,22.9,1005.46,7.2,2020,2020
2020-07-09,27.5,22.5,24.81,100,83,93.96,26.7,1005.18,8.7,2020,2020
2020-07-10,29.0,22.5,24.73,100,77,94.67,30.6,1006.38,11.9,2020,2020
2020-07-11,28.6,21.9,24.42,100,77,93.5,21.8,1006.58,9.3,2020,2020
2020-07-12,28.2,21.9,25.24,100,74,90.38,14.5,1006.05,7.9,2020,2020
2020-07-13,28.1,23.2,24.81,100,77,94.04,34.1,1006.2,10.2,2020,2020
2020-07-14,28.5,21.9,24.82,100,79,93.17,6.9,1005.76,8.0,2020,2020
2020-07-15,28.8,22.7,25.54,99,78,91.67,2.2,1005.11,9.1,2020,2020
2020-07-16,32.7,23.0,26.48,98,51,84.29,0.2,1004.37,10.7,2020,2020
2020-07-17,30.4,22.4,26.19,100,68,86.58,0.8,1004.18,10.5,2020,2020
2020-07-18,30.6,22.5,26.22,99,69,88.54,10.0,1004.01,9.4,2020,2020
2020-07-19,29.1,23.2,25.45,100,73,92.79,10.5,1003.85,8.5,2020,2020
2020-07-20,30.0,22.9,25.09,100,72,92.21,11.5,1004.2,11.2,2020,2020
2020-07-21,28.6,22.5,24.9,99,83,93.21,14.3,1005.62,13.0,2020,2020
2020-07-22,27.9,22.9,24.83,100,81,93.5,28.0,1006.19,9.4,2020,2020
2020-07-23,27.8,22.6,24.66,100,79,93.75,16.9,1005.76,10.7,2020,2020
2020-07-24,26.5,22.3,24.2,100,85,95.62,39.5,1006.3,6.1,2020,2020
2020-07-25,27.8,22.7,24.32,100,78,94.38,30.9,1006.34,11.8,2020,2020
2020-07-26,26.8,22.7,24.66,100,85,94.38,20.7,1006.85,7.4,2020,2020
2020-07-27,28.9,22.5,25.11,100,76,93.71,16.1,1006.39,8.6,2020,2020
2020-07-28,29.5,22.9,25.3,99,77,91.83,11.9,1005.78,9.7,2020,2020
2020-07-29,29.6,22.5,25.56,99,72,91.04,7.6,1004.97,8.4,2020,2020
2020-07-30,29.3,23.4,25.56,100,79,92.92,31.3,1004.27,9.9,2020,2020
2020-07-31,30.8,23.2,26.22,100,70,90.04,9.9,1004.4,10.0,2020,2020
2020-08-01,30.4,23.5,26.07,100,70,92.33,12.2,1004.86,14.7,2020,2020
2020-08-02,30.1,23.6,26.24,100,72,91.96,14.1,1004.9,9.1,2020,2020
2020-08-03,29.5,23.7,25.69,99,77,93.25,13.2,1006.28,10.1,2020,2020
2020-08-04,28.5,23.2,25.11,100,81,94.79,26.2,1006.72,9.4,2020,2020
2020-08-05,28.6,23.0,24.7,100,80,94.54,34.7,1006.35,9.5,2020,2020
2020-08-06,29.5,21.2,24.43,100,68,91.58,12.0,1005.6,6.5,2020,2020
2020-08-07,30.2,22.0,25.28,100,67,90.5,5.9,1005.78,7.6,2020,2020
2020-08-08,30.2,22.5,25.42,99,73,91.29,18.7,1005.44,7.4,2020,2020
2020-08-09,28.2,23.3,25.04,100,80,93.92,27.5,1005.67,9.9,2020,2020
2020-08-10,28.4,22.8,24.77,100,80,95.21,33.1,1004.85,12.2,2020,2020
2020-08-11,28.5,23.0,25.37,100,79,93.42,26.3,1003.84,7.1,2020,2020
2020-08-12,27.5,23.7,25.15,100,81,95.83,11.6,1003.04,9.5,2020,2020
2020-08-13,29.5,22.8,25.2,100,78,94.0,43.1,1003.08,9.6,2020,2020
2020-08-14,27.8,23.4,24.65,100,82,95.62,34.1,1003.45,8.0,2020,2020
2020-08-15,27.3,22.5,24.31,100,87,95.88,39.3,1004.78,8.5,2020,2020
2020-08-16,28.0,22.2,24.58,100,79,93.54,7.9,1005.66,11.0,2020,2020
2020-08-17,29.3,22.1,24.85,99,72,92.0,15.9,1006.42,8.5,2020,2020
2020-08-18,28.5,22.9,24.9,100,79,92.79,16.4,1006.27,10.3,2020,2020
2020-08-19,26.8,22.8,24.12,100,84,96.92,29.6,1006.35,8.8,2020,2020
2020-08-20,26.1,22.4,23.74,100,94,98.58,45.2,1006.45,10.2,2020,2020
2020-08-21,28.5,22.0,24.35,99,79,93.83,15.4,1006.32,9.4,2020,2020
2020-08-22,29.5,22.5,24.73,100,70,93.29,18.5,1005.6,8.4,2020,2020
2020-08-23,29.4,22.8,25.01,100,73,91.88,10.9,1005.53,7.9,2020,2020
2020-08-24,30.2,22.4,25.38,100,70,90.54,2.8,1005.11,10.8,2020,2020
2020-08-25,28.1,22.8,24.2,100,80,95.46,24.6,1004.84,11.5,2020,2020
2020-08-26,26.1,22.9,24.03,99,78,91.29,13.9,1006.62,13.9,2020,2020
2020-08-27,29.0,21.4,24.81,100,68,88.04,11.2,1007.43,9.7,2020,2020
2020-08-28,28.5,22.8,24.97,100,79,91.83,9.5,1007.65,9.8,2020,2020
2020-08-29,28.6,22.5,24.92,100,81,93.58,21.8,1007.48,8.4,2020,2020
2020-08-30,29.1,22.2,24.87,100,78,93.29,6.3,1006.25,10.3,2020,2020
2020-08-31,29.4,21.3,25.05,99,70,88.79,2.7,1006.31,8.3,2020,2020
2020-09-01,29.2,22.5,24.86,100,73,92.88,17.3,1006.5,10.2,2020,2020
2020-09-02,29.1,22.0,24.85,100,76,91.67,11.7,1005.29,9.0,2020,2020
2020-09-03,27.9,22.5,24.54,100,85,94.62,22.6,1004.62,11.4,2020,2020
2020-09-04,28.5,22.4,24.71,99,78,92.5,14.0,1004.88,9.2,2020,2020
2020-09-05,28.9,22.2,24.78,100,78,93.83,14.1,1006.14,10.8,2020,2020
2020-09-06,28.7,22.9,24.93,100,79,93.46,24.0,1005.62,13.1,2020,2020
2020-09-07,27.7,22.9,24.51,100,83,94.21,14.5,1004.8,7.2,2020,2020
2020-09-08,27.9,22.9,24.33,100,79,95.33,22.1,1004.9,10.8,2020,2020
2020-09-09,27.2,22.1,24.31,100,83,95.54,22.4,1006.26,8.3,2020,2020
2020-09-10,29.5,22.1,25.27,100,73,91.17,5.7,1006.37,13.6,2020,2020
2020-09-11,28.2,23.0,25.22,99,81,92.46,16.4,1004.9,8.2,2020,2020
2020-09-12,29.2,22.6,25.0,100,76,93.92,15.1,1004.03,10.5,2020,2020
2020-09-13,30.5,22.5,25.24,98,70,91.71,11.9,1004.4,7.6,2020,2020
2020-09-14,30.0,23.4,25.38,100,71,92.0,16.8,1006.81,10.6,2020,2020
2020-09-15,29.9,22.6,25.17,100,70,92.71,18.5,1007.5,8.7,2020,2020
2020-09-16,30.0,22.6,24.87,100,76,93.88,18.4,1006.89,11.3,2020,2020
2020-09-17,27.1,22.6,24.52,100,82,95.17,15.3,1006.66,10.9,2020,2020
2020-09-18,29.6,22.8,25.35,100,70,90.62,10.6,1006.01,7.1,2020,2020
2020-09-19,29.9,22.2,25.17,100,73,92.38,10.3,1005.52,9.5,2020,2020
2020-09-20,29.2,22.0,24.61,100,77,94.88,22.2,1005.15,7.2,2020,2020
2020-09-21,29.1,22.4,24.6,100,73,93.71,17.8,1005.25,9.2,2020,2020
2020-09-22,28.1,22.6,24.76,100,81,95.08,16.8,1005.24,10.5,2020,2020
2020-09-23,29.1,22.8,24.85,100,72,92.96,27.6,1006.07,11.9,2020,2020
2020-09-24,27.9,22.0,24.19,100,81,96.08,22.7,1007.29,10.5,2020,2020
2020-09-25,30.8,22.0,24.82,100,67,92.75,18.8,1007.58,7.5,2020,2020
2020-09-26,30.5,22.4,25.14,100,65,90.04,6.8,1006.98,9.0,2020,2020
2020-09-27,29.8,22.3,24.9,98,71,90.92,17.2,1005.43,9.3,2020,2020
2020-09-28,29.7,23.0,25.15,100,75,91.62,17.5,1003.48,8.1,2020,2020
2020-09-29,29.8,21.6,24.62,100,70,91.83,17.9,1004.28,9.4,2020,2020
2020-09-30,28.3,22.4,24.33,100,78,95.21,26.1,1005.55,7.8,2020,2020
2020-10-01,27.0,22.4,24.18,100,84,95.58,28.7,1004.74,12.0,2020,2020
2020-10-02,28.2,22.0,24.37,100,77,93.29,14.5,1003.92,13.8,2020,2020
2020-10-03,27.4,22.6,24.08,100,79,95.79,28.8,1004.62,13.6,2020,2020
2020-10-04,29.4,21.9,24.42,100,69,93.17,31.4,1005.58,13.0,2020,2020
2020-10-05,29.3,22.1,24.26,100,71,94.33,25.7,1005.53,13.0,2020,2020
2020-10-06,27.7,22.6,24.14,100,79,96.67,39.0,1005.2,12.1,2020,2020
2020-10-07,28.1,23.2,24.41,100,77,95.71,29.4,1006.05,14.3,2020,2020
2020-10-08,28.6,22.1,24.42,100,77,93.92,14.4,1006.76,7.9,2020,2020
2020-10-09,28.5,21.8,24.77,99,74,92.12,14.6,1006.88,10.0,2020,2020
2020-10-10,29.6,21.9,25.16,100,71,92.17,6.3,1005.49,8.6,2020,2020
2020-10-11,30.6,22.7,25.65,99,72,89.54,8.7,1004.34,8.0,2020,2020
2020-10-12,30.1,22.5,24.96,100,73,93.21,27.8,1004.39,13.8,2020,2020
2020-10-13,28.0,22.5,24.22,100,84,96.17,37.5,1005.57,13.1,2020,2020
2020-10-14,29.2,21.5,24.1,99,72,93.79,24.2,1004.73,9.0,2020,2020
2020-10-15,28.4,21.6,24.7,99,78,91.42,13.2,1003.95,8.4,2020,2020
2020-10-16,29.9,22.4,25.42,100,73,90.83,8.8,1004.02,8.8,2020,2020
2020-10-17,30.2,22.6,25.5,100,68,91.17,25.9,1004.06,6.8,2020,2020
2020-10-18,29.9,23.0,25.14,99,72,92.42,20.2,1003.58,11.4,2020,2020
2020-10-19,28.4,23.0,24.43,100,78,95.25,26.1,1003.69,16.7,2020,2020
2020-10-20,25.6,22.5,23.58,100,94,98.46,34.6,1004.04,12.2,2020,2020
2020-10-21,25.1,22.6,23.71,100,95,98.04,63.1,1005.34,13.5,2020,2020
2020-10-22,28.2,21.4,24.86,100,77,91.29,3.5,1005.07,10.4,2020,2020
2020-10-23,29.4,22.2,24.83,99,78,92.79,13.0,1005.46,10.0,2020,2020
2020-10-24,28.8,22.6,24.52,99,75,94.17,26.4,1006.11,11.5,2020,2020
2020-10-25,26.7,23.0,24.11,100,87,96.92,35.8,1005.81,14.1,2020,2020
2020-10-26,28.8,22.4,24.93,100,73,92.12,6.7,1005.14,12.7,2020,2020
2020-10-27,30.0,22.0,25.22,99,71,91.46,10.8,1004.89,8.6,2020,2020
2020-10-28,28.6,22.6,24.82,100,78,94.58,14.2,1004.77,12.3,2020,2020
2020-10-29,28.2,23.1,24.78,100,85,94.88,11.7,1004.88,13.4,2020,2020
2020-10-30,29.0,22.8,24.8,100,76,93.42,14.8,1006.26,12.1,2020,2020
2020-10-31,27.5,23.0,24.51,100,79,93.96,41.7,1006.82,10.6,2020,2020
2020-11-01,25.8,22.6,23.92,100,88,96.5,75.0,1006.12,11.8,2020,2020
2020-11-02,26.0,23.0,23.84,100,89,96.96,46.3,1004.94,16.4,2020,2020
2020-11-03,26.1,22.8,23.95,100,91,96.71,37.7,1004.55,18.8,2020,2020
2020-11-04,24.8,22.8,23.53,100,97,98.92,52.2,1005.47,17.8,2020,2020
2020-11-05,27.4,22.6,24.14,100,77,92.79,11.0,1005.85,15.7,2020,2020
2020-11-06,26.4,22.0,24.2,96,76,86.71,2.0,1005.23,17.9,2020,2020
2020-11-07,27.0,21.7,24.48,96,76,85.08,1.1,1005.29,18.6,2020,2020
2020-11-08,27.8,22.0,24.78,99,74,88.71,6.7,1006.09,13.0,2020,2020
2020-11-09,28.5,22.6,24.88,99,79,92.58,10.3,1006.37,10.0,2020,2020
2020-11-10,27.5,23.1,24.65,99,83,94.04,15.3,1006.74,10.1,2020,2020
2020-11-11,28.9,22.4,24.63,100,75,93.21,25.1,1006.81,5.9,2020,2020
2020-11-12,29.7,22.3,24.43,100,72,93.29,17.7,1006.3,9.7,2020,2020
2020-11-13,27.8,22.6,24.43,100,78,94.12,21.3,1006.94,8.2,2020,2020
2020-11-14,27.2,22.4,23.85,100,84,96.21,33.4,1006.65,9.9,2020,2020
2020-11-15,27.4,22.1,24.02,100,82,95.75,20.7,1005.77,9.4,2020,2020
2020-11-16,26.0,22.6,23.75,100,90,97.08,27.9,1005.07,17.2,2020,2020
2020-11-17,27.0,22.5,24.01,100,82,95.25,14.9,1005.75,14.5,2020,2020
2020-11-18,27.1,21.8,23.95,99,79,93.67,14.0,1006.55,12.1,2020,2020
2020-11-19,28.7,21.9,24.6,100,70,92.04,12.3,1005.95,8.5,2020,2020
2020-11-20,26.5,22.3,23.93,100,87,97.0,42.6,1005.5,7.1,2020,2020
2020-11-21,24.5,22.1,23.09,100,96,99.29,78.7,1005.25,8.7,2020,2020
2020-11-22,26.6,21.5,23.83,99,81,93.12,8.0,1005.18,11.2,2020,2020
2020-11-23,29.0,21.1,24.54,100,72,91.83,8.1,1004.85,8.4,2020,2020
2020-11-24,29.5,22.4,25.4,100,72,92.21,11.9,1004.98,8.9,2020,2020
2020-11-25,28.5,22.9,24.88,100,81,94.83,24.9,1005.61,6.9,2020,2020
2020-11-26,29.4,22.4,24.83,100,78,93.96,24.2,1004.67,12.0,2020,2020
2020-11-27,29.2,22.1,24.84,99,72,92.67,8.3,1004.8,7.1,2020,2020
2020-11-28,29.1,22.4,25.11,100,72,90.42,3.0,1005.21,8.9,2020,2020
2020-11-29,28.6,22.8,24.98,100,74,90.67,7.5,1005.18,11.2,2020,2020
2020-11-30,28.5,22.4,24.58,100,80,94.46,42.6,1005.52,12.8,2020,2020
2020-12-01,26.4,22.6,24.02,100,87,96.79,44.1,1005.55,7.8,2020,2020
2020-12-02,26.1,22.2,23.65,100,87,97.33,25.6,1005.59,6.7,2020,2020
2020-12-03,26.4,22.1,23.97,100,86,95.38,44.8,1005.68,7.9,2020,2020
2020-12-04,28.9,22.0,24.53,100,71,92.79,15.3,1005.79,10.2,2020,2020
2020-12-05,28.9,21.9,25.12,100,72,90.46,1.1,1006.27,9.1,2020,2020
2020-12-06,29.5,21.3,25.15,100,68,88.33,0.8,1005.28,10.4,2020,2020
2020-12-07,30.1,22.5,25.39,100,67,89.75,2.8,1005.61,9.3,2020,2020
2020-12-08,29.1,22.1,24.73,100,78,92.29,2.6,1007.34,7.6,2020,2020
2020-12-09,29.2,21.4,25.26,98,67,87.04,0.7,1007.45,10.3,2020,2020
2020-12-10,28.8,22.5,25.26,99,74,89.08,3.4,1006.35,6.8,2020,2020
2020-12-11,28.8,22.5,25.2,99,70,87.46,2.1,1004.69,11.7,2020,2020
2020-12-12,30.4,20.9,24.85,96,62,83.5,0.0,1004.83,11.1,2020,2020
2020-12-13,29.9,20.6,24.82,97,62,83.71,0.1,1005.54,9.7,2020,2020
2020-12-14,30.4,20.4,25.12,99,60,84.83,0.1,1006.03,10.6,2020,2020
2020-12-15,29.6,21.3,24.88,100,64,86.54,2.0,1005.23,9.0,2020,2020
2020-12-16,30.0,21.6,25.46,97,62,85.0,1.2,1004.72,7.5,2020,2020
2020-12-17,29.5,22.1,25.05,100,68,89.29,17.5,1005.22,7.9,2020,2020
2020-12-18,31.6,21.7,25.52,100,51,84.79,0.2,1005.19,10.2,2020,2020
2020-12-19,30.0,21.3,25.07,97,63,85.62,2.6,1004.7,10.7,2020,2020
2020-12-20,28.8,21.8,25.04,99,70,87.08,3.0,1004.49,10.5,2020,2020
2020-12-21,31.5,21.8,25.35,98,53,83.38,0.5,1005.1,10.7,2020,2020
2020-12-22,31.0,22.6,25.63,96,60,83.88,1.0,1005.25,10.7,2020,2020
2020-12-23,30.2,22.2,25.7,98,67,85.12,2.3,1004.76,8.6,2020,2020
2020-12-24,29.8,22.4,25.54,100,66,86.04,2.3,1004.85,11.1,2020,2020
2020-12-25,32.1,20.5,25.28,98,48,83.67,0.3,1005.09,10.7,2020,2020
2020-12-26,28.4,21.6,24.59,97,71,87.71,4.5,1005.34,9.2,2020,2020
2020-12-27,28.8,21.9,24.2,99,72,91.79,14.3,1005.65,11.8,2020,2020
2020-12-28,28.1,21.7,23.79,100,75,93.21,5.7,1006.15,7.1,2020,2020
2020-12-29,28.3,22.0,24.34,100,73,90.96,3.0,1005.87,9.0,2020,2020
2020-12-30,28.0,22.0,24.08,100,80,93.5,18.8,1005.87,8.3,2020,2020
2020-12-31,28.5,21.3,24.48,100,74,90.62,1.2,1005.67,9.2,2020,2020
2021-01-01,29.4,21.0,24.78,100,68,87.67,1.3,1005.85,11.2,2021,2020
2021-01-02,28.7,22.0,24.92,96,70,87.21,4.6,1005.61,10.5,2021,2020
2021-01-03,29.0,22.2,24.9,99,73,88.75,9.3,1005.77,6.9,2021,2020
2021-01-04,28.6,22.2,24.65,100,74,91.79,15.6,1005.12,6.9,2021,2020
2021-01-05,29.7,20.9,24.38,99,61,87.75,0.6,1005.1,10.1,2021,2020
2021-01-06,29.5,21.0,24.69,98,60,85.75,0.4,1006.07,10.9,2021,2020
2021-01-07,29.2,19.1,24.02,97,63,84.25,0.7,1006.69,8.1,2021,2020
2021-01-08,29.2,20.1,24.37,98,62,83.54,0.5,1006.94,9.4,2021,2020
2021-01-09,29.5,20.1,24.45,99,65,85.75,1.2,1006.26,8.2,2021,2020
2021-01-10,29.2,21.6,24.46,100,68,88.71,16.6,1005.58,8.9,2021,2020
2021-01-11,29.0,21.2,24.82,96,68,85.12,1.1,1005.57,7.9,2021,2020
2021-01-12,30.0,21.9,25.24,100,64,85.62,1.5,1004.7,6.8,2021,2020
2021-01-13,29.9,22.6,25.43,99,65,87.21,0.9,1004.26,11.6,2021,2020
2021-01-14,30.2,22.0,25.28,99,62,86.62,7.2,1004.59,12.1,2021,2020
2021-01-15,28.8,22.1,25.16,99,69,88.83,1.5,1004.78,12.8,2021,2020
2021-01-16,28.9,21.8,24.92,99,75,90.54,2.5,1005.65,9.0,2021,2020
2021-01-17,29.6,22.4,25.08,100,62,87.83,1.5,1004.96,8.4,2021,2020
2021-01-18,30.5,20.5,25.08,98,60,85.58,0.7,1004.83,10.6,2021,2020
2021-01-19,32.7,21.2,25.63,100,35,80.88,0.1,1004.34,8.8,2021,2020
2021-01-20,32.5,21.2,25.9,99,47,81.21,0.2,1003.93,13.4,2021,2020
2021-01-21,32.2,22.1,26.12,95,49,78.54,0.0,1004.05,12.3,2021,2020
2021-01-22,29.7,22.2,25.3,95,64,84.12,1.3,1005.0,10.9,2021,2020
2021-01-23,31.1,21.0,25.25,99,57,83.58,0.4,1004.72,12.2,2021,2020
2021-01-24,32.0,21.0,25.5,100,51,81.29,0.1,1004.18,11.8,2021,2020
2021-01-25,31.8,21.2,25.61,96,53,81.5,1.3,1003.45,9.7,2021,2020
2021-01-26,32.5,21.1,25.67,97,44,79.92,0.0,1003.54,10.9,2021,2020
2021-01-27,31.5,21.5,25.57,98,55,81.92,0.5,1004.23,11.5,2021,2020
2021-01-28,32.8,22.2,26.51,97,43,72.08,0.1,1004.67,20.5,2021,2020
2021-01-29,32.3,21.7,26.04,98,39,71.12,0.0,1003.44,20.0,2021,2020
2021-01-30,32.9,19.4,25.88,93,43,69.21,0.0,1003.11,15.1,2021,2020
2021-01-31,33.7,21.2,26.31,98,37,77.17,0.0,1002.72,8.2,2021,2020
2021-02-01,33.6,22.0,26.62,97,44,79.58,0.0,1003.48,9.1,2021,2020
2021-02-02,33.2,22.8,26.78,99,43,79.12,0.4,1003.35,7.7,2021,2020
2021-02-03,30.6,23.4,26.14,97,54,81.83,0.2,1003.62,6.6,2021,2020
2021-02-04,33.5,22.7,26.41,99,44,82.21,1.1,1004.37,11.3,2021,2020
2021-02-05,31.7,22.9,26.16,98,57,84.54,2.2,1004.79,12.3,2021,2020
2021-02-06,32.8,21.2,26.57,99,51,80.79,0.3,1004.4,13.5,2021,2020
2021-02-07,32.5,22.0,26.53,100,54,81.46,0.6,1003.75,11.0,2021,2020
2021-02-08,33.5,23.0,26.93,99,45,81.29,0.3,1004.31,12.6,2021,2020
2021-02-09,33.0,21.6,26.23,97,47,80.96,1.8,1005.09,12.2,2021,2020
2021-02-10,30.7,22.9,25.73,97,60,85.5,1.8,1005.14,12.0,2021,2020
2021-02-11,32.0,21.2,25.7,100,50,81.88,1.2,1003.86,12.1,2021,2020
2021-02-12,31.9,22.2,26.25,100,51,82.79,0.3,1003.56,11.7,2021,2020
2021-02-13,30.3,22.8,25.51,100,67,89.75,6.0,1004.72,9.4,2021,2020
2021-02-14,30.5,22.5,25.57,99,61,86.71,6.9,1006.01,9.6,2021,2020
2021-02-15,30.8,21.9,25.48,100,62,88.33,4.6,1006.72,11.0,2021,2020
2021-02-16,31.3,21.4,25.45,100,58,84.58,2.2,1006.78,9.0,2021,2020
2021-02-17,30.7,21.6,25.29,99,62,86.96,3.5,1006.21,7.1,2021,2020
2021-02-18,30.0,19.6,24.47,100,57,85.25,6.7,1006.73,10.6,2021,2020
2021-02-19,28.1,22.7,24.34,100,75,93.25,24.7,1007.3,6.1,2021,2020
2021-02-20,30.9,22.5,25.19,99,56,87.25,6.4,1006.85,11.5,2021,2020
2021-02-21,32.5,21.4,25.57,98,39,80.29,0.0,1006.26,8.4,2021,2020
2021-02-22,32.0,21.0,25.4,100,45,82.71,2.0,1005.3,7.8,2021,2020
2021-02-23,33.0,20.0,25.79,100,38,71.83,0.0,1004.47,12.9,2021,2020
2021-02-24,33.8,19.6,26.12,98,34,68.88,0.0,1003.56,15.0,2021,2020
2021-02-25,33.8,21.3,26.92,95,42,69.75,0.0,1003.04,18.8,2021,2020
2021-02-26,33.7,21.3,26.58,96,40,77.04,1.2,1002.98,12.0,2021,2020
2021-02-27,33.0,23.1,26.76,99,48,78.67,1.8,1002.85,8.0,2021,2020
2021-02-28,33.9,21.5,26.94,97,35,69.58,0.0,1002.47,17.1,2021,2020
2021-03-01,33.5,21.4,26.05,97,41,79.79,2.0,1002.77,11.9,2021,2020
2021-03-02,33.5,22.1,26.84,95,39,71.58,0.1,1003.89,11.0,2021,2020
2021-03-03,34.2,20.7,26.12,98,30,73.0,0.5,1005.25,10.3,2021,2020
2021-03-04,34.3,20.4,26.49,94,33,68.5,0.0,1005.61,9.4,2021,2020
2021-03-05,33.8,21.4,26.25,92,36,69.79,0.0,1004.41,13.6,2021,2020
2021-03-06,33.2,21.0,25.89,89,35,67.71,0.0,1004.08,13.5,2021,2020
2021-03-07,34.9,21.8,27.3,85,20,52.88,0.0,1005.0,18.9,2021,2020
2021-03-08,33.5,21.0,26.99,89,41,64.96,0.2,1006.33,10.3,2021,2020
2021-03-09,34.3,22.8,27.44,95,38,68.29,0.1,1006.0,18.6,2021,2020
2021-03-10,34.5,21.6,26.78,100,33,75.88,1.0,1005.82,8.4,2021,2020
2021-03-11,33.2,22.1,26.48,100,44,78.33,1.7,1006.61,11.5,2021,2020
2021-03-12,34.8,19.9,26.46,96,27,70.0,0.0,1006.55,12.4,2021,2020
2021-03-13,35.2,21.2,26.98,98,30,72.5,1.2,1006.3,9.3,2021,2020
2021-03-14,34.2,22.0,26.74,93,35,70.88,1.4,1006.09,10.2,2021,2020
2021-03-15,34.6,21.9,27.05,93,32,68.96,0.9,1005.55,11.0,2021,2020
2021-03-16,34.0,22.0,26.88,95,36,70.71,1.1,1005.02,13.8,2021,2020
2021-03-17,32.4,21.5,26.28,98,53,79.92,2.0,1004.89,12.8,2021,2020
2021-03-18,30.6,21.9,25.19,100,58,87.46,12.3,1005.31,11.8,2021,2020
2021-03-19,30.6,22.0,24.87,100,66,90.33,13.7,1005.66,8.7,2021,2020
2021-03-20,30.0,22.4,25.6,100,68,84.17,5.6,1005.15,8.5,2021,2020
2021-03-21,34.2,21.7,26.3,94,38,76.17,1.0,1004.53,8.8,2021,2020
2021-03-22,33.0,21.9,25.69,100,44,81.42,2.1,1005.66,14.3,2021,2020
2021-03-23,31.0,20.6,25.63,100,54,81.25,0.5,1005.78,9.8,2021,2020
2021-03-24,31.4,20.9,26.12,95,53,78.17,0.3,1005.22,10.3,2021,2020
2021-03-25,33.4,20.5,26.14,96,42,76.38,0.9,1005.1,12.8,2021,2020
2021-03-26,32.7,22.4,26.36,96,53,81.17,3.7,1004.93,9.7,2021,2020
2021-03-27,34.5,21.0,27.15,97,34,68.88,0.0,1004.0,12.7,2021,2020
2021-03-28,34.2,20.2,26.68,99,35,68.75,0.0,1002.85,9.8,2021,2020
2021-03-29,34.7,21.6,26.99,98,40,75.67,0.9,1002.65,7.7,2021,2020
2021-03-30,34.2,23.5,27.46,96,46,77.71,2.1,1002.67,10.0,2021,2020
2021-03-31,34.7,24.2,27.58,91,47,76.67,3.3,1001.73,10.7,2021,2020
2021-04-01,34.7,24.0,27.38,94,40,77.12,1.8,1001.54,14.4,2021,2020
2021-04-02,34.5,22.5,27.7,95,36,67.83,0.2,1002.38,13.9,2021,2020
2021-04-03,35.3,22.1,27.95,98,32,67.17,0.0,1003.28,11.5,2021,2020
2021-04-04,35.3,22.0,27.76,93,33,70.33,2.2,1002.84,9.9,2021,2020
2021-04-05,32.3,23.2,27.04,97,54,80.29,4.8,1003.32,11.5,2021,2020
2021-04-06,34.1,23.1,27.25,98,41,77.21,0.3,1003.9,16.5,2021,2020
2021-04-07,32.7,23.2,26.78,99,54,81.71,9.2,1004.46,9.0,2021,2020
2021-04-08,29.2,23.5,25.18,100,74,93.96,33.1,1005.11,6.6,2021,2020
2021-04-09,28.4,23.0,24.76,100,80,94.42,23.1,1005.8,8.3,2021,2020
2021-04-10,29.5,22.8,25.28,99,68,89.71,1.8,1004.75,7.6,2021,2020
2021-04-11,30.9,22.5,25.9,98,63,87.0,10.7,1003.14,9.8,2021,2020
2021-04-12,30.6,22.8,26.23,100,71,88.38,9.3,1002.95,8.0,2021,2020
2021-04-13,31.2,24.0,26.27,99,67,89.5,9.9,1003.67,9.4,2021,2020
2021-04-14,29.9,23.5,26.14,100,71,89.17,3.1,1004.5,7.8,2021,2020
2021-04-15,25.5,23.6,24.52,99,93,96.71,22.0,1004.32,9.7,2021,2020
2021-04-16,29.8,22.9,24.88,100,67,92.58,34.7,1004.38,10.7,2021,2020
2021-04-17,29.2,22.8,24.79,100,80,94.38,20.0,1005.09,12.3,2021,2020
2021-04-18,30.8,22.0,25.22,100,64,90.5,9.3,1005.72,11.0,2021,2020
2021-04-19,30.0,22.7,25.12,99,73,91.88,18.0,1005.81,9.7,2021,2020
2021-04-20,28.9,22.6,25.12,100,80,93.12,11.1,1005.68,6.3,2021,2020
2021-04-21,31.1,21.9,25.45,99,65,89.04,18.1,1005.29,9.8,2021,2020
2021-04-22,30.8,22.0,25.5,99,64,87.88,3.9,1004.3,11.6,2021,2020
2021-04-23,30.9,22.1,25.58,100,62,88.04,13.2,1005.47,8.7,2021,2020
2021-04-24,31.5,22.0,25.92,98,58,85.92,1.8,1005.04,10.8,2021,2020
2021-04-25,30.8,22.3,26.15,100,65,88.46,3.9,1004.84,8.4,2021,2020
2021-04-26,31.0,21.4,25.95,100,59,86.38,1.0,1004.73,9.9,2021,2020
2021-04-27,32.5,21.0,25.83,99,49,84.88,1.2,1004.92,13.0,2021,2020
2021-04-28,30.4,22.0,25.55,100,58,87.71,10.7,1006.37,12.3,2021,2020
2021-04-29,29.5,22.9,25.01,99,69,90.25,4.9,1006.98,13.8,2021,2020
2021-04-30,30.0,21.3,24.85,99,64,88.62,19.0,1006.95,9.7,2021,2020
2021-05-01,27.4,22.1,24.51,99,83,93.58,19.6,1007.27,7.1,2021,2020
2021-05-02,27.9,22.2,24.2,99,79,93.62,41.9,1007.43,11.9,2021,2020
2021-05-03,28.0,21.8,24.01,100,79,94.04,37.6,1007.71,13.4,2021,2020
2021-05-04,27.4,22.2,23.75,100,86,96.21,40.0,1007.92,11.7,2021,2020
2021-05-05,30.1,21.2,24.37,100,70,93.0,23.4,1007.53,6.2,2021,2020
2021-05-06,30.0,21.6,24.65,100,70,92.0,8.2,1006.77,8.0,2021,2020
2021-05-07,25.9,22.6,24.03,100,88,96.25,46.5,1006.78,5.1,2021,2020
2021-05-08,29.4,21.8,24.46,100,75,93.04,28.7,1005.89,7.6,2021,2020
2021-05-09,30.4,21.7,25.54,99,67,88.75,2.4,1004.91,11.8,2021,2020
2021-05-10,29.1,23.1,25.23,100,75,90.75,10.2,1003.87,11.2,2021,2020
2021-05-11,30.0,22.6,25.15,99,69,90.83,18.0,1004.15,7.4,2021,2020
2021-05-12,29.9,22.2,25.72,99,71,90.33,6.4,1004.32,8.9,2021,2020
2021-05-13,29.3,23.9,25.85,100,75,92.12,3.8,1004.37,14.8,2021,2020
2021-05-14,28.5,23.1,25.86,100,81,91.92,3.5,1004.42,10.5,2021,2020
2021-05-15,30.0,23.4,26.01,99,73,89.42,2.4,1004.52,13.0,2021,2020
2021-05-16,29.7,22.6,25.94,98,70,87.58,2.3,1005.99,10.6,2021,2020
2021-05-17,29.8,22.2,25.71,99,70,88.29,3.1,1006.52,9.8,2021,2020
2021-05-18,29.2,23.6,25.53,99,73,92.29,9.9,1006.58,9.3,2021,2020
2021-05-19,30.8,22.5,26.02,99,64,88.12,4.4,1004.82,9.6,2021,2020
2021-05-20,30.2,22.7,25.98,99,69,90.58,13.2,1004.11,9.5,2021,2020
2021-05-21,28.7,23.3,25.99,100,79,92.08,10.2,1004.45,6.6,2021,2020
2021-05-22,29.1,23.5,25.57,100,80,93.08,27.0,1004.9,9.5,2021,2020
2021-05-23,29.2,23.3,25.67,100,77,92.79,54.2,1005.23,6.9,2021,2020
2021-05-24,30.2,23.5,25.57,100,67,91.17,7.7,1004.9,8.4,2021,2020
2021-05-25,27.1,22.9,24.87,100,85,96.42,11.1,1005.83,6.6,2021,2020
2021-05-26,29.9,23.8,25.66,100,73,93.38,12.9,1006.36,11.7,2021,2020
2021-05-27,27.9,23.2,24.65,100,84,97.08,71.4,1006.68,8.5,2021,2020
2021-05-28,29.2,21.8,24.94,100,78,92.75,59.8,1006.62,9.9,2021,2020
2021-05-29,28.5,22.5,24.67,100,76,95.29,22.5,1006.09,8.0,2021,2020
2021-05-30,29.1,22.5,25.15,99,82,93.62,22.4,1006.05,7.4,2021,2020
2021-05-31,28.9,23.5,25.38,100,76,93.92,7.6,1006.14,9.7,2021,2020
2021-06-01,29.5,22.7,25.71,99,73,89.58,1.8,1005.41,8.4,2021,2020
2021-06-02,30.1,22.5,25.73,100,69,90.0,6.3,1004.62,11.8,2021,2020
2021-06-03,28.2,22.9,25.31,100,79,93.62,34.5,1004.81,7.9,2021,2020
2021-06-04,27.6,22.6,24.9,100,84,95.33,10.5,1004.64,10.5,2021,2020
2021-06-05,29.0,23.0,25.34,100,80,93.62,18.1,1004.77,8.2,2021,2020
2021-06-06,28.5,22.3,25.02,100,79,93.46,25.1,1004.98,9.2,2021,2020
2021-06-07,27.1,22.7,24.06,100,86,97.25,59.6,1006.08,10.0,2021,2020
2021-06-08,29.5,22.1,24.33,100,73,93.42,22.8,1007.48,9.8,2021,2020
2021-06-09,29.3,21.8,24.26,99,73,93.54,20.2,1007.88,8.3,2021,2020
2021-06-10,28.7,22.5,24.62,100,80,94.25,10.2,1007.18,9.0,2021,2020
2021-06-11,30.8,21.9,25.2,99,65,89.62,13.9,1005.83,7.6,2021,2020
2021-06-12,30.5,21.8,25.19,100,67,91.83,36.2,1005.39,10.0,2021,2020
2021-06-13,29.5,22.9,24.88,100,76,93.71,78.5,1006.1,10.0,2021,2020
2021-06-14,26.4,22.1,23.81,100,89,97.62,44.4,1007.89,8.4,2021,2020
2021-06-15,27.7,22.3,24.49,100,84,94.17,12.7,1007.95,10.1,2021,2020
2021-06-16,29.8,21.9,25.19,100,69,91.08,11.7,1006.07,9.4,2021,2020
2021-06-17,28.6,22.9,25.19,100,79,93.25,9.1,1005.06,9.7,2021,2020
2021-06-18,29.8,22.8,24.88,99,73,93.46,25.0,1005.84,10.1,2021,2020
2021-06-19,30.2,22.1,24.96,99,67,91.33,15.9,1006.55,10.1,2021,2020
2021-06-20,29.9,22.3,24.88,100,73,92.71,22.2,1006.99,8.7,2021,2020
2021-06-21,29.1,22.4,24.11,100,76,95.67,29.3,1007.25,9.4,2021,2020
2021-06-22,29.7,21.1,24.61,99,66,91.46,11.7,1007.99,8.7,2021,2020
2021-06-23,29.4,22.0,24.9,100,77,92.62,18.5,1007.56,7.0,2021,2020
2021-06-24,28.8,22.5,25.41,99,73,88.62,3.1,1006.68,9.9,2021,2020
2021-06-25,26.9,22.2,24.28,100,82,93.25,14.3,1006.66,9.4,2021,2020
2021-06-26,28.0,22.3,24.29,100,80,93.96,16.2,1006.65,12.0,2021,2020
2021-06-27,29.8,21.5,24.68,100,65,89.25,6.6,1005.95,10.4,2021,2020
2021-06-28,30.4,22.4,25.39,98,64,87.38,1.4,1006.03,10.0,2021,2020
2021-06-29,28.6,22.4,25.15,98,75,91.79,8.3,1006.16,8.2,2021,2020
2021-06-30,28.0,22.7,24.68,100,81,95.0,59.8,1005.79,9.2,2021,2020
2021-07-01,27.9,22.1,24.59,100,82,92.33,17.3,1006.4,8.1,2021,2020
2021-07-02,29.4,22.2,24.71,100,72,93.21,15.5,1007.07,13.6,2021,2020
2021-07-03,27.0,22.3,24.41,100,84,94.17,31.5,1007.42,9.7,2021,2020
2021-07-04,29.3,21.8,24.64,100,70,91.88,10.9,1007.45,10.7,2021,2020
2021-07-05,29.4,21.6,25.03,99,77,91.42,8.8,1007.47,9.0,2021,2020
2021-07-06,30.0,22.6,25.83,100,72,89.12,1.8,1006.1,7.6,2021,2020
2021-07-07,30.1,22.8,25.98,98,74,88.62,1.8,1004.22,7.1,2021,2020
2021-07-08,30.3,23.0,25.5,100,70,91.38,15.4,1004.02,8.9,2021,2020
2021-07-09,25.9,22.5,24.29,100,89,97.29,27.2,1005.35,8.4,2021,2020
2021-07-10,25.8,22.9,24.08,100,88,97.08,24.8,1005.82,4.1,2021,2020
2021-07-11,28.2,21.0,24.45,100,79,92.67,15.6,1005.36,8.7,2021,2020
2021-07-12,29.0,22.4,24.74,98,72,91.96,13.2,1005.52,8.2,2021,2020
2021-07-13,29.4,22.9,24.99,99,75,92.58,7.6,1005.98,8.3,2021,2020
2021-07-14,29.5,22.4,25.14,100,75,92.75,8.7,1006.4,6.9,2021,2020
2021-07-15,30.3,22.9,25.94,99,70,87.92,1.2,1005.77,9.4,2021,2020
2021-07-16,30.9,22.8,25.88,99,64,87.17,1.4,1005.5,12.0,2021,2020
2021-07-17,28.5,22.9,24.9,100,77,92.54,15.1,1005.94,10.7,2021,2020
2021-07-18,29.9,23.2,25.68,100,70,88.67,1.4,1005.47,9.8,2021,2020
2021-07-19,30.6,23.0,26.28,99,67,86.42,0.6,1004.77,9.2,2021,2020
2021-07-20,31.0,23.2,26.89,99,68,86.29,0.7,1003.24,7.9,2021,2020
2021-07-21,29.5,23.9,26.15,100,77,91.08,7.9,1003.77,6.6,2021,2020
2021-07-22,29.6,23.5,25.87,99,76,91.21,9.9,1005.72,12.9,2021,2020
2021-07-23,27.5,23.5,25.01,100,82,94.75,27.6,1006.62,8.9,2021,2020
2021-07-24,29.6,23.0,25.43,100,70,91.83,6.6,1007.0,7.8,2021,2020
2021-07-25,26.8,22.3,23.8,100,85,97.0,31.5,1007.2,7.2,2021,2020
2021-07-26,26.8,22.0,23.64,100,83,96.33,23.6,1007.36,7.4,2021,2020
2021-07-27,30.1,21.6,24.95,100,70,90.25,9.8,1007.12,7.0,2021,2020
2021-07-28,29.4,22.4,24.95,99,78,92.08,9.8,1005.26,7.1,2021,2020
2021-07-29,29.0,22.5,24.85,100,74,92.71,12.5,1004.88,10.2,2021,2020
2021-07-30,30.1,22.1,25.65,99,69,88.83,1.0,1005.21,8.7,2021,2020
2021-07-31,30.8,22.7,26.34,100,69,87.58,7.4,1005.39,10.4,2021,2020
2021-08-01,30.2,23.4,25.78,100,74,92.21,29.4,1006.08,10.3,2021,2020
2021-08-02,30.0,23.1,25.0,100,68,92.92,20.5,1006.97,8.9,2021,2020
2021-08-03,28.7,22.7,25.01,100,74,91.92,8.7,1007.33,8.4,2021,2020
2021-08-04,29.0,22.9,25.22,99,83,93.71,15.5,1006.95,6.8,2021,2020
2021-08-05,28.6,23.4,25.34,100,79,92.62,18.0,1007.71,7.5,2021,2020
2021-08-06,28.8,23.2,25.22,100,78,93.12,16.0,1007.67,6.5,2021,2020
2021-08-07,27.8,22.5,24.4,100,81,94.58,28.2,1007.92,8.9,2021,2020
2021-08-08,28.5,22.6,24.92,99,75,91.12,12.8,1007.44,8.3,2021,2020
2021-08-09,28.4,22.1,24.2,100,76,96.62,24.4,1006.69,8.2,2021,2020
2021-08-10,30.3,22.0,25.05,100,69,91.17,6.0,1006.62,14.5,2021,2020
2021-08-11,27.5,22.7,24.54,100,85,95.0,15.6,1007.33,9.8,2021,2020
2021-08-12,28.0,22.9,24.7,100,77,92.92,18.1,1007.82,7.3,2021,2020
2021-08-13,29.6,22.1,24.68,100,73,93.08,12.3,1008.09,10.0,2021,2020
2021-08-14,27.2,22.4,24.23,99,82,94.79,21.9,1008.05,9.4,2021,2020
2021-08-15,26.0,22.0,23.84,100,84,96.67,35.9,1007.21,11.4,2021,2020
2021-08-16,27.4,22.1,24.28,100,80,94.79,32.9,1006.5,6.9,2021,2020
2021-08-17,29.0,22.0,24.52,100,72,93.38,10.1,1006.29,10.8,2021,2020
2021-08-18,28.7,22.0,24.49,100,76,93.71,13.7,1007.02,9.0,2021,2020
2021-08-19,29.6,21.8,24.57,100,70,92.83,15.5,1006.53,8.4,2021,2020
2021-08-20,28.5,22.4,24.17,100,75,95.25,33.4,1004.59,13.0,2021,2020
2021-08-21,29.6,22.2,24.9,100,71,91.29,5.1,1003.84,9.6,2021,2020
2021-08-22,30.0,22.0,25.47,100,69,89.21,1.6,1003.98,8.7,2021,2020
2021-08-23,28.1,23.1,25.2,99,81,91.96,20.0,1003.98,7.9,2021,2020
2021-08-24,30.1,22.8,25.15,100,68,91.38,23.8,1003.35,14.9,2021,2020
2021-08-25,25.4,22.8,23.84,100,92,98.67,43.9,1004.52,14.2,2021,2020
2021-08-26,25.0,22.2,23.33,100,95,98.54,28.5,1005.58,12.3,2021,2020
2021-08-27,28.8,21.3,24.32,100,70,91.33,9.2,1005.37,9.7,2021,2020
2021-08-28,29.4,22.0,25.02,100,74,92.12,8.5,1005.62,7.8,2021,2020
2021-08-29,28.8,22.9,25.08,100,77,92.71,22.5,1006.04,9.5,2021,2020
2021-08-30,29.7,22.6,24.62,100,69,94.04,51.8,1005.87,11.2,2021,2020
2021-08-31,28.5,22.1,23.92,100,75,94.67,24.4,1006.28,13.4,2021,2020
2021-09-01,30.2,21.1,24.95,100,65,89.25,2.7,1006.1,7.7,2021,2020
2021-09-02,29.5,22.9,25.45,99,71,90.08,9.8,1006.36,9.3,2021,2020
2021-09-03,29.6,22.4,25.05,99,74,91.96,7.1,1005.87,8.8,2021,2020
2021-09-04,29.1,22.5,24.83,100,74,93.62,17.7,1005.31,8.4,2021,2020
2021-09-05,29.9,22.7,25.25,100,69,91.12,7.8,1005.7,9.4,2021,2020
2021-09-06,29.2,22.3,24.78,100,70,93.08,24.1,1006.17,11.0,2021,2020
2021-09-07,28.8,21.5,24.4,100,72,94.17,20.1,1006.04,10.5,2021,2020
2021-09-08,28.5,22.3,24.56,100,82,94.71,29.8,1005.84,10.8,2021,2020
2021-09-09,28.9,22.4,25.1,99,71,90.71,5.7,1005.63,9.5,2021,2020
2021-09-10,29.6,22.8,25.23,99,71,91.54,9.0,1005.83,12.5,2021,2020
2021-09-11,29.6,22.1,24.84,100,70,92.42,14.2,1006.39,9.8,2021,2020
2021-09-12,26.4,22.6,24.27,100,84,95.62,14.1,1007.8,7.7,2021,2020
2021-09-13,29.6,22.1,24.55,100,74,92.92,11.9,1008.17,7.4,2021,2020
2021-09-14,29.4,22.6,24.57,100,71,92.92,24.3,1007.44,9.0,2021,2020
2021-09-15,27.9,21.6,24.25,100,82,94.54,21.3,1006.77,10.3,2021,2020
2021-09-16,29.2,21.6,24.92,99,75,91.83,5.1,1006.71,9.5,2021,2020
2021-09-17,30.0,22.2,25.45,100,69,90.79,7.2,1006.32,7.1,2021,2020
2021-09-18,30.0,23.0,25.11,100,71,94.46,11.2,1005.62,5.6,2021,2020
2021-09-19,29.1,23.1,25.38,100,76,90.79,7.1,1005.34,7.7,2021,2020
2021-09-20,28.5,23.0,24.99,100,77,92.21,13.0,1005.19,6.8,2021,2020
2021-09-21,29.1,22.5,25.04,99,72,91.04,16.1,1005.81,9.7,2021,2020
2021-09-22,28.6,22.2,24.38,100,75,94.33,35.1,1005.71,13.4,2021,2020
2021-09-23,26.7,22.4,23.95,100,86,95.83,40.7,1005.82,7.2,2021,2020
2021-09-24,29.5,21.8,24.59,99,73,92.25,18.1,1005.68,8.2,2021,2020
2021-09-25,29.2,22.5,25.3,99,73,90.62,15.2,1005.42,7.6,2021,2020
2021-09-26,30.4,22.9,25.46,100,72,91.54,10.0,1005.81,8.7,2021,2020
2021-09-27,29.6,23.0,25.64,100,74,91.29,10.3,1006.17,8.2,2021,2020
2021-09-28,29.4,21.5,24.43,100,72,94.12,24.8,1005.83,9.8,2021,2020
2021-09-29,27.8,22.5,24.38,100,80,94.42,25.4,1006.27,10.0,2021,2020
2021-09-30,29.4,21.9,24.36,100,70,93.38,22.3,1005.91,9.9,2021,2020
2021-10-01,29.6,21.5,24.81,100,72,92.62,13.5,1005.41,10.1,2021,2020
2021-10-02,29.6,21.8,24.99,99,75,91.33,10.3,1004.42,6.9,2021,2020
2021-10-03,29.3,21.6,25.14,100,75,90.04,14.3,1003.09,9.4,2021,2020
2021-10-04,27.9,22.6,24.64,100,78,92.96,19.6,1003.39,11.5,2021,2020
2021-10-05,28.3,22.4,24.98,99,78,91.96,9.9,1003.95,11.2,2021,2020
2021-10-06,29.0,22.8,25.02,100,76,95.17,35.8,1004.0,9.8,2021,2020
2021-10-07,29.7,23.0,24.81,100,76,94.38,32.6,1003.87,9.2,2021,2020
2021-10-08,27.0,22.5,24.18,100,83,97.38,50.0,1004.81,9.9,2021,2020
2021-10-09,29.2,22.3,24.72,100,76,93.29,17.0,1005.35,9.2,2021,2020
2021-10-10,29.6,22.2,24.75,100,73,93.88,25.8,1005.33,12.9,2021,2020
2021-10-11,28.8,22.6,25.0,100,79,94.58,12.7,1005.35,10.6,2021,2020
2021-10-12,29.8,22.1,24.65,100,75,93.04,24.5,1005.47,12.0,2021,2020
2021-10-13,28.9,22.1,24.62,100,78,92.67,20.7,1005.2,9.9,2021,2020
2021-10-14,30.3,22.5,25.25,100,69,91.25,9.0,1004.5,9.5,2021,2020
2021-10-15,27.1,22.4,24.25,100,81,93.71,14.9,1005.23,9.1,2021,2020
2021-10-16,28.8,22.9,24.19,100,75,95.33,25.9,1006.7,10.4,2021,2020
2021-10-17,28.1,22.3,24.34,100,78,93.12,11.5,1007.33,8.2,2021,2020
2021-10-18,29.7,21.0,24.16,100,71,92.12,13.4,1006.5,12.8,2021,2020
2021-10-19,29.4,21.1,24.11,100,72,92.71,18.6,1006.79,8.3,2021,2020
2021-10-20,28.9,21.7,24.1,100,70,93.96,22.4,1007.72,10.2,2021,2020
2021-10-21,29.1,21.9,24.29,100,74,93.17,13.4,1007.57,7.9,2021,2020
2021-10-22,29.0,21.8,24.16,100,75,93.25,20.7,1006.28,10.2,2021,2020
2021-10-23,27.8,22.2,24.06,100,78,94.38,22.7,1006.09,8.9,2021,2020
2021-10-24,26.8,22.2,23.75,100,80,94.33,10.7,1007.02,10.5,2021,2020
2021-10-25,29.6,21.5,24.77,100,70,92.88,8.3,1007.37,8.9,2021,2020
2021-10-26,30.0,22.4,25.42,100,72,90.46,7.1,1006.31,11.5,2021,2020
2021-10-27,28.4,22.9,24.91,100,75,91.83,9.0,1005.88,9.8,2021,2020
2021-10-28,29.5,22.0,25.01,100,71,91.0,4.1,1006.16,13.3,2021,2020
2021-10-29,28.5,22.0,24.03,100,76,95.62,32.8,1006.6,10.7,2021,2020
2021-10-30,27.9,21.9,23.88,100,77,95.0,40.6,1006.69,9.5,2021,2020
2021-10-31,29.0,21.8,23.87,100,74,95.29,29.6,1007.2,7.0,2021,2020
2021-11-01,27.4,21.9,23.76,100,79,95.17,50.5,1006.95,8.1,2021,2020
2021-11-02,24.9,22.0,22.99,100,95,99.0,88.8,1006.51,5.8,2021,2020
2021-11-03,23.9,21.6,22.62,100,94,98.67,40.1,1006.92,8.7,2021,2020
2021-11-04,29.1,21.5,24.06,100,71,92.04,13.5,1006.22,11.5,2021,2020
2021-11-05,27.9,21.0,24.03,100,78,93.83,14.3,1005.87,9.4,2021,2020
2021-11-06,28.2,22.0,24.03,100,79,94.75,12.5,1005.98,8.2,2021,2020
2021-11-07,29.6,21.6,24.42,100,75,93.62,8.3,1006.43,8.5,2021,2020
2021-11-08,28.9,22.5,24.58,100,73,91.25,12.3,1006.99,8.2,2021,2020
2021-11-09,28.8,21.7,24.0,100,73,92.54,29.3,1006.7,7.1,2021,2020
2021-11-10,28.6,21.9,24.29,100,72,91.67,11.5,1006.43,10.0,2021,2020
2021-11-11,29.2,21.0,24.47,98,66,88.96,4.4,1005.81,8.0,2021,2020
2021-11-12,29.5,21.4,24.79,100,71,89.92,4.9,1005.86,7.6,2021,2020
2021-11-13,29.5,21.6,24.79,100,67,87.88,2.0,1005.57,9.7,2021,2020
2021-11-14,30.0,21.0,24.9,96,65,85.79,3.2,1005.05,8.4,2021,2020
2021-11-15,29.7,21.7,24.96,98,67,87.04,3.5,1005.38,7.7,2021,2020
2021-11-16,29.5,21.6,25.05,100,68,87.75,2.9,1004.95,9.0,2021,2020
2021-11-17,28.2,22.2,24.54,100,75,92.42,32.9,1005.29,9.4,2021,2020
2021-11-18,28.3,22.1,24.42,100,78,92.67,5.2,1005.92,6.9,2021,2020
2021-11-19,29.7,22.2,24.8,100,73,90.75,7.2,1005.76,8.0,2021,2020
2021-11-20,28.2,21.6,24.28,100,75,91.08,12.8,1005.44,6.3,2021,2020
2021-11-21,26.2,22.1,23.68,100,85,95.75,28.0,1005.79,7.7,2021,2020
2021-11-22,26.9,22.0,23.85,100,79,95.21,22.1,1005.72,8.2,2021,2020
2021-11-23,26.7,21.5,23.64,100,80,94.79,14.0,1006.22,8.9,2021,2020
2021-11-24,28.4,22.0,24.34,100,73,90.75,14.8,1006.65,6.8,2021,2020
2021-11-25,29.0,21.7,24.06,100,73,92.54,34.0,1006.79,9.0,2021,2020
2021-11-26,28.4,21.1,24.05,100,73,91.29,4.4,1006.25,10.0,2021,2020
2021-11-27,28.9,21.2,24.57,100,74,90.92,2.4,1005.67,8.0,2021,2020
2021-11-28,29.7,22.5,25.47,100,69,87.42,1.9,1004.71,7.1,2021,2020
2021-11-29,28.5,22.3,24.79,100,77,90.92,22.2,1004.75,9.2,2021,2020
2021-11-30,27.7,21.7,24.17,100,82,93.5,21.3,1005.87,6.0,2021,2020
2021-12-01,28.2,21.9,24.14,100,75,94.0,8.9,1006.4,8.4,2021,2020
2021-12-02,31.0,21.6,25.13,99,57,87.62,0.1,1005.02,9.9,2021,2020
2021-12-03,29.5,22.2,25.37,98,69,85.96,2.8,1004.0,8.0,2021,2020
2021-12-04,29.1,22.5,25.13,98,71,88.54,1.1,1004.18,9.9,2021,2020
2021-12-05,29.3,22.6,25.67,97,71,87.04,2.7,1005.02,7.2,2021,2020
2021-12-06,29.0,23.0,25.21,100,77,91.71,3.2,1005.39,9.8,2021,2020
2021-12-07,29.8,22.1,25.55,100,68,87.71,0.9,1004.2,10.2,2021,2020
2021-12-08,30.4,22.5,25.6,96,65,85.92,1.3,1004.91,11.8,2021,2020
2021-12-09,30.5,22.0,25.55,97,62,86.12,1.7,1004.67,10.4,2021,2020
2021-12-10,31.1,21.5,25.42,96,55,84.08,0.0,1004.01,11.5,2021,2020
2021-12-11,29.9,20.4,24.96,99,65,84.96,0.9,1005.08,12.6,2021,2020
2021-12-12,29.8,21.1,24.65,98,62,86.21,0.1,1006.45,10.0,2021,2020
2021-12-13,29.1,21.3,24.68,99,66,87.54,3.3,1006.1,6.8,2021,2020
2021-12-14,29.0,22.0,24.72,100,67,88.75,1.1,1006.39,8.7,2021,2020
2021-12-15,28.1,21.8,24.32,100,73,90.46,5.8,1005.52,7.6,2021,2020
2021-12-16,28.1,21.6,24.55,100,74,90.04,3.9,1004.2,11.9,2021,2020
2021-12-17,29.5,22.0,25.34,100,68,88.04,1.8,1004.54,7.4,2021,2020
2021-12-18,29.9,22.5,25.38,100,68,89.17,2.6,1004.96,9.2,2021,2020
2021-12-19,29.6,22.5,24.75,100,66,91.58,5.1,1005.44,9.4,2021,2020
2021-12-20,28.1,22.1,24.49,100,75,91.79,9.6,1005.32,8.5,2021,2020
2021-12-21,26.3,22.6,23.9,100,81,94.29,21.1,1005.95,10.2,2021,2020
2021-12-22,29.6,21.8,24.54,100,69,89.67,4.9,1006.87,8.7,2021,2020
2021-12-23,29.1,21.3,24.82,98,71,88.33,1.8,1006.94,8.0,2021,2020
2021-12-24,29.5,23.2,25.44,96,68,86.96,2.5,1006.39,11.4,2021,2020
2021-12-25,29.8,22.1,25.49,98,71,87.21,1.6,1005.85,7.2,2021,2020
2021-12-26,29.2,22.4,25.3,98,73,86.46,1.6,1006.56,6.6,2021,2020
2021-12-27,30.0,21.6,25.09,100,66,86.5,1.9,1005.65,9.9,2021,2020
2021-12-28,30.4,21.8,25.26,96,60,83.71,1.8,1005.28,9.3,2021,2020
2021-12-29,31.0,20.5,25.25,99,58,83.75,0.5,1006.01,13.0,2021,2020
2021-12-30,30.1,20.6,25.04,100,63,84.33,0.5,1005.56,10.0,2021,2020
2021-12-31,30.5,21.4,25.29,98,66,86.33,1.4,1004.76,9.7,2021,2020
2022-01-01,29.6,21.7,25.14,96,64,84.46,0.4,1005.17,11.2,2022,2020
2022-01-02,30.5,21.5,25.08,98,59,82.83,0.8,1006.19,10.1,2022,2020
2022-01-03,30.6,22.1,25.24,98,66,87.83,2.3,1006.57,8.4,2022,2020
2022-01-04,30.5,22.2,25.3,100,59,86.75,3.5,1005.39,12.3,2022,2020
2022-01-05,31.8,21.6,25.36,97,49,82.38,2.0,1004.17,9.2,2022,2020
2022-01-06,30.1,20.2,24.48,98,59,84.42,1.3,1004.82,13.8,2022,2020
2022-01-07,30.2,20.3,24.37,98,57,84.29,1.7,1006.55,10.4,2022,2020
2022-01-08,30.2,20.2,24.95,98,59,82.04,0.3,1007.75,12.2,2022,2020
2022-01-09,31.9,20.8,25.11,96,49,80.17,1.6,1007.47,12.3,2022,2020
2022-01-10,31.6,19.2,24.53,100,50,83.21,1.3,1007.18,9.4,2022,2020
2022-01-11,31.6,19.7,24.81,98,47,77.88,0.2,1007.36,9.3,2022,2020
2022-01-12,30.8,20.5,24.8,97,52,80.92,0.4,1007.25,11.5,2022,2020
2022-01-13,30.9,20.0,24.83,97,54,77.54,0.6,1007.62,11.4,2022,2020
2022-01-14,31.1,20.4,24.65,97,52,78.67,1.1,1007.21,11.7,2022,2020
2022-01-15,31.0,20.8,25.03,97,54,81.17,0.7,1007.39,13.2,2022,2020
2022-01-16,30.5,19.6,24.87,100,56,82.08,2.0,1006.9,11.0,2022,2020
2022-01-17,32.5,20.1,25.39,98,45,78.33,0.1,1006.29,12.7,2022,2020
2022-01-18,32.7,21.2,25.9,98,44,78.83,0.0,1005.57,7.5,2022,2020
2022-01-19,33.5,22.0,26.52,100,43,76.46,0.1,1004.41,12.0,2022,2020
2022-01-20,33.0,21.4,26.27,98,49,80.83,0.3,1003.81,12.4,2022,2020
2022-01-21,31.8,22.2,25.87,96,57,82.04,3.3,1004.95,10.3,2022,2020
2022-01-22,31.8,23.0,25.95,98,56,81.5,3.3,1005.24,12.9,2022,2020
2022-01-23,32.9,22.0,26.29,99,43,81.21,0.4,1003.95,9.6,2022,2020
2022-01-24,32.2,20.1,25.47,100,49,80.33,0.3,1004.05,6.8,2022,2020
2022-01-25,31.4,20.5,25.42,98,48,77.54,0.4,1005.23,13.9,2022,2020
2022-01-26,31.9,19.7,25.3,97,47,77.54,0.2,1005.65,12.7,2022,2020
2022-01-27,32.4,19.4,25.14,98,47,80.0,0.1,1006.42,11.8,2022,2020
2022-01-28,31.0,20.5,25.02,98,56,81.83,1.7,1006.79,12.0,2022,2020
2022-01-29,31.2,20.7,24.86,99,56,84.71,0.4,1006.82,12.3,2022,2020
2022-01-30,31.5,21.0,25.56,96,51,76.79,0.4,1006.81,7.4,2022,2020
2022-01-31,31.4,20.7,25.45,95,52,76.96,0.1,1006.23,14.2,2022,2020
2022-02-01,30.5,19.0,24.58,98,52,80.21,0.1,1005.33,12.8,2022,2020
2022-02-02,31.8,18.5,24.41,98,46,77.42,0.0,1004.52,13.0,2022,2020
2022-02-03,31.8,19.2,25.25,94,48,74.5,0.3,1005.5,13.1,2022,2020
2022-02-04,32.5,20.5,25.93,97,50,77.58,1.7,1006.56,11.9,2022,2020
2022-02-05,32.2,21.4,26.05,94,50,74.04,0.4,1006.3,11.2,2022,2020
2022-02-06,31.4,21.2,25.3,95,53,77.29,2.8,1006.0,13.1,2022,2020
2022-02-07,32.0,20.8,25.32,97,51,80.21,0.9,1006.17,15.3,2022,2020
2022-02-08,31.2,20.5,25.0,100,52,83.42,6.5,1006.31,10.5,2022,2020
2022-02-09,32.0,20.5,25.5,100,52,80.29,1.8,1005.14,11.8,2022,2020
2022-02-10,31.8,21.5,25.54,99,52,82.12,2.7,1004.65,12.0,2022,2020
2022-02-11,31.6,22.9,25.83,95,58,80.75,4.3,1003.95,10.8,2022,2020
2022-02-12,32.0,20.8,25.87,96,52,77.75,1.0,1004.28,13.1,2022,2020
2022-02-13,31.6,21.4,25.72,94,55,78.96,1.5,1004.72,12.0,2022,2020
2022-02-14,32.1,22.5,25.73,96,49,82.17,4.4,1005.51,11.9,2022,2020
2022-02-15,33.8,22.1,26.59,99,40,75.92,0.4,1005.4,16.0,2022,2020
2022-02-16,34.0,21.8,26.88,98,36,69.12,0.0,1005.54,8.7,2022,2020
2022-02-17,31.9,19.8,25.67,100,53,79.29,0.5,1005.42,14.5,2022,2020
2022-02-18,32.7,21.3,25.8,100,51,81.33,4.0,1005.3,13.7,2022,2020
2022-02-19,34.2,21.6,26.79,99,35,68.54,0.0,1005.04,11.8,2022,2020
2022-02-20,34.6,18.7,26.22,96,26,61.54,0.0,1004.97,27.9,2022,2020
2022-02-21,35.2,20.6,27.55,94,29,57.54,0.0,1004.8,20.5,2022,2020
2022-02-22,34.8,20.5,26.84,95,32,63.42,0.0,1005.03,17.7,2022,2020
2022-02-23,34.5,21.5,26.75,94,34,67.46,0.0,1005.67,7.9,2022,2020
2022-02-24,33.7,20.6,26.0,97,36,76.79,0.1,1005.57,10.1,2022,2020
2022-02-25,34.9,20.2,26.82,94,33,62.79,0.0,1005.96,13.0,2022,2020
2022-02-26,34.5,20.7,26.64,93,31,66.17,0.0,1006.66,11.3,2022,2020
2022-02-27,32.7,20.1,25.83,97,43,74.62,0.9,1006.48,14.7,2022,2020
2022-02-28,33.9,20.9,26.53,100,37,70.38,1.7,1005.95,16.1,2022,2020
2022-03-01,34.4,21.4,26.46,88,34,69.71,0.6,1005.46,16.5,2022,2020
2022-03-02,34.0,21.7,26.36,99,41,77.46,3.4,1005.79,12.0,2022,2020
2022-03-03,34.0,23.3,26.73,94,47,75.79,1.7,1005.63,8.7,2022,2020
2022-03-04,33.4,23.3,27.37,90,40,67.54,0.0,1005.97,15.0,2022,2020
2022-03-05,35.4,22.4,27.0,94,30,71.79,0.6,1005.73,12.4,2022,2020
2022-03-06,32.0,21.2,26.32,97,50,75.12,0.4,1006.39,13.3,2022,2020
2022-03-07,33.5,21.8,26.38,98,42,76.5,1.3,1005.62,13.8,2022,2020
2022-03-08,33.1,21.0,26.06,98,44,78.79,1.7,1005.05,13.6,2022,2020
2022-03-09,31.6,20.8,25.88,96,46,75.75,0.7,1005.1,13.3,2022,2020
2022-03-10,33.7,20.4,25.92,97,41,75.0,1.1,1005.84,11.3,2022,2020
2022-03-11,33.2,21.0,26.08,94,44,75.25,2.2,1005.63,11.4,2022,2020
2022-03-12,32.5,20.9,25.76,97,50,78.79,4.4,1005.85,10.9,2022,2020
2022-03-13,33.2,21.6,25.98,98,48,78.96,2.0,1006.15,13.8,2022,2020
2022-03-14,33.6,22.8,26.56,98,48,78.83,3.5,1005.97,13.3,2022,2020
2022-03-15,33.2,22.5,26.58,93,46,75.79,3.1,1005.88,13.0,2022,2020
2022-03-16,32.8,22.0,26.38,94,47,76.25,2.2,1005.41,10.7,2022,2020
2022-03-17,32.8,21.6,26.73,96,46,75.75,1.0,1005.18,10.2,2022,2020
2022-03-18,32.8,21.7,26.5,99,48,79.46,2.7,1005.11,10.6,2022,2020
2022-03-19,33.5,21.4,26.58,99,49,78.96,3.6,1004.95,11.9,2022,2020
2022-03-20,35.1,22.2,27.11,98,38,73.83,1.8,1004.64,8.3,2022,2020
2022-03-21,35.0,21.5,27.05,95,36,73.79,1.2,1003.59,11.6,2022,2020
2022-03-22,34.5,21.8,27.03,99,42,76.79,2.2,1003.3,13.7,2022,2020
2022-03-23,34.3,22.3,26.84,99,45,80.67,2.4,1003.8,14.8,2022,2020
2022-03-24,34.7,22.6,27.29,100,43,78.25,2.6,1003.91,10.8,2022,2020
2022-03-25,35.7,21.6,27.4,96,31,69.21,0.9,1003.87,10.6,2022,2020
2022-03-26,35.2,21.7,27.23,98,36,70.0,0.2,1004.06,12.2,2022,2020
2022-03-27,35.2,21.0,27.25,95,31,64.46,0.0,1004.56,12.9,2022,2020
2022-03-28,35.5,22.0,27.98,93,38,67.04,1.8,1004.78,13.0,2022,2020
2022-03-29,36.0,24.4,28.16,91,37,70.33,3.3,1004.82,11.0,2022,2020
2022-03-30,32.2,24.0,26.88,99,54,81.25,10.9,1004.02,10.3,2022,2020
2022-03-31,32.4,22.2,26.36,100,51,80.25,7.7,1003.85,13.2,2022,2020
2022-04-01,30.9,22.4,26.25,100,65,85.29,0.4,1005.18,8.6,2022,2020
2022-04-02,34.0,23.4,27.32,99,47,77.96,2.2,1004.66,13.4,2022,2020
2022-04-03,32.7,22.2,26.15,99,49,82.12,10.5,1004.2,14.2,2022,2020
2022-04-04,29.5,22.8,25.12,100,69,91.21,24.2,1004.64,9.2,2022,2020
2022-04-05,31.0,22.3,25.52,100,69,90.96,11.7,1004.16,7.6,2022,2020
2022-04-06,31.5,22.5,26.27,100,62,85.17,1.8,1003.72,14.5,2022,2020
2022-04-07,31.5,22.2,25.87,99,57,84.29,6.2,1004.36,13.6,2022,2020
2022-04-08,30.9,21.7,25.15,100,65,89.33,24.8,1005.05,8.0,2022,2020
2022-04-09,27.2,22.4,24.5,100,81,95.71,26.4,1005.44,5.9,2022,2020
2022-04-10,32.6,22.7,26.29,100,49,84.92,18.1,1004.01,15.0,2022,2020
2022-04-11,33.7,21.8,26.71,99,43,74.79,0.0,1003.6,7.8,2022,2020
2022-04-12,33.2,21.2,26.1,98,49,81.92,1.5,1003.64,12.5,2022,2020
2022-04-13,31.0,21.9,25.9,99,64,87.33,6.7,1003.37,11.4,2022,2020
2022-04-14,30.5,23.4,25.91,100,67,87.83,7.7,1003.49,8.4,2022,2020
2022-04-15,30.9,22.6,25.82,100,67,89.58,4.3,1003.86,9.7,2022,2020
2022-04-16,31.5,22.9,25.96,100,59,87.71,7.9,1004.35,11.3,2022,2020
2022-04-17,30.2,22.8,25.7,98,60,83.79,0.3,1004.8,11.0,2022,2020
2022-04-18,24.0,22.2,23.18,100,93,97.17,44.0,1005.75,11.8,2022,2020
2022-04-19,30.1,20.4,24.4,100,62,87.67,5.9,1006.79,11.6,2022,2020
2022-04-20,29.5,22.3,24.62,100,69,89.29,19.7,1007.51,8.8,2022,2020
2022-04-21,29.6,21.8,24.71,100,63,87.5,8.0,1007.6,10.7,2022,2020
2022-04-22,29.0,21.2,24.37,100,70,89.83,23.0,1007.25,10.4,2022,2020
2022-04-23,29.8,21.5,24.69,100,67,89.71,8.6,1005.23,10.0,2022,2020
2022-04-24,29.5,22.2,24.73,99,71,89.33,18.7,1004.8,10.9,2022,2020
2022-04-25,28.1,21.5,24.34,99,75,91.42,19.3,1005.3,10.7,2022,2020
2022-04-26,29.9,21.6,24.83,100,69,90.38,15.0,1005.45,10.4,2022,2020
2022-04-27,28.7,22.6,24.6,100,77,93.29,36.5,1004.97,8.1,2022,2020
2022-04-28,29.4,22.2,24.48,100,71,92.67,55.2,1004.65,8.8,2022,2020
2022-04-29,29.2,22.0,24.52,100,73,92.75,25.9,1004.09,8.9,2022,2020
2022-04-30,27.4,22.0,24.2,100,82,93.58,8.6,1004.26,10.0,2022,2020
2022-05-01,30.0,22.5,25.0,100,71,92.04,9.3,1004.8,7.9,2022,2020
2022-05-02,29.1,22.0,24.35,100,78,95.67,31.6,1005.11,9.9,2022,2020
2022-05-03,30.9,23.0,25.86,98,69,89.33,8.6,1004.67,7.3,2022,2020
2022-05-04,30.3,22.9,25.11,100,74,92.88,25.7,1005.2,7.9,2022,2020
2022-05-05,29.8,22.4,24.67,100,73,93.29,43.6,1007.04,7.5,2022,2020
2022-05-06,30.0,22.4,24.44,100,72,93.38,16.7,1007.54,11.5,2022,2020
2022-05-07,30.4,22.2,25.27,100,68,90.71,11.7,1006.42,8.8,2022,2020
2022-05-08,30.6,22.0,25.71,100,68,89.67,14.4,1005.29,9.0,2022,2020
2022-05-09,30.8,22.6,25.65,100,68,90.67,16.6,1004.97,9.4,2022,2020
2022-05-10,29.6,22.9,25.23,100,71,91.54,26.1,1005.61,9.4,2022,2020
2022-05-11,28.3,22.1,24.9,100,75,91.58,8.7,1004.91,9.7,2022,2020
2022-05-12,29.7,22.5,25.03,100,73,91.71,11.6,1004.18,9.7,2022,2020
2022-05-13,28.0,22.4,24.27,100,78,94.54,22.4,1004.6,9.0,2022,2020
2022-05-14,29.9,22.0,24.86,98,72,91.79,21.7,1005.0,8.1,2022,2020
2022-05-15,28.5,22.6,25.02,100,79,92.38,13.0,1005.16,9.8,2022,2020
2022-05-16,28.5,22.5,24.87,100,78,92.54,32.9,1006.29,9.8,2022,2020
2022-05-17,27.6,22.6,24.35,100,83,97.08,14.1,1007.97,7.7,2022,2020
2022-05-18,29.0,22.6,24.21,100,75,95.25,41.2,1008.52,9.0,2022,2020
2022-05-19,28.0,22.1,24.01,100,79,95.5,33.8,1007.49,10.2,2022,2020
2022-05-20,24.7,21.7,23.23,100,92,98.12,12.4,1008.02,9.4,2022,2020
2022-05-21,30.1,21.5,25.3,99,64,87.25,3.7,1008.12,7.6,2022,2020
2022-05-22,31.5,22.0,25.68,100,63,87.92,8.1,1007.68,9.4,2022,2020
2022-05-23,29.9,22.6,24.9,100,73,91.92,22.6,1006.33,8.0,2022,2020
2022-05-24,26.2,22.5,23.97,100,84,94.67,18.2,1005.25,12.1,2022,2020
2022-05-25,29.2,22.1,24.43,99,74,92.21,12.9,1005.6,10.2,2022,2020
2022-05-26,30.2,21.5,24.7,99,70,91.25,11.6,1006.08,9.9,2022,2020
2022-05-27,28.1,22.5,24.48,100,80,93.96,15.6,1005.88,8.0,2022,2020
2022-05-28,28.2,22.0,24.48,100,79,93.21,20.6,1005.08,8.2,2022,2020
2022-05-29,28.6,21.7,23.87,100,78,94.29,15.7,1004.7,10.2,2022,2020
2022-05-30,30.2,21.6,24.8,100,66,91.25,8.3,1004.74,6.4,2022,2020
2022-05-31,29.6,22.6,24.61,100,70,92.5,21.1,1005.32,10.1,2022,2020
2022-06-01,25.8,22.0,23.37,100,84,96.67,34.4,1005.93,8.8,2022,2020
2022-06-02,28.4,21.6,23.96,100,72,90.92,26.1,1006.13,9.9,2022,2020
2022-06-03,28.6,21.3,23.7,99,74,92.71,11.2,1006.61,8.2,2022,2020
2022-06-04,29.8,21.2,24.66,100,72,92.12,8.2,1005.64,10.0,2022,2020
2022-06-05,27.2,22.0,24.27,100,81,93.58,10.5,1005.78,8.6,2022,2020
2022-06-06,29.0,21.6,23.78,100,74,94.33,38.5,1006.18,11.9,2022,2020
2022-06-07,28.6,21.6,23.68,100,73,94.04,11.8,1006.35,8.4,2022,2020
2022-06-08,29.2,21.5,23.85,100,74,93.79,21.9,1006.23,14.8,2022,2020
2022-06-09,26.6,21.2,23.45,100,83,94.5,7.8,1006.26,6.5,2022,2020
2022-06-10,25.6,21.2,23.17,100,87,96.75,12.1,1005.87,10.8,2022,2020
2022-06-11,27.4,21.4,23.54,100,81,94.38,48.8,1005.88,12.8,2022,2020
2022-06-12,23.5,21.3,22.45,100,97,99.12,22.4,1006.62,10.3,2022,2020
2022-06-13,29.1,20.5,23.94,100,70,91.75,8.2,1006.59,11.0,2022,2020
2022-06-14,29.5,21.3,23.85,99,70,93.92,20.6,1005.92,8.9,2022,2020
2022-06-15,28.1,21.4,23.78,100,73,93.29,15.8,1006.03,10.7,2022,2020
2022-06-16,29.0,20.8,23.82,100,70,92.46,21.6,1006.87,12.0,2022,2020
2022-06-17,29.8,21.6,24.09,100,71,92.38,21.2,1006.56,7.3,2022,2020
2022-06-18,27.3,21.4,23.62,100,76,94.5,15.2,1006.29,10.4,2022,2020
2022-06-19,26.6,21.9,23.27,100,84,95.46,17.3,1006.56,9.4,2022,2020
2022-06-20,28.8,21.1,24.03,100,74,92.88,15.7,1006.76,8.9,2022,2020
2022-06-21,28.8,21.7,24.22,100,76,92.92,13.0,1006.15,8.4,2022,2020
2022-06-22,28.7,21.4,24.46,100,72,90.46,7.5,1004.67,7.6,2022,2020
2022-06-23,26.0,21.5,23.37,100,84,95.5,26.5,1005.01,8.5,2022,2020
2022-06-24,29.0,21.5,23.63,100,73,94.46,24.4,1006.29,9.4,2022,2020
2022-06-25,27.3,21.0,23.53,100,77,93.75,11.8,1006.95,8.5,2022,2020
2022-06-26,27.8,21.5,23.82,100,78,94.29,20.7,1007.53,8.8,2022,2020
2022-06-27,27.0,21.5,23.85,100,75,92.25,21.9,1008.0,7.6,2022,2020
2022-06-28,28.4,21.9,23.67,100,77,95.83,52.4,1008.24,10.1,2022,2020
2022-06-29,29.4,21.2,24.3,100,73,91.29,11.6,1007.53,6.9,2022,2020
2022-06-30,28.6,21.9,24.75,98,75,90.17,10.1,1006.25,7.4,2022,2020
2022-07-01,25.0,22.4,23.54,100,92,97.71,24.2,1004.78,12.2,2022,2020
2022-07-02,27.9,21.3,23.88,100,80,93.46,4.2,1004.92,12.2,2022,2020
2022-07-03,27.4,21.8,24.37,100,82,93.58,24.8,1006.04,8.7,2022,2020
2022-07-04,27.8,21.6,24.37,100,81,94.38,21.4,1006.36,9.7,2022,2020
2022-07-05,28.0,21.5,24.02,100,79,94.71,19.6,1006.0,8.2,2022,2020
2022-07-06,27.9,22.0,24.4,100,79,92.54,14.1,1005.65,7.5,2022,2020
2022-07-07,29.1,22.7,25.2,100,74,91.12,2.3,1004.62,7.5,2022,2020
2022-07-08,29.6,22.4,25.5,100,70,89.0,3.8,1005.28,9.8,2022,2020
2022-07-09,28.2,23.0,24.48,100,81,94.67,26.6,1007.24,8.6,2022,2020
2022-07-10,29.5,22.5,24.75,100,71,92.12,30.1,1007.01,10.2,2022,2020
2022-07-11,28.6,22.4,24.16,100,77,94.29,16.6,1006.29,7.5,2022,2020
2022-07-12,28.9,21.3,24.05,100,75,94.33,22.0,1006.18,8.6,2022,2020
2022-07-13,26.8,21.5,23.98,100,83,94.12,14.8,1007.24,8.7,2022,2020
2022-07-14,29.3,21.5,24.26,100,72,93.83,27.5,1007.53,8.9,2022,2020
2022-07-15,29.3,21.9,24.84,100,76,92.62,4.6,1007.02,8.0,2022,2020
2022-07-16,28.8,21.9,25.26,99,75,89.92,1.9,1005.77,10.2,2022,2020
2022-07-17,29.4,22.0,25.35,99,74,89.33,3.8,1005.16,8.7,2022,2020
2022-07-18,28.9,22.9,25.04,99,75,92.75,11.0,1005.6,10.4,2022,2020
2022-07-19,29.5,22.5,24.96,100,76,92.46,21.3,1005.62,9.2,2022,2020
2022-07-20,27.9,22.0,24.31,100,83,94.38,22.6,1005.45,9.7,2022,2020
2022-07-21,28.1,22.0,23.82,100,79,94.96,49.3,1005.71,14.2,2022,2020
2022-07-22,30.5,21.3,24.45,100,67,92.17,19.4,1006.17,7.2,2022,2020
2022-07-23,28.9,21.8,24.48,100,76,93.46,13.6,1006.29,7.9,2022,2020
2022-07-24,29.2,21.7,24.46,99,73,91.75,16.9,1006.44,10.1,2022,2020
2022-07-25,28.8,21.5,23.92,100,70,92.54,15.4,1006.68,9.5,2022,2020
2022-07-26,29.4,21.2,24.18,100,71,92.33,15.0,1007.39,8.0,2022,2020
2022-07-27,29.5,21.3,24.12,100,69,91.75,21.5,1007.56,9.8,2022,2020
2022-07-28,28.3,21.8,23.99,100,78,94.38,21.1,1007.05,7.9,2022,2020
2022-07-29,29.4,22.7,25.26,100,69,90.38,5.5,1005.42,7.9,2022,2020
2022-07-30,30.1,22.4,25.29,100,69,89.75,13.0,1005.58,9.8,2022,2020
2022-07-31,30.5,23.0,25.68,98,71,89.75,5.5,1005.55,11.0,2022,2020
2022-08-01,29.8,22.2,25.0,100,70,88.58,7.3,1005.58,8.8,2022,2020
2022-08-02,26.4,22.3,23.7,100,83,97.29,20.2,1005.47,9.3,2022,2020
2022-08-03,29.5,21.2,23.96,100,69,92.67,12.5,1005.35,11.2,2022,2020
2022-08-04,29.2,22.0,24.66,100,71,92.17,11.6,1005.52,6.7,2022,2020
2022-08-05,29.7,21.5,24.59,99,68,91.21,9.6,1004.87,9.5,2022,2020
2022-08-06,27.4,21.7,23.66,100,81,95.08,37.2,1005.22,7.3,2022,2020
2022-08-07,29.9,21.9,24.58,100,73,92.71,14.5,1005.09,9.0,2022,2020
2022-08-08,28.8,22.3,24.85,100,72,92.67,8.5,1004.76,8.2,2022,2020
2022-08-09,29.0,22.5,24.98,99,75,92.67,8.4,1005.48,6.5,2022,2020
2022-08-10,29.5,22.0,24.99,100,72,90.29,17.7,1006.4,8.7,2022,2020
2022-08-11,27.8,22.6,24.14,100,81,95.5,20.3,1007.17,11.7,2022,2020
2022-08-12,29.6,21.8,24.27,100,71,93.29,18.9,1007.75,7.4,2022,2020
2022-08-13,29.1,22.0,24.32,100,74,94.25,12.0,1008.03,8.8,2022,2020
2022-08-14,29.2,22.1,24.2,100,73,93.38,18.7,1007.57,6.8,2022,2020
2022-08-15,26.3,22.0,23.34,100,85,96.62,36.8,1007.0,8.9,2022,2020
2022-08-16,29.4,21.5,25.12,100,67,87.58,1.2,1006.03,12.1,2022,2020
2022-08-17,29.7,22.3,25.36,100,71,89.33,12.4,1006.1,7.6,2022,2020
2022-08-18,30.2,22.1,25.7,100,70,87.46,2.5,1004.92,7.7,2022,2020
2022-08-19,29.0,22.5,25.19,99,76,90.88,5.2,1005.01,11.3,2022,2020
2022-08-20,29.6,23.0,25.1,99,72,91.38,8.8,1006.38,9.1,2022,2020
2022-08-21,28.2,22.8,24.61,99,75,90.83,20.4,1006.46,10.0,2022,2020
2022-08-22,29.4,22.0,24.13,99,71,92.83,13.7,1006.01,6.9,2022,2020
2022-08-23,28.7,22.0,23.87,99,73,93.29,21.2,1005.42,9.6,2022,2020
2022-08-24,27.8,21.7,24.15,100,73,90.96,9.4,1006.49,10.7,2022,2020
2022-08-25,30.3,21.1,24.42,100,66,91.42,12.6,1007.28,8.0,2022,2020
2022-08-26,28.0,22.0,24.2,99,72,91.08,20.4,1006.96,8.0,2022,2020
2022-08-27,27.7,22.0,23.86,99,80,94.42,13.8,1006.2,10.6,2022,2020
2022-08-28,28.8,20.8,23.73,100,76,92.71,6.5,1006.01,14.2,2022,2020
2022-08-29,29.1,21.0,24.18,100,67,90.33,10.4,1006.27,11.0,2022,2020
2022-08-30,28.4,21.2,24.23,100,74,92.71,18.4,1006.52,7.7,2022,2020
2022-08-31,29.8,21.9,24.45,100,69,92.38,21.9,1006.41,9.0,2022,2020
2022-09-01,29.1,22.1,24.3,100,74,93.92,27.3,1005.78,8.9,2022,2020
2022-09-02,28.6,21.6,24.34,100,72,92.12,9.1,1005.02,9.3,2022,2020
2022-09-03,29.6,21.9,24.4,99,73,93.46,9.4,1004.89,9.3,2022,2020
2022-09-04,29.9,22.5,24.5,100,72,94.04,24.6,1005.19,10.4,2022,2020
2022-09-05,28.6,22.1,24.77,100,79,92.04,14.9,1006.4,8.3,2022,2020
2022-09-06,30.5,21.7,25.0,99,65,89.83,11.2,1007.45,7.2,2022,2020
2022-09-07,30.2,22.4,24.62,99,72,92.29,27.3,1007.47,9.4,2022,2020
2022-09-08,29.2,22.0,24.34,100,74,92.92,13.0,1005.61,9.2,2022,2020
2022-09-09,28.1,21.7,24.27,100,79,92.67,23.1,1005.37,12.6,2022,2020
2022-09-10,29.9,21.0,24.52,100,71,91.75,11.9,1006.82,8.7,2022,2020
2022-09-11,29.3,21.9,24.38,100,73,94.17,16.7,1008.04,10.8,2022,2020
2022-09-12,28.8,22.1,24.77,100,73,92.21,8.5,1006.75,9.2,2022,2020
2022-09-13,28.9,21.9,24.21,100,72,92.33,14.0,1006.35,11.1,2022,2020
2022-09-14,27.2,21.3,23.5,100,81,95.0,17.5,1005.96,9.4,2022,2020
2022-09-15,29.2,21.1,23.87,100,75,94.08,14.9,1006.43,9.7,2022,2020
2022-09-16,29.4,21.5,24.22,100,71,92.46,20.1,1006.62,10.7,2022,2020
2022-09-17,28.0,22.0,23.97,100,76,93.29,26.2,1006.28,9.7,2022,2020
2022-09-18,24.3,22.0,23.01,100,95,98.29,29.8,1006.62,7.4,2022,2020
2022-09-19,26.2,22.0,23.24,100,84,96.29,22.7,1006.84,7.9,2022,2020
2022-09-20,28.8,21.1,23.52,100,73,94.38,16.7,1007.05,14.7,2022,2020
2022-09-21,29.8,20.7,23.43,100,70,93.96,26.6,1006.39,9.3,2022,2020
2022-09-22,29.2,20.8,24.01,100,72,92.5,11.9,1006.1,10.7,2022,2020
2022-09-23,30.2,21.8,24.34,100,67,91.96,4.8,1006.29,8.4,2022,2020
2022-09-24,29.4,21.3,23.91,100,71,93.38,19.0,1005.84,10.9,2022,2020
2022-09-25,27.7,21.2,23.57,100,78,94.54,15.6,1004.6,12.3,2022,2020
2022-09-26,28.0,21.5,23.87,100,77,93.5,22.5,1005.14,12.8,2022,2020
2022-09-27,27.6,20.6,24.08,99,78,91.71,1.8,1006.27,12.1,2022,2020
2022-09-28,29.8,21.1,24.3,100,74,93.96,22.6,1006.54,12.0,2022,2020
2022-09-29,28.0,21.8,23.98,100,77,94.54,22.0,1005.93,10.4,2022,2020
2022-09-30,29.3,21.8,23.83,100,70,93.83,32.1,1004.65,12.5,2022,2020
2022-10-01,23.6,21.9,22.73,100,98,99.62,60.9,1006.22,6.2,2022,2020
2022-10-02,28.9,21.3,24.7,100,71,89.5,4.0,1006.95,7.8,2022,2020
2022-10-03,29.9,21.6,25.1,99,71,89.62,11.5,1006.25,8.4,2022,2020
2022-10-04,29.0,21.4,24.76,100,72,91.46,10.8,1005.67,10.2,2022,2020
2022-10-05,27.9,21.7,23.77,100,78,95.71,23.7,1006.11,11.3,2022,2020
2022-10-06,29.1,22.5,24.3,100,75,93.92,20.2,1005.83,7.4,2022,2020
2022-10-07,28.5,22.5,24.09,100,76,95.67,45.7,1005.14,6.8,2022,2020
2022-10-08,23.8,22.2,22.88,100,99,99.58,57.1,1004.22,9.5,2022,2020
2022-10-09,24.9,21.5,23.25,100,87,95.67,21.5,1005.13,12.9,2022,2020
2022-10-10,28.5,20.5,24.09,100,75,92.17,12.2,1006.29,7.7,2022,2020
2022-10-11,28.4,22.2,24.78,100,77,92.04,16.6,1006.7,10.0,2022,2020
2022-10-12,29.3,22.1,24.53,100,71,91.21,11.2,1006.58,12.3,2022,2020
2022-10-13,28.0,21.1,24.02,99,77,92.54,12.2,1006.29,12.6,2022,2020
2022-10-14,26.8,22.1,23.81,100,80,94.54,28.1,1005.92,11.7,2022,2020
2022-10-15,26.5,21.5,23.75,100,82,95.29,16.2,1006.38,10.7,2022,2020
2022-10-16,27.2,21.8,24.04,100,79,94.08,20.6,1005.86,9.3,2022,2020
2022-10-17,27.3,22.1,23.9,99,79,93.62,16.7,1005.98,10.7,2022,2020
2022-10-18,28.9,21.4,23.95,100,74,92.92,22.3,1006.33,10.2,2022,2020
2022-10-19,28.0,22.1,24.43,99,77,92.0,19.4,1006.88,9.4,2022,2020
2022-10-20,28.1,22.0,24.19,99,78,92.58,27.5,1006.72,9.0,2022,2020
2022-10-21,28.2,22.0,24.04,100,77,94.79,28.1,1006.15,7.6,2022,2020
2022-10-22,28.1,22.0,23.99,100,78,94.83,21.2,1005.82,11.5,2022,2020
2022-10-23,27.8,21.9,24.15,100,77,94.12,33.1,1005.96,11.8,2022,2020
2022-10-24,29.4,21.5,24.12,100,72,93.71,29.1,1006.67,8.2,2022,2020
2022-10-25,29.5,21.9,24.38,100,69,92.33,6.5,1006.67,8.7,2022,2020
2022-10-26,28.7,21.6,24.45,100,74,91.71,7.4,1005.83,8.0,2022,2020
2022-10-27,28.8,22.1,24.38,100,72,92.62,14.2,1005.95,9.3,2022,2020
2022-10-28,28.8,21.1,23.99,100,74,93.17,28.9,1007.28,8.8,2022,2020
2022-10-29,27.6,22.5,24.26,100,76,93.33,31.7,1007.34,9.0,2022,2020
2022-10-30,26.4,22.1,23.62,100,82,94.5,2.9,1005.86,6.5,2022,2020
2022-10-31,26.0,21.9,23.76,99,84,92.17,1.9,1005.24,8.3,2022,2020
2022-11-01,29.4,21.3,24.4,100,68,90.92,18.3,1005.83,9.8,2022,2020
2022-11-02,30.2,21.2,25.11,99,67,88.96,4.3,1006.18,9.7,2022,2020
2022-11-03,29.0,22.3,24.78,99,72,92.42,31.1,1005.97,11.5,2022,2020
2022-11-04,24.0,22.0,23.07,100,95,98.75,98.9,1006.48,7.8,2022,2020
2022-11-05,25.5,22.0,22.99,99,87,97.0,35.8,1006.35,16.4,2022,2020
2022-11-06,25.9,21.5,23.33,99,84,94.83,21.4,1006.38,13.5,2022,2020
2022-11-07,26.6,22.0,23.63,100,82,95.08,22.8,1006.85,10.2,2022,2020
2022-11-08,27.5,22.0,23.85,100,79,93.42,9.6,1007.37,10.0,2022,2020
2022-11-09,25.5,21.8,23.39,100,86,94.29,10.0,1007.33,13.7,2022,2020
2022-11-10,28.4,21.6,23.65,100,75,93.04,9.9,1006.91,11.2,2022,2020
2022-11-11,27.7,21.1,23.62,100,80,93.62,15.6,1006.73,12.8,2022,2020
2022-11-12,28.8,21.0,23.85,100,77,93.54,19.8,1006.79,9.7,2022,2020
2022-11-13,28.9,22.0,24.12,100,76,94.79,23.7,1005.73,8.5,2022,2020
2022-11-14,27.2,21.9,23.62,100,83,95.46,66.1,1005.1,6.5,2022,2020
2022-11-15,29.1,21.3,24.15,100,75,93.71,13.2,1005.85,8.3,2022,2020
2022-11-16,29.0,22.2,25.01,100,75,91.62,6.1,1006.0,7.7,2022,2020
2022-11-17,29.0,22.7,24.73,100,78,93.29,22.4,1005.3,10.2,2022,2020
2022-11-18,29.6,22.1,24.67,100,71,92.29,23.2,1004.72,7.9,2022,2020
2022-11-19,27.5,22.6,24.27,100,80,93.46,27.5,1004.8,7.0,2022,2020
2022-11-20,29.0,22.0,24.46,100,74,92.67,16.0,1004.24,9.9,2022,2020
2022-11-21,27.2,22.2,24.01,100,84,96.0,29.4,1005.22,7.4,2022,2020
2022-11-22,28.6,22.0,24.35,100,78,92.46,10.2,1005.97,7.6,2022,2020
2022-11-23,29.5,21.3,24.23,100,68,90.62,23.4,1005.6,9.1,2022,2020
2022-11-24,28.5,21.5,23.67,100,74,93.25,6.5,1005.5,7.6,2022,2020
2022-11-25,28.2,21.5,23.8,100,78,93.08,14.4,1005.88,9.9,2022,2020
2022-11-26,27.6,21.5,24.04,100,79,93.46,16.3,1006.78,10.4,2022,2020
2022-11-27,26.7,22.0,23.63,100,84,96.0,16.3,1006.81,7.9,2022,2020
2022-11-28,29.2,21.0,23.43,100,75,95.08,31.5,1005.8,9.7,2022,2020
2022-11-29,24.1,21.5,22.78,100,87,97.96,31.1,1004.83,5.9,2022,2020
2022-11-30,27.0,21.0,23.58,99,80,92.58,6.1,1004.85,8.0,2022,2020
2022-12-01,27.5,21.1,23.9,100,76,91.75,1.7,1005.12,9.4,2022,2020
2022-12-02,29.5,21.2,24.41,100,69,89.96,0.7,1005.2,8.6,2022,2020
2022-12-03,29.7,21.5,24.58,96,66,85.88,1.7,1005.68,12.6,2022,2020
2022-12-04,28.4,21.2,24.25,98,69,86.92,2.5,1005.65,7.4,2022,2020
2022-12-05,28.0,21.5,23.79,99,75,90.29,9.0,1005.18,6.9,2022,2020
2022-12-06,29.1,19.8,23.96,99,68,87.67,1.0,1005.8,8.1,2022,2020
2022-12-07,30.8,21.1,24.69,98,51,83.58,0.3,1006.83,12.6,2022,2020
2022-12-08,29.8,20.7,24.42,96,58,82.88,1.6,1005.8,11.8,2022,2020
2022-12-09,29.6,21.5,24.43,99,62,84.88,2.1,1005.18,8.2,2022,2020
2022-12-10,29.5,21.2,24.58,96,66,84.29,1.4,1005.78,7.6,2022,2020
2022-12-11,29.0,20.9,24.42,99,64,85.75,1.2,1006.4,10.0,2022,2020
2022-12-12,29.2,20.7,24.13,100,64,87.67,3.7,1006.07,7.8,2022,2020
2022-12-13,28.5,20.6,24.02,100,72,91.04,0.8,1005.12,8.4,2022,2020
2022-12-14,29.6,20.0,24.5,100,65,85.88,1.0,1004.85,7.4,2022,2020
2022-12-15,30.5,20.4,25.04,100,63,86.54,0.4,1004.43,5.9,2022,2020
2022-12-16,29.9,22.3,25.09,100,70,89.42,1.2,1003.88,6.8,2022,2020
2022-12-17,29.5,22.5,25.22,99,72,88.88,2.1,1003.49,7.6,2022,2020
2022-12-18,29.5,22.1,24.84,99,70,89.08,1.9,1004.82,7.7,2022,2020
2022-12-19,31.8,20.9,24.96,98,48,82.38,0.1,1005.42,10.1,2022,2020
2022-12-20,30.6,19.9,24.89,96,60,83.29,1.1,1006.03,11.5,2022,2020
2022-12-21,31.6,20.9,25.35,97,52,82.5,0.1,1005.31,10.2,2022,2020
2022-12-22,29.8,22.0,25.28,98,68,85.08,2.0,1005.02,8.1,2022,2020
2022-12-23,31.5,22.4,25.69,99,63,85.08,0.8,1004.99,10.7,2022,2020
2022-12-24,31.0,20.9,25.43,97,57,82.67,1.2,1005.01,10.4,2022,2020
2022-12-25,32.0,21.0,25.48,99,41,80.92,0.1,1004.82,10.0,2022,2020
2022-12-26,30.5,20.2,24.69,97,59,84.17,3.2,1005.58,11.5,2022,2020
2022-12-27,29.4,20.5,24.57,99,65,86.67,1.3,1007.1,10.3,2022,2020
2022-12-28,29.5,21.0,24.43,100,64,88.21,5.1,1007.58,10.6,2022,2020
2022-12-29,30.2,20.9,24.81,98,61,86.71,1.6,1006.72,9.2,2022,2020
2022-12-30,30.1,22.2,25.39,96,65,83.25,1.1,1005.99,8.1,2022,2020
2022-12-31,29.8,21.0,24.68,100,63,86.0,1.5,1007.21,12.2,2022,2020
2023-01-01,29.3,20.9,24.33,100,68,88.5,1.5,1007.74,9.4,2023,2020
2023-01-02,28.2,21.6,23.93,100,72,90.38,5.6,1008.2,8.5,2023,2020
2023-01-03,29.0,21.0,24.7,100,66,87.17,0.8,1008.05,10.1,2023,2020
2023-01-04,30.2,19.7,24.38,98,61,84.83,1.4,1006.57,11.0,2023,2020
2023-01-05,31.3,20.9,24.94,96,54,81.25,0.7,1006.9,9.5,2023,2020
2023-01-06,30.7,19.6,24.75,97,57,82.83,0.7,1007.15,12.6,2023,2020
2023-01-07,29.5,20.6,24.78,100,63,83.67,0.2,1007.38,10.8,2023,2020
2023-01-08,30.5,20.4,24.7,98,55,81.54,0.9,1007.58,8.7,2023,2020
2023-01-09,29.6,21.1,23.98,99,64,88.54,26.2,1007.98,7.1,2023,2020
2023-01-10,29.0,20.5,23.63,99,68,89.42,9.3,1007.55,7.4,2023,2020
2023-01-11,29.5,20.7,24.17,100,66,89.12,5.9,1007.22,7.7,2023,2020
2023-01-12,30.4,21.0,24.61,100,59,88.46,2.1,1007.02,9.0,2023,2020
2023-01-13,31.3,21.6,25.45,100,52,83.67,0.4,1005.75,9.8,2023,2020
2023-01-14,31.9,21.5,25.61,97,46,81.88,0.1,1006.08,8.0,2023,2020
2023-01-15,30.4,22.5,25.52,97,63,85.92,2.7,1006.37,8.9,2023,2020
2023-01-16,30.4,19.8,24.55,100,58,85.21,0.7,1006.06,12.9,2023,2020
2023-01-17,30.2,20.5,24.37,100,59,86.5,3.7,1005.42,8.0,2023,2020
2023-01-18,29.7,20.7,24.27,100,68,88.25,1.4,1005.98,7.6,2023,2020
2023-01-19,30.0,20.1,24.78,99,61,85.46,0.8,1006.42,9.7,2023,2020
2023-01-20,31.5,20.9,24.85,100,56,83.67,1.3,1006.34,10.4,2023,2020
2023-01-21,32.2,20.3,25.27,94,42,77.67,0.1,1005.06,10.5,2023,2020
2023-01-22,30.6,20.1,24.61,98,54,81.25,1.6,1004.31,10.2,2023,2020
2023-01-23,31.0,20.3,24.94,99,57,83.92,1.0,1004.47,11.4,2023,2020
2023-01-24,32.3,21.8,26.03,94,54,80.62,1.4,1004.26,12.2,2023,2020
2023-01-25,29.8,22.6,25.67,94,67,83.75,6.9,1004.07,11.4,2023,2020
2023-01-26,32.8,22.5,26.05,96,46,81.75,1.1,1003.97,12.7,2023,2020
2023-01-27,33.5,22.4,26.63,98,42,78.0,0.0,1004.05,11.8,2023,2020
2023-01-28,32.3,20.0,25.97,100,37,69.29,0.0,1003.72,24.6,2023,2020
2023-01-29,33.5,19.5,25.98,96,39,71.71,0.0,1003.9,11.8,2023,2020
2023-01-30,33.4,21.6,26.65,98,36,69.92,0.0,1004.42,9.4,2023,2020
2023-01-31,33.7,22.0,26.72,96,33,69.0,0.0,1004.78,10.5,2023,2020
2023-02-01,33.4,20.5,26.35,95,32,68.83,0.0,1005.08,13.0,2023,2020
2023-02-02,33.8,21.4,26.65,97,39,67.83,0.0,1004.57,16.1,2023,2020
2023-02-03,34.4,20.9,26.88,94,35,65.0,0.0,1005.19,14.8,2023,2020
2023-02-04,33.6,21.5,26.98,91,36,61.62,0.0,1005.65,15.3,2023,2020
2023-02-05,34.0,22.5,27.82,79,36,56.29,0.0,1005.18,17.1,2023,2020
2023-02-06,33.5,21.6,27.0,94,41,70.25,0.0,1003.77,7.1,2023,2020
2023-02-07,33.8,23.7,27.84,92,43,68.46,0.7,1003.41,10.3,2023,2020
2023-02-08,35.3,22.0,27.66,99,35,74.88,0.0,1003.46,9.7,2023,2020
2023-02-09,34.5,21.5,27.3,100,35,70.08,0.0,1003.67,6.9,2023,2020
2023-02-10,34.2,22.5,27.38,96,38,71.17,0.4,1003.41,7.3,2023,2020
2023-02-11,35.0,23.0,27.8,91,36,66.71,0.0,1002.58,7.9,2023,2020
2023-02-12,35.0,21.0,27.53,96,34,64.38,0.0,1002.01,18.3,2023,2020
2023-02-13,34.8,21.0,27.45,91,34,62.62,0.0,1002.9,15.0,2023,2020
2023-02-14,34.8,22.3,27.95,94,33,62.92,0.0,1003.96,11.2,2023,2020
2023-02-15,35.5,23.1,28.33,91,36,62.21,0.2,1004.5,10.4,2023,2020
2023-02-16,34.2,22.2,27.08,96,42,76.04,2.1,1004.04,13.0,2023,2020
2023-02-17,34.8,24.1,27.65,96,40,73.62,1.9,1003.57,15.6,2023,2020
2023-02-18,33.3,24.0,28.31,81,33,49.29,0.0,1003.2,32.3,2023,2020
2023-02-19,33.8,22.8,27.78,75,27,51.75,0.0,1003.62,32.7,2023,2020
2023-02-20,35.8,21.2,27.81,87,32,58.67,0.0,1003.59,18.1,2023,2020
2023-02-21,35.5,21.1,27.53,93,30,64.46,0.0,1004.62,7.6,2023,2020
2023-02-22,34.4,22.5,27.22,88,35,65.75,0.4,1006.32,12.2,2023,2020
2023-02-23,34.8,20.0,27.03,92,32,62.17,0.0,1006.65,16.3,2023,2020
2023-02-24,34.8,22.1,27.9,90,34,62.29,0.0,1006.41,14.1,2023,2020
2023-02-25,34.8,22.4,27.85,100,32,62.38,0.0,1005.73,20.6,2023,2020
2023-02-26,34.8,21.6,27.75,93,36,60.29,0.1,1005.12,14.8,2023,2020
2023-02-27,35.5,23.0,27.88,85,35,64.83,0.3,1004.51,13.8,2023,2020
2023-02-28,35.7,23.3,28.12,87,37,66.25,0.4,1004.78,14.6,2023,2020
2023-03-01,34.8,23.5,28.18,75,39,60.96,0.0,1004.57,14.6,2023,2020
2023-03-02,35.2,23.1,28.03,94,34,68.88,0.0,1002.79,15.5,2023,2020
2023-03-03,33.7,21.3,27.26,86,44,68.04,0.2,1002.29,16.5,2023,2020
2023-03-04,33.3,23.0,27.22,99,47,75.88,2.2,1003.17,11.5,2023,2020
2023-03-05,34.5,23.5,26.91,99,42,81.54,2.4,1004.43,11.6,2023,2020
2023-03-06,34.8,22.8,27.44,100,39,73.79,0.5,1004.68,11.2,2023,2020
2023-03-07,32.2,23.0,26.12,100,56,83.33,13.0,1005.3,9.5,2023,2020
2023-03-08,28.0,22.8,24.6,100,73,90.54,1.0,1006.74,10.2,2023,2020
2023-03-09,31.3,22.2,25.45,99,53,84.79,0.7,1006.67,14.9,2023,2020
2023-03-10,31.8,21.2,25.45,99,49,81.12,2.0,1006.32,13.1,2023,2020
2023-03-11,31.4,21.1,25.16,98,54,83.08,2.6,1006.58,11.2,2023,2020
2023-03-12,31.4,21.3,25.32,98,55,84.88,9.5,1006.72,11.0,2023,2020
2023-03-13,31.4,22.5,25.31,99,61,86.62,11.9,1007.65,11.0,2023,2020
2023-03-14,30.4,22.0,24.83,99,63,87.12,19.8,1007.79,10.9,2023,2020
2023-03-15,30.4,21.5,25.06,98,63,86.96,11.5,1007.29,11.7,2023,2020
2023-03-16,30.6,21.2,25.16,98,58,84.38,3.4,1007.12,11.1,2023,2020
2023-03-17,30.8,20.5,24.91,97,59,84.17,6.7,1006.79,9.6,2023,2020
2023-03-18,30.0,21.5,25.25,96,65,83.67,9.2,1006.69,8.8,2023,2020
2023-03-19,31.9,20.8,25.83,98,51,79.46,0.2,1006.66,9.7,2023,2020
2023-03-20,32.0,21.1,26.14,93,50,77.29,0.2,1006.4,10.5,2023,2020
2023-03-21,34.3,21.9,27.17,95,38,67.67,0.0,1005.11,18.1,2023,2020
2023-03-22,33.8,21.4,26.81,98,40,70.04,0.0,1005.08,17.3,2023,2020
2023-03-23,34.2,20.8,26.41,98,38,70.71,0.0,1005.64,8.0,2023,2020
2023-03-24,33.7,20.6,26.17,98,41,76.58,0.6,1005.65,13.4,2023,2020
2023-03-25,32.5,20.9,25.7,97,46,77.54,1.0,1005.2,13.0,2023,2020
2023-03-26,32.2,21.0,26.29,96,52,76.38,1.0,1004.75,11.6,2023,2020
2023-03-27,33.1,21.8,26.5,97,50,79.38,1.3,1004.85,11.2,2023,2020
2023-03-28,33.7,22.2,26.82,96,47,79.42,0.9,1004.66,10.3,2023,2020
2023-03-29,34.5,23.2,27.27,93,40,73.58,1.2,1004.05,10.4,2023,2020
2023-03-30,34.8,20.2,27.38,98,34,62.96,0.0,1004.05,18.9,2023,2020
2023-03-31,34.5,21.5,27.55,93,37,62.25,0.0,1004.97,19.4,2023,2020
2023-04-01,35.5,21.6,27.98,97,35,65.21,0.5,1004.65,14.9,2023,2020
2023-04-02,35.6,22.1,28.18,96,36,66.38,0.2,1003.58,9.7,2023,2020
2023-04-03,36.0,22.3,27.96,96,38,74.62,1.4,1002.4,13.6,2023,2020
2023-04-04,34.6,23.5,27.52,96,47,77.67,4.1,1002.46,11.3,2023,2020
2023-04-05,35.9,23.3,27.69,98,37,76.92,2.5,1002.73,10.3,2023,2020
2023-04-06,33.5,22.5,26.72,96,43,78.67,3.9,1004.12,11.4,2023,2020
2023-04-07,33.5,21.8,26.2,99,45,79.58,2.8,1005.06,14.5,2023,2020
2023-04-08,33.1,22.5,26.37,96,47,77.54,1.2,1004.58,14.4,2023,2020
2023-04-09,35.2,21.8,27.18,100,38,71.25,1.4,1004.33,12.7,2023,2020
2023-04-10,35.4,22.2,28.05,90,34,62.46,0.9,1004.53,12.6,2023,2020
2023-04-11,36.2,22.1,28.21,96,35,68.08,0.4,1004.09,10.2,2023,2020
2023-04-12,36.1,22.8,28.03,90,36,70.0,1.2,1003.23,14.0,2023,2020
2023-04-13,34.3,23.3,27.73,96,46,75.29,1.5,1002.4,11.2,2023,2020
2023-04-14,33.8,24.3,28.4,92,41,71.75,0.6,1003.1,12.4,2023,2020
2023-04-15,34.8,22.7,27.82,96,38,67.12,0.0,1004.55,17.5,2023,2020
2023-04-16,33.2,23.2,27.2,95,40,70.17,0.4,1006.01,11.5,2023,2020
2023-04-17,32.0,23.5,26.28,97,51,80.83,9.3,1005.2,11.6,2023,2020
2023-04-18,33.7,22.4,27.01,96,46,77.83,4.9,1003.87,11.7,2023,2020
2023-04-19,34.8,23.4,27.79,94,39,72.71,1.3,1003.71,14.8,2023,2020
2023-04-20,33.5,22.9,27.1,96,44,76.58,0.9,1005.36,14.5,2023,2020
2023-04-21,31.0,23.2,25.64,100,59,86.46,9.3,1006.09,12.2,2023,2020
2023-04-22,29.4,22.4,24.99,100,62,87.29,8.0,1005.51,11.4,2023,2020
2023-04-23,31.5,21.4,25.52,98,57,81.42,3.5,1005.2,11.9,2023,2020
2023-04-24,31.4,21.8,25.98,98,57,82.75,2.7,1005.45,10.8,2023,2020
2023-04-25,31.2,22.6,26.18,97,64,85.5,3.1,1005.3,8.7,2023,2020
2023-04-26,32.2,23.0,26.78,97,52,80.08,0.8,1005.15,11.0,2023,2020
2023-04-27,32.3,21.9,26.54,99,52,79.92,0.9,1005.23,11.3,2023,2020
2023-04-28,32.2,23.1,26.63,95,55,80.29,3.3,1005.66,11.1,2023,2020
2023-04-29,31.6,22.4,25.74,98,59,86.88,19.1,1006.36,13.7,2023,2020
2023-04-30,30.1,23.4,25.81,100,70,89.21,4.9,1006.23,11.4,2023,2020
2023-05-01,31.5,23.0,25.68,98,66,88.96,21.8,1004.88,7.4,2023,2020
2023-05-02,32.2,22.7,26.88,96,58,82.08,4.8,1003.14,9.2,2023,2020
2023-05-03,33.6,24.0,27.85,95,56,80.58,0.5,1001.81,13.8,2023,2020
2023-05-04,34.2,23.6,27.94,99,52,81.92,0.4,1002.05,12.9,2023,2020
2023-05-05,36.0,24.5,28.66,100,43,76.96,0.7,1002.46,11.3,2023,2020
2023-05-06,34.0,24.0,28.02,98,52,81.42,2.7,1003.39,9.7,2023,2020
2023-05-07,35.8,24.4,29.06,99,36,67.88,0.0,1002.85,10.0,2023,2020
2023-05-08,35.2,22.7,28.26,91,39,67.71,0.1,1003.05,16.5,2023,2020
2023-05-09,33.3,23.5,28.34,91,51,72.5,0.2,1004.16,12.5,2023,2020
2023-05-10,32.8,23.6,27.02,100,55,82.21,15.6,1005.18,11.1,2023,2020
2023-05-11,31.3,23.9,26.4,97,65,87.46,10.6,1004.71,10.2,2023,2020
2023-05-12,31.9,23.4,26.31,100,67,89.25,6.9,1004.15,11.3,2023,2020
2023-05-13,32.5,23.0,26.92,98,59,84.42,1.6,1003.58,8.0,2023,2020
2023-05-14,32.7,23.4,27.1,99,60,83.67,5.6,1005.34,9.4,2023,2020
2023-05-15,31.0,23.9,26.12,100,67,90.92,23.5,1007.62,10.2,2023,2020
2023-05-16,31.8,23.7,26.15,100,59,86.96,8.9,1006.8,12.4,2023,2020
2023-05-17,32.3,23.5,27.41,94,61,81.0,0.8,1005.16,11.2,2023,2020
2023-05-18,32.5,23.3,27.82,95,60,80.08,0.7,1003.95,9.4,2023,2020
2023-05-19,32.5,23.9,27.65,94,61,81.29,3.8,1004.47,9.9,2023,2020
2023-05-20,31.2,23.8,26.75,99,66,85.62,8.9,1004.76,11.5,2023,2020
2023-05-21,28.6,23.4,25.36,100,76,91.5,28.7,1005.37,11.4,2023,2020
2023-05-22,31.5,23.1,25.26,100,67,91.25,29.0,1005.7,10.8,2023,2020
2023-05-23,30.4,22.2,25.42,100,64,90.08,22.2,1005.68,11.4,2023,2020
2023-05-24,31.4,22.9,25.71,99,60,88.71,19.4,1004.1,12.0,2023,2020
2023-05-25,29.9,23.0,24.98,100,71,91.46,36.8,1004.24,11.1,2023,2020
2023-05-26,30.1,22.9,24.95,100,66,92.0,13.3,1005.33,11.4,2023,2020
2023-05-27,31.2,22.0,25.62,99,66,89.62,7.8,1006.0,11.0,2023,2020
2023-05-28,31.1,22.6,26.02,99,65,89.62,12.5,1006.3,9.5,2023,2020
2023-05-29,29.9,23.3,25.54,100,74,92.12,37.2,1006.08,9.0,2023,2020
2023-05-30,30.9,22.9,25.16,100,67,92.33,14.4,1005.62,7.1,2023,2020
2023-05-31,28.6,22.3,24.92,100,75,92.38,28.0,1006.16,11.7,2023,2020
2023-06-01,31.0,22.4,25.44,100,65,90.29,10.3,1005.93,10.2,2023,2020
2023-06-02,30.6,22.5,25.37,100,66,90.38,3.3,1004.62,14.3,2023,2020
2023-06-03,30.6,23.1,25.7,100,71,91.5,9.3,1003.62,11.7,2023,2020
2023-06-04,29.4,22.4,24.93,100,73,92.5,23.4,1005.08,9.8,2023,2020
2023-06-05,30.1,21.7,25.32,99,66,88.75,5.7,1005.7,9.9,2023,2020
2023-06-06,31.5,22.0,25.71,98,62,88.12,11.2,1005.71,9.2,2023,2020
2023-06-07,30.5,22.5,25.38,99,71,89.96,9.4,1005.88,10.7,2023,2020
2023-06-08,30.7,22.3,25.24,100,67,91.17,22.5,1006.8,10.0,2023,2020
2023-06-09,26.7,22.5,24.48,100,90,95.96,13.4,1007.29,7.6,2023,2020
2023-06-10,29.4,22.1,25.27,100,73,91.38,13.7,1006.33,7.0,2023,2020
2023-06-11,31.2,22.5,26.23,100,67,90.08,4.6,1005.58,8.5,2023,2020
2023-06-12,32.0,23.5,26.39,99,63,88.75,4.0,1004.7,10.4,2023,2020
2023-06-13,30.1,23.9,25.87,100,71,92.62,18.6,1004.46,7.9,2023,2020
2023-06-14,30.8,23.2,25.39,100,71,93.58,24.0,1004.42,10.1,2023,2020
2023-06-15,30.4,22.7,25.77,100,73,91.62,3.2,1004.27,9.3,2023,2020
2023-06-16,30.7,23.1,26.01,98,69,89.5,15.0,1005.05,8.6,2023,2020
2023-06-17,29.6,23.4,25.7,98,75,91.33,19.5,1005.05,9.5,2023,2020
2023-06-18,31.0,22.5,26.56,98,67,86.08,1.9,1003.64,8.3,2023,2020
2023-06-19,32.0,23.0,26.91,100,64,86.12,1.5,1003.7,7.2,2023,2020
2023-06-20,31.0,24.0,26.95,100,72,87.67,8.7,1002.92,8.0,2023,2020
2023-06-21,28.5,23.5,25.47,100,77,93.12,10.4,1003.61,7.7,2023,2020
2023-06-22,29.5,23.0,25.17,100,74,91.92,9.0,1005.2,9.0,2023,2020
2023-06-23,31.2,22.4,25.45,100,65,90.75,9.6,1005.56,10.1,2023,2020
2023-06-24,31.3,23.0,25.43,100,65,91.21,28.4,1005.7,10.7,2023,2020
2023-06-25,29.9,22.2,24.72,100,73,92.38,21.5,1005.78,10.4,2023,2020
2023-06-26,30.2,21.9,24.86,100,71,92.04,11.9,1005.62,10.5,2023,2020
2023-06-27,31.1,22.1,26.0,99,62,86.92,9.9,1005.42,8.8,2023,2020
2023-06-28,30.8,23.1,27.08,98,69,85.5,1.0,1003.79,9.2,2023,2020
2023-06-29,31.5,23.9,27.42,99,65,85.5,1.0,1003.11,8.3,2023,2020
2023-06-30,31.0,24.0,26.51,100,70,89.79,8.0,1003.76,7.9,2023,2020
2023-07-01,29.5,23.1,24.87,100,74,94.67,22.1,1005.21,11.9,2023,2020
2023-07-02,30.0,22.5,25.03,100,68,93.21,39.5,1005.86,10.0,2023,2020
2023-07-03,31.1,22.6,25.37,100,65,91.88,13.0,1006.27,8.5,2023,2020
2023-07-04,30.8,22.5,25.87,99,65,89.04,10.9,1006.66,8.3,2023,2020
2023-07-05,28.6,23.3,25.25,100,79,93.42,24.5,1006.35,12.7,2023,2020
2023-07-06,30.0,22.6,24.92,100,71,93.29,42.8,1005.75,11.5,2023,2020
2023-07-07,30.6,22.4,25.35,100,66,91.46,10.8,1005.35,7.8,2023,2020
2023-07-08,31.2,22.6,25.75,100,67,90.17,10.5,1005.44,7.8,2023,2020
2023-07-09,30.4,22.9,25.29,99,73,92.46,17.1,1005.39,8.0,2023,2020
2023-07-10,30.2,23.0,25.42,100,72,92.08,13.5,1004.98,8.2,2023,2020
2023-07-11,28.9,23.0,25.34,100,75,93.25,4.7,1004.58,6.8,2023,2020
2023-07-12,31.5,23.4,26.32,100,68,88.96,4.0,1003.81,8.2,2023,2020
2023-07-13,29.8,23.1,25.38,100,73,93.21,8.0,1003.38,9.5,2023,2020
2023-07-14,29.5,22.6,26.0,100,70,88.71,0.0,1003.3,6.4,2023,2020
2023-07-15,29.7,23.5,25.8,100,71,90.29,12.8,1004.09,9.2,2023,2020
2023-07-16,30.5,22.6,26.21,100,65,89.33,3.3,1003.98,8.3,2023,2020
2023-07-17,28.9,23.3,25.13,100,72,93.33,17.0,1005.15,10.1,2023,2020
2023-07-18,31.1,22.7,26.4,100,72,88.25,0.0,1004.54,11.5,2023,2020
2023-07-19,33.2,22.7,27.4,96,59,82.96,0.2,1003.98,13.0,2023,2020
2023-07-20,32.8,23.0,27.71,98,62,83.38,1.4,1003.24,8.4,2023,2020
2023-07-21,31.9,23.2,26.08,100,65,90.0,29.0,1003.88,10.1,2023,2020
2023-07-22,31.0,22.9,25.77,99,67,91.08,12.7,1004.59,9.0,2023,2020
2023-07-23,31.4,23.2,26.49,100,66,88.62,6.1,1005.82,8.5,2023,2020
2023-07-24,31.7,23.2,26.7,100,66,87.92,2.4,1006.07,8.7,2023,2020
2023-07-25,29.5,23.0,25.52,99,77,89.88,14.2,1006.21,11.4,2023,2020
2023-07-26,29.2,22.5,25.33,100,71,90.54,7.4,1005.6,9.4,2023,2020
2023-07-27,31.1,23.2,25.98,100,66,90.38,7.0,1005.38,10.6,2023,2020
2023-07-28,30.6,22.7,26.04,100,70,89.75,4.1,1005.43,11.3,2023,2020
2023-07-29,31.5,22.5,26.58,99,67,88.46,9.5,1005.19,10.2,2023,2020
2023-07-30,28.5,24.0,25.72,100,78,93.04,13.6,1005.75,9.2,2023,2020
2023-07-31,28.1,23.5,25.02,100,83,96.04,33.9,1006.34,7.3,2023,2020
2023-08-01,30.5,23.2,25.7,100,69,92.12,11.3,1006.87,8.5,2023,2020
2023-08-02,30.5,23.0,25.92,100,68,89.25,14.2,1006.97,7.7,2023,2020
2023-08-03,31.8,22.5,26.71,100,69,87.96,3.4,1005.76,9.3,2023,2020
2023-08-04,31.9,22.9,26.55,100,66,89.46,7.6,1004.53,11.4,2023,2020
2023-08-05,32.0,23.6,27.2,99,65,85.75,1.9,1004.6,13.5,2023,2020
2023-08-06,30.7,24.0,26.39,99,68,88.62,6.2,1005.58,11.8,2023,2020
2023-08-07,30.5,23.7,25.93,100,67,91.83,10.1,1006.88,9.2,2023,2020
2023-08-08,29.1,23.0,25.72,100,76,91.71,11.9,1006.85,8.6,2023,2020
2023-08-09,31.8,23.1,26.2,100,67,90.58,3.5,1006.25,8.3,2023,2020
2023-08-10,31.5,23.4,25.7,100,69,92.75,16.6,1006.12,10.1,2023,2020
2023-08-11,31.0,23.8,25.7,100,70,93.21,22.8,1005.55,8.0,2023,2020
2023-08-12,29.4,23.0,25.38,100,75,92.46,35.9,1005.0,9.6,2023,2020
2023-08-13,30.2,22.6,25.33,100,71,92.29,21.7,1005.1,9.2,2023,2020
2023-08-14,29.4,22.2,24.65,100,76,93.29,12.4,1005.38,10.7,2023,2020
2023-08-15,31.6,21.8,25.61,100,65,90.88,9.8,1004.8,9.1,2023,2020
2023-08-16,30.3,23.1,25.63,100,71,92.04,25.5,1004.64,10.3,2023,2020
2023-08-17,30.5,22.4,25.35,100,73,93.12,18.5,1005.08,8.6,2023,2020
2023-08-18,30.0,22.8,25.35,100,74,93.12,11.5,1004.6,9.0,2023,2020
2023-08-19,30.4,23.1,25.57,100,71,92.62,19.4,1003.66,7.7,2023,2020
2023-08-20,30.6,23.0,25.79,100,70,90.96,11.6,1002.92,12.8,2023,2020
2023-08-21,27.8,22.6,24.76,100,82,94.67,41.5,1003.03,10.0,2023,2020
2023-08-22,27.6,23.0,24.23,100,82,97.12,44.1,1002.94,10.7,2023,2020
2023-08-23,26.1,22.2,23.48,100,89,97.75,56.6,1004.48,10.1,2023,2020
2023-08-24,30.2,22.1,25.19,100,64,90.12,5.7,1005.14,11.5,2023,2020
2023-08-25,30.6,23.5,25.82,100,70,90.83,12.7,1005.19,8.0,2023,2020
2023-08-26,31.6,22.0,26.0,100,63,89.42,4.0,1004.24,7.9,2023,2020
2023-08-27,29.8,22.5,25.8,100,72,90.46,5.4,1004.5,10.0,2023,2020
2023-08-28,29.5,23.0,25.25,99,73,91.83,6.7,1005.56,8.9,2023,2020
2023-08-29,32.0,22.9,26.6,100,64,88.46,1.9,1005.23,8.6,2023,2020
2023-08-30,32.0,23.5,26.9,100,67,89.58,5.6,1003.74,10.9,2023,2020
2023-08-31,30.0,23.2,25.95,100,76,92.0,6.7,1003.75,13.0,2023,2020
2023-09-01,30.9,23.7,25.99,100,74,92.12,10.5,1004.68,9.4,2023,2020
2023-09-02,31.0,22.6,25.35,100,67,91.38,9.8,1005.15,9.4,2023,2020
2023-09-03,29.5,22.6,25.13,100,70,90.96,18.7,1005.45,7.9,2023,2020
2023-09-04,30.1,22.5,24.94,100,70,92.08,13.0,1005.37,7.9,2023,2020
2023-09-05,31.1,22.4,25.51,100,69,90.75,7.3,1005.3,8.3,2023,2020
2023-09-06,30.8,22.6,25.78,99,70,91.08,6.6,1004.77,7.4,2023,2020
2023-09-07,29.9,23.5,25.62,100,75,93.21,6.4,1004.17,9.1,2023,2020
2023-09-08,31.2,23.3,25.97,99,70,89.83,3.1,1004.23,7.3,2023,2020
2023-09-09,30.2,23.0,25.38,100,73,92.38,11.8,1005.09,10.1,2023,2020
2023-09-10,31.0,22.6,25.2,100,68,92.33,19.9,1005.42,9.1,2023,2020
2023-09-11,29.6,22.2,25.45,100,70,91.54,12.7,1005.5,9.2,2023,2020
2023-09-12,31.0,22.8,25.64,100,67,90.58,13.9,1004.87,9.0,2023,2020
2023-09-13,31.1,22.5,25.75,100,67,90.58,15.5,1004.36,8.4,2023,2020
2023-09-14,30.5,22.4,25.6,100,67,90.79,21.6,1004.6,11.0,2023,2020
2023-09-15,30.0,23.0,25.42,100,68,91.38,16.1,1004.83,10.5,2023,2020
2023-09-16,30.6,23.1,25.35,100,68,92.38,22.6,1005.04,8.9,2023,2020
2023-09-17,30.1,22.5,25.27,100,75,92.42,9.5,1004.89,7.6,2023,2020
2023-09-18,30.1,22.8,24.81,100,72,93.88,21.5,1004.89,8.1,2023,2020
2023-09-19,30.7,22.4,24.99,100,67,91.42,19.1,1004.51,9.8,2023,2020
2023-09-20,30.0,22.5,25.04,99,67,91.12,14.8,1004.47,7.3,2023,2020
2023-09-21,31.0,22.0,25.88,100,67,89.33,1.2,1003.81,8.4,2023,2020
2023-09-22,31.7,22.4,26.66,99,64,85.92,2.7,1002.77,11.2,2023,2020
2023-09-23,31.1,22.3,25.72,99,65,88.75,3.8,1003.25,9.7,2023,2020
2023-09-24,31.0,22.2,25.58,100,66,90.08,9.1,1004.01,8.7,2023,2020
2023-09-25,31.5,22.4,25.48,100,62,90.42,15.1,1005.18,9.4,2023,2020
2023-09-26,29.8,22.6,25.57,100,74,91.58,19.0,1006.04,8.3,2023,2020
2023-09-27,28.0,23.9,25.4,100,79,93.12,12.8,1005.05,8.0,2023,2020
2023-09-28,31.0,22.6,25.25,100,71,92.79,17.9,1003.8,9.4,2023,2020
2023-09-29,31.0,22.2,25.14,100,70,93.5,13.3,1003.54,8.9,2023,2020
2023-09-30,30.4,22.5,25.49,100,69,92.5,15.5,1004.39,9.7,2023,2020
2023-10-01,30.8,23.0,25.61,100,70,92.21,14.5,1004.65,9.4,2023,2020
2023-10-02,31.2,22.5,25.8,100,67,90.58,11.3,1003.79,10.7,2023,2020
2023-10-03,28.9,23.5,25.11,100,73,94.67,10.2,1004.37,9.2,2023,2020
2023-10-04,30.5,22.5,24.98,100,66,92.38,8.3,1005.07,11.1,2023,2020
2023-10-05,31.0,22.3,25.36,100,62,89.0,1.8,1005.79,8.7,2023,2020
2023-10-06,30.8,22.3,25.53,100,70,90.67,7.8,1005.86,11.1,2023,2020
2023-10-07,30.8,23.0,25.36,100,70,92.92,22.0,1005.65,10.4,2023,2020
2023-10-08,30.7,22.3,24.88,100,73,95.0,17.3,1005.34,9.4,2023,2020
2023-10-09,31.6,22.8,25.22,100,66,93.67,27.8,1004.79,9.7,2023,2020
2023-10-10,29.8,22.9,24.96,100,75,95.38,19.7,1005.03,9.5,2023,2020
2023-10-11,30.8,22.6,25.02,100,71,94.75,11.3,1004.12,7.3,2023,2020
2023-10-12,30.7,22.3,25.54,100,67,89.04,2.1,1003.62,9.8,2023,2020
2023-10-13,31.8,22.5,25.36,100,66,90.04,28.1,1004.42,11.5,2023,2020
2023-10-14,29.6,22.6,24.82,100,74,92.92,9.3,1005.67,12.4,2023,2020
2023-10-15,29.0,22.2,24.52,100,76,95.38,19.6,1006.29,14.5,2023,2020
2023-10-16,30.1,22.1,24.46,100,70,95.04,32.7,1005.72,13.2,2023,2020
2023-10-17,31.0,22.0,24.66,100,68,93.46,28.8,1004.6,10.2,2023,2020
2023-10-18,30.8,22.0,25.39,99,69,90.42,9.5,1003.8,8.3,2023,2020
2023-10-19,29.9,22.4,25.27,99,71,91.38,15.5,1004.24,7.2,2023,2020
2023-10-20,30.8,22.5,24.89,100,69,93.83,30.6,1005.29,8.6,2023,2020
2023-10-21,29.3,22.7,24.18,100,77,96.29,67.0,1005.65,13.7,2023,2020
2023-10-22,29.6,22.2,24.81,100,70,92.54,17.4,1005.06,9.7,2023,2020
2023-10-23,27.4,22.6,24.35,100,81,93.88,12.2,1005.18,9.3,2023,2020
2023-10-24,29.6,21.9,24.35,100,70,93.5,16.3,1005.03,13.1,2023,2020
2023-10-25,28.6,22.4,24.31,100,79,94.79,19.7,1004.77,11.8,2023,2020
2023-10-26,27.0,22.1,24.04,100,86,97.25,20.1,1004.4,8.6,2023,2020
2023-10-27,29.6,22.2,24.76,100,69,89.83,19.0,1004.46,13.6,2023,2020
2023-10-28,29.2,21.5,24.52,100,71,91.33,28.2,1004.9,11.9,2023,2020
2023-10-29,29.2,21.9,24.02,100,75,95.04,24.4,1004.91,13.0,2023,2020
2023-10-30,28.4,22.4,24.46,100,75,93.38,30.2,1004.98,11.3,2023,2020
2023-10-31,29.0,22.4,24.57,100,74,94.38,14.2,1005.08,8.4,2023,2020
2023-11-01,29.9,22.6,24.38,100,73,96.38,35.3,1005.18,8.0,2023,2020
2023-11-02,29.5,22.0,24.18,100,75,95.67,61.5,1005.1,12.2,2023,2020
2023-11-03,29.1,22.0,24.36,100,73,94.33,36.4,1003.18,7.0,2023,2020
2023-11-04,27.1,22.7,23.99,100,84,96.67,30.8,1003.04,10.2,2023,2020
2023-11-05,27.1,22.4,24.02,100,83,96.5,20.7,1003.93,12.9,2023,2020
2023-11-06,29.2,22.0,24.72,100,75,94.29,13.0,1004.49,8.7,2023,2020
2023-11-07,30.2,22.2,25.43,99,70,91.62,3.9,1004.36,7.3,2023,2020
2023-11-08,30.5,23.1,25.66,100,73,92.38,6.6,1003.68,7.3,2023,2020
2023-11-09,31.5,22.8,26.38,100,64,88.71,4.0,1002.46,11.8,2023,2020
2023-11-10,31.6,22.5,25.59,100,66,91.5,15.3,1002.61,9.3,2023,2020
2023-11-11,29.7,22.7,25.4,100,75,92.75,11.7,1003.01,10.7,2023,2020
2023-11-12,29.9,23.1,25.53,99,73,91.54,12.1,1003.14,7.7,2023,2020
2023-11-13,29.4,23.2,26.06,100,76,90.29,12.6,1002.93,9.4,2023,2020
2023-11-14,29.3,23.5,25.65,100,75,92.5,15.9,1002.63,9.2,2023,2020
2023-11-15,30.8,23.4,25.43,100,67,91.92,11.6,1003.34,9.1,2023,2020
2023-11-16,28.0,23.2,24.7,100,80,95.38,19.3,1003.84,11.0,2023,2020
2023-11-17,25.4,23.0,23.79,100,96,99.42,46.7,1005.35,6.1,2023,2020
2023-11-18,27.9,22.0,23.85,100,79,95.29,43.5,1006.82,11.2,2023,2020
2023-11-19,29.5,22.0,24.44,100,68,92.54,33.6,1007.15,13.0,2023,2020
2023-11-20,29.8,22.5,24.38,100,73,94.71,31.7,1006.31,6.1,2023,2020
2023-11-21,30.3,21.4,24.44,100,67,91.71,10.0,1005.32,8.7,2023,2020
2023-11-22,30.0,22.0,24.96,99,74,92.38,18.6,1004.7,8.0,2023,2020
2023-11-23,30.1,23.1,25.14,100,74,93.38,14.9,1005.51,7.9,2023,2020
2023-11-24,30.8,22.6,25.14,100,70,92.25,13.8,1006.43,9.8,2023,2020
2023-11-25,28.6,22.5,24.94,100,76,92.58,5.2,1005.82,8.9,2023,2020
2023-11-26,29.9,22.9,25.68,100,74,90.58,1.2,1003.87,7.9,2023,2020
2023-11-27,31.0,22.6,26.15,99,68,86.33,0.8,1003.21,8.4,2023,2020
2023-11-28,31.1,22.8,26.01,98,66,87.71,5.8,1004.1,8.2,2023,2020
2023-11-29,28.5,22.1,24.54,100,79,94.08,19.9,1004.89,8.4,2023,2020
2023-11-30,30.4,22.0,25.26,99,68,90.17,1.4,1004.0,8.1,2023,2020
2023-12-01,32.7,22.0,25.96,100,47,85.08,0.0,1003.69,10.2,2023,2020
2023-12-02,31.5,20.5,25.54,99,59,82.67,0.1,1003.7,11.8,2023,2020
2023-12-03,31.2,20.8,25.63,100,62,85.79,0.8,1003.6,10.8,2023,2020
2023-12-04,31.4,21.1,25.62,100,59,84.58,0.0,1003.18,11.7,2023,2020
2023-12-05,31.4,21.6,25.95,100,62,84.5,0.5,1003.45,11.8,2023,2020
2023-12-06,31.0,21.6,25.8,100,62,85.29,0.6,1003.97,9.5,2023,2020
2023-12-07,31.0,22.4,25.8,100,62,84.42,1.1,1004.13,11.7,2023,2020
2023-12-08,32.2,21.2,25.86,100,55,81.92,0.0,1002.82,12.4,2023,2020
2023-12-09,31.6,22.9,26.8,97,62,81.83,0.2,1002.49,9.3,2023,2020
2023-12-10,31.7,24.1,26.62,99,65,86.83,4.3,1001.99,7.4,2023,2020
2023-12-11,31.5,22.6,26.33,100,64,87.75,2.3,1001.68,7.9,2023,2020
2023-12-12,31.8,23.3,26.82,99,67,87.54,1.2,1001.75,8.1,2023,2020
2023-12-13,33.0,24.0,27.68,100,51,80.54,0.0,1001.16,16.6,2023,2020
2023-12-14,32.2,23.4,26.91,99,59,84.42,1.5,1001.28,8.5,2023,2020
2023-12-15,30.5,23.1,25.73,100,67,87.25,4.2,1002.7,8.4,2023,2020
2023-12-16,29.8,22.9,25.08,100,66,91.83,6.3,1004.6,8.5,2023,2020
2023-12-17,30.6,23.1,25.33,100,72,92.88,15.9,1004.57,7.9,2023,2020
2023-12-18,30.5,22.8,25.82,100,67,88.67,1.7,1003.41,8.8,2023,2020
2023-12-19,32.0,22.6,26.24,97,56,84.83,0.0,1003.44,6.9,2023,2020
2023-12-20,31.7,23.3,26.36,99,51,82.38,0.0,1003.36,8.7,2023,2020
2023-12-21,33.2,22.5,26.85,99,49,80.58,0.0,1002.9,6.5,2023,2020
2023-12-22,32.2,23.3,26.55,100,58,83.71,1.0,1003.59,9.3,2023,2020
2023-12-23,32.2,23.7,26.83,95,60,83.58,0.6,1004.57,10.9,2023,2020
2023-12-24,31.8,21.3,26.22,100,57,83.04,0.3,1004.68,11.0,2023,2020
2023-12-25,32.0,22.1,26.42,99,57,82.46,0.7,1005.97,10.3,2023,2020
2023-12-26,31.9,21.9,25.65,100,57,87.42,15.0,1006.28,11.4,2023,2020
2023-12-27,30.1,22.5,25.31,100,69,90.12,10.1,1006.89,10.5,2023,2020
2023-12-28,30.8,22.8,24.96,100,68,92.71,23.1,1007.02,9.2,2023,2020
2023-12-29,30.3,22.6,24.51,100,70,93.21,27.2,1008.12,8.1,2023,2020
2023-12-30,30.2,22.4,25.46,100,67,87.92,3.1,1008.02,8.7,2023,2020
2023-12-31,31.8,20.6,25.52,99,57,82.71,0.2,1007.52,11.6,2023,2020
2024-01-01,32.2,21.6,25.92,97,57,82.12,1.1,1006.54,11.6,2024,2020
2024-01-02,31.0,21.5,25.63,100,60,84.96,0.8,1006.04,10.9,2024,2020
2024-01-03,31.3,21.0,25.85,100,59,83.96,0.4,1006.05,12.7,2024,2020
2024-01-04,31.7,21.0,25.54,100,58,85.96,2.8,1006.74,9.5,2024,2020
2024-01-05,31.8,21.2,25.66,100,58,85.5,0.3,1005.88,11.2,2024,2020
2024-01-06,31.7,20.8,25.86,100,58,82.58,0.1,1004.35,11.8,2024,2020
2024-01-07,33.4,21.5,26.58,98,45,76.92,0.0,1003.4,10.4,2024,2020
2024-01-08,33.8,21.4,26.49,98,47,80.46,0.9,1003.32,9.0,2024,2020
2024-01-09,32.5,21.1,26.38,100,56,81.42,0.3,1004.46,14.5,2024,2020
2024-01-10,31.1,21.6,25.68,100,62,86.71,7.2,1005.79,10.8,2024,2020
2024-01-11,31.3,22.1,25.57,99,62,88.62,9.1,1006.26,12.9,2024,2020
2024-01-12,31.0,23.0,26.17,99,64,87.5,3.2,1006.01,9.9,2024,2020
2024-01-13,30.1,22.2,25.55,100,68,89.12,5.6,1005.91,10.0,2024,2020
2024-01-14,31.6,22.2,26.24,100,57,84.67,0.4,1005.14,10.9,2024,2020
2024-01-15,33.4,22.0,26.52,98,51,82.62,0.0,1003.8,11.6,2024,2020
2024-01-16,32.7,20.9,26.33,100,53,81.38,0.0,1002.86,14.0,2024,2020
2024-01-17,33.3,22.9,27.32,98,54,79.42,0.2,1003.58,9.5,2024,2020
2024-01-18,34.7,23.4,27.83,97,47,79.0,0.8,1003.51,11.4,2024,2020
2024-01-19,34.4,22.5,27.25,99,48,81.12,0.2,1003.56,14.5,2024,2020
2024-01-20,34.7,21.8,27.39,98,42,74.88,0.0,1003.31,9.4,2024,2020
2024-01-21,34.3,22.3,27.8,97,41,71.25,0.0,1003.93,15.0,2024,2020
2024-01-22,35.1,23.0,28.22,96,37,70.79,0.0,1003.4,17.9,2024,2020
2024-01-23,35.2,23.5,28.15,94,43,74.04,0.0,1003.31,12.3,2024,2020
2024-01-24,34.0,23.0,27.84,96,53,77.67,0.0,1003.49,14.4,2024,2020
2024-01-25,33.5,24.1,27.9,99,53,81.0,0.8,1003.71,14.3,2024,2020
2024-01-26,33.4,23.3,27.5,98,52,78.92,2.3,1004.91,12.1,2024,2020
2024-01-27,33.0,22.1,26.95,99,52,80.83,2.3,1006.0,8.4,2024,2020
2024-01-28,35.4,23.1,28.34,100,40,73.12,0.0,1004.9,10.2,2024,2020
2024-01-29,35.1,24.0,28.72,94,38,66.33,0.0,1004.6,16.3,2024,2020
2024-01-30,34.8,23.2,28.3,94,35,62.79,0.0,1004.41,20.5,2024,2020
2024-01-31,35.5,23.2,28.38,85,35,61.21,0.0,1004.89,16.1,2024,2020
2024-02-01,35.0,23.6,28.08,94,43,73.38,0.0,1005.28,9.7,2024,2020
2024-02-02,33.2,23.2,26.92,100,55,80.25,2.5,1005.37,11.3,2024,2020
2024-02-03,29.5,22.8,25.6,100,67,89.29,6.2,1004.98,13.2,2024,2020
2024-02-04,32.0,23.5,26.4,100,57,86.88,1.4,1003.57,11.4,2024,2020
2024-02-05,32.0,22.1,26.49,100,56,80.79,0.8,1003.58,12.1,2024,2020
2024-02-06,32.2,21.3,26.41,95,53,78.75,2.1,1004.85,8.0,2024,2020
2024-02-07,33.2,21.9,27.43,98,40,66.79,0.0,1005.65,22.0,2024,2020
2024-02-08,34.7,23.5,28.35,75,41,59.62,0.0,1004.83,11.7,2024,2020
2024-02-09,35.0,22.3,27.82,96,42,68.71,0.0,1004.23,10.8,2024,2020
2024-02-10,35.2,22.8,28.35,86,37,61.62,0.0,1004.18,11.4,2024,2020
2024-02-11,35.0,22.8,27.55,95,43,75.79,0.4,1004.02,12.9,2024,2020
2024-02-12,33.8,22.1,27.78,97,50,76.42,0.0,1003.98,13.8,2024,2020
2024-02-13,34.3,22.8,27.69,93,47,72.83,4.8,1004.28,13.8,2024,2020
2024-02-14,35.7,21.6,28.21,94,30,63.33,0.0,1003.06,27.7,2024,2020
2024-02-15,36.0,23.2,29.11,95,35,63.92,0.0,1003.44,19.1,2024,2020
2024-02-16,36.0,23.6,28.74,90,42,72.58,0.8,1002.88,9.7,2024,2020
2024-02-17,34.8,25.2,28.12,100,48,79.29,8.6,1003.2,10.7,2024,2020
2024-02-18,33.8,24.3,27.18,99,53,86.42,11.8,1004.54,12.2,2024,2020
2024-02-19,34.8,23.9,28.4,99,41,74.21,0.2,1005.61,11.1,2024,2020
2024-02-20,33.4,23.4,27.48,98,55,80.62,3.2,1007.0,9.4,2024,2020
2024-02-21,34.2,23.9,27.76,100,42,77.58,0.6,1006.94,18.7,2024,2020
2024-02-22,34.5,23.1,27.72,97,34,66.25,0.0,1005.76,9.2,2024,2020
2024-02-23,33.3,22.4,27.29,79,39,60.46,0.0,1004.78,14.1,2024,2020
2024-02-24,33.2,21.5,27.0,88,42,66.92,0.0,1006.32,13.5,2024,2020
2024-02-25,34.8,22.1,27.66,90,37,61.33,0.0,1006.79,18.4,2024,2020
2024-02-26,35.0,21.0,27.31,95,36,68.88,0.0,1006.43,12.7,2024,2020
2024-02-27,36.4,23.5,28.81,86,26,58.33,0.0,1004.22,18.9,2024,2020
2024-02-28,36.8,21.9,28.46,94,31,61.25,0.0,1003.81,13.2,2024,2020
2024-02-29,36.2,21.5,28.0,95,29,59.67,0.0,1004.9,21.1,2024,2020
2024-03-01,36.0,21.0,27.62,92,30,62.12,0.0,1006.54,10.8,2024,2020
2024-03-02,35.2,21.9,27.43,85,35,66.29,0.5,1006.75,14.1,2024,2020
2024-03-03,34.4,21.7,27.41,94,41,70.12,0.0,1006.04,15.3,2024,2020
2024-03-04,34.0,21.6,27.4,89,41,69.29,0.0,1005.11,13.4,2024,2020
2024-03-05,34.3,22.2,27.75,96,43,72.83,0.1,1003.84,13.9,2024,2020
2024-03-06,33.5,23.4,28.13,93,49,74.38,0.0,1003.59,13.6,2024,2020
2024-03-07,33.7,23.7,28.18,93,50,75.92,2.1,1004.03,12.0,2024,2020
2024-03-08,33.6,24.4,28.08,98,51,80.12,1.9,1004.89,12.0,2024,2020
2024-03-09,35.1,21.4,27.88,97,36,73.29,0.0,1004.63,14.4,2024,2020
2024-03-10,34.3,22.9,28.26,92,50,74.88,0.7,1004.24,14.3,2024,2020
2024-03-11,38.1,23.5,29.85,96,30,62.46,0.0,1004.11,11.5,2024,2020
2024-03-12,37.0,25.4,30.07,94,35,59.96,0.0,1003.98,20.7,2024,2020
2024-03-13,36.4,25.5,30.12,78,32,54.92,1.1,1003.32,14.3,2024,2020
2024-03-14,35.8,24.9,29.38,86,42,66.54,1.8,1002.6,14.6,2024,2020
2024-03-15,36.3,25.4,29.25,93,42,74.42,2.4,1002.52,13.4,2024,2020
2024-03-16,34.7,24.8,28.75,100,49,80.58,0.9,1002.19,11.6,2024,2020
2024-03-17,34.2,24.2,28.45,98,51,79.83,1.7,1001.77,14.5,2024,2020
2024-03-18,35.0,23.9,28.58,100,51,79.42,1.2,1002.53,9.7,2024,2020
2024-03-19,34.5,24.9,28.07,100,51,82.04,2.5,1003.94,13.6,2024,2020
2024-03-20,33.9,23.0,27.5,100,42,81.88,4.9,1005.35,12.1,2024,2020
2024-03-21,34.2,23.9,27.94,99,53,80.54,1.9,1005.2,13.2,2024,2020
2024-03-22,33.4,23.5,27.95,98,53,79.71,2.1,1004.83,12.3,2024,2020
2024-03-23,34.3,23.8,28.36,99,50,79.92,0.9,1004.8,13.1,2024,2020
2024-03-24,33.0,24.7,28.24,97,56,80.04,2.5,1004.29,12.4,2024,2020
2024-03-25,33.4,23.4,27.37,100,56,85.0,9.1,1004.95,12.0,2024,2020
2024-03-26,31.8,23.7,26.29,100,63,89.67,11.4,1005.73,12.8,2024,2020
2024-03-27,30.0,23.1,25.8,100,67,87.25,3.9,1006.77,11.6,2024,2020
2024-03-28,32.7,23.5,27.12,100,57,84.0,4.5,1006.45,13.0,2024,2020
2024-03-29,34.7,22.2,27.68,100,44,77.54,0.4,1005.12,11.7,2024,2020
2024-03-30,36.2,23.0,28.35,98,24,62.33,0.1,1005.08,12.4,2024,2020
2024-03-31,36.0,20.5,27.74,79,27,55.04,0.0,1005.45,13.2,2024,2020
2024-04-01,34.3,20.9,27.03,86,42,68.17,0.1,1006.29,15.3,2024,2020
2024-04-02,34.5,20.1,27.03,95,31,65.08,1.5,1005.95,15.0,2024,2020
2024-04-03,30.8,23.0,25.95,99,62,86.17,11.6,1005.48,11.5,2024,2020
2024-04-04,31.8,23.0,25.53,99,61,90.38,17.6,1005.91,11.9,2024,2020
2024-04-05,32.3,23.0,26.12,100,60,88.38,12.2,1006.13,9.3,2024,2020
2024-04-06,32.0,23.5,27.06,99,60,84.58,4.5,1005.13,9.1,2024,2020
2024-04-07,33.0,23.9,27.23,100,58,86.33,2.9,1003.5,13.4,2024,2020
2024-04-08,32.5,23.3,27.28,99,58,84.83,2.1,1003.7,13.5,2024,2020
2024-04-09,31.1,23.8,26.57,100,68,88.96,10.4,1003.82,10.5,2024,2020
2024-04-10,31.4,24.0,26.38,100,66,91.12,16.4,1003.8,12.2,2024,2020
2024-04-11,32.1,23.2,27.03,100,65,86.67,4.4,1004.34,9.9,2024,2020
2024-04-12,36.3,23.6,28.88,99,37,73.75,0.0,1003.69,15.4,2024,2020
2024-04-13,35.4,22.6,28.74,97,36,65.83,0.0,1003.7,24.3,2024,2020
2024-04-14,35.5,22.6,28.61,93,37,66.42,0.0,1003.13,7.7,2024,2020
2024-04-15,34.8,22.1,27.71,99,40,74.38,0.0,1002.92,12.7,2024,2020
2024-04-16,34.0,22.3,28.02,87,42,70.0,0.0,1003.3,12.0,2024,2020
2024-04-17,34.0,22.1,28.2,91,48,71.75,0.0,1004.23,13.2,2024,2020
2024-04-18,34.3,23.1,28.19,96,44,75.08,2.9,1004.52,15.2,2024,2020
2024-04-19,32.8,23.0,27.21,100,49,77.58,4.0,1005.55,13.4,2024,2020
2024-04-20,33.6,21.8,26.82,100,46,81.25,2.8,1005.58,13.8,2024,2020
2024-04-21,32.6,23.0,26.24,100,53,87.25,7.2,1006.14,11.8,2024,2020
2024-04-22,33.3,23.5,26.37,100,55,87.12,21.6,1005.78,12.3,2024,2020
2024-04-23,34.1,23.5,27.42,98,50,80.83,1.4,1004.75,13.2,2024,2020
2024-04-24,34.2,23.9,27.64,97,50,79.62,2.2,1004.75,12.0,2024,2020
2024-04-25,33.3,23.7,26.86,100,50,82.75,4.3,1004.59,14.1,2024,2020
2024-04-26,32.2,23.4,26.34,100,56,86.33,5.4,1004.24,10.5,2024,2020
2024-04-27,30.7,23.8,25.55,100,66,92.08,20.6,1005.17,9.9,2024,2020
2024-04-28,29.5,23.0,25.03,100,73,93.96,40.2,1005.37,10.5,2024,2020
2024-04-29,32.0,22.5,25.4,100,64,92.08,30.0,1005.08,9.8,2024,2020
2024-04-30,31.5,22.4,26.2,100,67,88.71,3.2,1004.06,9.1,2024,2020
2024-05-01,31.5,23.5,26.05,100,64,90.38,13.2,1003.29,11.6,2024,2020
2024-05-02,30.7,23.3,25.69,99,73,91.29,17.0,1002.98,9.5,2024,2020
2024-05-03,31.1,22.8,25.68,100,66,91.38,21.2,1003.4,15.0,2024,2020
2024-05-04,29.0,23.4,25.3,100,73,93.08,15.7,1004.41,8.3,2024,2020
2024-05-05,31.5,22.9,26.55,99,64,86.58,3.0,1004.13,12.1,2024,2020
2024-05-06,32.6,23.5,26.84,99,61,87.62,12.0,1003.75,11.8,2024,2020
2024-05-07,32.2,23.2,26.42,100,62,89.75,21.3,1003.27,11.1,2024,2020
2024-05-08,26.5,23.4,24.63,100,90,97.38,41.7,1004.46,10.0,2024,2020
2024-05-09,31.5,23.0,26.29,100,67,89.75,13.3,1004.7,7.3,2024,2020
2024-05-10,31.6,24.1,26.5,100,70,91.88,17.6,1004.28,7.3,2024,2020
2024-05-11,28.8,23.8,25.42,100,82,95.17,35.1,1005.0,7.1,2024,2020
2024-05-12,31.7,23.4,26.41,100,69,90.96,3.5,1004.15,10.0,2024,2020
2024-05-13,31.5,24.5,26.51,100,70,92.38,23.3,1004.05,8.4,2024,2020
2024-05-14,30.5,23.6,25.85,100,73,92.88,15.2,1004.35,7.9,2024,2020
2024-05-15,28.3,23.3,25.22,100,83,95.58,18.8,1005.57,6.5,2024,2020
2024-05-16,30.4,23.5,25.76,100,71,91.83,10.4,1005.58,11.6,2024,2020
2024-05-17,30.0,23.6,26.38,100,74,90.17,9.3,1005.26,8.1,2024,2020
2024-05-18,30.9,23.6,26.17,100,72,91.25,10.0,1005.44,8.3,2024,2020
2024-05-19,32.2,23.8,26.71,100,69,90.42,4.3,1003.85,7.1,2024,2020
2024-05-20,30.2,23.8,25.82,100,78,93.88,48.4,1003.23,10.9,2024,2020
2024-05-21,29.0,23.1,25.49,100,76,92.88,13.6,1003.72,12.2,2024,2020
2024-05-22,30.0,23.5,25.82,100,74,93.38,18.3,1005.64,9.0,2024,2020
2024-05-23,29.3,24.0,25.53,100,80,93.54,7.2,1006.83,15.3,2024,2020
2024-05-24,29.5,24.0,26.26,100,72,90.04,10.1,1006.17,11.1,2024,2020
2024-05-25,30.8,23.8,26.22,100,69,91.21,16.5,1005.53,7.2,2024,2020
2024-05-26,31.5,23.8,26.38,99,71,90.71,11.4,1005.25,8.9,2024,2020
2024-05-27,30.7,24.4,26.22,100,71,91.42,12.4,1005.71,9.0,2024,2020
2024-05-28,28.4,24.0,25.5,100,75,91.62,13.4,1006.42,11.0,2024,2020
2024-05-29,28.5,24.0,25.42,99,78,92.42,16.5,1006.57,10.6,2024,2020
2024-05-30,27.5,23.3,24.75,100,83,95.67,19.1,1005.98,9.5,2024,2020
2024-05-31,30.8,23.0,25.98,100,70,92.08,6.3,1004.56,5.9,2024,2020
2024-06-01,32.0,23.9,27.07,100,68,89.5,4.5,1003.3,8.8,2024,2020
2024-06-02,30.5,24.0,26.82,100,76,91.46,13.5,1004.15,9.5,2024,2020
2024-06-03,28.9,23.9,25.52,100,79,93.0,9.2,1004.47,11.0,2024,2020
2024-06-04,29.9,23.4,25.61,100,71,91.96,9.1,1005.26,12.9,2024,2020
2024-06-05,29.2,23.4,25.04,100,75,94.79,19.1,1005.59,8.7,2024,2020
2024-06-06,29.0,23.4,25.05,100,75,94.54,38.1,1005.56,10.0,2024,2020
2024-06-07,30.1,22.7,25.9,100,72,91.71,7.7,1005.8,11.0,2024,2020
2024-06-08,30.1,23.3,25.71,100,73,92.83,10.9,1006.93,8.9,2024,2020
2024-06-09,28.8,23.1,25.36,100,80,93.88,20.5,1006.46,10.0,2024,2020
2024-06-10,30.5,23.2,25.05,100,72,93.79,33.1,1004.9,10.0,2024,2020
2024-06-11,27.9,22.8,24.56,100,79,94.33,8.6,1005.45,11.0,2024,2020
2024-06-12,30.4,23.2,25.47,100,72,91.88,23.1,1005.71,8.0,2024,2020
2024-06-13,30.3,23.1,25.14,100,74,94.38,25.7,1005.98,12.0,2024,2020
2024-06-14,28.1,23.2,24.67,100,83,96.79,56.3,1005.08,8.3,2024,2020
2024-06-15,25.0,22.8,23.53,100,97,99.42,63.5,1005.98,11.6,2024,2020
2024-06-16,28.2,22.8,24.48,100,75,95.42,22.3,1006.01,7.5,2024,2020
2024-06-17,30.3,21.8,25.91,100,66,88.83,0.5,1004.46,9.9,2024,2020
2024-06-18,30.6,23.0,24.95,100,72,94.79,54.1,1004.47,8.2,2024,2020
2024-06-19,31.5,23.0,25.05,100,67,93.42,18.4,1004.35,11.3,2024,2020
2024-06-20,28.5,22.6,24.37,100,76,94.29,18.9,1004.89,8.1,2024,2020
2024-06-21,30.0,22.2,25.01,100,71,92.5,17.1,1005.69,8.1,2024,2020
2024-06-22,31.0,22.7,25.18,100,69,92.75,18.9,1005.77,6.7,2024,2020
2024-06-23,29.2,23.2,25.3,100,75,92.92,27.4,1005.62,11.8,2024,2020
2024-06-24,30.0,22.5,25.33,100,73,92.42,14.0,1005.38,7.3,2024,2020
2024-06-25,28.0,22.9,24.7,100,81,96.38,26.3,1006.77,8.5,2024,2020
2024-06-26,27.5,22.3,23.95,100,77,95.75,42.3,1006.85,10.9,2024,2020
2024-06-27,27.7,22.0,23.79,100,81,95.67,24.9,1006.71,15.5,2024,2020
2024-06-28,27.5,21.8,24.1,100,78,93.88,13.3,1007.2,9.1,2024,2020
2024-06-29,30.0,22.1,24.95,100,72,91.96,7.0,1007.02,8.7,2024,2020
2024-06-30,31.0,22.0,25.92,100,66,87.58,1.1,1005.41,9.7,2024,2020
2024-07-01,30.1,23.1,25.53,100,71,90.75,9.7,1004.48,9.3,2024,2020
2024-07-02,27.9,23.0,24.74,100,78,93.58,9.4,1005.19,12.7,2024,2020
2024-07-03,29.1,22.3,24.67,100,74,92.67,8.2,1005.05,13.3,2024,2020
2024-07-04,29.5,22.0,24.65,100,73,93.79,26.3,1004.47,8.6,2024,2020
2024-07-05,27.9,22.5,24.25,100,80,94.92,7.0,1005.36,12.2,2024,2020
2024-07-06,28.1,22.5,24.73,100,76,93.33,15.4,1006.18,11.6,2024,2020
2024-07-07,31.2,21.9,25.87,100,65,88.88,2.2,1005.21,7.9,2024,2020
2024-07-08,30.5,23.5,25.9,100,73,91.88,7.1,1004.35,7.9,2024,2020
2024-07-09,30.2,23.4,25.57,99,75,92.67,21.8,1004.15,7.8,2024,2020
2024-07-10,28.1,23.1,24.65,100,83,94.96,36.5,1003.99,7.9,2024,2020
2024-07-11,30.5,22.9,25.27,100,70,91.88,20.2,1005.28,10.0,2024,2020
2024-07-12,29.3,22.6,25.51,100,75,90.67,8.6,1006.11,8.2,2024,2020
2024-07-13,30.5,23.5,26.51,99,69,87.38,1.1,1005.87,10.5,2024,2020
2024-07-14,30.6,23.6,26.58,100,70,90.0,2.8,1005.04,9.3,2024,2020
2024-07-15,29.4,24.0,25.99,100,78,92.75,17.8,1004.35,10.2,2024,2020
2024-07-16,30.4,23.1,26.3,100,72,89.5,3.3,1004.68,11.7,2024,2020
2024-07-17,28.7,23.5,25.51,100,77,93.25,23.4,1006.02,8.9,2024,2020
2024-07-18,29.5,22.9,25.11,100,77,93.92,21.5,1006.82,7.2,2024,2020
2024-07-19,29.7,22.9,25.02,100,73,93.83,20.7,1007.15,9.3,2024,2020
2024-07-20,29.0,22.4,25.09,100,74,92.88,16.0,1006.31,9.4,2024,2020
2024-07-21,29.3,23.2,25.44,100,78,92.83,9.2,1005.1,9.3,2024,2020
2024-07-22,28.2,23.7,24.68,100,78,95.79,41.5,1004.73,11.0,2024,2020
2024-07-23,28.6,22.8,24.79,100,78,94.21,7.2,1006.6,6.4,2024,2020
2024-07-24,29.0,23.2,25.32,100,76,92.46,23.2,1008.06,9.5,2024,2020
2024-07-25,29.2,23.4,25.12,100,77,94.79,40.9,1007.31,9.5,2024,2020
2024-07-26,28.5,23.0,24.86,100,79,94.17,15.9,1006.1,8.7,2024,2020
2024-07-27,26.5,22.4,24.1,100,85,97.54,19.3,1005.53,10.6,2024,2020
2024-07-28,31.0,22.8,26.07,100,68,89.96,0.2,1005.13,9.2,2024,2020
2024-07-29,31.2,23.1,26.51,100,68,89.33,2.4,1004.31,8.9,2024,2020
2024-07-30,31.2,23.5,25.93,100,68,91.71,22.4,1004.42,10.3,2024,2020
2024-07-31,28.6,23.1,24.8,100,78,94.25,24.5,1005.56,7.0,2024,2020
2024-08-01,29.4,22.6,24.58,100,75,94.75,19.8,1007.36,9.7,2024,2020
2024-08-02,29.0,22.2,24.67,100,76,92.67,6.2,1007.39,8.1,2024,2020
2024-08-03,31.1,22.2,25.47,100,63,89.83,2.1,1006.4,11.5,2024,2020
2024-08-04,29.5,22.5,24.9,100,74,92.25,8.8,1006.7,11.2,2024,2020
2024-08-05,28.7,22.4,24.65,100,78,93.12,21.6,1007.17,7.8,2024,2020
2024-08-06,26.4,22.6,24.4,100,85,94.62,34.9,1006.52,7.5,2024,2020
2024-08-07,28.3,22.5,24.15,100,78,95.08,31.9,1005.35,11.6,2024,2020
2024-08-08,26.9,22.0,24.0,100,83,94.5,15.6,1005.3,13.6,2024,2020
2024-08-09,30.9,21.4,24.82,100,66,91.67,11.6,1006.45,12.0,2024,2020
2024-08-10,30.2,21.7,25.53,100,69,89.67,3.3,1006.49,10.4,2024,2020
2024-08-11,28.5,22.6,24.73,99,77,92.79,24.8,1006.65,12.1,2024,2020
2024-08-12,29.6,22.4,24.82,100,71,91.88,22.3,1006.48,6.3,2024,2020
2024-08-13,28.4,22.4,25.15,100,78,92.29,15.0,1006.01,7.8,2024,2020
2024-08-14,28.8,23.1,25.0,100,75,93.38,10.5,1005.86,9.3,2024,2020
2024-08-15,29.0,23.0,25.18,100,78,93.46,24.8,1006.09,8.2,2024,2020
2024-08-16,30.0,23.1,25.55,100,74,91.83,18.5,1005.73,10.9,2024,2020
2024-08-17,29.6,23.1,25.85,100,74,90.21,8.4,1005.81,10.5,2024,2020
2024-08-18,29.0,23.5,25.4,100,74,92.38,14.7,1005.77,9.0,2024,2020
2024-08-19,30.0,22.0,25.3,100,68,90.71,10.9,1006.05,9.2,2024,2020
2024-08-20,29.6,22.9,25.74,100,72,91.92,9.3,1005.77,7.0,2024,2020
2024-08-21,27.8,23.9,25.2,100,82,94.17,21.6,1006.46,11.4,2024,2020
2024-08-22,30.2,22.1,24.7,100,72,94.25,34.1,1005.9,11.6,2024,2020
2024-08-23,30.0,22.4,25.24,100,67,90.67,22.6,1006.35,9.2,2024,2020
2024-08-24,29.3,22.4,25.25,100,76,91.33,21.6,1006.54,7.6,2024,2020
2024-08-25,27.0,22.5,24.26,100,86,96.04,29.2,1007.64,8.9,2024,2020
2024-08-26,29.0,22.6,24.67,100,75,93.29,16.5,1007.86,9.2,2024,2020
2024-08-27,30.5,22.0,25.55,100,65,89.33,5.0,1006.79,9.3,2024,2020
2024-08-28,31.2,22.5,26.55,100,64,86.42,1.0,1005.45,9.8,2024,2020
2024-08-29,29.8,23.5,25.92,100,75,89.75,5.4,1005.81,8.5,2024,2020
2024-08-30,27.4,23.2,25.12,100,81,92.75,7.6,1006.01,10.8,2024,2020
2024-08-31,29.0,23.1,25.29,100,76,92.96,4.0,1006.3,9.4,2024,2020
2024-09-01,29.4,22.5,24.44,100,75,95.58,22.0,1006.36,10.1,2024,2020
2024-09-02,30.4,22.1,25.02,100,70,92.12,15.9,1005.45,11.3,2024,2020
2024-09-03,30.4,22.8,25.28,100,73,92.75,12.1,1005.1,7.6,2024,2020
2024-09-04,28.6,23.0,24.85,100,78,93.92,13.7,1004.9,11.3,2024,2020
2024-09-05,30.5,23.0,25.43,100,70,91.42,2.1,1004.37,9.4,2024,2020
2024-09-06,26.1,22.5,24.4,100,84,95.58,20.9,1004.2,10.5,2024,2020
2024-09-07,28.0,22.6,24.59,100,81,94.17,6.6,1003.35,11.6,2024,2020
2024-09-08,30.5,22.8,25.23,100,67,91.54,13.3,1003.85,6.3,2024,2020
2024-09-09,30.0,22.0,25.11,100,71,92.29,13.6,1005.22,6.6,2024,2020
2024-09-10,31.3,22.8,25.6,100,68,90.88,8.9,1004.42,9.7,2024,2020
2024-09-11,29.7,22.8,25.15,100,73,93.83,14.9,1004.28,9.4,2024,2020
2024-09-12,30.1,22.5,25.43,100,73,93.12,11.0,1004.41,8.0,2024,2020
2024-09-13,29.4,23.4,25.56,100,73,91.88,8.0,1005.22,12.6,2024,2020
2024-09-14,30.1,22.8,25.68,99,73,90.88,8.3,1004.58,9.5,2024,2020
2024-09-15,30.7,23.0,26.2,100,69,88.88,5.1,1003.9,10.0,2024,2020
2024-09-16,29.5,23.6,26.05,100,75,91.46,7.6,1004.0,9.4,2024,2020
2024-09-17,30.0,24.4,26.65,100,75,89.83,5.8,1003.53,11.6,2024,2020
2024-09-18,28.8,23.9,26.0,100,77,91.33,9.1,1003.38,15.5,2024,2020
2024-09-19,28.5,23.2,25.11,100,80,94.04,29.6,1003.37,8.7,2024,2020
2024-09-20,29.9,22.8,24.91,100,72,92.88,26.2,1003.2,11.3,2024,2020
2024-09-21,28.5,22.6,24.3,100,77,94.58,24.6,1004.2,15.4,2024,2020
2024-09-22,28.3,22.1,24.17,100,77,94.58,64.4,1004.77,10.1,2024,2020
2024-09-23,27.6,22.6,23.78,100,79,96.58,54.7,1005.32,16.1,2024,2020
2024-09-24,28.2,21.9,24.15,100,78,93.67,18.8,1005.27,12.2,2024,2020
2024-09-25,28.9,21.9,24.32,100,76,93.46,20.7,1005.66,13.6,2024,2020
2024-09-26,29.7,22.4,24.76,100,73,93.29,12.3,1005.96,9.3,2024,2020
2024-09-27,29.2,22.9,24.38,100,77,95.46,17.8,1006.04,16.2,2024,2020
2024-09-28,30.4,22.4,24.97,100,62,90.12,4.8,1006.38,12.9,2024,2020
2024-09-29,28.5,22.1,24.3,100,75,93.79,16.7,1006.23,8.4,2024,2020
2024-09-30,25.8,22.1,23.23,100,88,97.62,37.0,1006.41,13.4,2024,2020
2024-10-01,29.5,21.8,24.06,100,67,91.46,30.4,1006.57,13.6,2024,2020
2024-10-02,30.2,21.5,25.0,100,65,89.92,3.2,1005.32,11.0,2024,2020
2024-10-03,29.2,23.0,25.15,100,75,92.79,6.1,1005.74,7.3,2024,2020
2024-10-04,31.0,21.9,25.52,100,66,89.96,5.8,1006.31,8.7,2024,2020
2024-10-05,30.5,22.6,25.13,100,69,92.21,10.8,1006.65,9.0,2024,2020
2024-10-06,27.9,22.6,24.6,100,79,92.75,7.3,1006.68,10.5,2024,2020
2024-10-07,26.9,22.2,23.85,100,83,96.25,21.1,1005.64,12.0,2024,2020
2024-10-08,27.3,21.5,23.86,100,79,95.12,20.5,1005.45,12.3,2024,2020
2024-10-09,28.8,22.2,24.15,100,75,94.62,20.2,1006.89,13.9,2024,2020
2024-10-10,27.0,21.8,23.69,100,86,96.79,41.6,1007.2,12.2,2024,2020
2024-10-11,29.9,22.1,24.36,100,74,95.08,35.3,1005.88,8.1,2024,2020
2024-10-12,30.0,22.5,24.89,100,74,93.92,16.2,1005.72,9.3,2024,2020
2024-10-13,30.4,23.1,25.36,100,70,91.67,17.8,1006.51,8.2,2024,2020
2024-10-14,29.7,23.2,25.05,100,73,93.58,11.1,1007.31,8.0,2024,2020
2024-10-15,29.2,22.5,24.34,100,75,94.67,17.8,1007.14,9.4,2024,2020
2024-10-16,26.0,21.7,23.53,100,87,96.92,14.1,1006.3,12.6,2024,2020
2024-10-17,28.1,22.2,24.13,100,78,94.71,7.5,1004.82,9.2,2024,2020
2024-10-18,30.9,21.7,24.9,100,70,92.96,13.5,1004.5,8.0,2024,2020
2024-10-19,29.6,22.1,24.83,100,71,91.92,12.5,1004.32,8.4,2024,2020
2024-10-20,30.1,22.1,24.31,100,71,94.08,22.4,1004.83,8.6,2024,2020
2024-10-21,30.9,21.4,24.1,100,67,94.62,26.2,1005.41,7.5,2024,2020
2024-10-22,30.2,21.8,24.44,100,69,93.08,12.5,1006.0,9.4,2024,2020
2024-10-23,30.1,21.7,24.7,100,69,92.46,12.6,1005.75,9.6,2024,2020
2024-10-24,30.0,23.0,25.32,100,70,91.67,5.5,1004.2,9.5,2024,2020
2024-10-25,30.0,23.1,25.4,99,72,92.42,24.7,1004.35,8.8,2024,2020
2024-10-26,30.6,23.0,26.03,99,70,89.21,5.2,1004.1,7.8,2024,2020
2024-10-27,29.9,23.4,25.54,100,73,92.08,9.9,1003.82,9.8,2024,2020
2024-10-28,28.7,23.0,25.35,100,79,92.67,10.0,1004.05,8.1,2024,2020
2024-10-29,28.9,22.6,24.87,99,77,93.04,17.0,1004.47,8.3,2024,2020
2024-10-30,29.5,23.5,24.95,100,77,93.96,25.6,1005.14,8.5,2024,2020
2024-10-31,28.0,22.2,23.99,100,78,95.54,38.5,1004.46,9.9,2024,2020
2024-11-01,25.9,21.8,23.39,100,87,97.04,53.7,1004.24,16.0,2024,2020
2024-11-02,27.6,21.9,23.79,100,80,96.5,22.3,1004.25,10.7,2024,2020
2024-11-03,28.1,22.0,23.66,100,77,95.25,17.6,1004.27,14.4,2024,2020
2024-11-04,28.2,22.0,23.67,100,75,95.96,35.0,1005.11,13.9,2024,2020
2024-11-05,25.3,22.0,23.02,100,94,98.54,26.0,1005.45,9.7,2024,2020
2024-11-06,29.5,21.1,24.22,100,70,93.21,22.0,1005.3,8.9,2024,2020
2024-11-07,28.8,22.4,24.38,100,74,95.0,42.2,1004.88,8.9,2024,2020
2024-11-08,28.4,22.4,23.78,100,79,96.71,56.7,1004.61,14.3,2024,2020
2024-11-09,26.6,22.0,23.42,100,83,96.71,16.5,1005.75,12.8,2024,2020
2024-11-10,25.6,21.8,23.04,100,89,98.54,51.2,1006.28,10.9,2024,2020
2024-11-11,25.6,21.9,22.98,100,90,99.0,88.8,1006.42,11.9,2024,2020
2024-11-12,25.1,21.5,23.21,100,89,96.46,45.1,1006.52,13.3,2024,2020
2024-11-13,26.2,22.2,23.43,100,87,96.25,50.7,1006.13,13.7,2024,2020
2024-11-14,27.7,21.9,23.79,100,76,93.75,32.0,1005.28,16.5,2024,2020
2024-11-15,28.1,22.1,23.7,98,76,93.88,36.5,1004.92,15.7,2024,2020
2024-11-16,26.0,21.4,23.42,99,83,94.75,12.0,1005.11,13.7,2024,2020
2024-11-17,27.8,22.0,24.3,97,74,90.17,5.0,1005.51,15.8,2024,2020
2024-11-18,29.3,22.0,24.63,100,71,91.21,13.0,1005.27,10.1,2024,2020
2024-11-19,30.1,22.0,24.62,100,69,91.71,16.4,1005.69,10.7,2024,2020
2024-11-20,30.0,22.1,24.55,100,71,91.79,24.4,1006.26,10.7,2024,2020
2024-11-21,29.4,21.6,24.45,100,68,91.42,14.3,1006.2,9.9,2024,2020
2024-11-22,28.4,21.9,24.36,100,73,91.62,23.2,1006.32,8.0,2024,2020
2024-11-23,27.3,22.0,24.06,100,75,91.25,4.2,1006.36,6.9,2024,2020
2024-11-24,28.2,22.2,24.19,99,75,93.42,17.5,1006.27,6.9,2024,2020
2024-11-25,28.5,22.2,24.66,99,77,92.04,17.1,1006.36,7.6,2024,2020
2024-11-26,28.7,22.8,24.64,100,74,93.08,22.9,1006.15,8.0,2024,2020
2024-11-27,28.1,22.8,24.57,100,76,93.42,15.3,1004.62,8.3,2024,2020
2024-11-28,26.5,22.2,23.98,100,81,94.17,31.4,1004.72,11.4,2024,2020
2024-11-29,28.7,22.2,24.74,100,74,92.12,15.0,1005.11,12.7,2024,2020
2024-11-30,29.0,22.6,25.29,100,75,90.96,10.7,1004.81,7.3,2024,2020
2024-12-01,29.8,23.2,25.42,100,71,91.96,18.5,1004.56,10.9,2024,2020
2024-12-02,26.2,23.4,24.48,99,89,95.38,38.7,1005.48,5.8,2024,2020
2024-12-03,29.7,23.0,25.55,100,70,89.5,10.7,1005.55,9.9,2024,2020
2024-12-04,29.6,23.2,25.48,98,75,89.88,1.5,1004.99,7.6,2024,2020
2024-12-05,30.0,22.5,25.13,99,67,88.5,25.6,1004.82,10.4,2024,2020
2024-12-06,29.4,22.4,25.06,99,74,89.62,20.7,1004.98,8.5,2024,2020
2024-12-07,31.0,21.5,25.62,100,58,84.5,0.1,1004.48,11.5,2024,2020
2024-12-08,31.2,22.5,26.12,99,62,83.67,0.7,1004.0,10.1,2024,2020
2024-12-09,30.4,22.0,25.77,99,65,84.96,1.2,1003.28,6.6,2024,2020
2024-12-10,29.5,22.8,25.61,100,70,88.5,2.8,1003.31,10.9,2024,2020
2024-12-11,30.3,22.8,26.16,99,70,87.54,1.1,1004.75,8.6,2024,2020
2024-12-12,30.5,22.4,25.95,100,64,84.54,1.8,1004.88,11.4,2024,2020
2024-12-13,30.1,23.3,25.98,100,65,84.12,1.1,1004.54,9.9,2024,2020
2024-12-14,29.9,21.3,25.32,98,62,83.96,0.4,1004.61,13.2,2024,2020
2024-12-15,30.1,20.5,24.88,99,61,83.25,0.4,1004.7,10.8,2024,2020
2024-12-16,30.0,21.4,25.44,99,62,83.46,0.7,1004.42,10.7,2024,2020
2024-12-17,30.5,22.0,25.75,99,61,84.96,0.9,1005.02,9.6,2024,2020
2024-12-18,30.8,22.0,26.11,97,64,83.79,0.8,1004.99,13.1,2024,2020
2024-12-19,30.5,23.4,26.54,97,67,83.12,0.5,1005.19,10.9,2024,2020
2024-12-20,31.0,23.0,25.96,100,64,85.92,5.9,1005.39,9.9,2024,2020
2024-12-21,29.1,23.0,24.9,100,73,92.5,30.3,1005.98,6.8,2024,2020
2024-12-22,29.0,22.8,25.3,100,68,87.25,1.7,1006.67,9.0,2024,2020
2024-12-23,29.4,23.0,25.24,96,70,87.88,19.4,1006.61,7.9,2024,2020
2024-12-24,29.7,22.6,25.22,99,70,88.5,29.8,1005.97,8.3,2024,2020
2024-12-25,27.3,22.7,24.2,100,77,94.71,32.8,1005.15,10.1,2024,2020
2024-12-26,29.0,22.7,24.53,100,70,92.29,34.5,1005.3,9.3,2024,2020
2024-12-27,26.9,22.4,24.09,99,79,93.38,19.2,1005.74,8.9,2024,2020
2024-12-28,25.4,22.1,23.79,100,91,97.0,28.8,1006.42,7.0,2024,2020
2024-12-29,25.8,22.5,23.78,100,85,93.88,7.3,1007.13,10.3,2024,2020
2024-12-30,28.8,21.5,24.11,100,72,91.88,15.6,1005.76,8.2,2024,2020
2024-12-31,28.5,21.0,24.18,100,68,91.83,12.8,1005.12,9.9,2024,2020
2025-01-01,29.8,22.1,24.27,100,66,91.58,19.8,1006.08,7.1,2025,2020
2025-01-02,29.3,22.0,24.96,98,65,85.04,0.1,1006.45,8.8,2025,2020
2025-01-03,29.3,21.2,24.8,99,65,86.0,5.0,1006.84,10.1,2025,2020
2025-01-04,28.6,21.6,24.54,100,69,89.83,6.0,1006.65,12.0,2025,2020
2025-01-05,29.6,22.4,25.25,98,67,86.12,3.0,1005.97,9.1,2025,2020
2025-01-06,30.7,22.1,25.95,100,61,85.38,1.4,1005.2,9.1,2025,2020
2025-01-07,30.5,23.0,25.72,99,65,88.5,2.2,1005.43,6.7,2025,2020
2025-01-08,30.5,22.6,25.88,98,65,83.92,1.5,1005.57,9.3,2025,2020
2025-01-09,31.0,22.4,25.8,98,57,82.29,0.6,1005.14,13.6,2025,2020
2025-01-10,30.4,21.0,25.09,100,60,82.54,1.2,1004.85,12.3,2025,2020
2025-01-11,30.5,21.6,25.81,98,60,83.0,0.7,1004.7,9.0,2025,2020
2025-01-12,30.5,21.3,25.66,100,64,85.54,1.1,1005.28,10.6,2025,2020
2025-01-13,30.4,20.9,25.12,99,63,86.38,1.4,1006.5,11.2,2025,2020
2025-01-14,30.8,20.5,25.21,100,56,83.92,1.0,1006.93,12.6,2025,2020
2025-01-15,31.5,22.3,26.02,95,55,79.96,1.1,1006.86,9.5,2025,2020
2025-01-16,30.0,22.9,25.62,99,68,84.17,2.6,1007.82,12.6,2025,2020
2025-01-17,30.5,21.2,25.41,100,58,83.62,1.0,1007.55,11.5,2025,2020
2025-01-18,30.6,21.1,25.66,97,62,83.75,1.0,1006.88,11.7,2025,2020
2025-01-19,30.8,21.0,25.26,97,60,83.42,4.8,1006.75,9.7,2025,2020
2025-01-20,30.1,21.1,25.04,100,63,88.04,3.5,1006.28,7.6,2025,2020
2025-01-21,30.4,21.4,25.42,100,64,84.0,0.4,1005.84,10.3,2025,2020
2025-01-22,31.5,20.7,25.41,95,53,78.42,0.9,1005.5,13.8,2025,2020
2025-01-23,30.8,22.0,25.9,97,58,80.83,1.4,1005.3,12.4,2025,2020
2025-01-24,30.2,23.2,25.59,99,64,86.29,2.7,1005.23,12.7,2025,2020
2025-01-25,32.2,22.1,26.54,99,48,73.08,0.0,1004.85,20.9,2025,2020
2025-01-26,33.8,22.0,26.88,97,40,74.5,0.0,1004.45,9.7,2025,2020
2025-01-27,31.7,21.9,26.48,96,56,79.88,1.1,1003.59,14.9,2025,2020
2025-01-28,33.5,21.4,26.5,95,41,75.75,0.1,1003.4,9.9,2025,2020
2025-01-29,31.9,22.0,26.48,90,53,75.54,2.1,1004.05,13.6,2025,2020
2025-01-30,33.0,22.9,27.02,93,50,76.92,2.2,1003.82,13.0,2025,2020
2025-01-31,31.9,22.5,26.47,94,60,81.0,3.0,1003.94,13.1,2025,2020
2025-02-01,31.5,23.2,26.34,98,60,82.88,1.2,1003.58,11.5,2025,2020
2025-02-02,32.7,21.2,26.43,99,48,78.0,0.0,1003.22,7.9,2025,2020
2025-02-03,34.0,22.3,27.2,94,37,69.58,0.0,1003.17,15.1,2025,2020
2025-02-04,34.4,20.9,26.5,97,36,75.29,0.8,1003.51,10.5,2025,2020
2025-02-05,32.9,22.5,26.2,94,46,77.79,2.4,1003.84,15.3,2025,2020
2025-02-06,32.8,23.0,26.44,97,47,78.75,2.5,1003.78,13.5,2025,2020
2025-02-07,34.1,22.0,26.59,99,38,77.75,0.8,1003.9,11.3,2025,2020
2025-02-08,31.5,20.7,25.86,94,52,77.17,1.0,1004.93,12.9,2025,2020
2025-02-09,32.6,20.6,26.17,96,45,74.46,0.4,1005.88,8.1,2025,2020
2025-02-10,32.8,23.0,26.68,92,46,73.46,0.5,1005.36,12.2,2025,2020
2025-02-11,32.0,21.2,26.13,93,51,74.83,1.4,1003.86,14.4,2025,2020
2025-02-12,31.6,21.9,25.76,98,55,79.62,3.7,1003.8,9.8,2025,2020
2025-02-13,32.0,21.8,26.06,96,54,80.12,6.6,1006.27,10.5,2025,2020
2025-02-14,29.6,23.0,25.48,99,61,85.67,14.0,1007.65,9.9,2025,2020
2025-02-15,29.4,22.4,25.0,99,66,88.08,8.9,1006.25,11.0,2025,2020
2025-02-16,29.9,22.3,24.78,100,65,88.58,20.0,1005.59,8.7,2025,2020
2025-02-17,30.0,22.5,25.28,100,67,87.88,11.7,1005.49,7.4,2025,2020
2025-02-18,31.5,22.2,25.64,99,54,83.92,2.7,1005.17,11.5,2025,2020
2025-02-19,30.9,21.8,25.35,99,57,85.67,16.4,1005.52,11.5,2025,2020
2025-02-20,28.8,23.0,25.12,100,74,90.0,11.9,1005.73,8.2,2025,2020
2025-02-21,32.2,22.2,26.11,100,56,84.25,3.2,1005.66,12.6,2025,2020
2025-02-22,33.5,22.1,26.65,99,42,75.38,0.0,1006.0,8.5,2025,2020
2025-02-23,33.7,21.6,26.75,96,41,73.38,0.0,1005.28,8.6,2025,2020
2025-02-24,32.0,21.1,26.27,95,52,77.75,0.5,1005.03,14.2,2025,2020
2025-02-25,32.8,22.4,26.89,94,48,75.54,0.2,1005.07,13.8,2025,2020
2025-02-26,32.3,23.6,27.19,94,51,77.96,0.4,1005.79,14.5,2025,2020
2025-02-27,32.2,22.2,26.88,97,52,76.67,0.2,1005.16,12.0,2025,2020
2025-02-28,32.3,22.2,26.66,98,54,78.79,0.9,1004.6,9.1,2025,2020
2025-03-01,33.2,22.5,26.9,98,48,78.17,0.9,1004.3,16.4,2025,2020
2025-03-02,33.2,21.7,26.49,96,46,76.92,0.5,1005.3,14.5,2025,2020
2025-03-03,32.2,21.2,26.28,89,46,73.88,0.0,1004.8,13.0,2025,2020
2025-03-04,32.2,21.2,26.3,96,50,76.96,1.9,1004.67,14.4,2025,2020
2025-03-05,32.3,21.5,26.23,100,45,78.75,2.8,1004.75,14.9,2025,2020
2025-03-06,30.6,22.1,25.95,99,58,82.08,0.4,1006.44,13.5,2025,2020
2025-03-07,34.0,20.9,26.86,100,43,76.46,0.0,1006.43,9.5,2025,2020
2025-03-08,33.0,22.1,27.05,98,46,75.33,0.1,1006.15,13.5,2025,2020
2025-03-09,32.5,22.4,26.82,98,51,79.04,1.8,1006.09,9.1,2025,2020
2025-03-10,31.5,22.3,26.55,99,52,81.12,1.5,1005.82,13.1,2025,2020
2025-03-11,31.9,22.6,26.82,99,54,80.12,0.7,1006.02,11.7,2025,2020
2025-03-12,32.5,22.0,26.94,97,48,77.79,0.2,1005.84,12.2,2025,2020
2025-03-13,32.7,23.2,27.28,98,45,77.0,0.6,1006.11,12.8,2025,2020
2025-03-14,31.9,21.9,26.44,99,47,79.08,2.2,1005.46,13.5,2025,2020
2025-03-15,31.5,21.5,25.78,100,54,82.96,2.2,1005.34,13.9,2025,2020
2025-03-16,32.2,23.0,26.92,98,58,79.71,2.0,1006.62,9.0,2025,2020
2025-03-17,31.5,23.4,26.78,97,64,83.79,1.8,1007.39,12.1,2025,2020
2025-03-18,35.2,22.4,27.75,100,30,65.33,0.0,1005.92,21.8,2025,2020
2025-03-19,34.2,21.9,26.9,86,42,69.62,0.0,1004.62,13.3,2025,2020
2025-03-20,35.0,21.5,27.38,80,38,64.88,0.0,1004.7,14.9,2025,2020
2025-03-21,35.0,24.3,29.16,85,37,58.71,0.0,1003.89,24.0,2025,2020
2025-03-22,35.8,25.0,29.48,85,39,62.75,0.0,1003.09,17.4,2025,2020
2025-03-23,35.4,24.8,29.29,92,39,67.83,0.0,1002.86,14.7,2025,2020
2025-03-24,32.5,24.2,27.29,97,55,78.71,9.7,1003.41,10.4,2025,2020
2025-03-25,31.5,23.7,26.07,100,62,88.5,21.1,1004.9,8.7,2025,2020
2025-03-26,30.0,23.5,26.44,100,70,86.54,1.3,1005.1,9.3,2025,2020
2025-03-27,33.2,24.0,27.2,99,44,79.33,3.5,1004.43,17.7,2025,2020
2025-03-28,32.0,22.6,26.83,95,55,78.33,1.8,1004.48,11.3,2025,2020
2025-03-29,33.6,22.8,27.15,96,49,77.96,3.1,1004.02,15.4,2025,2020
2025-03-30,32.0,22.1,26.35,97,55,80.62,5.0,1004.36,11.4,2025,2020
2025-03-31,31.8,22.6,26.2,99,63,85.29,5.3,1004.64,11.6,2025,2020
2025-04-01,32.2,22.7,26.88,98,55,81.21,0.6,1004.24,11.0,2025,2020
2025-04-02,33.4,21.1,27.05,96,44,73.33,0.3,1004.2,13.9,2025,2020
2025-04-03,32.8,21.5,26.81,96,49,75.04,1.7,1004.98,13.4,2025,2020
2025-04-04,32.8,22.8,27.41,96,53,78.71,2.6,1005.37,8.4,2025,2020
2025-04-05,30.8,24.2,27.07,98,67,84.54,9.0,1005.3,9.6,2025,2020
2025-04-06,29.7,24.5,26.54,98,69,84.58,12.0,1005.03,8.6,2025,2020
2025-04-07,31.1,23.2,26.45,99,62,84.33,4.2,1003.96,10.2,2025,2020
2025-04-08,31.7,23.3,26.7,100,60,83.62,8.3,1004.48,10.2,2025,2020
2025-04-09,32.9,21.8,27.03,94,53,78.62,1.0,1005.58,10.8,2025,2020
2025-04-10,31.5,22.6,26.16,99,61,83.54,17.3,1006.6,12.2,2025,2020
2025-04-11,31.8,23.0,25.93,99,58,83.71,7.3,1006.38,7.9,2025,2020
2025-04-12,31.1,22.5,26.19,97,60,83.5,3.8,1004.82,8.7,2025,2020
2025-04-13,32.0,23.5,26.85,94,62,80.83,6.0,1004.62,9.6,2025,2020
2025-04-14,33.9,24.5,28.17,95,54,76.79,0.3,1004.27,14.2,2025,2020
2025-04-15,33.5,24.3,27.98,95,52,77.58,1.0,1003.44,14.2,2025,2020
2025-04-16,34.5,24.1,27.76,99,47,80.88,3.0,1003.11,12.2,2025,2020
2025-04-17,35.5,22.9,28.33,100,38,73.62,0.0,1002.97,18.2,2025,2020
2025-04-18,35.8,23.0,28.25,96,33,75.38,1.1,1003.27,10.1,2025,2020
2025-04-19,34.7,23.8,28.53,94,43,72.88,0.9,1003.82,11.4,2025,2020
2025-04-20,32.5,24.5,26.98,100,57,86.67,9.8,1004.44,11.6,2025,2020
2025-04-21,29.9,23.1,25.85,99,66,86.88,6.9,1004.23,12.7,2025,2020
2025-04-22,29.1,23.2,25.25,100,72,90.21,27.0,1004.33,6.4,2025,2020
2025-04-23,29.8,23.1,25.99,100,69,85.21,4.0,1004.86,8.6,2025,2020
2025-04-24,31.5,22.6,26.41,96,54,81.79,4.7,1004.45,12.6,2025,2020
2025-04-25,30.5,23.2,26.0,96,60,83.75,2.6,1004.55,10.0,2025,2020
2025-04-26,30.2,22.5,25.34,99,63,87.58,12.5,1005.0,9.2,2025,2020
2025-04-27,31.0,22.3,26.12,98,58,83.04,4.3,1005.04,9.6,2025,2020
2025-04-28,31.7,22.1,25.99,99,55,83.46,13.1,1005.55,10.5,2025,2020
2025-04-29,29.9,23.1,25.4,99,72,90.17,20.1,1005.37,7.8,2025,2020
2025-04-30,28.8,23.1,25.31,100,75,91.79,13.4,1004.78,9.1,2025,2020
2025-05-01,30.5,22.9,25.0,99,69,90.75,26.5,1005.04,9.9,2025,2020
2025-05-02,29.9,22.4,25.01,99,66,89.83,12.1,1005.29,10.4,2025,2020
2025-05-03,28.9,22.6,24.69,99,74,92.04,31.4,1005.45,8.9,2025,2020
2025-05-04,29.6,22.5,24.79,100,72,91.42,22.1,1005.11,10.5,2025,2020
2025-05-05,30.0,22.2,24.66,100,69,91.25,12.5,1005.07,15.0,2025,2020
2025-05-06,30.7,22.0,24.92,100,70,89.83,27.0,1005.82,9.9,2025,2020
2025-05-07,30.6,22.5,25.05,99,68,89.88,12.5,1005.6,10.4,2025,2020
2025-05-08,30.5,22.1,25.21,99,66,89.38,21.2,1005.36,10.6,2025,2020
2025-05-09,31.5,22.4,26.15,100,66,87.46,3.8,1004.27,7.1,2025,2020
2025-05-10,30.6,23.6,26.65,100,72,87.29,2.3,1003.65,9.5,2025,2020
2025-05-11,30.5,22.9,26.21,100,69,89.5,4.9,1004.24,10.4,2025,2020
2025-05-12,32.1,23.9,26.74,99,65,89.12,7.0,1004.08,9.8,2025,2020
2025-05-13,30.4,23.8,25.8,99,71,89.71,15.4,1004.58,12.4,2025,2020
2025-05-14,29.4,23.0,24.98,100,74,91.62,23.5,1004.84,11.0,2025,2020
2025-05-15,30.0,22.5,25.1,99,74,91.62,19.6,1005.28,8.9,2025,2020
2025-05-16,29.7,23.5,24.97,99,73,93.33,34.2,1006.27,10.6,2025,2020
2025-05-17,29.8,22.7,24.99,100,74,90.75,44.2,1007.08,10.3,2025,2020
2025-05-18,30.2,22.3,25.03,99,69,89.96,44.8,1006.43,11.1,2025,2020
2025-05-19,30.1,22.0,24.95,100,70,91.17,11.5,1005.48,8.5,2025,2020
2025-05-20,30.8,22.5,25.31,100,70,90.88,5.9,1005.24,7.6,2025,2020
2025-05-21,30.8,22.5,25.83,99,68,89.38,9.6,1004.74,8.1,2025,2020
2025-05-22,31.2,23.2,26.88,100,68,87.17,1.4,1003.89,8.0,2025,2020
2025-05-23,31.0,23.9,27.2,100,72,86.71,7.3,1004.0,9.2,2025,2020
2025-05-24,29.4,24.1,25.79,99,79,91.54,25.3,1005.24,8.6,2025,2020
2025-05-25,28.7,23.2,25.1,100,79,94.04,35.8,1006.44,7.0,2025,2020
2025-05-26,30.6,22.5,25.48,99,68,89.75,7.3,1006.66,8.7,2025,2020
2025-05-27,30.9,23.1,26.62,99,69,86.71,1.4,1005.89,11.7,2025,2020
2025-05-28,30.1,24.5,26.8,100,72,87.42,4.5,1005.38,10.8,2025,2020
2025-05-29,30.0,23.7,26.3,100,72,90.29,11.0,1005.88,10.7,2025,2020
2025-05-30,29.5,24.1,25.76,100,73,91.96,14.6,1006.1,13.6,2025,2020
2025-05-31,26.9,23.3,24.56,100,83,94.75,21.3,1006.43,9.9,2025,2020
2025-06-01,30.5,22.2,25.04,100,69,91.08,12.7,1006.52,7.7,2025,2020
2025-06-02,30.1,22.5,25.85,100,68,88.21,8.1,1006.54,9.9,2025,2020
2025-06-03,29.6,23.3,25.71,100,73,90.5,9.9,1005.39,10.2,2025,2020
2025-06-04,28.8,22.8,24.77,100,77,94.17,44.1,1004.89,12.1,2025,2020
2025-06-05,29.5,23.1,24.99,99,73,91.75,24.0,1004.79,9.6,2025,2020
2025-06-06,31.0,22.9,25.84,99,66,88.33,9.3,1004.95,9.2,2025,2020
2025-06-07,29.9,23.2,25.42,99,72,91.12,12.0,1004.83,12.2,2025,2020
2025-06-08,30.5,22.5,25.57,100,71,89.29,16.4,1004.78,10.4,2025,2020
2025-06-09,27.8,23.0,24.93,99,80,92.5,20.8,1005.47,10.9,2025,2020
2025-06-10,30.8,23.0,25.56,99,66,89.42,19.5,1006.51,9.2,2025,2020
2025-06-11,29.4,22.8,25.04,99,72,90.88,13.6,1006.82,6.2,2025,2020
2025-06-12,29.0,22.4,24.65,99,72,91.5,39.4,1006.75,8.6,2025,2020
2025-06-13,28.4,22.5,24.21,100,78,94.08,38.2,1007.51,12.6,2025,2020
2025-06-14,29.5,22.1,24.5,98,72,91.33,9.0,1007.47,11.5,2025,2020
2025-06-15,29.7,22.0,25.2,100,69,89.29,14.6,1006.91,7.6,2025,2020
2025-06-16,28.7,22.6,24.95,100,78,92.17,15.0,1006.62,8.7,2025,2020
2025-06-17,29.6,22.1,25.38,100,70,90.12,5.4,1005.68,10.3,2025,2020
2025-06-18,30.2,22.4,26.08,99,71,88.38,3.1,1004.84,9.4,2025,2020
2025-06-19,31.7,23.9,27.08,100,65,86.29,1.0,1004.46,9.3,2025,2020
2025-06-20,31.0,23.9,26.62,100,71,88.83,6.0,1004.55,8.4,2025,2020
2025-06-21,26.2,23.2,24.5,100,87,94.79,31.1,1005.97,10.0,2025,2020
2025-06-22,29.8,22.0,24.82,100,67,90.42,26.4,1006.46,14.4,2025,2020
2025-06-23,28.3,22.8,24.69,99,77,91.38,11.2,1006.32,7.7,2025,2020
2025-06-24,29.8,22.5,24.88,98,71,91.46,18.6,1005.83,9.0,2025,2020
2025-06-25,27.9,22.7,24.75,100,83,94.0,39.1,1005.54,10.0,2025,2020
2025-06-26,28.0,22.2,24.45,100,80,93.92,18.7,1005.44,8.3,2025,2020
2025-06-27,27.8,22.4,24.47,100,82,94.88,18.7,1006.21,9.8,2025,2020
2025-06-28,29.4,22.6,25.1,100,76,91.62,8.0,1006.73,8.1,2025,2020
2025-06-29,30.0,22.4,25.25,100,72,90.62,5.1,1005.38,9.9,2025,2020
2025-06-30,28.6,23.0,25.52,100,76,90.04,6.6,1004.89,11.6,2025,2020
2025-07-01,30.2,22.8,24.92,100,70,92.62,35.6,1005.19,13.8,2025,2020
2025-07-02,28.3,22.2,24.92,99,73,92.25,8.2,1005.85,6.9,2025,2020
2025-07-03,29.0,23.1,25.08,100,74,91.88,11.5,1006.6,13.4,2025,2020
2025-07-04,28.6,22.4,24.36,100,75,93.38,18.1,1008.18,9.7,2025,2020
2025-07-05,28.9,21.8,24.0,99,73,92.42,20.4,1008.05,8.6,2025,2020
2025-07-06,28.1,21.5,24.15,100,76,92.46,6.7,1007.22,10.2,2025,2020
2025-07-07,30.3,22.2,25.91,100,71,87.92,0.3,1006.26,9.1,2025,2020
2025-07-08,30.9,22.7,26.35,99,63,84.88,1.7,1006.2,14.1,2025,2020
2025-07-09,30.1,23.5,25.68,100,67,89.62,9.2,1007.24,11.0,2025,2020
2025-07-10,29.5,22.8,24.89,100,69,91.29,26.4,1007.21,8.9,2025,2020
2025-07-11,30.1,22.1,25.07,99,65,89.5,9.6,1006.86,10.5,2025,2020
2025-07-12,29.0,22.2,25.12,99,77,90.88,6.2,1007.18,8.0,2025,2020
2025-07-13,29.8,22.5,25.32,100,70,89.54,18.0,1007.16,10.5,2025,2020
2025-07-14,31.0,22.2,26.35,100,70,88.08,0.8,1005.91,9.9,2025,2020
2025-07-15,33.1,23.6,27.22,99,49,83.08,0.1,1004.79,13.3,2025,2020
2025-07-16,31.9,22.7,26.81,99,62,82.58,1.1,1004.02,11.3,2025,2020
2025-07-17,31.3,23.6,27.03,95,69,85.12,0.7,1003.0,9.7,2025,2020
2025-07-18,31.2,23.9,26.59,99,67,88.5,4.9,1003.3,12.0,2025,2020
2025-07-19,28.6,24.5,26.46,99,78,89.71,0.7,1004.65,9.4,2025,2020
2025-07-20,29.9,24.1,26.78,98,74,87.54,2.5,1005.1,9.7,2025,2020
2025-07-21,28.2,23.6,25.56,99,81,90.58,10.4,1005.43,9.5,2025,2020
2025-07-22,28.6,23.4,25.1,99,75,92.33,12.1,1005.38,10.5,2025,2020
2025-07-23,30.2,22.9,25.72,100,68,88.96,3.6,1005.78,8.0,2025,2020
2025-07-24,29.6,23.3,25.76,99,71,89.0,6.6,1005.78,9.0,2025,2020
2025-07-25,28.9,23.0,25.44,99,75,89.92,16.2,1004.76,11.3,2025,2020
2025-07-26,29.2,22.6,24.83,100,74,92.21,16.2,1004.51,8.5,2025,2020
2025-07-27,29.2,22.8,24.85,99,76,91.29,15.5,1005.41,10.2,2025,2020
2025-07-28,30.0,22.6,25.07,100,72,91.58,8.1,1006.42,11.4,2025,2020
2025-07-29,30.0,22.1,25.52,99,69,89.5,9.9,1006.74,9.6,2025,2020
2025-07-30,29.4,23.3,25.94,100,75,89.88,1.8,1006.58,11.0,2025,2020
2025-07-31,29.6,23.5,26.28,100,75,88.88,0.9,1006.48,9.9,2025,2020
2025-08-01,30.8,23.2,26.54,98,67,85.21,1.9,1006.6,12.2,2025,2020
2025-08-02,29.0,23.5,25.58,99,74,89.04,7.0,1007.12,10.4,2025,2020
2025-08-03,29.2,22.6,24.44,100,75,93.54,38.8,1005.77,10.0,2025,2020
2025-08-04,29.1,21.6,24.53,100,72,90.33,6.7,1006.22,6.9,2025,2020
2025-08-05,29.5,22.1,25.32,99,73,89.0,6.5,1008.21,6.7,2025,2020
2025-08-06,30.6,21.6,25.95,98,66,84.33,1.3,1008.3,7.4,2025,2020
2025-08-07,31.1,22.4,25.88,100,63,85.96,3.1,1007.57,11.7,2025,2020
2025-08-08,30.9,21.5,25.45,100,58,85.5,3.7,1006.17,12.6,2025,2020
2025-08-09,29.9,21.0,24.68,100,63,89.33,8.5,1006.22,9.1,2025,2020
2025-08-10,29.9,22.2,24.46,100,71,92.29,12.6,1006.45,10.0,2025,2020
2025-08-11,29.9,21.6,25.28,100,67,87.08,3.4,1005.57,7.8,2025,2020
2025-08-12,29.5,23.0,25.38,99,72,89.71,6.0,1005.92,12.0,2025,2020
2025-08-13,30.0,22.0,25.29,99,72,89.88,4.5,1005.82,11.1,2025,2020
2025-08-14,27.9,22.7,24.24,100,77,93.67,14.2,1007.18,11.4,2025,2020
2025-08-15,29.0,22.5,24.5,100,72,91.88,12.9,1008.17,8.7,2025,2020
2025-08-16,28.4,22.2,24.39,100,72,92.38,41.2,1007.48,9.4,2025,2020
2025-08-17,27.0,22.5,23.93,99,81,93.04,31.0,1006.52,9.6,2025,2020
2025-08-18,30.2,21.8,25.4,100,67,86.96,1.4,1006.23,11.8,2025,2020
2025-08-19,30.5,22.4,25.15,99,68,90.71,17.9,1006.03,10.6,2025,2020
2025-08-20,28.8,22.5,25.35,100,74,90.58,4.5,1005.52,15.2,2025,2020
2025-08-21,28.1,22.8,24.98,100,77,91.79,8.9,1005.49,14.2,2025,2020
2025-08-22,28.7,22.0,24.4,100,71,92.33,30.6,1006.19,10.3,2025,2020
2025-08-23,28.7,22.5,24.29,100,75,92.88,36.6,1006.28,13.1,2025,2020
2025-08-24,29.5,22.7,25.34,99,71,89.0,7.0,1006.25,9.3,2025,2020
2025-08-25,30.1,22.7,25.79,100,70,88.83,5.5,1005.37,8.7,2025,2020
2025-08-26,29.2,23.5,25.96,99,74,89.33,2.4,1004.97,10.7,2025,2020
2025-08-27,29.4,23.9,25.64,100,75,91.96,6.7,1005.72,11.1,2025,2020
2025-08-28,29.0,23.1,25.28,100,78,92.08,14.0,1006.15,13.5,2025,2020
2025-08-29,29.3,23.0,25.06,100,74,91.88,7.6,1006.8,11.4,2025,2020
2025-08-30,29.9,22.9,25.17,99,73,90.08,16.5,1006.08,9.2,2025,2020
2025-08-31,29.9,22.4,25.65,100,72,89.46,7.2,1005.52,11.0,2025,2020
2025-09-01,29.0,22.9,24.96,100,77,92.42,13.7,1005.84,7.1,2025,2020
2025-09-02,29.8,22.2,24.75,99,72,92.25,18.6,1006.5,9.3,2025,2020
2025-09-03,27.9,22.5,24.93,100,79,91.25,10.4,1006.24,12.1,2025,2020
2025-09-04,28.0,22.0,24.22,100,80,93.75,6.3,1006.24,10.8,2025,2020
2025-09-05,26.3,22.4,24.3,100,84,93.04,12.1,1006.53,7.6,2025,2020
2025-09-06,29.8,21.5,24.56,100,70,91.33,20.0,1007.42,10.1,2025,2020
2025-09-07,28.0,22.0,24.35,100,77,91.08,22.1,1007.72,10.3,2025,2020
2025-09-08,29.2,21.6,24.39,100,71,92.21,15.9,1007.11,7.4,2025,2020
2025-09-09,30.2,22.4,25.25,100,67,90.29,12.4,1005.92,9.5,2025,2020
2025-09-10,30.8,21.9,25.5,100,64,89.42,6.3,1005.65,12.4,2025,2020
2025-09-11,29.7,23.6,25.48,100,74,91.79,25.8,1005.5,10.1,2025,2020
2025-09-12,28.7,23.2,24.91,99,76,92.25,8.3,1005.87,9.5,2025,2020
2025-09-13,28.2,23.0,24.83,99,78,91.54,8.1,1005.3,8.2,2025,2020
2025-09-14,30.5,22.8,25.56,99,69,88.08,6.9,1004.2,10.7,2025,2020
2025-09-15,30.1,22.7,25.18,100,69,92.17,20.5,1004.87,11.6,2025,2020
2025-09-16,29.1,22.8,24.72,100,74,92.0,22.5,1005.4,10.3,2025,2020
2025-09-17,27.9,22.2,24.19,99,80,93.21,28.3,1005.76,10.9,2025,2020
2025-09-18,29.5,22.4,24.36,100,68,91.75,16.7,1006.43,10.0,2025,2020
2025-09-19,29.5,22.5,24.77,100,71,91.21,25.9,1006.85,12.1,2025,2020
2025-09-20,29.0,22.5,24.99,100,74,91.67,5.2,1006.88,9.2,2025,2020
2025-09-21,30.5,22.1,24.73,100,68,91.33,22.4,1006.4,8.6,2025,2020
2025-09-22,28.8,21.9,24.56,100,69,90.29,12.0,1005.45,7.8,2025,2020
2025-09-23,30.1,22.0,25.52,100,67,88.54,5.8,1004.62,8.5,2025,2020
2025-09-24,29.1,23.1,25.72,98,77,89.83,9.6,1005.73,7.6,2025,2020
2025-09-25,29.0,23.2,25.12,99,75,92.25,19.8,1006.89,14.2,2025,2020
2025-09-26,28.7,22.2,24.58,100,74,92.04,29.2,1006.5,12.8,2025,2020
2025-09-27,30.1,21.5,24.39,99,66,91.33,27.7,1005.91,14.2,2025,2020
2025-09-28,28.5,22.6,24.46,99,74,92.5,26.0,1006.65,11.1,2025,2020
2025-09-29,28.5,22.6,24.49,100,77,92.67,8.2,1007.45,14.2,2025,2020
2025-09-30,29.1,21.4,24.64,100,73,91.12,14.5,1007.03,7.9,2025,2020
2025-10-01,28.9,22.0,24.4,100,75,92.58,10.9,1006.74,7.9,2025,2020
2025-10-02,28.5,22.1,24.2,100,76,92.88,15.2,1007.21,9.6,2025,2020
2025-10-03,29.2,22.1,24.48,100,71,91.21,6.4,1006.51,10.2,2025,2020
2025-10-04,28.0,21.8,24.02,99,75,92.75,20.6,1005.64,11.0,2025,2020
2025-10-05,29.5,22.2,24.41,100,68,92.79,31.3,1005.98,10.0,2025,2020
2025-10-06,30.3,21.9,24.94,99,68,89.42,9.3,1005.62,10.1,2025,2020
2025-10-07,30.5,21.8,25.17,100,65,88.83,13.8,1004.79,9.8,2025,2020
2025-10-08,30.2,21.6,24.92,100,69,89.0,2.6,1005.19,11.2,2025,2020
2025-10-09,28.5,21.9,24.17,100,75,92.0,17.6,1006.08,14.5,2025,2020
2025-10-10,28.2,21.5,23.89,99,75,91.96,29.5,1006.99,10.0,2025,2020
2025-10-11,26.6,21.7,23.47,100,80,93.08,15.4,1006.76,13.4,2025,2020
2025-10-12,27.0,21.1,23.35,100,82,94.83,13.7,1006.11,12.1,2025,2020
2025-10-13,29.5,21.0,24.67,100,67,88.67,10.2,1005.11,9.0,2025,2020
2025-10-14,29.9,21.8,24.61,100,71,91.75,22.2,1004.99,11.4,2025,2020
2025-10-15,28.2,21.5,23.92,100,76,93.08,28.2,1004.73,11.0,2025,2020
2025-10-16,27.3,21.5,23.72,100,73,91.83,16.7,1004.96,11.5,2025,2020
2025-10-17,28.4,21.9,24.01,100,75,91.83,17.7,1005.27,11.2,2025,2020
2025-10-18,29.5,21.2,24.53,100,71,89.88,13.2,1005.79,9.1,2025,2020
2025-10-19,29.5,21.9,24.48,100,70,91.92,15.6,1006.77,11.5,2025,2020
2025-10-20,29.0,22.2,24.49,100,74,92.29,19.7,1006.41,10.9,2025,2020
2025-10-21,29.2,22.0,24.84,100,72,90.92,7.0,1005.38,11.0,2025,2020
2025-10-22,29.1,22.4,24.84,99,72,91.29,14.2,1005.12,7.3,2025,2020
2025-10-23,29.4,22.5,24.61,100,70,92.04,16.8,1005.27,12.1,2025,2020
2025-10-24,29.0,22.4,24.62,100,75,93.12,43.7,1005.1,12.6,2025,2020
2025-10-25,28.7,22.3,24.35,99,74,92.58,16.4,1004.75,11.9,2025,2020
2025-10-26,24.6,22.4,23.42,99,94,96.75,55.5,1004.23,11.1,2025,2020
2025-10-27,25.6,22.0,23.47,100,87,96.58,24.0,1003.9,13.1,2025,2020
2025-10-28,25.9,22.5,23.59,100,86,97.54,49.3,1005.59,15.5,2025,2020
2025-10-29,27.4,22.4,24.22,100,81,94.17,17.6,1006.76,10.6,2025,2020
2025-10-30,29.6,22.8,24.95,100,71,92.25,18.7,1006.69,12.1,2025,2020
2025-10-31,26.6,23.0,24.36,100,84,94.58,16.3,1006.1,7.9,2025,2020
2025-11-01,29.6,21.8,24.74,100,70,91.46,33.1,1005.36,10.8,2025,2020
2025-11-02,27.9,22.2,24.18,100,81,93.96,34.4,1006.22,9.0,2025,2020
2025-11-03,29.5,22.1,24.72,99,69,91.71,16.4,1006.94,10.9,2025,2020
2025-11-04,27.2,22.3,24.51,99,81,92.83,12.7,1007.5,5.8,2025,2020
2025-11-05,29.5,21.5,24.88,100,69,89.92,4.9,1007.71,12.8,2025,2020
2025-11-06,29.9,21.5,25.08,100,64,89.67,7.9,1006.35,9.9,2025,2020
2025-11-07,28.8,22.2,25.02,100,72,91.25,17.8,1004.9,12.9,2025,2020
2025-11-08,30.4,22.3,25.43,99,67,89.79,14.3,1003.61,8.0,2025,2020
2025-11-09,30.5,22.2,25.85,100,68,88.46,4.3,1003.62,8.7,2025,2020
2025-11-10,27.9,23.6,25.14,99,79,91.54,8.0,1005.85,11.4,2025,2020
2025-11-11,29.0,23.2,25.2,100,73,92.08,36.3,1005.98,11.2,2025,2020
2025-11-12,29.0,22.5,24.88,100,76,92.29,24.8,1005.48,9.0,2025,2020
2025-11-13,28.4,22.9,24.41,100,79,94.29,64.7,1005.34,8.1,2025,2020
2025-11-14,29.0,22.2,24.46,99,64,90.62,25.5,1005.58,10.6,2025,2020
2025-11-15,28.7,22.4,24.46,99,75,92.12,34.9,1005.45,9.8,2025,2020
2025-11-16,29.0,22.6,24.46,99,72,92.17,19.3,1005.72,10.2,2025,2020
2025-11-17,29.8,21.5,24.8,100,67,89.12,5.8,1006.23,9.2,2025,2020
2025-11-18,30.0,21.3,25.37,100,67,87.29,0.1,1006.56,9.9,2025,2020
2025-11-19,29.7,21.7,25.38,99,65,85.79,1.1,1006.1,10.6,2025,2020
2025-11-20,26.8,22.6,24.25,100,86,93.38,59.3,1005.37,9.1,2025,2020
2025-11-21,29.5,21.9,24.66,99,71,91.46,32.1,1004.72,11.4,2025,2020
2025-11-22,29.5,22.5,25.5,100,70,88.29,2.8,1004.25,10.9,2025,2020
2025-11-23,29.8,23.1,26.08,99,68,85.71,0.6,1003.83,10.4,2025,2020
2025-11-24,31.4,23.1,26.3,99,49,83.12,0.3,1003.93,13.1,2025,2020
2025-11-25,30.4,22.6,25.88,100,62,85.96,3.0,1003.5,10.5,2025,2020
2025-11-26,30.7,23.1,26.32,100,68,87.42,1.3,1002.73,7.8,2025,2020
2025-11-27,30.4,23.2,26.53,100,67,86.29,0.9,1003.3,11.6,2025,2020
2025-11-28,28.5,23.6,25.49,98,74,88.54,2.8,1004.78,9.8,2025,2020
2025-11-29,28.8,22.5,24.79,98,72,89.88,7.1,1005.44,9.7,2025,2020
2025-11-30,29.0,22.3,24.9,100,67,88.75,19.6,1004.98,11.5,2025,2020
2025-12-01,27.1,22.1,24.08,100,77,93.29,12.9,1005.59,9.6,2025,2020
2025-12-02,27.5,21.8,24.08,99,79,91.96,18.5,1005.83,8.3,2025,2020
2025-12-03,28.8,22.4,24.56,99,73,90.62,4.6,1006.57,8.6,2025,2020
2025-12-04,29.2,22.0,24.94,100,70,88.71,1.3,1006.36,13.4,2025,2020
2025-12-05,30.3,20.4,24.62,99,59,85.38,1.1,1006.12,11.4,2025,2020
2025-12-06,28.9,20.2,24.53,100,67,85.62,1.0,1005.89,10.9,2025,2020
2025-12-07,30.0,21.6,25.21,100,62,86.25,10.1,1006.22,8.8,2025,2020
2025-12-08,29.9,21.8,25.32,99,69,86.79,4.5,1005.92,9.1,2025,2020
2025-12-09,29.5,21.9,25.03,100,70,89.96,4.3,1004.88,6.5,2025,2020
2025-12-10,29.8,22.4,25.52,99,66,87.46,2.9,1003.7,10.7,2025,2020
2025-12-11,30.2,23.5,26.15,99,66,84.58,2.4,1003.5,10.6,2025,2020
2025-12-12,30.0,22.6,25.29,100,67,89.46,5.0,1003.8,16.5,2025,2020
2025-12-13,28.9,23.0,25.02,100,71,91.21,6.7,1004.25,8.1,2025,2020
2025-12-14,28.5,22.6,24.66,100,74,91.75,15.4,1005.1,11.2,2025,2020
2025-12-15,25.0,22.7,23.65,99,92,97.33,33.7,1005.92,8.5,2025,2020
2025-12-16,29.0,21.8,24.78,100,69,88.96,4.5,1005.2,9.6,2025,2020
2025-12-17,29.1,21.7,24.66,99,67,88.5,14.7,1004.96,10.1,2025,2020
2025-12-18,29.0,21.8,24.7,100,69,89.0,3.7,1005.01,13.1,2025,2020
2025-12-19,29.9,21.0,25.19,100,65,86.62,1.4,1006.02,11.1,2025,2020
2025-12-20,31.8,21.7,25.72,100,44,83.33,1.0,1005.02,12.9,2025,2020
2025-12-21,32.7,21.5,25.71,99,41,81.46,0.0,1004.81,12.2,2025,2020
2025-12-22,31.2,21.1,25.32,99,54,80.12,0.1,1004.68,12.7,2025,2020
2025-12-23,30.8,21.5,25.55,98,55,80.92,0.0,1004.67,8.4,2025,2020
2025-12-24,31.7,21.6,25.99,96,51,81.04,0.4,1005.61,10.0,2025,2020
2025-12-25,30.1,22.0,25.63,97,60,82.79,0.7,1005.69,13.1,2025,2020
2025-12-26,30.6,21.4,25.25,98,54,82.79,1.4,1005.26,12.1,2025,2020
2025-12-27,30.0,20.8,24.85,98,60,82.0,1.1,1004.91,10.1,2025,2020
2025-12-28,30.0,22.1,25.07,99,60,82.92,0.9,1005.18,9.7,2025,2020
2025-12-29,30.5,20.2,25.05,100,59,83.58,1.3,1004.58,10.7,2025,2020
2025-12-30,31.4,21.9,25.95,100,55,81.62,0.7,1004.45,10.2,2025,2020
2025-12-31,30.5,23.7,26.38,97,61,81.58,1.3,1005.45,7.1,2025,2020
2026-01-01,29.9,23.3,26.2,99,61,82.83,0.1,1005.57,9.9,2026,2020
2026-01-02,29.5,22.6,25.48,99,61,85.54,0.7,1005.28,11.1,2026,2020
2026-01-03,29.6,21.9,24.91,100,69,89.08,12.9,1006.0,10.4,2026,2020
2026-01-04,29.6,21.4,25.22,100,66,87.29,2.4,1006.31,11.2,2026,2020
2026-01-05,30.5,21.8,25.64,97,58,81.42,0.2,1006.18,11.9,2026,2020
2026-01-06,29.6,22.0,25.18,100,62,85.58,1.9,1005.82,10.6,2026,2020
2026-01-07,30.1,21.0,25.26,100,60,85.04,0.9,1005.02,12.0,2026,2020
2026-01-08,32.5,21.1,25.67,99,42,80.62,0.3,1004.82,14.8,2026,2020
2026-01-09,30.1,21.0,25.1,100,61,84.29,2.1,1005.29,9.6,2026,2020
2026-01-10,29.5,21.7,25.26,100,63,82.54,1.4,1005.18,9.7,2026,2020
2026-01-11,29.8,21.9,25.37,100,62,84.21,0.2,1005.22,10.4,2026,2020
2026-01-12,30.2,22.0,25.19,97,57,82.54,2.1,1006.0,12.9,2026,2020
2026-01-13,30.2,20.6,25.2,98,55,81.54,0.1,1005.29,12.3,2026,2020
2026-01-14,30.2,21.5,25.45,99,58,81.92,1.0,1003.82,10.8,2026,2020
2026-01-15,30.7,21.4,25.46,99,57,82.75,0.9,1004.72,10.5,2026,2020
2026-01-16,30.3,23.2,26.0,98,61,83.29,1.0,1004.52,11.0,2026,2020
2026-01-17,31.0,22.9,26.36,99,63,82.83,0.6,1003.56,10.9,2026,2020
2026-01-18,30.9,24.0,26.83,100,65,83.12,1.6,1002.64,10.7,2026,2020
2026-01-19,33.5,23.1,27.1,99,41,78.67,0.1,1003.4,9.1,2026,2020
2026-01-20,33.2,23.9,27.15,100,44,79.83,0.5,1004.53,12.7,2026,2020
2026-01-21,31.7,22.5,26.4,100,54,81.04,1.1,1004.37,10.2,2026,2020
2026-01-22,31.2,20.9,25.64,100,54,80.17,0.6,1005.39,15.2,2026,2020
2026-01-23,31.2,20.8,25.48,98,51,78.71,1.9,1005.82,10.3,2026,2020
2026-01-24,31.1,21.2,25.83,96,55,76.88,0.5,1005.9,11.0,2026,2020
2026-01-25,31.9,20.8,26.04,96,47,75.21,0.6,1006.67,12.0,2026,2020
2026-01-26,31.9,20.3,25.73,100,49,76.42,0.8,1007.62,12.8,2026,2020
2026-01-27,34.0,21.3,27.23,95,39,66.12,0.0,1007.25,18.5,2026,2020
2026-01-28,32.6,22.0,26.91,90,49,68.54,2.4,1006.9,7.5,2026,2020
2026-01-29,34.5,20.5,26.91,97,32,63.96,0.0,1005.62,9.5,2026,2020
2026-01-30,31.9,21.6,26.27,90,50,71.88,0.5,1005.98,14.8,2026,2020
2026-01-31,31.8,22.1,26.67,95,51,73.79,1.2,1006.91,12.3,2026,2020
2026-02-01,33.4,23.5,27.32,95,40,69.83,0.0,1007.56,12.0,2026,2020
2026-02-02,31.2,23.8,27.14,94,44,67.25,0.0,1007.95,9.7,2026,2020
2026-02-03,33.0,24.7,28.0,63,37,49.5,0.0,1006.98,23.7,2026,2020
2026-02-04,33.5,23.1,27.38,87,41,62.12,0.1,1006.18,13.3,2026,2020
2026-02-05,30.0,23.1,26.42,92,64,80.29,3.2,1006.58,11.8,2026,2020
2026-02-06,30.5,22.9,26.27,99,57,81.58,1.8,1007.63,9.0,2026,2020
2026-02-07,31.2,23.5,26.82,100,48,73.08,0.1,1007.55,6.2,2026,2020
2026-02-08,33.4,22.4,27.65,93,37,57.38,0.0,1007.3,19.4,2026,2020
2026-02-09,34.6,22.4,28.14,89,36,57.58,0.0,1006.36,16.7,2026,2020
2026-02-10,33.0,24.5,27.8,86,43,68.33,0.7,1006.3,11.8,2026,2020
2026-02-11,33.8,24.1,27.94,92,44,71.79,1.1,1005.5,11.8,2026,2020
2026-02-12,33.9,23.6,27.58,96,36,73.62,0.7,1005.28,13.7,2026,2020
2026-02-13,33.6,25.1,28.14,89,40,66.92,0.6,1005.2,11.9,2026,2020
2026-02-14,33.5,22.9,27.02,93,42,70.29,2.8,1005.29,13.3,2026,2020
2026-02-15,31.9,22.2,25.98,99,51,80.79,3.3,1005.79,11.9,2026,2020
2026-02-16,32.9,21.8,26.7,98,46,75.79,1.3,1005.62,13.9,2026,2020
2026-02-17,36.0,22.3,28.07,91,32,63.88,0.0,1004.91,12.1,2026,2020
2026-02-18,35.2,24.1,28.3,90,36,65.75,0.9,1004.85,11.5,2026,2020
2026-02-19,34.8,23.4,27.9,95,39,69.54,1.3,1004.12,12.0,2026,2020
2026-02-20,30.3,24.2,26.4,97,63,81.5,10.5,1003.83,12.1,2026,2020
2026-02-21,30.6,23.5,25.75,99,66,87.79,16.1,1004.89,10.3,2026,2020
2026-02-22,31.2,22.9,25.9,100,60,85.75,3.6,1005.79,12.9,2026,2020
2026-02-23,32.2,21.9,26.65,100,49,74.79,0.4,1005.05,11.4,2026,2020
2026-02-24,33.2,22.9,27.45,92,35,63.46,0.0,1004.18,15.5,2026,2020
2026-02-25,34.8,22.5,27.63,88,35,60.96,0.0,1003.34,12.0,2026,2020
2026-02-26,33.7,23.5,27.88,89,44,70.04,0.0,1003.54,15.9,2026,2020
2026-02-27,33.5,22.8,27.78,90,46,70.88,0.2,1003.3,14.6,2026,2020
2026-02-28,33.5,23.8,28.1,90,46,70.67,2.0,1002.52,14.1,2026,2020
2026-03-01,36.2,22.8,28.83,92,33,61.83,0.0,1002.48,16.6,2026,2020
2026-03-02,35.8,23.6,29.01,92,31,59.0,0.0,1002.0,11.8,2026,2020
2026-03-03,36.5,23.1,29.15,85,29,56.58,0.0,1001.61,16.3,2026,2020
2026-03-04,34.2,23.5,27.89,97,36,73.04,3.0,1003.43,15.0,2026,2020
2026-03-05,33.0,23.5,27.41,100,47,75.17,5.0,1003.59,11.9,2026,2020
2026-03-06,33.7,24.3,27.63,95,49,74.96,7.6,1003.94,13.6,2026,2020
2026-03-07,34.0,22.5,27.59,98,42,71.0,0.0,1002.69,14.4,2026,2020
2026-03-08,33.0,23.6,27.56,98,47,76.04,0.5,1003.34,13.9,2026,2020
2026-03-09,34.0,22.2,27.61,91,39,66.67,0.3,1004.53,13.1,2026,2020
2026-03-10,35.1,22.8,27.48,94,39,70.42,3.5,1004.91,12.0,2026,2020
2026-03-11,34.8,22.6,27.65,97,38,72.08,0.7,1005.09,16.5,2026,2020
2026-03-12,34.2,23.2,27.69,93,41,70.71,2.4,1005.56,13.9,2026,2020
2026-03-13,35.4,21.2,27.52,87,30,65.42,0.0,1004.99,9.7,2026,2020
2026-03-14,35.2,22.9,27.78,87,34,66.12,0.4,1004.66,14.4,2026,2020
2026-03-15,35.3,22.2,27.55,83,34,63.46,0.5,1003.85,17.7,2026,2020
2026-03-16,33.8,22.4,27.42,88,39,68.54,0.6,1003.45,14.1,2026,2020
2026-03-17,33.2,23.5,27.26,98,47,74.33,4.2,1005.07,15.0,2026,2020
2026-03-18,33.2,22.8,26.99,99,47,77.5,3.1,1006.21,8.9,2026,2020
2026-03-19,33.8,23.0,27.27,91,48,72.29,3.2,1006.17,13.5,2026,2020
2026-03-20,33.8,22.9,26.47,97,45,77.04,11.0,1005.56,12.3,2026,2020
2026-03-21,33.2,22.4,26.37,99,44,76.92,3.1,1005.22,12.0,2026,2020
2026-03-22,33.8,21.9,27.19,96,43,73.58,2.0,1004.6,9.7,2026,2020
2026-03-23,32.8,23.0,27.37,94,48,73.62,1.9,1005.04,12.2,2026,2020
2026-03-24,33.5,22.2,27.28,95,38,65.58,0.6,1005.12,12.6,2026,2020
2026-03-25,33.0,22.6,26.65,98,47,77.42,3.4,1004.64,8.7,2026,2020
2026-03-26,34.3,22.5,27.65,90,42,70.25,0.6,1003.64,13.3,2026,2020
2026-03-27,34.7,22.8,27.99,88,41,69.62,2.1,1003.66,11.8,2026,2020
2026-03-28,33.5,23.5,27.35,98,50,78.83,5.3,1004.54,12.3,2026,2020
2026-03-29,36.0,24.3,28.92,91,34,64.0,0.8,1004.38,10.2,2026,2020
2026-03-30,35.0,24.6,28.58,90,40,66.71,3.0,1004.82,12.4,2026,2020
2026-03-31,33.8,24.3,28.01,95,48,72.33,2.9,1004.89,14.1,2026,2020
2026-04-01,34.3,23.8,27.29,99,46,78.62,7.1,1004.98,10.3,2026,2020
2026-04-02,33.0,23.6,26.51,96,52,80.0,15.6,1004.93,12.6,2026,2020
2026-04-03,32.8,23.0,26.97,94,53,77.42,1.9,1004.3,9.0,2026,2020
2026-04-04,33.7,24.5,27.7,94,48,75.0,2.3,1004.0,10.2,2026,2020
2026-04-05,33.2,23.8,27.58,98,49,77.21,1.4,1003.94,12.4,2026,2020
2026-04-06,33.2,22.9,27.81,97,47,72.08,0.3,1003.48,13.4,2026,2020
2026-04-07,33.7,23.7,27.93,91,45,72.42,1.8,1003.54,13.2,2026,2020
2026-04-08,32.7,23.6,27.9,93,55,75.54,3.3,1004.19,9.2,2026,2020
2026-04-09,35.5,25.0,29.1,94,44,71.04,1.0,1003.22,11.0,2026,2020
2026-04-10,35.3,25.0,28.33,96,45,76.38,2.6,1003.28,14.3,2026,2020
2026-04-11,34.2,24.4,28.88,96,45,66.88,0.0,1003.41,11.3,2026,2020
2026-04-12,34.2,25.5,27.54,97,48,80.21,20.2,1003.67,21.6,2026,2020
2026-04-13,36.9,24.6,29.78,96,32,60.54,0.0,1003.55,17.6,2026,2020
2026-04-14,37.3,24.4,30.07,79,27,51.25,0.0,1003.13,12.7,2026,2020
2026-04-15,35.5,24.0,28.13,92,36,66.62,2.5,1003.53,14.7,2026,2020
2026-04-16,34.5,25.0,28.04,89,42,68.42,5.0,1004.31,13.7,2026,2020
2026-04-17,34.0,24.0,27.67,100,40,72.0,6.3,1004.46,12.4,2026,2020
2026-04-18,34.0,22.7,27.63,98,41,72.92,2.3,1004.42,12.3,2026,2020
2026-04-19,33.5,23.1,26.98,99,51,77.79,8.3,1005.69,11.8,2026,2020
2026-04-20,33.8,20.4,27.12,98,40,69.17,0.1,1005.67,12.5,2026,2020
2026-04-21,35.1,22.9,27.93,93,37,68.21,2.5,1006.17,14.2,2026,2020
2026-04-22,33.5,22.8,26.66,98,49,76.71,11.5,1006.37,9.9,2026,2020
2026-04-23,31.2,22.8,25.55,100,60,86.46,27.7,1006.15,10.0,2026,2020
2026-04-24,30.7,22.3,25.57,100,62,86.17,12.7,1006.17,9.3,2026,2020
2026-04-25,31.4,22.6,25.71,100,61,86.12,16.9,1005.32,11.1,2026,2020
2026-04-26,32.1,23.1,26.44,99,61,84.42,7.6,1005.03,10.3,2026,2020
2026-04-27,32.3,22.9,26.63,99,61,84.08,4.0,1005.32,10.1,2026,2020
2026-04-28,32.2,21.8,26.77,100,52,80.42,0.3,1004.89,12.3,2026,2020
2026-04-29,33.1,21.2,27.05,98,49,74.46,0.2,1003.11,13.1,2026,2020
2026-04-30,32.9,23.5,27.64,95,57,79.04,3.2,1001.89,11.4,2026,2020
2026-05-01,28.8,24.5,25.86,99,73,88.21,11.4,1003.49,12.9,2026,2020
2026-05-02,31.0,23.5,25.43,99,66,92.29,30.2,1005.07,7.9,2026,2020
2026-05-03,31.1,22.8,26.16,98,63,86.04,8.8,1005.7,9.1,2026,2020
2026-05-04,31.0,22.8,26.29,98,63,85.33,7.4,1004.94,9.8,2026,2020
2026-05-05,30.8,23.8,26.37,99,66,88.0,10.4,1004.85,9.3,2026,2020
2026-05-06,30.9,23.5,26.18,99,68,89.17,17.9,1005.55,15.0,2026,2020
2026-05-07,31.4,23.5,26.18,100,66,88.58,5.0,1005.3,16.0,2026,2020
2026-05-08,32.2,23.8,27.35,100,62,83.92,0.0,1003.16,11.9,2026,2020
2026-05-09,33.5,23.5,27.86,99,54,80.58,0.3,1001.73,15.1,2026,2020
2026-05-10,33.6,24.0,27.94,95,52,77.75,6.8,1003.3,12.2,2026,2020
2026-05-11,32.0,23.9,27.2,100,58,84.54,1.7,1004.56,9.5,2026,2020
2026-05-12,31.6,23.3,27.33,99,56,82.42,3.0,1005.3,10.4,2026,2020
2026-05-13,32.2,25.2,27.59,96,61,83.58,3.4,1004.96,9.9,2026,2020
2026-05-14,31.8,24.6,27.88,95,65,80.58,2.1,1004.15,10.3,2026,2020
2026-05-15,32.4,24.2,27.4,96,59,84.21,6.0,1004.44,10.1,2026,2020
2026-05-16,30.8,24.5,26.66,99,67,86.33,17.4,1004.46,10.2,2026,2020
2026-05-17,30.2,24.0,26.53,98,69,87.0,7.7,1004.55,8.1,2026,2020
2026-05-18,31.5,24.1,27.1,97,65,85.71,9.6,1004.34,13.4,2026,2020
2026-05-19,31.2,25.0,28.04,96,70,84.08,0.2,1003.44,12.1,2026,2020
2026-05-20,29.6,25.6,26.91,95,73,88.33,11.1,1003.4,8.9,2026,2020
2026-05-21,32.6,24.3,27.38,100,59,86.83,4.3,1003.82,10.9,2026,2020
2026-05-22,30.5,24.6,26.67,99,72,89.83,1.8,1004.6,13.5,2026,2020
