time,temperature,humidity,rain,pressure,wind_speed
2026-01-01T00:00,24.4,99,0.0,1006.1,1.8
2026-01-01T01:00,24.6,91,0.0,1005.3,8.0
2026-01-01T02:00,24.2,93,0.0,1004.9,1.7
2026-01-01T03:00,24.0,94,0.0,1004.7,3.1
2026-01-01T04:00,23.8,94,0.1,1004.7,5.4
2026-01-01T05:00,23.8,93,0.0,1005.2,4.4
2026-01-01T06:00,23.3,96,0.0,1005.6,0.9
2026-01-01T07:00,23.8,96,0.0,1005.4,1.1
2026-01-01T08:00,24.8,91,0.0,1006.5,1.5
2026-01-01T09:00,26.3,83,0.0,1007.3,2.7
2026-01-01T10:00,27.6,75,0.0,1007.5,3.1
2026-01-01T11:00,29.0,69,0.0,1007.4,3.0
2026-01-01T12:00,29.9,64,0.0,1006.7,3.0
2026-01-01T13:00,29.8,61,0.0,1006.1,6.0
2026-01-01T14:00,29.1,67,0.0,1005.1,9.9
2026-01-01T15:00,29.4,66,0.0,1004.3,8.9
2026-01-01T16:00,29.0,69,0.0,1004.0,6.7
2026-01-01T17:00,28.5,71,0.0,1004.1,5.6
2026-01-01T18:00,27.4,76,0.0,1004.5,7.0
2026-01-01T19:00,26.5,78,0.0,1004.9,8.5
2026-01-01T20:00,25.8,83,0.0,1005.2,0.5
2026-01-01T21:00,25.0,89,0.0,1005.6,2.2
2026-01-01T22:00,24.5,94,0.0,1006.2,2.8
2026-01-01T23:00,24.4,96,0.0,1006.4,4.0
2026-01-02T00:00,24.5,92,0.0,1006.5,7.3
2026-01-02T01:00,24.1,94,0.0,1005.9,5.4
2026-01-02T02:00,23.2,97,0.0,1005.2,0.9
2026-01-02T03:00,22.9,98,0.0,1004.6,2.2
2026-01-02T04:00,22.7,98,0.0,1004.6,2.7
2026-01-02T05:00,22.8,96,0.0,1004.9,5.9
2026-01-02T06:00,22.7,95,0.0,1005.1,5.3
2026-01-02T07:00,22.6,95,0.0,1004.7,5.3
2026-01-02T08:00,24.6,85,0.0,1004.7,4.9
2026-01-02T09:00,27.0,75,0.0,1005.7,3.6
2026-01-02T10:00,28.4,71,0.0,1006.3,5.4
2026-01-02T11:00,29.2,64,0.0,1006.6,2.6
2026-01-02T12:00,29.5,61,0.0,1005.8,0.6
2026-01-02T13:00,29.5,63,0.0,1005.3,9.3
2026-01-02T14:00,28.5,73,0.1,1004.4,10.8
2026-01-02T15:00,27.8,76,0.1,1003.7,11.1
2026-01-02T16:00,28.4,74,0.1,1003.4,7.3
2026-01-02T17:00,27.5,76,0.1,1003.6,6.1
2026-01-02T18:00,26.4,80,0.0,1004.4,6.2
2026-01-02T19:00,24.1,96,0.2,1005.2,3.5
2026-01-02T20:00,24.0,98,0.1,1005.6,2.3
2026-01-02T21:00,23.9,98,0.0,1006.4,3.1
2026-01-02T22:00,23.8,99,0.0,1006.7,2.2
2026-01-02T23:00,23.4,99,0.0,1007.3,1.9
2026-01-03T00:00,23.4,100,0.0,1007.2,3.4
2026-01-03T01:00,23.4,99,0.0,1006.7,4.7
2026-01-03T02:00,23.0,99,0.0,1005.9,3.1
2026-01-03T03:00,22.9,98,0.0,1005.2,4.8
2026-01-03T04:00,22.6,98,0.0,1004.8,3.3
2026-01-03T05:00,22.3,99,0.0,1004.9,4.5
2026-01-03T06:00,21.9,99,0.0,1005.0,2.1
2026-01-03T07:00,23.0,92,0.0,1006.1,1.8
2026-01-03T08:00,24.3,91,0.0,1006.8,4.5
2026-01-03T09:00,26.5,83,0.0,1007.3,2.5
2026-01-03T10:00,28.1,74,0.0,1007.6,2.2
2026-01-03T11:00,29.2,73,0.0,1007.5,5.2
2026-01-03T12:00,29.6,70,0.0,1006.7,5.1
2026-01-03T13:00,29.2,69,0.0,1006.2,7.9
2026-01-03T14:00,28.9,69,0.7,1005.2,10.4
2026-01-03T15:00,27.3,78,6.0,1004.8,10.4
2026-01-03T16:00,26.5,78,3.5,1004.6,6.4
2026-01-03T17:00,25.5,88,1.4,1004.3,6.3
2026-01-03T18:00,24.5,92,1.0,1004.9,2.0
2026-01-03T19:00,23.3,96,0.0,1005.7,1.2
2026-01-03T20:00,23.5,96,0.3,1005.8,2.8
2026-01-03T21:00,23.2,98,0.0,1006.7,2.1
2026-01-03T22:00,22.9,99,0.0,1007.0,1.3
2026-01-03T23:00,22.9,100,0.0,1007.0,2.2
2026-01-04T00:00,22.6,99,0.0,1006.5,1.9
2026-01-04T01:00,22.6,99,0.0,1006.3,2.7
2026-01-04T02:00,22.3,99,0.0,1005.5,2.1
2026-01-04T03:00,22.1,100,0.0,1005.2,3.7
2026-01-04T04:00,21.9,100,0.0,1005.3,4.5
2026-01-04T05:00,21.6,100,0.0,1005.4,4.3
2026-01-04T06:00,21.4,100,0.0,1005.9,5.4
2026-01-04T07:00,21.8,100,0.0,1006.1,0.3
2026-01-04T08:00,23.6,96,0.0,1007.0,2.5
2026-01-04T09:00,25.9,85,0.0,1008.2,1.0
2026-01-04T10:00,27.8,75,0.0,1008.3,2.8
2026-01-04T11:00,29.1,68,0.0,1008.0,4.8
2026-01-04T12:00,29.6,66,0.1,1007.2,7.6
2026-01-04T13:00,29.3,67,0.6,1006.8,10.1
2026-01-04T14:00,29.0,69,0.5,1006.1,11.2
2026-01-04T15:00,28.6,71,0.5,1005.4,10.7
2026-01-04T16:00,28.4,72,0.4,1004.8,8.2
2026-01-04T17:00,27.8,75,0.3,1004.4,6.4
2026-01-04T18:00,26.8,82,0.0,1004.6,6.6
2026-01-04T19:00,25.9,88,0.0,1005.6,2.1
2026-01-04T20:00,24.9,94,0.0,1006.4,2.6
2026-01-04T21:00,24.5,97,0.0,1007.3,3.6
2026-01-04T22:00,24.0,97,0.0,1007.6,6.1
2026-01-04T23:00,23.8,96,0.0,1007.5,6.4
2026-01-05T00:00,23.6,96,0.0,1007.2,5.0
2026-01-05T01:00,23.4,96,0.0,1006.8,7.2
2026-01-05T02:00,22.8,97,0.0,1006.2,4.3
2026-01-05T03:00,22.4,94,0.0,1005.4,5.6
2026-01-05T04:00,22.0,93,0.0,1005.3,7.3
2026-01-05T05:00,22.0,92,0.0,1005.7,6.7
2026-01-05T06:00,21.9,94,0.0,1005.8,5.1
2026-01-05T07:00,21.8,95,0.0,1006.1,4.6
2026-01-05T08:00,23.9,87,0.0,1007.0,3.9
2026-01-05T09:00,26.5,72,0.0,1007.6,2.1
2026-01-05T10:00,28.1,66,0.0,1007.8,3.8
2026-01-05T11:00,29.2,63,0.0,1007.5,3.5
2026-01-05T12:00,30.3,59,0.0,1006.6,2.5
2026-01-05T13:00,30.5,58,0.0,1006.1,9.0
2026-01-05T14:00,29.8,63,0.1,1005.2,11.9
2026-01-05T15:00,29.0,65,0.1,1004.7,9.5
2026-01-05T16:00,28.8,66,0.0,1004.6,4.9
2026-01-05T17:00,27.6,71,0.0,1004.6,5.4
2026-01-05T18:00,26.8,77,0.0,1005.1,4.0
2026-01-05T19:00,26.0,84,0.0,1005.6,4.2
2026-01-05T20:00,25.5,88,0.0,1006.1,3.9
2026-01-05T21:00,25.0,91,0.0,1006.8,3.7
2026-01-05T22:00,24.5,93,0.0,1007.3,3.6
2026-01-05T23:00,24.0,94,0.0,1007.1,4.2
2026-01-06T00:00,24.0,91,0.0,1006.8,5.4
2026-01-06T01:00,23.5,96,0.0,1006.4,2.3
2026-01-06T02:00,23.0,95,0.0,1005.8,4.2
2026-01-06T03:00,22.8,94,0.0,1005.2,3.8
2026-01-06T04:00,23.0,92,0.0,1005.0,4.9
2026-01-06T05:00,22.5,94,0.0,1005.2,5.7
2026-01-06T06:00,22.0,96,0.0,1005.6,3.2
2026-01-06T07:00,22.2,97,0.0,1005.9,3.1
2026-01-06T08:00,24.0,91,0.0,1006.7,4.8
2026-01-06T09:00,26.6,78,0.0,1007.3,2.6
2026-01-06T10:00,28.1,70,0.0,1007.5,1.9
2026-01-06T11:00,29.0,65,0.0,1007.3,1.9
2026-01-06T12:00,29.6,62,0.1,1006.4,4.1
2026-01-06T13:00,29.2,65,0.1,1006.1,9.1
2026-01-06T14:00,28.6,71,0.5,1005.0,10.2
2026-01-06T15:00,27.5,73,0.6,1004.5,10.6
2026-01-06T16:00,27.2,76,0.2,1004.0,7.5
2026-01-06T17:00,27.0,75,0.4,1004.0,8.0
2026-01-06T18:00,25.8,82,0.0,1004.4,8.7
2026-01-06T19:00,24.4,95,0.0,1005.2,0.6
2026-01-06T20:00,24.2,97,0.0,1005.7,1.7
2026-01-06T21:00,23.8,99,0.0,1006.3,0.2
2026-01-06T22:00,23.2,100,0.0,1006.7,0.8
2026-01-06T23:00,23.1,100,0.0,1006.7,3.3
2026-01-07T00:00,22.8,100,0.0,1006.3,3.8
2026-01-07T01:00,22.4,100,0.0,1006.0,1.3
2026-01-07T02:00,22.1,100,0.0,1005.4,1.7
2026-01-07T03:00,22.0,100,0.0,1005.0,4.5
2026-01-07T04:00,22.0,100,0.0,1005.0,4.8
2026-01-07T05:00,21.5,100,0.0,1004.8,3.4
2026-01-07T06:00,21.0,100,0.0,1005.2,1.3
2026-01-07T07:00,22.5,94,0.0,1005.6,7.0
2026-01-07T08:00,24.1,91,0.0,1006.5,4.7
2026-01-07T09:00,26.1,83,0.0,1007.2,2.0
2026-01-07T10:00,27.5,73,0.0,1007.1,2.4
2026-01-07T11:00,29.0,65,0.0,1006.6,1.7
2026-01-07T12:00,30.1,61,0.0,1005.5,3.6
2026-01-07T13:00,30.0,60,0.0,1004.8,4.7
2026-01-07T14:00,29.9,64,0.2,1003.5,7.1
2026-01-07T15:00,29.2,68,0.3,1002.9,9.8
2026-01-07T16:00,28.0,75,0.3,1002.8,12.0
2026-01-07T17:00,27.0,78,0.1,1003.1,11.8
2026-01-07T18:00,26.2,81,0.0,1003.3,8.7
2026-01-07T19:00,26.0,84,0.0,1003.7,4.9
2026-01-07T20:00,25.0,90,0.0,1004.3,4.2
2026-01-07T21:00,24.4,91,0.0,1005.0,4.5
2026-01-07T22:00,24.0,90,0.0,1005.3,4.8
2026-01-07T23:00,23.4,93,0.0,1005.5,4.0
2026-01-08T00:00,23.1,94,0.0,1005.1,3.9
2026-01-08T01:00,22.8,96,0.0,1005.2,1.7
2026-01-08T02:00,22.4,98,0.0,1004.6,3.4
2026-01-08T03:00,22.0,97,0.0,1004.1,4.3
2026-01-08T04:00,21.8,96,0.0,1003.9,5.2
2026-01-08T05:00,21.5,95,0.0,1004.0,3.8
2026-01-08T06:00,21.1,96,0.0,1004.5,3.5
2026-01-08T07:00,21.4,94,0.0,1005.2,5.6
2026-01-08T08:00,23.3,86,0.0,1005.9,5.6
2026-01-08T09:00,26.0,73,0.0,1006.3,1.1
2026-01-08T10:00,28.1,63,0.0,1006.2,1.9
2026-01-08T11:00,29.8,58,0.0,1006.1,2.6
2026-01-08T12:00,31.1,54,0.0,1005.3,3.1
2026-01-08T13:00,32.5,42,0.0,1004.4,5.4
2026-01-08T14:00,32.0,46,0.0,1003.7,5.6
2026-01-08T15:00,29.9,65,0.1,1003.3,12.2
2026-01-08T16:00,28.5,71,0.1,1003.3,14.8
2026-01-08T17:00,27.6,74,0.0,1003.3,13.2
2026-01-08T18:00,27.0,77,0.0,1003.9,10.3
2026-01-08T19:00,26.5,81,0.0,1004.4,6.6
2026-01-08T20:00,25.8,86,0.1,1005.1,2.0
2026-01-08T21:00,24.5,96,0.0,1005.7,2.3
2026-01-08T22:00,24.0,98,0.0,1006.1,1.1
2026-01-08T23:00,23.4,99,0.0,1006.2,3.3
2026-01-09T00:00,23.0,98,0.0,1005.8,3.9
2026-01-09T01:00,22.6,100,0.0,1005.6,4.8
2026-01-09T02:00,22.2,100,0.0,1005.1,4.5
2026-01-09T03:00,21.8,99,0.0,1004.5,2.8
2026-01-09T04:00,21.5,99,0.0,1004.4,1.3
2026-01-09T05:00,21.2,100,0.0,1004.8,3.2
2026-01-09T06:00,21.0,98,0.0,1005.1,4.1
2026-01-09T07:00,21.2,95,0.0,1005.2,3.3
2026-01-09T08:00,23.3,86,0.0,1006.0,3.6
2026-01-09T09:00,26.0,73,0.0,1006.8,3.2
2026-01-09T10:00,28.4,67,0.0,1007.0,3.4
2026-01-09T11:00,29.8,62,0.0,1006.7,3.8
2026-01-09T12:00,30.1,61,0.0,1006.1,5.2
2026-01-09T13:00,28.8,67,0.0,1005.6,7.7
2026-01-09T14:00,28.5,72,0.9,1004.8,8.1
2026-01-09T15:00,28.6,72,0.5,1003.9,8.8
2026-01-09T16:00,28.5,73,0.4,1003.4,8.9
2026-01-09T17:00,27.6,76,0.3,1003.8,9.6
2026-01-09T18:00,26.6,78,0.0,1004.1,8.1
2026-01-09T19:00,25.6,84,0.0,1004.5,5.8
2026-01-09T20:00,24.8,88,0.0,1005.1,4.3
2026-01-09T21:00,24.3,89,0.0,1006.0,2.5
2026-01-09T22:00,23.8,92,0.0,1006.3,2.8
2026-01-09T23:00,23.3,94,0.0,1006.3,4.0
2026-01-10T00:00,22.7,93,0.0,1005.8,4.4
2026-01-10T01:00,23.0,92,0.0,1005.1,3.6
2026-01-10T02:00,22.6,91,0.0,1004.6,3.6
2026-01-10T03:00,22.1,90,0.0,1004.2,6.6
2026-01-10T04:00,21.7,91,0.0,1004.3,5.6
2026-01-10T05:00,22.0,89,0.0,1004.8,5.4
2026-01-10T06:00,21.8,90,0.0,1005.0,4.0
2026-01-10T07:00,22.5,91,0.0,1005.2,4.1
2026-01-10T08:00,24.3,85,0.0,1005.9,6.0
2026-01-10T09:00,27.1,74,0.0,1006.2,3.5
2026-01-10T10:00,28.6,68,0.0,1006.9,4.0
2026-01-10T11:00,29.5,65,0.0,1006.9,4.8
2026-01-10T12:00,29.5,66,0.1,1006.1,3.7
2026-01-10T13:00,28.5,68,0.3,1005.3,9.7
2026-01-10T14:00,29.0,65,0.2,1004.5,8.7
2026-01-10T15:00,29.2,63,0.3,1003.9,9.7
2026-01-10T16:00,28.0,67,0.2,1004.0,3.2
2026-01-10T17:00,27.3,71,0.3,1003.8,5.6
2026-01-10T18:00,26.2,78,0.0,1004.1,5.1
2026-01-10T19:00,25.1,90,0.0,1004.4,1.8
2026-01-10T20:00,24.7,96,0.0,1005.1,2.7
2026-01-10T21:00,24.1,99,0.0,1005.7,2.7
2026-01-10T22:00,23.8,99,0.0,1006.0,1.1
2026-01-10T23:00,23.0,100,0.0,1006.5,2.0
2026-01-11T00:00,22.8,100,0.0,1006.1,6.6
2026-01-11T01:00,22.6,100,0.0,1005.7,5.8
2026-01-11T02:00,22.0,100,0.0,1005.2,6.5
2026-01-11T03:00,21.9,99,0.0,1004.5,4.3
2026-01-11T04:00,22.1,97,0.0,1004.3,7.0
2026-01-11T05:00,22.5,94,0.0,1004.4,4.7
2026-01-11T06:00,22.4,94,0.0,1004.8,4.0
2026-01-11T07:00,22.3,94,0.0,1004.9,4.2
2026-01-11T08:00,24.4,86,0.0,1005.7,5.6
2026-01-11T09:00,26.5,79,0.0,1006.4,1.5
2026-01-11T10:00,28.4,70,0.0,1006.5,6.5
2026-01-11T11:00,29.0,66,0.0,1006.6,5.6
2026-01-11T12:00,29.4,64,0.0,1006.1,6.6
2026-01-11T13:00,29.6,62,0.0,1005.8,8.4
2026-01-11T14:00,29.8,62,0.0,1004.5,7.6
2026-01-11T15:00,28.5,67,0.0,1003.9,9.2
2026-01-11T16:00,27.9,73,0.0,1003.6,10.4
2026-01-11T17:00,27.0,76,0.1,1003.6,8.4
2026-01-11T18:00,26.2,80,0.1,1004.1,5.6
2026-01-11T19:00,26.0,86,0.0,1004.5,1.2
2026-01-11T20:00,25.2,90,0.0,1005.3,3.1
2026-01-11T21:00,24.6,93,0.0,1006.1,5.1
2026-01-11T22:00,24.0,94,0.0,1006.3,2.4
2026-01-11T23:00,23.8,95,0.0,1006.5,0.5
2026-01-12T00:00,23.3,97,0.0,1006.5,0.3
2026-01-12T01:00,23.2,94,0.0,1006.4,1.8
2026-01-12T02:00,23.0,93,0.0,1005.9,7.0
2026-01-12T03:00,22.8,91,0.0,1005.6,4.2
2026-01-12T04:00,22.3,94,0.0,1005.3,1.9
2026-01-12T05:00,22.2,94,0.0,1005.2,2.9
2026-01-12T06:00,22.2,93,0.0,1005.4,2.1
2026-01-12T07:00,22.0,93,0.0,1005.7,3.4
2026-01-12T08:00,23.8,86,0.0,1006.2,5.4
2026-01-12T09:00,26.4,76,0.0,1006.9,3.3
2026-01-12T10:00,28.1,68,0.0,1007.2,6.6
2026-01-12T11:00,29.4,61,0.0,1007.2,4.4
2026-01-12T12:00,30.1,59,0.0,1006.6,5.0
2026-01-12T13:00,30.2,57,0.0,1006.2,8.3
2026-01-12T14:00,29.8,57,0.6,1005.5,8.7
2026-01-12T15:00,28.0,72,0.2,1005.0,12.9
2026-01-12T16:00,27.4,76,0.6,1004.8,12.1
2026-01-12T17:00,27.2,74,0.1,1004.7,7.6
2026-01-12T18:00,24.0,91,0.6,1005.5,0.8
2026-01-12T19:00,25.0,85,0.0,1005.3,5.2
2026-01-12T20:00,24.1,89,0.0,1005.8,2.6
2026-01-12T21:00,23.8,91,0.0,1006.7,4.2
2026-01-12T22:00,23.3,94,0.0,1007.0,5.6
2026-01-12T23:00,23.0,96,0.0,1007.3,3.7
2026-01-13T00:00,22.6,97,0.0,1007.4,0.6
2026-01-13T01:00,22.5,98,0.0,1006.8,4.7
2026-01-13T02:00,22.2,98,0.0,1006.0,6.8
2026-01-13T03:00,21.8,98,0.0,1005.2,3.9
2026-01-13T04:00,21.7,96,0.0,1005.0,3.0
2026-01-13T05:00,21.5,95,0.0,1005.2,4.5
2026-01-13T06:00,21.1,97,0.0,1005.5,4.0
2026-01-13T07:00,20.6,95,0.0,1005.8,3.8
2026-01-13T08:00,22.5,86,0.0,1006.4,5.9
2026-01-13T09:00,25.8,73,0.0,1007.2,2.5
2026-01-13T10:00,27.9,64,0.0,1007.0,3.0
2026-01-13T11:00,29.5,58,0.0,1006.7,5.5
2026-01-13T12:00,30.2,57,0.0,1006.1,7.8
2026-01-13T13:00,30.0,55,0.0,1005.3,9.0
2026-01-13T14:00,29.5,58,0.0,1004.4,12.3
2026-01-13T15:00,28.8,64,0.0,1003.6,12.2
2026-01-13T16:00,28.2,67,0.1,1003.1,10.0
2026-01-13T17:00,27.8,70,0.0,1003.1,8.4
2026-01-13T18:00,26.7,77,0.0,1003.2,6.7
2026-01-13T19:00,26.4,84,0.0,1003.9,0.6
2026-01-13T20:00,25.5,85,0.0,1004.2,0.9
2026-01-13T21:00,24.5,92,0.0,1004.9,2.8
2026-01-13T22:00,23.9,96,0.0,1005.4,2.3
2026-01-13T23:00,23.5,97,0.0,1005.6,0.3
2026-01-14T00:00,23.0,98,0.0,1005.7,3.1
2026-01-14T01:00,22.9,98,0.0,1005.2,2.9
2026-01-14T02:00,22.2,99,0.0,1004.4,2.2
2026-01-14T03:00,22.0,99,0.0,1003.7,3.4
2026-01-14T04:00,21.8,97,0.0,1003.4,4.5
2026-01-14T05:00,21.6,95,0.0,1003.5,4.2
2026-01-14T06:00,21.5,94,0.0,1003.9,4.8
2026-01-14T07:00,21.8,93,0.0,1004.0,3.7
2026-01-14T08:00,23.6,88,0.0,1004.7,3.5
2026-01-14T09:00,26.5,75,0.0,1005.3,1.9
2026-01-14T10:00,28.4,65,0.0,1005.6,4.4
2026-01-14T11:00,29.5,61,0.0,1005.3,2.8
2026-01-14T12:00,30.2,58,0.0,1004.7,3.2
2026-01-14T13:00,29.7,60,0.0,1003.7,7.5
2026-01-14T14:00,29.7,62,0.3,1002.6,8.7
2026-01-14T15:00,29.0,66,0.4,1001.7,9.9
2026-01-14T16:00,28.5,69,0.1,1001.2,10.7
2026-01-14T17:00,27.5,71,0.1,1001.8,10.8
2026-01-14T18:00,26.6,75,0.1,1002.3,5.9
2026-01-14T19:00,26.3,82,0.0,1002.3,4.1
2026-01-14T20:00,25.8,83,0.0,1003.2,3.8
2026-01-14T21:00,24.9,89,0.0,1004.2,2.1
2026-01-14T22:00,24.2,93,0.0,1004.6,0.4
2026-01-14T23:00,23.5,96,0.0,1004.7,2.7
2026-01-15T00:00,23.2,95,0.0,1004.7,3.6
2026-01-15T01:00,22.9,98,0.0,1004.6,3.9
2026-01-15T02:00,22.5,98,0.0,1004.1,4.0
2026-01-15T03:00,22.1,98,0.0,1003.8,2.7
2026-01-15T04:00,21.8,99,0.0,1003.9,3.3
2026-01-15T05:00,21.5,99,0.0,1004.1,1.9
2026-01-15T06:00,21.4,97,0.0,1004.6,3.2
2026-01-15T07:00,22.6,81,0.0,1005.0,4.6
2026-01-15T08:00,24.5,80,0.0,1005.5,5.0
2026-01-15T09:00,27.1,66,0.0,1006.0,3.4
2026-01-15T10:00,29.1,57,0.0,1006.3,5.2
2026-01-15T11:00,30.0,59,0.0,1006.3,7.3
2026-01-15T12:00,30.5,59,0.0,1005.5,6.0
2026-01-15T13:00,30.7,58,0.0,1004.6,10.5
2026-01-15T14:00,29.6,62,0.1,1003.9,7.5
2026-01-15T15:00,29.1,64,0.2,1003.6,8.4
2026-01-15T16:00,27.6,73,0.6,1003.6,2.8
2026-01-15T17:00,26.5,78,0.0,1003.4,3.2
2026-01-15T18:00,25.6,82,0.0,1003.5,2.7
2026-01-15T19:00,24.5,98,0.0,1004.6,7.5
2026-01-15T20:00,24.5,97,0.0,1004.7,8.4
2026-01-15T21:00,24.7,96,0.0,1005.5,9.5
2026-01-15T22:00,24.7,96,0.0,1005.8,9.0
2026-01-15T23:00,24.4,96,0.0,1005.8,3.7
2026-01-16T00:00,24.1,96,0.0,1005.1,0.4
2026-01-16T01:00,24.1,98,0.0,1005.1,5.2
2026-01-16T02:00,23.8,98,0.0,1004.1,5.9
2026-01-16T03:00,23.6,95,0.0,1003.2,6.7
2026-01-16T04:00,23.4,93,0.0,1003.1,5.8
2026-01-16T05:00,23.2,92,0.0,1003.7,4.0
2026-01-16T06:00,23.2,91,0.0,1004.3,1.3
2026-01-16T07:00,23.5,89,0.0,1004.8,7.0
2026-01-16T08:00,25.0,81,0.0,1005.2,5.2
2026-01-16T09:00,27.0,75,0.0,1006.0,2.7
2026-01-16T10:00,28.3,67,0.0,1006.5,4.5
2026-01-16T11:00,29.8,62,0.0,1006.2,5.0
2026-01-16T12:00,30.1,61,0.0,1005.8,5.8
2026-01-16T13:00,30.3,63,0.0,1004.5,10.4
2026-01-16T14:00,29.4,69,0.3,1003.7,8.9
2026-01-16T15:00,28.9,71,0.2,1002.9,9.0
2026-01-16T16:00,27.5,75,0.3,1003.1,11.0
2026-01-16T17:00,26.5,81,0.1,1003.1,8.6
2026-01-16T18:00,26.0,84,0.0,1003.1,6.9
2026-01-16T19:00,26.2,88,0.0,1004.0,1.9
2026-01-16T20:00,25.8,89,0.1,1004.4,1.5
2026-01-16T21:00,24.9,95,0.0,1004.7,2.0
2026-01-16T22:00,24.7,94,0.0,1005.8,2.7
2026-01-16T23:00,24.7,92,0.0,1006.2,1.4
2026-01-17T00:00,24.5,91,0.0,1005.6,4.7
2026-01-17T01:00,23.5,98,0.0,1005.0,2.2
2026-01-17T02:00,23.2,96,0.0,1003.9,3.5
2026-01-17T03:00,23.1,92,0.0,1003.2,4.5
2026-01-17T04:00,23.2,88,0.0,1003.2,1.9
2026-01-17T05:00,23.0,88,0.0,1003.6,1.5
2026-01-17T06:00,22.9,89,0.0,1004.0,4.6
2026-01-17T07:00,23.0,94,0.0,1004.5,4.3
2026-01-17T08:00,24.8,87,0.0,1005.2,4.5
2026-01-17T09:00,27.4,77,0.0,1005.5,4.5
2026-01-17T10:00,29.1,70,0.0,1005.6,6.5
2026-01-17T11:00,30.3,65,0.0,1004.9,5.5
2026-01-17T12:00,31.0,66,0.0,1004.1,6.7
2026-01-17T13:00,30.5,63,0.1,1003.7,10.9
2026-01-17T14:00,30.5,65,0.1,1002.6,10.8
2026-01-17T15:00,29.9,67,0.2,1002.0,9.2
2026-01-17T16:00,29.3,69,0.2,1001.5,6.6
2026-01-17T17:00,28.6,72,0.0,1001.3,3.8
2026-01-17T18:00,27.8,77,0.0,1001.7,5.8
2026-01-17T19:00,26.2,90,0.0,1001.8,3.4
2026-01-17T20:00,25.8,92,0.0,1002.4,5.6
2026-01-17T21:00,25.4,96,0.0,1003.1,0.5
2026-01-17T22:00,25.0,97,0.0,1003.5,1.0
2026-01-17T23:00,24.6,99,0.0,1003.5,1.9
2026-01-18T00:00,24.3,98,0.0,1003.4,4.0
2026-01-18T01:00,24.2,97,0.0,1003.0,3.1
2026-01-18T02:00,24.0,96,0.0,1002.2,3.9
2026-01-18T03:00,24.0,91,0.0,1001.7,6.4
2026-01-18T04:00,24.4,87,0.0,1001.7,7.2
2026-01-18T05:00,24.5,89,0.0,1001.7,6.7
2026-01-18T06:00,24.0,92,0.0,1002.1,4.4
2026-01-18T07:00,24.0,92,0.0,1002.9,5.1
2026-01-18T08:00,25.9,85,0.0,1003.8,7.5
2026-01-18T09:00,28.2,76,0.0,1004.4,6.2
2026-01-18T10:00,29.5,69,0.0,1004.6,3.8
2026-01-18T11:00,30.5,65,0.0,1004.4,2.0
2026-01-18T12:00,30.9,65,0.2,1003.5,5.8
2026-01-18T13:00,30.5,67,0.6,1002.9,10.2
2026-01-18T14:00,30.1,68,0.3,1001.8,9.3
2026-01-18T15:00,30.1,69,0.1,1001.1,10.7
2026-01-18T16:00,29.2,70,0.3,1000.9,6.8
2026-01-18T17:00,28.9,70,0.1,1001.2,2.2
2026-01-18T18:00,27.9,76,0.0,1001.5,2.4
2026-01-18T19:00,26.9,88,0.0,1001.7,1.8
2026-01-18T20:00,26.4,91,0.0,1002.3,0.0
2026-01-18T21:00,25.6,95,0.0,1003.0,1.1
2026-01-18T22:00,25.1,99,0.0,1003.6,0.3
2026-01-18T23:00,24.8,100,0.0,1004.0,3.1
2026-01-19T00:00,24.6,97,0.0,1004.0,4.3
2026-01-19T01:00,24.5,93,0.0,1003.8,4.0
2026-01-19T02:00,24.7,90,0.0,1003.1,4.7
2026-01-19T03:00,24.1,92,0.0,1002.5,6.9
2026-01-19T04:00,23.5,89,0.0,1002.5,8.1
2026-01-19T05:00,23.2,90,0.0,1002.7,4.0
2026-01-19T06:00,23.1,92,0.0,1002.8,0.3
2026-01-19T07:00,23.5,97,0.0,1003.0,4.3
2026-01-19T08:00,24.9,92,0.0,1004.1,1.9
2026-01-19T09:00,27.5,77,0.0,1004.8,3.6
2026-01-19T10:00,29.0,68,0.0,1005.0,4.3
2026-01-19T11:00,30.4,62,0.0,1004.6,3.9
2026-01-19T12:00,31.7,57,0.0,1003.8,4.2
2026-01-19T13:00,33.0,43,0.0,1002.9,2.0
2026-01-19T14:00,33.5,41,0.0,1002.1,2.7
2026-01-19T15:00,32.2,49,0.0,1001.8,6.8
2026-01-19T16:00,30.5,63,0.0,1001.5,7.6
2026-01-19T17:00,29.3,69,0.1,1001.8,8.4
2026-01-19T18:00,28.0,74,0.0,1002.0,7.2
2026-01-19T19:00,27.1,81,0.0,1003.2,9.1
2026-01-19T20:00,26.5,85,0.0,1004.0,3.6
2026-01-19T21:00,25.8,91,0.0,1004.9,2.5
2026-01-19T22:00,25.1,97,0.0,1005.3,3.8
2026-01-19T23:00,24.6,99,0.0,1005.4,7.1
2026-01-20T00:00,24.4,99,0.0,1005.1,7.7
2026-01-20T01:00,24.2,98,0.0,1005.0,2.6
2026-01-20T02:00,23.9,99,0.0,1004.8,5.4
2026-01-20T03:00,23.9,94,0.1,1004.4,7.3
2026-01-20T04:00,24.3,90,0.0,1004.1,5.7
2026-01-20T05:00,24.1,91,0.0,1004.2,5.9
2026-01-20T06:00,23.9,91,0.0,1004.6,4.5
2026-01-20T07:00,24.0,92,0.0,1004.7,2.3
2026-01-20T08:00,25.2,86,0.0,1005.7,3.8
2026-01-20T09:00,27.5,77,0.0,1006.5,2.9
2026-01-20T10:00,29.0,69,0.0,1007.0,1.5
2026-01-20T11:00,30.7,61,0.0,1006.4,2.8
2026-01-20T12:00,32.1,53,0.0,1005.6,4.2
2026-01-20T13:00,33.2,45,0.0,1004.8,12.7
2026-01-20T14:00,33.2,44,0.1,1004.0,10.0
2026-01-20T15:00,32.3,47,0.1,1003.2,6.5
2026-01-20T16:00,30.9,53,0.2,1002.7,3.3
2026-01-20T17:00,29.2,64,0.0,1002.6,5.2
2026-01-20T18:00,27.5,79,0.0,1002.9,8.5
2026-01-20T19:00,26.6,93,0.0,1003.4,6.5
2026-01-20T20:00,26.1,95,0.0,1003.5,6.0
2026-01-20T21:00,25.6,96,0.0,1004.2,3.8
2026-01-20T22:00,25.0,100,0.0,1004.7,5.1
2026-01-20T23:00,24.9,100,0.0,1004.7,5.8
2026-01-21T00:00,24.5,100,0.0,1004.7,5.3
2026-01-21T01:00,25.2,78,0.0,1004.3,10.2
2026-01-21T02:00,24.5,79,0.0,1003.7,3.3
2026-01-21T03:00,23.4,86,0.0,1003.7,3.1
2026-01-21T04:00,23.1,92,0.0,1003.6,6.0
2026-01-21T05:00,22.7,95,0.0,1003.6,4.2
2026-01-21T06:00,22.5,95,0.0,1003.9,1.6
2026-01-21T07:00,23.1,96,0.0,1004.7,2.9
2026-01-21T08:00,24.9,88,0.0,1005.2,4.0
2026-01-21T09:00,27.0,77,0.0,1005.8,2.1
2026-01-21T10:00,28.5,72,0.0,1006.2,3.3
2026-01-21T11:00,29.6,66,0.1,1005.9,4.8
2026-01-21T12:00,30.5,61,0.1,1005.3,6.0
2026-01-21T13:00,31.7,54,0.1,1004.4,6.0
2026-01-21T14:00,31.3,57,0.1,1003.4,8.3
2026-01-21T15:00,30.9,61,0.2,1002.9,5.9
2026-01-21T16:00,30.2,61,0.4,1002.6,4.9
2026-01-21T17:00,28.8,71,0.1,1002.6,8.6
2026-01-21T18:00,27.5,77,0.0,1003.2,8.5
2026-01-21T19:00,26.5,86,0.0,1003.8,8.0
2026-01-21T20:00,25.2,94,0.0,1004.2,0.9
2026-01-21T21:00,24.5,99,0.0,1005.1,0.4
2026-01-21T22:00,24.0,100,0.0,1005.9,1.0
2026-01-21T23:00,23.5,100,0.0,1006.2,5.0
2026-01-22T00:00,23.0,100,0.0,1006.1,5.6
2026-01-22T01:00,22.6,100,0.0,1005.6,2.9
2026-01-22T02:00,22.5,100,0.0,1005.4,1.9
2026-01-22T03:00,22.0,100,0.0,1005.1,3.9
2026-01-22T04:00,21.8,100,0.0,1004.5,4.9
2026-01-22T05:00,21.4,99,0.0,1004.4,4.8
2026-01-22T06:00,20.9,98,0.0,1004.8,5.2
2026-01-22T07:00,21.8,88,0.0,1005.4,7.7
2026-01-22T08:00,23.6,79,0.0,1006.0,7.0
2026-01-22T09:00,26.3,68,0.0,1006.6,3.4
2026-01-22T10:00,28.6,58,0.0,1007.0,4.0
2026-01-22T11:00,30.2,54,0.0,1006.6,4.9
2026-01-22T12:00,31.2,54,0.0,1006.1,7.4
2026-01-22T13:00,31.1,55,0.0,1005.5,11.2
2026-01-22T14:00,29.9,61,0.0,1004.8,15.2
2026-01-22T15:00,29.5,66,0.0,1004.4,12.7
2026-01-22T16:00,29.0,67,0.1,1004.0,11.6
2026-01-22T17:00,28.4,70,0.3,1004.0,8.6
2026-01-22T18:00,27.5,76,0.1,1004.4,5.9
2026-01-22T19:00,26.6,76,0.1,1004.8,5.4
2026-01-22T20:00,25.6,81,0.0,1005.3,3.9
2026-01-22T21:00,25.0,84,0.0,1005.8,4.3
2026-01-22T22:00,23.9,92,0.0,1006.2,3.1
2026-01-22T23:00,23.0,98,0.0,1006.6,2.6
2026-01-23T00:00,22.5,98,0.0,1006.4,1.6
2026-01-23T01:00,22.8,94,0.0,1006.1,2.7
2026-01-23T02:00,22.5,93,0.0,1005.8,5.0
2026-01-23T03:00,21.7,94,0.0,1005.5,6.1
2026-01-23T04:00,21.4,95,0.0,1005.0,5.4
2026-01-23T05:00,21.0,96,0.0,1005.3,5.3
2026-01-23T06:00,20.8,95,0.0,1005.7,7.2
2026-01-23T07:00,21.5,91,0.0,1005.9,4.7
2026-01-23T08:00,23.7,82,0.0,1006.6,4.5
2026-01-23T09:00,26.5,69,0.0,1007.1,1.5
2026-01-23T10:00,28.6,58,0.0,1007.6,4.1
2026-01-23T11:00,30.1,54,0.0,1007.4,3.1
2026-01-23T12:00,31.2,51,0.0,1006.6,6.3
2026-01-23T13:00,31.0,55,0.0,1005.8,9.3
2026-01-23T14:00,30.0,58,0.7,1005.1,10.3
2026-01-23T15:00,29.5,64,0.8,1004.4,7.4
2026-01-23T16:00,29.1,67,0.0,1004.0,5.7
2026-01-23T17:00,27.7,72,0.2,1004.2,4.8
2026-01-23T18:00,26.8,76,0.1,1004.6,5.1
2026-01-23T19:00,26.0,78,0.0,1005.2,7.0
2026-01-23T20:00,25.4,83,0.1,1005.6,7.3
2026-01-23T21:00,24.4,86,0.0,1006.3,6.5
2026-01-23T22:00,24.0,88,0.0,1006.7,4.0
2026-01-23T23:00,23.4,92,0.0,1006.9,2.7
2026-01-24T00:00,23.1,92,0.0,1006.6,2.7
2026-01-24T01:00,22.8,95,0.0,1006.2,4.6
2026-01-24T02:00,22.3,96,0.0,1005.5,4.8
2026-01-24T03:00,22.0,95,0.0,1005.3,5.2
2026-01-24T04:00,21.7,95,0.0,1005.0,5.0
2026-01-24T05:00,21.4,95,0.0,1005.3,5.9
2026-01-24T06:00,21.2,94,0.0,1005.6,6.6
2026-01-24T07:00,22.0,87,0.0,1005.7,2.8
2026-01-24T08:00,24.0,78,0.0,1006.6,5.0
2026-01-24T09:00,26.6,66,0.0,1007.4,2.4
2026-01-24T10:00,28.9,60,0.0,1007.6,4.1
2026-01-24T11:00,30.4,56,0.0,1007.1,4.8
2026-01-24T12:00,31.1,55,0.0,1006.4,5.9
2026-01-24T13:00,30.6,56,0.1,1006.1,7.4
2026-01-24T14:00,30.2,59,0.2,1005.1,10.1
2026-01-24T15:00,29.7,62,0.2,1004.6,9.6
2026-01-24T16:00,29.3,64,0.0,1004.1,10.1
2026-01-24T17:00,28.4,66,0.0,1004.3,11.0
2026-01-24T18:00,27.5,70,0.0,1005.0,8.2
2026-01-24T19:00,26.6,77,0.0,1005.1,9.8
2026-01-24T20:00,26.0,76,0.0,1005.8,8.9
2026-01-24T21:00,25.3,80,0.0,1006.6,5.4
2026-01-24T22:00,24.8,83,0.0,1007.3,3.9
2026-01-24T23:00,24.1,88,0.0,1007.4,4.5
2026-01-25T00:00,23.8,90,0.0,1007.5,4.0
2026-01-25T01:00,23.1,94,0.0,1006.8,4.5
2026-01-25T02:00,22.6,94,0.0,1006.2,5.2
2026-01-25T03:00,22.1,93,0.0,1005.8,4.3
2026-01-25T04:00,21.8,90,0.0,1005.6,3.9
2026-01-25T05:00,21.4,89,0.0,1005.9,4.1
2026-01-25T06:00,20.8,88,0.0,1006.5,5.0
2026-01-25T07:00,21.3,82,0.0,1006.9,5.7
2026-01-25T08:00,23.0,74,0.0,1008.0,7.2
2026-01-25T09:00,26.4,63,0.0,1008.7,4.8
2026-01-25T10:00,29.0,57,0.0,1008.8,1.0
2026-01-25T11:00,30.9,49,0.0,1008.1,3.9
2026-01-25T12:00,31.9,47,0.0,1007.3,4.7
2026-01-25T13:00,31.9,48,0.0,1006.7,8.6
2026-01-25T14:00,31.1,54,0.1,1005.8,12.0
2026-01-25T15:00,30.5,58,0.1,1005.4,5.9
2026-01-25T16:00,29.4,63,0.2,1004.9,11.0
2026-01-25T17:00,28.8,67,0.0,1004.5,10.2
2026-01-25T18:00,28.0,71,0.0,1005.3,4.3
2026-01-25T19:00,27.1,76,0.0,1005.9,4.5
2026-01-25T20:00,26.0,82,0.2,1006.6,4.8
2026-01-25T21:00,25.5,87,0.0,1007.4,1.9
2026-01-25T22:00,24.7,93,0.0,1007.7,1.9
2026-01-25T23:00,23.9,96,0.0,1007.8,0.8
2026-01-26T00:00,23.0,100,0.0,1007.9,4.4
2026-01-26T01:00,22.9,95,0.0,1007.7,5.9
2026-01-26T02:00,22.0,91,0.0,1006.9,6.9
2026-01-26T03:00,21.4,89,0.0,1006.7,7.7
2026-01-26T04:00,21.1,87,0.0,1006.7,7.6
2026-01-26T05:00,20.9,86,0.0,1006.9,6.2
2026-01-26T06:00,20.5,84,0.0,1007.2,6.7
2026-01-26T07:00,20.3,93,0.0,1007.9,6.3
2026-01-26T08:00,22.9,80,0.0,1008.9,7.0
2026-01-26T09:00,27.0,63,0.0,1009.6,4.2
2026-01-26T10:00,29.6,55,0.0,1009.6,2.2
2026-01-26T11:00,31.0,53,0.0,1009.3,4.5
2026-01-26T12:00,31.9,49,0.0,1008.6,5.6
2026-01-26T13:00,31.6,50,0.0,1007.9,9.3
2026-01-26T14:00,30.6,55,0.1,1007.0,10.1
2026-01-26T15:00,29.8,62,0.3,1006.2,12.8
2026-01-26T16:00,29.7,63,0.0,1005.6,11.7
2026-01-26T17:00,29.0,64,0.2,1005.8,8.1
2026-01-26T18:00,27.8,69,0.1,1006.2,4.5
2026-01-26T19:00,26.6,78,0.1,1006.8,4.7
2026-01-26T20:00,25.5,84,0.0,1007.4,2.6
2026-01-26T21:00,24.7,91,0.0,1008.3,0.8
2026-01-26T22:00,24.2,94,0.0,1008.7,4.2
2026-01-26T23:00,23.5,99,0.0,1009.1,5.7
2026-01-27T00:00,23.2,95,0.0,1009.1,8.1
2026-01-27T01:00,23.5,87,0.0,1008.6,10.1
2026-01-27T02:00,23.5,77,0.0,1008.1,10.1
2026-01-27T03:00,23.0,77,0.0,1007.7,7.5
2026-01-27T04:00,22.4,85,0.0,1007.1,3.6
2026-01-27T05:00,22.0,89,0.0,1007.4,0.7
2026-01-27T06:00,21.3,93,0.0,1007.7,2.1
2026-01-27T07:00,21.9,91,0.0,1007.8,2.8
2026-01-27T08:00,24.2,82,0.0,1008.8,3.3
2026-01-27T09:00,27.3,65,0.0,1009.6,4.1
2026-01-27T10:00,29.8,52,0.0,1009.5,5.1
2026-01-27T11:00,31.6,46,0.0,1009.0,6.7
2026-01-27T12:00,33.3,43,0.0,1008.1,11.6
2026-01-27T13:00,34.0,39,0.0,1007.1,16.1
2026-01-27T14:00,33.9,39,0.0,1006.1,14.5
2026-01-27T15:00,33.9,39,0.0,1004.8,16.9
2026-01-27T16:00,32.9,41,0.0,1004.3,18.5
2026-01-27T17:00,31.3,47,0.0,1004.3,15.6
2026-01-27T18:00,29.6,52,0.0,1004.9,8.3
2026-01-27T19:00,28.4,56,0.0,1005.4,7.2
2026-01-27T20:00,27.0,67,0.0,1006.0,1.1
2026-01-27T21:00,25.9,73,0.0,1007.0,0.8
2026-01-27T22:00,25.2,74,0.0,1007.8,1.1
2026-01-27T23:00,24.5,78,0.0,1007.8,2.6
2026-01-28T00:00,24.0,81,0.0,1007.7,2.8
2026-01-28T01:00,23.7,83,0.0,1007.4,1.9
2026-01-28T02:00,23.4,84,0.0,1007.0,2.5
2026-01-28T03:00,23.0,89,0.0,1006.4,5.8
2026-01-28T04:00,22.6,90,0.0,1006.3,6.3
2026-01-28T05:00,22.2,88,0.0,1006.4,5.4
2026-01-28T06:00,22.0,84,0.0,1006.9,4.8
2026-01-28T07:00,22.1,83,0.0,1007.1,3.4
2026-01-28T08:00,24.6,75,0.0,1008.1,4.7
2026-01-28T09:00,27.8,63,0.0,1009.0,3.2
2026-01-28T10:00,29.4,59,0.0,1009.1,1.2
2026-01-28T11:00,30.6,55,0.0,1008.6,4.0
2026-01-28T12:00,31.6,52,0.1,1007.5,7.5
2026-01-28T13:00,32.3,49,0.0,1006.8,7.5
2026-01-28T14:00,32.6,49,0.0,1005.5,5.7
2026-01-28T15:00,32.2,51,0.0,1004.8,6.0
2026-01-28T16:00,31.0,56,1.7,1004.6,5.2
2026-01-28T17:00,30.1,62,0.5,1004.6,4.5
2026-01-28T18:00,28.9,70,0.1,1005.1,4.5
2026-01-28T19:00,28.2,56,0.0,1005.9,6.7
2026-01-28T20:00,27.0,59,0.0,1006.6,3.4
2026-01-28T21:00,26.3,61,0.0,1007.7,4.0
2026-01-28T22:00,25.7,65,0.0,1008.2,4.5
2026-01-28T23:00,24.6,81,0.0,1008.2,6.3
2026-01-29T00:00,23.9,89,0.0,1007.9,3.5
2026-01-29T01:00,24.1,81,0.0,1007.3,7.7
2026-01-29T02:00,23.4,85,0.0,1006.8,3.7
2026-01-29T03:00,22.5,90,0.0,1006.5,2.2
2026-01-29T04:00,21.5,95,0.0,1006.0,1.3
2026-01-29T05:00,21.0,97,0.0,1006.2,3.4
2026-01-29T06:00,20.5,96,0.0,1006.3,6.0
2026-01-29T07:00,21.1,75,0.0,1006.5,9.4
2026-01-29T08:00,23.1,70,0.0,1006.6,8.8
2026-01-29T09:00,26.5,58,0.0,1006.9,3.9
2026-01-29T10:00,29.0,51,0.0,1006.9,4.8
2026-01-29T11:00,30.9,48,0.0,1006.5,4.4
2026-01-29T12:00,32.6,42,0.0,1005.4,2.0
2026-01-29T13:00,34.0,34,0.0,1004.3,4.7
2026-01-29T14:00,34.5,32,0.0,1003.5,7.2
2026-01-29T15:00,34.1,32,0.0,1002.6,6.6
2026-01-29T16:00,32.7,36,0.0,1002.5,5.2
2026-01-29T17:00,30.9,44,0.0,1002.5,4.8
2026-01-29T18:00,28.5,60,0.0,1003.4,9.5
2026-01-29T19:00,27.8,55,0.0,1004.5,3.4
2026-01-29T20:00,26.8,61,0.0,1005.4,4.0
2026-01-29T21:00,26.1,66,0.0,1006.4,5.4
2026-01-29T22:00,25.4,69,0.0,1007.0,7.8
2026-01-29T23:00,25.0,69,0.0,1007.0,6.9
2026-01-30T00:00,24.1,74,0.0,1006.7,5.1
2026-01-30T01:00,23.3,81,0.0,1006.1,2.7
2026-01-30T02:00,22.8,86,0.0,1005.9,4.2
2026-01-30T03:00,22.4,88,0.0,1005.4,4.8
2026-01-30T04:00,21.9,90,0.0,1005.2,6.9
2026-01-30T05:00,21.8,87,0.0,1005.3,7.4
2026-01-30T06:00,21.6,83,0.0,1005.6,4.8
2026-01-30T07:00,21.8,78,0.0,1006.2,3.4
2026-01-30T08:00,23.5,75,0.0,1007.3,6.5
2026-01-30T09:00,27.0,64,0.0,1007.8,4.3
2026-01-30T10:00,29.2,55,0.0,1007.9,4.5
2026-01-30T11:00,30.6,51,0.0,1007.6,7.2
2026-01-30T12:00,31.6,50,0.0,1006.7,8.5
2026-01-30T13:00,31.9,50,0.0,1005.8,12.2
2026-01-30T14:00,31.4,51,0.0,1004.9,13.4
2026-01-30T15:00,30.0,58,0.0,1004.7,14.8
2026-01-30T16:00,29.4,63,0.0,1004.3,13.8
2026-01-30T17:00,28.9,66,0.0,1004.2,14.2
2026-01-30T18:00,27.8,69,0.0,1004.5,10.2
2026-01-30T19:00,27.4,72,0.1,1005.1,2.8
2026-01-30T20:00,26.5,77,0.1,1005.8,4.5
2026-01-30T21:00,25.8,83,0.2,1006.7,5.6
2026-01-30T22:00,25.2,86,0.1,1006.9,4.6
2026-01-30T23:00,24.6,88,0.0,1006.8,5.2
2026-01-31T00:00,24.1,89,0.0,1006.6,3.8
2026-01-31T01:00,24.0,79,0.0,1006.4,4.4
2026-01-31T02:00,23.5,84,0.0,1005.8,3.4
2026-01-31T03:00,23.0,89,0.0,1005.8,3.1
2026-01-31T04:00,23.0,91,0.0,1005.7,4.1
2026-01-31T05:00,22.6,95,0.0,1006.2,5.1
2026-01-31T06:00,22.5,94,0.0,1006.5,4.7
2026-01-31T07:00,22.1,93,0.0,1006.6,6.0
2026-01-31T08:00,24.3,82,0.0,1007.2,7.2
2026-01-31T09:00,27.9,62,0.0,1007.8,5.2
2026-01-31T10:00,30.0,53,0.0,1008.3,4.3
2026-01-31T11:00,31.1,53,0.0,1008.3,6.5
2026-01-31T12:00,31.8,51,0.0,1007.7,5.2
2026-01-31T13:00,31.5,52,0.1,1006.9,12.3
2026-01-31T14:00,31.2,54,0.1,1006.2,10.7
2026-01-31T15:00,29.9,63,0.3,1005.6,12.3
2026-01-31T16:00,30.1,58,0.6,1005.6,6.6
2026-01-31T17:00,29.2,60,0.1,1005.6,4.6
2026-01-31T18:00,28.5,63,0.0,1006.0,4.6
2026-01-31T19:00,27.4,70,0.0,1007.2,4.5
2026-01-31T20:00,26.2,80,0.0,1007.6,2.3
2026-01-31T21:00,25.5,87,0.0,1008.5,3.2
2026-01-31T22:00,25.5,85,0.0,1008.9,4.8
2026-01-31T23:00,25.1,84,0.0,1008.9,4.8
2026-02-01T00:00,24.9,84,0.0,1008.3,3.4
2026-02-01T01:00,24.4,91,0.0,1007.8,3.4
2026-02-01T02:00,23.9,95,0.0,1007.1,1.8
2026-02-01T03:00,23.8,95,0.0,1006.7,3.7
2026-02-01T04:00,23.6,89,0.0,1006.5,5.5
2026-02-01T05:00,23.6,85,0.0,1006.6,3.4
2026-02-01T06:00,23.6,87,0.0,1006.9,1.7
2026-02-01T07:00,23.5,87,0.0,1006.7,1.8
2026-02-01T08:00,25.2,79,0.0,1007.7,1.3
2026-02-01T09:00,27.4,67,0.0,1008.4,2.8
2026-02-01T10:00,29.9,53,0.0,1008.9,10.5
2026-02-01T11:00,31.1,45,0.0,1008.6,11.8
2026-02-01T12:00,32.1,43,0.0,1008.0,12.0
2026-02-01T13:00,33.4,40,0.0,1007.5,9.5
2026-02-01T14:00,32.6,41,0.0,1006.5,8.0
2026-02-01T15:00,31.9,44,0.0,1006.0,6.7
2026-02-01T16:00,30.1,53,0.0,1006.1,7.0
2026-02-01T17:00,28.9,62,0.0,1006.4,3.6
2026-02-01T18:00,28.0,67,0.0,1006.9,3.2
2026-02-01T19:00,27.6,71,0.0,1007.5,2.2
2026-02-01T20:00,27.0,73,0.0,1008.4,4.9
2026-02-01T21:00,27.0,72,0.0,1009.5,3.6
2026-02-01T22:00,26.4,75,0.0,1009.3,0.5
2026-02-01T23:00,25.9,78,0.0,1009.2,1.3
2026-02-02T00:00,25.5,82,0.0,1008.9,3.9
2026-02-02T01:00,25.0,86,0.0,1008.7,5.6
2026-02-02T02:00,24.7,88,0.0,1008.1,2.3
2026-02-02T03:00,24.1,91,0.0,1007.6,0.6
2026-02-02T04:00,24.2,90,0.0,1007.0,3.2
2026-02-02T05:00,24.1,91,0.0,1007.6,1.5
2026-02-02T06:00,23.8,94,0.0,1008.2,1.8
2026-02-02T07:00,24.0,89,0.0,1008.3,2.2
2026-02-02T08:00,25.5,81,0.0,1009.1,2.4
2026-02-02T09:00,26.6,76,0.0,1010.0,2.9
2026-02-02T10:00,28.1,68,0.0,1010.1,2.5
2026-02-02T11:00,28.6,66,0.0,1009.7,2.2
2026-02-02T12:00,29.8,57,0.0,1009.0,4.1
2026-02-02T13:00,31.2,45,0.0,1008.3,8.7
2026-02-02T14:00,30.5,44,0.0,1007.4,7.7
2026-02-02T15:00,30.8,44,0.0,1006.3,5.8
2026-02-02T16:00,30.8,44,0.0,1005.8,6.4
2026-02-02T17:00,29.9,47,0.0,1005.6,4.1
2026-02-02T18:00,28.9,48,0.0,1005.9,3.5
2026-02-02T19:00,28.2,49,0.0,1006.9,9.7
2026-02-02T20:00,27.8,51,0.0,1007.3,6.5
2026-02-02T21:00,26.8,61,0.0,1007.9,1.5
2026-02-02T22:00,26.2,64,0.0,1008.6,2.3
2026-02-02T23:00,26.3,58,0.0,1008.4,6.9
2026-02-03T00:00,26.5,57,0.0,1008.3,11.7
2026-02-03T01:00,26.2,57,0.0,1007.9,14.3
2026-02-03T02:00,25.8,57,0.0,1006.8,12.5
2026-02-03T03:00,25.5,57,0.0,1006.4,8.7
2026-02-03T04:00,24.7,63,0.0,1006.5,3.3
2026-02-03T05:00,24.9,61,0.0,1006.9,4.7
2026-02-03T06:00,25.0,59,0.0,1007.6,8.0
2026-02-03T07:00,25.8,55,0.0,1007.5,9.5
2026-02-03T08:00,26.2,56,0.0,1008.2,11.1
2026-02-03T09:00,27.6,49,0.0,1008.7,18.2
2026-02-03T10:00,28.6,44,0.0,1009.0,23.4
2026-02-03T11:00,30.0,42,0.0,1008.7,23.7
2026-02-03T12:00,31.4,39,0.0,1007.8,19.3
2026-02-03T13:00,32.5,38,0.0,1006.7,12.4
2026-02-03T14:00,33.0,37,0.0,1005.5,13.7
2026-02-03T15:00,33.0,37,0.0,1004.8,16.9
2026-02-03T16:00,31.8,40,0.0,1004.6,19.2
2026-02-03T17:00,30.0,44,0.0,1004.8,20.5
2026-02-03T18:00,28.2,47,0.0,1005.5,18.8
2026-02-03T19:00,27.9,49,0.0,1005.9,16.6
2026-02-03T20:00,27.6,49,0.0,1006.4,16.2
2026-02-03T21:00,27.0,50,0.0,1007.3,13.6
2026-02-03T22:00,26.7,50,0.0,1007.9,14.5
2026-02-03T23:00,26.2,51,0.0,1007.9,13.0
2026-02-04T00:00,25.9,52,0.0,1007.2,12.6
2026-02-04T01:00,25.2,55,0.0,1006.8,8.1
2026-02-04T02:00,24.5,57,0.0,1005.8,7.0
2026-02-04T03:00,24.1,59,0.0,1005.4,7.3
2026-02-04T04:00,23.6,62,0.0,1005.5,8.5
2026-02-04T05:00,23.1,66,0.0,1005.6,9.5
2026-02-04T06:00,23.1,67,0.0,1006.1,8.3
2026-02-04T07:00,23.6,66,0.0,1006.5,9.1
2026-02-04T08:00,25.6,64,0.0,1007.1,6.3
2026-02-04T09:00,28.5,50,0.0,1007.6,1.3
2026-02-04T10:00,30.6,45,0.0,1008.0,3.5
2026-02-04T11:00,32.0,44,0.0,1007.8,4.3
2026-02-04T12:00,33.1,42,0.0,1006.9,2.4
2026-02-04T13:00,33.5,41,0.0,1006.1,8.0
2026-02-04T14:00,31.8,54,0.0,1005.1,12.9
2026-02-04T15:00,30.6,57,0.0,1004.5,13.3
2026-02-04T16:00,30.0,59,0.0,1004.3,12.7
2026-02-04T17:00,29.1,67,0.0,1004.7,10.2
2026-02-04T18:00,28.0,71,0.1,1005.3,8.4
2026-02-04T19:00,27.4,76,0.0,1005.3,5.1
2026-02-04T20:00,26.5,80,0.0,1005.8,3.7
2026-02-04T21:00,26.0,84,0.0,1006.7,4.6
2026-02-04T22:00,25.7,86,0.0,1007.1,6.5
2026-02-04T23:00,25.6,87,0.0,1007.0,6.9
2026-02-05T00:00,25.4,87,0.0,1006.7,5.1
2026-02-05T01:00,25.3,86,0.0,1006.3,6.3
2026-02-05T02:00,24.7,89,0.0,1005.5,4.7
2026-02-05T03:00,24.2,90,0.0,1005.3,2.6
2026-02-05T04:00,23.9,90,0.0,1005.2,4.8
2026-02-05T05:00,23.5,89,0.0,1005.3,5.6
2026-02-05T06:00,23.1,91,0.0,1005.7,2.6
2026-02-05T07:00,23.2,92,0.0,1006.1,4.0
2026-02-05T08:00,25.4,83,0.0,1007.0,3.1
2026-02-05T09:00,27.4,74,0.2,1008.0,3.2
2026-02-05T10:00,28.9,68,0.0,1008.4,6.2
2026-02-05T11:00,30.0,65,0.0,1008.1,4.3
2026-02-05T12:00,30.0,66,0.1,1007.5,8.8
2026-02-05T13:00,29.8,66,0.2,1006.9,11.8
2026-02-05T14:00,29.8,64,0.1,1006.0,11.1
2026-02-05T15:00,28.5,70,1.6,1005.8,9.2
2026-02-05T16:00,27.5,74,0.8,1005.2,6.9
2026-02-05T17:00,27.6,74,0.0,1005.4,4.7
2026-02-05T18:00,26.2,80,0.1,1005.9,4.0
2026-02-05T19:00,26.8,79,0.0,1005.9,6.8
2026-02-05T20:00,26.2,83,0.1,1006.6,4.0
2026-02-05T21:00,25.9,86,0.0,1007.9,3.4
2026-02-05T22:00,25.5,89,0.0,1008.4,2.1
2026-02-05T23:00,25.2,92,0.0,1008.7,4.3
2026-02-06T00:00,25.1,93,0.0,1008.5,1.6
2026-02-06T01:00,24.1,96,0.0,1008.3,3.7
2026-02-06T02:00,24.3,96,0.1,1008.1,5.8
2026-02-06T03:00,23.8,94,0.3,1007.6,5.2
2026-02-06T04:00,23.4,97,0.1,1007.2,5.7
2026-02-06T05:00,23.0,98,0.1,1007.2,2.5
2026-02-06T06:00,22.9,99,0.1,1007.5,2.4
2026-02-06T07:00,23.5,99,0.0,1008.3,5.2
2026-02-06T08:00,24.6,92,0.0,1008.6,4.2
2026-02-06T09:00,26.0,83,0.0,1009.2,2.2
2026-02-06T10:00,27.9,71,0.0,1009.6,2.4
2026-02-06T11:00,28.9,65,0.0,1009.6,1.9
2026-02-06T12:00,30.5,57,0.0,1008.6,2.3
2026-02-06T13:00,30.4,58,0.0,1007.8,4.8
2026-02-06T14:00,30.2,59,0.1,1006.5,5.3
2026-02-06T15:00,29.9,61,0.1,1005.7,6.4
2026-02-06T16:00,29.1,62,0.2,1005.6,9.0
2026-02-06T17:00,27.8,72,0.6,1005.7,8.5
2026-02-06T18:00,26.9,78,0.1,1006.0,6.1
2026-02-06T19:00,26.6,79,0.0,1006.4,7.5
2026-02-06T20:00,26.0,84,0.0,1007.0,6.2
2026-02-06T21:00,25.5,87,0.0,1007.5,2.1
2026-02-06T22:00,25.1,89,0.0,1008.2,2.2
2026-02-06T23:00,25.0,89,0.0,1008.4,3.9
2026-02-07T00:00,24.5,92,0.0,1008.3,1.1
2026-02-07T01:00,23.8,100,0.0,1007.8,4.0
2026-02-07T02:00,23.5,100,0.0,1006.8,3.5
2026-02-07T03:00,23.6,100,0.0,1006.6,4.9
2026-02-07T04:00,23.6,99,0.0,1006.7,5.6
2026-02-07T05:00,23.5,96,0.0,1007.0,5.6
2026-02-07T06:00,23.5,94,0.0,1007.0,5.9
2026-02-07T07:00,23.7,93,0.0,1007.5,2.3
2026-02-07T08:00,24.9,89,0.0,1008.0,1.1
2026-02-07T09:00,26.5,80,0.0,1009.1,2.4
2026-02-07T10:00,28.1,70,0.0,1009.4,4.8
2026-02-07T11:00,29.5,60,0.0,1009.4,5.9
2026-02-07T12:00,30.2,57,0.0,1008.6,5.6
2026-02-07T13:00,31.2,51,0.1,1007.9,4.7
2026-02-07T14:00,31.2,52,0.0,1007.0,1.2
2026-02-07T15:00,31.1,49,0.0,1006.2,2.6
2026-02-07T16:00,30.5,48,0.0,1005.8,3.3
2026-02-07T17:00,29.8,48,0.0,1005.8,4.3
2026-02-07T18:00,28.5,55,0.0,1006.2,3.7
2026-02-07T19:00,27.9,53,0.0,1007.0,6.2
2026-02-07T20:00,26.9,58,0.0,1007.6,3.1
2026-02-07T21:00,26.6,64,0.0,1008.2,2.2
2026-02-07T22:00,25.7,71,0.0,1008.6,0.9
2026-02-07T23:00,25.3,75,0.0,1008.6,0.7
2026-02-08T00:00,25.0,75,0.0,1008.2,1.3
2026-02-08T01:00,24.6,74,0.0,1007.6,0.8
2026-02-08T02:00,23.8,83,0.0,1006.9,2.5
2026-02-08T03:00,23.5,87,0.0,1006.4,2.5
2026-02-08T04:00,22.7,93,0.0,1006.4,1.1
2026-02-08T05:00,22.4,93,0.0,1006.5,3.4
2026-02-08T06:00,23.2,84,0.0,1006.8,6.3
2026-02-08T07:00,24.9,66,0.0,1007.5,12.4
2026-02-08T08:00,26.4,59,0.0,1008.1,10.2
2026-02-08T09:00,28.2,50,0.0,1008.7,12.1
2026-02-08T10:00,29.9,45,0.0,1009.3,14.7
2026-02-08T11:00,31.5,41,0.0,1008.9,15.9
2026-02-08T12:00,32.7,39,0.0,1008.1,14.2
2026-02-08T13:00,33.4,37,0.0,1007.4,14.3
2026-02-08T14:00,33.4,38,0.0,1006.3,9.8
2026-02-08T15:00,32.9,38,0.0,1005.6,8.7
2026-02-08T16:00,31.8,41,0.0,1005.3,10.1
2026-02-08T17:00,30.6,42,0.0,1005.5,13.0
2026-02-08T18:00,29.0,44,0.0,1006.1,14.4
2026-02-08T19:00,28.0,46,0.0,1006.9,19.4
2026-02-08T20:00,27.0,49,0.0,1007.5,16.5
2026-02-08T21:00,26.2,51,0.0,1008.1,15.8
2026-02-08T22:00,26.1,51,0.0,1008.7,16.5
2026-02-08T23:00,26.3,51,0.0,1008.4,15.6
2026-02-09T00:00,26.0,52,0.0,1008.2,16.7
2026-02-09T01:00,25.3,57,0.0,1007.7,10.0
2026-02-09T02:00,24.8,60,0.0,1006.8,8.6
2026-02-09T03:00,24.1,65,0.0,1006.2,7.2
2026-02-09T04:00,23.0,82,0.0,1005.9,9.4
2026-02-09T05:00,22.6,89,0.0,1005.9,7.9
2026-02-09T06:00,22.4,89,0.0,1006.0,6.5
2026-02-09T07:00,22.9,81,0.0,1007.0,6.4
2026-02-09T08:00,25.4,67,0.0,1007.6,5.2
2026-02-09T09:00,28.8,47,0.0,1008.3,1.5
2026-02-09T10:00,30.5,46,0.0,1008.4,3.4
2026-02-09T11:00,31.9,46,0.0,1007.8,4.8
2026-02-09T12:00,33.2,43,0.0,1006.9,4.7
2026-02-09T13:00,34.3,36,0.0,1005.8,5.1
2026-02-09T14:00,34.6,36,0.0,1004.7,8.6
2026-02-09T15:00,33.8,38,0.0,1004.0,11.8
2026-02-09T16:00,33.1,39,0.0,1003.8,10.7
2026-02-09T17:00,31.5,42,0.0,1003.7,7.8
2026-02-09T18:00,29.9,49,0.0,1004.3,5.2
2026-02-09T19:00,28.7,57,0.0,1005.5,7.4
2026-02-09T20:00,27.9,66,0.0,1006.2,6.3
2026-02-09T21:00,27.2,65,0.0,1007.1,5.5
2026-02-09T22:00,27.0,64,0.0,1007.3,3.6
2026-02-09T23:00,26.5,66,0.0,1007.6,0.6
2026-02-10T00:00,26.0,74,0.0,1007.3,4.9
2026-02-10T01:00,25.4,78,0.0,1006.8,0.6
2026-02-10T02:00,25.1,80,0.0,1006.1,4.6
2026-02-10T03:00,25.0,82,0.0,1005.6,6.5
2026-02-10T04:00,24.9,82,0.0,1005.4,7.1
2026-02-10T05:00,25.0,79,0.0,1005.5,5.5
2026-02-10T06:00,24.5,82,0.0,1005.9,3.2
2026-02-10T07:00,24.9,84,0.0,1006.7,5.4
2026-02-10T08:00,26.5,75,0.0,1007.5,5.6
2026-02-10T09:00,27.8,64,0.0,1008.3,4.3
2026-02-10T10:00,27.5,66,0.3,1008.6,4.4
2026-02-10T11:00,28.6,64,0.2,1008.5,4.8
2026-02-10T12:00,29.4,61,0.1,1007.5,7.1
2026-02-10T13:00,30.8,57,0.1,1007.0,5.3
2026-02-10T14:00,32.8,49,0.0,1005.7,7.9
2026-02-10T15:00,33.0,44,0.0,1004.7,11.8
2026-02-10T16:00,32.7,43,0.0,1004.1,9.5
2026-02-10T17:00,31.6,46,0.0,1004.2,7.5
2026-02-10T18:00,30.2,50,0.0,1004.6,6.5
2026-02-10T19:00,28.8,59,0.0,1005.3,7.7
2026-02-10T20:00,27.7,70,0.0,1005.5,6.4
2026-02-10T21:00,26.8,80,0.0,1006.2,4.7
2026-02-10T22:00,26.1,85,0.0,1006.9,3.9
2026-02-10T23:00,26.0,86,0.0,1007.2,1.5
2026-02-11T00:00,25.6,88,0.0,1006.5,2.1
2026-02-11T01:00,25.5,89,0.0,1006.1,4.2
2026-02-11T02:00,25.2,88,0.0,1005.4,2.8
2026-02-11T03:00,24.7,90,0.0,1004.9,3.7
2026-02-11T04:00,24.6,85,0.0,1004.6,5.2
2026-02-11T05:00,24.5,83,0.0,1004.8,4.0
2026-02-11T06:00,24.5,80,0.0,1005.5,5.1
2026-02-11T07:00,24.1,82,0.0,1005.9,3.7
2026-02-11T08:00,26.0,75,0.0,1006.7,3.6
2026-02-11T09:00,28.5,63,0.0,1007.7,3.2
2026-02-11T10:00,30.0,56,0.0,1008.0,2.2
2026-02-11T11:00,31.9,50,0.0,1007.8,2.1
2026-02-11T12:00,32.9,47,0.0,1006.7,2.4
2026-02-11T13:00,33.2,46,0.0,1005.5,4.8
2026-02-11T14:00,33.8,44,0.0,1004.5,4.3
2026-02-11T15:00,32.4,51,0.3,1003.8,8.7
2026-02-11T16:00,30.5,62,0.6,1003.4,11.5
2026-02-11T17:00,29.4,64,0.2,1003.4,11.8
2026-02-11T18:00,28.4,67,0.0,1004.2,9.8
2026-02-11T19:00,28.4,73,0.0,1004.5,6.7
2026-02-11T20:00,27.6,79,0.0,1004.7,4.1
2026-02-11T21:00,27.0,83,0.0,1005.4,6.8
2026-02-11T22:00,26.4,86,0.0,1005.8,3.8
2026-02-11T23:00,25.5,92,0.0,1006.2,0.3
2026-02-12T00:00,25.4,92,0.0,1006.1,2.0
2026-02-12T01:00,25.2,80,0.0,1005.8,7.0
2026-02-12T02:00,24.6,83,0.0,1005.3,1.4
2026-02-12T03:00,24.2,87,0.0,1004.9,1.9
2026-02-12T04:00,24.0,85,0.0,1004.6,3.1
2026-02-12T05:00,23.8,87,0.0,1005.0,2.3
2026-02-12T06:00,23.6,87,0.0,1005.5,3.1
2026-02-12T07:00,23.7,96,0.0,1006.0,2.2
2026-02-12T08:00,25.6,86,0.0,1006.4,1.9
2026-02-12T09:00,27.9,71,0.0,1006.9,0.8
2026-02-12T10:00,29.8,63,0.0,1007.2,2.8
2026-02-12T11:00,31.6,55,0.0,1006.8,3.9
2026-02-12T12:00,33.4,47,0.0,1005.6,3.5
2026-02-12T13:00,33.9,36,0.0,1005.0,1.2
2026-02-12T14:00,33.8,38,0.0,1004.4,6.6
2026-02-12T15:00,30.5,62,0.4,1003.8,13.7
2026-02-12T16:00,29.8,65,0.2,1003.6,11.5
2026-02-12T17:00,29.0,67,0.1,1003.6,10.2
2026-02-12T18:00,28.1,71,0.0,1003.7,9.5
2026-02-12T19:00,27.9,78,0.0,1004.3,7.5
2026-02-12T20:00,27.1,82,0.0,1004.9,5.6
2026-02-12T21:00,26.7,80,0.0,1005.5,5.8
2026-02-12T22:00,26.2,82,0.0,1005.8,4.8
2026-02-12T23:00,26.0,87,0.0,1006.1,1.9
2026-02-13T00:00,25.6,89,0.0,1006.1,0.7
2026-02-13T01:00,25.6,86,0.0,1005.6,2.7
2026-02-13T02:00,25.3,88,0.0,1004.6,2.2
2026-02-13T03:00,25.5,79,0.0,1004.1,4.3
2026-02-13T04:00,25.1,81,0.0,1004.1,2.5
2026-02-13T05:00,25.1,81,0.0,1004.6,1.0
2026-02-13T06:00,25.1,80,0.0,1004.9,3.3
2026-02-13T07:00,25.2,79,0.0,1005.3,5.7
2026-02-13T08:00,26.3,74,0.0,1006.1,4.0
2026-02-13T09:00,28.0,65,0.0,1006.8,4.9
2026-02-13T10:00,29.2,62,0.1,1007.5,3.7
2026-02-13T11:00,31.1,55,0.1,1007.0,4.2
2026-02-13T12:00,32.4,49,0.1,1006.2,8.1
2026-02-13T13:00,32.8,43,0.2,1005.3,11.0
2026-02-13T14:00,33.3,41,0.0,1004.3,11.9
2026-02-13T15:00,33.6,40,0.0,1003.8,9.0
2026-02-13T16:00,32.3,43,0.0,1003.3,2.8
2026-02-13T17:00,30.5,49,0.1,1003.5,2.4
2026-02-13T18:00,28.5,67,0.0,1003.8,5.2
2026-02-13T19:00,28.6,57,0.0,1004.3,4.4
2026-02-13T20:00,27.4,72,0.0,1004.9,0.2
2026-02-13T21:00,26.9,75,0.0,1005.7,0.8
2026-02-13T22:00,26.2,74,0.0,1006.4,0.2
2026-02-13T23:00,25.8,77,0.0,1006.5,1.3
2026-02-14T00:00,25.2,81,0.0,1006.5,1.4
2026-02-14T01:00,25.9,64,0.0,1006.0,8.3
2026-02-14T02:00,25.0,73,0.0,1005.3,1.2
2026-02-14T03:00,24.1,75,0.0,1005.0,2.7
2026-02-14T04:00,23.5,84,0.0,1004.9,4.3
2026-02-14T05:00,23.0,88,0.0,1005.1,3.1
2026-02-14T06:00,22.9,90,0.0,1005.4,2.1
2026-02-14T07:00,24.1,77,0.0,1005.8,6.9
2026-02-14T08:00,25.9,68,0.0,1006.1,5.0
2026-02-14T09:00,28.2,57,0.0,1006.7,5.1
2026-02-14T10:00,30.2,51,0.0,1006.8,1.3
2026-02-14T11:00,31.9,47,0.0,1006.6,3.6
2026-02-14T12:00,33.2,44,0.0,1005.6,3.4
2026-02-14T13:00,33.5,42,0.0,1004.8,3.4
2026-02-14T14:00,32.4,47,0.3,1003.9,8.2
2026-02-14T15:00,30.2,59,1.0,1003.7,11.5
2026-02-14T16:00,28.6,68,1.0,1003.5,13.3
2026-02-14T17:00,27.5,72,0.3,1003.8,9.3
2026-02-14T18:00,26.6,75,0.2,1004.0,5.6
2026-02-14T19:00,27.1,76,0.0,1004.6,4.8
2026-02-14T20:00,25.8,83,0.0,1004.9,6.7
2026-02-14T21:00,25.1,84,0.0,1005.5,4.3
2026-02-14T22:00,24.5,89,0.0,1006.1,2.6
2026-02-14T23:00,24.1,93,0.0,1006.3,2.6
2026-02-15T00:00,23.7,97,0.0,1006.4,0.3
2026-02-15T01:00,24.4,94,0.0,1006.2,6.6
2026-02-15T02:00,24.0,93,0.0,1005.3,2.8
2026-02-15T03:00,23.5,95,0.0,1004.9,1.0
2026-02-15T04:00,22.6,98,0.0,1004.5,0.4
2026-02-15T05:00,22.3,99,0.0,1004.8,1.5
2026-02-15T06:00,22.2,97,0.0,1005.5,2.8
2026-02-15T07:00,22.4,92,0.0,1006.2,5.6
2026-02-15T08:00,24.8,79,0.0,1006.7,5.5
2026-02-15T09:00,27.6,66,0.0,1007.3,2.4
2026-02-15T10:00,29.7,59,0.0,1007.7,3.1
2026-02-15T11:00,31.1,53,0.0,1007.4,3.7
2026-02-15T12:00,31.9,51,0.0,1006.5,4.9
2026-02-15T13:00,31.0,54,0.1,1005.9,9.7
2026-02-15T14:00,30.9,57,0.2,1004.9,9.6
2026-02-15T15:00,30.2,59,0.1,1004.2,9.8
2026-02-15T16:00,28.4,69,0.8,1004.1,11.9
2026-02-15T17:00,28.5,71,0.2,1004.1,4.2
2026-02-15T18:00,26.0,83,1.7,1004.8,5.2
2026-02-15T19:00,23.4,94,0.2,1005.1,9.2
2026-02-15T20:00,23.9,94,0.0,1006.0,4.0
2026-02-15T21:00,23.9,92,0.0,1006.5,3.3
2026-02-15T22:00,23.6,95,0.0,1006.9,4.8
2026-02-15T23:00,23.5,98,0.0,1007.0,3.3
2026-02-16T00:00,23.3,98,0.0,1006.9,3.9
2026-02-16T01:00,23.1,98,0.0,1006.5,7.3
2026-02-16T02:00,23.1,97,0.0,1005.9,5.0
2026-02-16T03:00,22.9,95,0.0,1005.6,5.1
2026-02-16T04:00,22.5,95,0.0,1005.1,3.9
2026-02-16T05:00,22.0,97,0.0,1005.3,2.8
2026-02-16T06:00,21.8,97,0.0,1005.6,4.6
2026-02-16T07:00,22.3,87,0.0,1005.8,3.1
2026-02-16T08:00,24.7,77,0.0,1006.6,1.8
2026-02-16T09:00,27.6,61,0.0,1007.5,2.3
2026-02-16T10:00,29.6,54,0.0,1007.8,5.4
2026-02-16T11:00,31.2,50,0.0,1007.3,4.5
2026-02-16T12:00,32.7,47,0.0,1006.2,5.8
2026-02-16T13:00,32.9,46,0.0,1005.8,8.9
2026-02-16T14:00,32.0,52,0.9,1005.0,10.8
2026-02-16T15:00,30.4,58,0.2,1004.3,13.9
2026-02-16T16:00,29.3,63,0.1,1003.9,13.4
2026-02-16T17:00,28.8,65,0.1,1003.5,9.2
2026-02-16T18:00,28.1,68,0.0,1003.7,6.4
2026-02-16T19:00,27.9,72,0.0,1004.3,1.9
2026-02-16T20:00,27.0,80,0.0,1004.8,1.7
2026-02-16T21:00,26.4,85,0.0,1005.5,4.3
2026-02-16T22:00,25.8,89,0.0,1005.9,5.1
2026-02-16T23:00,25.4,88,0.0,1006.0,6.0
2026-02-17T00:00,25.0,84,0.0,1006.1,6.7
2026-02-17T01:00,25.6,67,0.0,1005.6,12.1
2026-02-17T02:00,24.8,71,0.0,1005.0,6.0
2026-02-17T03:00,23.6,80,0.0,1004.7,4.4
2026-02-17T04:00,22.9,87,0.0,1004.5,7.6
2026-02-17T05:00,22.6,89,0.0,1004.6,4.5
2026-02-17T06:00,22.3,91,0.0,1005.0,5.2
2026-02-17T07:00,22.3,89,0.0,1006.2,5.2
2026-02-17T08:00,24.8,79,0.0,1006.8,4.7
2026-02-17T09:00,27.9,60,0.0,1007.2,3.6
2026-02-17T10:00,30.3,49,0.0,1007.1,3.8
2026-02-17T11:00,32.0,46,0.0,1006.4,3.6
2026-02-17T12:00,33.8,41,0.0,1005.3,3.1
2026-02-17T13:00,36.0,32,0.0,1004.4,11.5
2026-02-17T14:00,36.0,32,0.0,1003.5,10.3
2026-02-17T15:00,34.2,37,0.0,1002.7,5.4
2026-02-17T16:00,31.5,59,0.0,1002.5,10.9
2026-02-17T17:00,29.8,66,0.0,1002.8,9.3
2026-02-17T18:00,28.8,71,0.0,1003.3,7.8
2026-02-17T19:00,29.1,64,0.0,1003.7,6.5
2026-02-17T20:00,28.4,61,0.0,1004.3,6.6
2026-02-17T21:00,28.0,57,0.0,1004.7,5.7
2026-02-17T22:00,27.4,58,0.0,1005.4,5.2
2026-02-17T23:00,26.6,63,0.0,1006.0,4.3
2026-02-18T00:00,26.0,74,0.0,1006.1,2.4
2026-02-18T01:00,26.0,68,0.0,1006.0,2.5
2026-02-18T02:00,25.1,70,0.0,1005.7,2.3
2026-02-18T03:00,24.6,77,0.0,1005.1,3.3
2026-02-18T04:00,24.5,81,0.0,1004.7,4.0
2026-02-18T05:00,24.2,85,0.0,1004.7,4.5
2026-02-18T06:00,24.1,86,0.0,1005.2,5.2
2026-02-18T07:00,24.4,74,0.0,1005.7,7.2
2026-02-18T08:00,26.4,66,0.0,1006.0,3.4
2026-02-18T09:00,29.0,55,0.0,1006.6,2.6
2026-02-18T10:00,30.8,51,0.0,1006.9,3.0
2026-02-18T11:00,32.6,47,0.0,1006.4,2.9
2026-02-18T12:00,34.7,40,0.0,1005.6,4.6
2026-02-18T13:00,35.2,36,0.0,1004.8,7.4
2026-02-18T14:00,34.7,37,0.0,1003.9,5.2
2026-02-18T15:00,34.0,38,0.0,1003.0,0.9
2026-02-18T16:00,32.2,47,0.1,1002.7,5.9
2026-02-18T17:00,30.0,61,0.3,1002.8,11.5
2026-02-18T18:00,28.5,66,0.3,1003.4,10.2
2026-02-18T19:00,27.9,73,0.1,1003.4,3.0
2026-02-18T20:00,26.8,85,0.1,1004.0,3.5
2026-02-18T21:00,26.4,85,0.0,1004.5,8.0
2026-02-18T22:00,26.0,86,0.0,1004.5,5.3
2026-02-18T23:00,25.2,90,0.0,1004.7,1.5
2026-02-19T00:00,24.6,95,0.0,1005.0,1.0
2026-02-19T01:00,24.6,94,0.0,1004.8,1.3
2026-02-19T02:00,24.5,90,0.0,1004.1,5.5
2026-02-19T03:00,24.3,85,0.0,1003.5,4.6
2026-02-19T04:00,23.9,85,0.0,1003.3,3.8
2026-02-19T05:00,23.5,85,0.0,1003.4,3.9
2026-02-19T06:00,23.4,87,0.0,1004.2,0.5
2026-02-19T07:00,24.7,80,0.0,1004.5,10.2
2026-02-19T08:00,26.9,67,0.0,1005.1,8.1
2026-02-19T09:00,28.8,58,0.0,1005.6,5.4
2026-02-19T10:00,30.8,52,0.0,1006.0,5.2
2026-02-19T11:00,32.1,48,0.0,1005.7,3.4
2026-02-19T12:00,34.3,43,0.0,1004.9,5.2
2026-02-19T13:00,34.8,39,0.0,1004.2,12.0
2026-02-19T14:00,32.8,43,0.2,1003.8,9.9
2026-02-19T15:00,31.4,53,0.1,1002.7,9.0
2026-02-19T16:00,31.0,56,0.2,1002.3,7.3
2026-02-19T17:00,29.5,65,0.7,1002.6,9.4
2026-02-19T18:00,28.1,69,0.0,1003.1,5.8
2026-02-19T19:00,28.2,69,0.1,1003.0,5.5
2026-02-19T20:00,27.5,73,0.0,1003.3,5.1
2026-02-19T21:00,27.0,75,0.0,1004.1,3.4
2026-02-19T22:00,26.5,78,0.0,1004.8,3.1
2026-02-19T23:00,26.4,80,0.0,1004.8,5.1
2026-02-20T00:00,26.2,81,0.0,1005.0,8.0
2026-02-20T01:00,25.9,85,0.4,1004.3,5.5
2026-02-20T02:00,25.5,83,0.0,1003.7,3.8
2026-02-20T03:00,25.1,84,0.0,1002.9,2.0
2026-02-20T04:00,24.8,85,0.0,1002.9,1.9
2026-02-20T05:00,24.6,86,0.0,1003.0,2.3
2026-02-20T06:00,24.3,88,0.0,1003.4,3.4
2026-02-20T07:00,24.4,90,0.0,1003.6,5.7
2026-02-20T08:00,25.7,83,0.0,1003.9,1.0
2026-02-20T09:00,27.0,75,0.0,1004.8,1.9
2026-02-20T10:00,29.1,65,0.0,1005.4,2.6
2026-02-20T11:00,29.8,63,0.0,1005.3,6.3
2026-02-20T12:00,30.3,63,0.0,1004.6,8.3
2026-02-20T13:00,29.0,66,1.9,1004.3,11.7
2026-02-20T14:00,29.0,70,0.8,1003.3,12.1
2026-02-20T15:00,28.8,70,2.3,1002.9,7.4
2026-02-20T16:00,28.1,74,2.5,1002.2,10.0
2026-02-20T17:00,27.0,78,2.1,1002.2,7.3
2026-02-20T18:00,26.0,83,0.4,1002.5,3.1
2026-02-20T19:00,24.9,96,0.0,1002.9,6.7
2026-02-20T20:00,24.8,97,0.1,1003.7,5.8
2026-02-20T21:00,24.6,97,0.0,1004.6,4.3
2026-02-20T22:00,24.5,97,0.0,1005.1,2.6
2026-02-20T23:00,24.2,97,0.0,1005.5,3.4
2026-02-21T00:00,24.0,98,0.0,1005.4,1.8
2026-02-21T01:00,24.1,99,0.0,1004.9,3.6
2026-02-21T02:00,23.9,99,0.0,1004.3,5.5
2026-02-21T03:00,23.7,99,0.0,1003.8,4.7
2026-02-21T04:00,23.5,98,0.0,1003.6,2.4
2026-02-21T05:00,23.5,97,0.0,1003.5,4.0
2026-02-21T06:00,23.5,96,0.0,1003.9,3.0
2026-02-21T07:00,23.6,97,0.0,1004.1,4.9
2026-02-21T08:00,25.6,85,0.0,1004.9,4.4
2026-02-21T09:00,27.9,73,0.0,1005.8,3.6
2026-02-21T10:00,29.5,67,0.0,1006.3,7.2
2026-02-21T11:00,30.4,66,0.1,1006.6,7.7
2026-02-21T12:00,29.7,68,0.3,1005.9,6.5
2026-02-21T13:00,28.2,76,0.7,1005.5,4.9
2026-02-21T14:00,30.6,67,0.5,1004.3,4.0
2026-02-21T15:00,26.7,80,10.1,1003.9,10.3
2026-02-21T16:00,26.6,81,0.5,1003.3,3.0
2026-02-21T17:00,25.5,86,3.8,1003.6,4.6
2026-02-21T18:00,24.9,91,0.1,1003.8,4.1
2026-02-21T19:00,24.9,95,0.0,1004.8,6.3
2026-02-21T20:00,24.7,96,0.0,1005.5,4.3
2026-02-21T21:00,24.6,96,0.0,1006.3,3.4
2026-02-21T22:00,24.3,98,0.0,1006.7,0.6
2026-02-21T23:00,24.1,99,0.0,1006.7,1.5
2026-02-22T00:00,24.2,99,0.0,1006.7,2.0
2026-02-22T01:00,24.0,99,0.0,1005.8,1.3
2026-02-22T02:00,23.8,99,0.0,1005.1,1.6
2026-02-22T03:00,23.5,99,0.0,1004.5,2.5
2026-02-22T04:00,23.2,99,0.0,1004.5,2.4
2026-02-22T05:00,23.0,99,0.0,1004.7,1.8
2026-02-22T06:00,22.9,99,0.0,1005.0,2.0
2026-02-22T07:00,23.4,93,0.0,1005.5,2.9
2026-02-22T08:00,25.3,85,0.0,1006.4,2.3
2026-02-22T09:00,28.0,72,0.0,1007.1,1.0
2026-02-22T10:00,30.0,63,0.0,1007.5,4.1
2026-02-22T11:00,30.5,60,0.1,1007.6,3.6
2026-02-22T12:00,31.2,61,0.2,1006.7,7.5
2026-02-22T13:00,27.0,77,1.9,1006.7,12.9
2026-02-22T14:00,28.1,73,0.8,1006.0,11.9
2026-02-22T15:00,28.6,71,0.3,1005.3,9.0
2026-02-22T16:00,27.9,74,0.2,1004.8,5.7
2026-02-22T17:00,27.4,76,0.1,1004.6,6.9
2026-02-22T18:00,26.3,83,0.0,1004.5,6.1
2026-02-22T19:00,26.2,86,0.0,1005.2,4.9
2026-02-22T20:00,25.1,93,0.0,1005.4,3.1
2026-02-22T21:00,24.4,98,0.0,1006.2,2.6
2026-02-22T22:00,23.9,100,0.0,1006.5,2.2
2026-02-22T23:00,23.6,100,0.0,1006.6,0.4
2026-02-23T00:00,23.2,100,0.0,1006.5,2.7
2026-02-23T01:00,22.9,100,0.0,1006.4,2.1
2026-02-23T02:00,22.8,100,0.0,1005.9,5.7
2026-02-23T03:00,22.8,100,0.0,1005.1,5.9
2026-02-23T04:00,22.5,98,0.0,1004.9,4.9
2026-02-23T05:00,22.2,97,0.0,1004.9,2.7
2026-02-23T06:00,21.9,97,0.0,1005.2,2.7
2026-02-23T07:00,22.6,96,0.0,1005.2,0.9
2026-02-23T08:00,24.2,89,0.0,1005.8,3.6
2026-02-23T09:00,26.8,73,0.0,1006.3,4.5
2026-02-23T10:00,29.0,63,0.0,1006.7,7.9
2026-02-23T11:00,30.9,55,0.0,1006.7,5.1
2026-02-23T12:00,32.2,51,0.0,1005.5,5.1
2026-02-23T13:00,31.9,49,0.0,1005.5,8.6
2026-02-23T14:00,31.8,52,0.0,1004.5,9.1
2026-02-23T15:00,30.8,58,0.3,1003.4,11.4
2026-02-23T16:00,30.1,60,0.1,1002.5,10.3
2026-02-23T17:00,29.7,62,0.0,1002.5,7.1
2026-02-23T18:00,28.6,67,0.0,1003.3,4.6
2026-02-23T19:00,27.5,69,0.0,1003.8,2.7
2026-02-23T20:00,26.9,62,0.0,1004.3,4.4
2026-02-23T21:00,26.7,61,0.0,1005.1,3.7
2026-02-23T22:00,26.2,63,0.0,1005.4,3.1
2026-02-23T23:00,25.5,73,0.0,1005.7,6.1
2026-02-24T00:00,25.0,85,0.0,1005.4,3.1
2026-02-24T01:00,24.5,83,0.0,1005.2,2.1
2026-02-24T02:00,24.2,86,0.0,1004.7,5.9
2026-02-24T03:00,23.6,92,0.0,1004.0,7.0
2026-02-24T04:00,23.5,92,0.0,1004.1,4.6
2026-02-24T05:00,22.9,92,0.0,1004.1,3.3
2026-02-24T06:00,23.0,92,0.0,1004.3,2.2
2026-02-24T07:00,24.1,83,0.0,1004.7,3.0
2026-02-24T08:00,25.6,77,0.0,1005.1,5.8
2026-02-24T09:00,27.6,67,0.0,1005.5,2.4
2026-02-24T10:00,29.7,53,0.0,1006.0,5.2
2026-02-24T11:00,32.0,41,0.0,1005.4,12.4
2026-02-24T12:00,32.7,40,0.0,1004.6,12.6
2026-02-24T13:00,32.0,40,0.0,1004.4,10.2
2026-02-24T14:00,33.2,35,0.0,1003.2,15.5
2026-02-24T15:00,33.0,35,0.0,1002.4,13.2
2026-02-24T16:00,32.1,38,0.0,1002.0,10.6
2026-02-24T17:00,30.4,43,0.0,1002.1,10.9
2026-02-24T18:00,29.1,46,0.0,1002.2,11.3
2026-02-24T19:00,28.0,48,0.0,1003.0,15.3
2026-02-24T20:00,27.0,52,0.0,1003.6,12.2
2026-02-24T21:00,26.2,57,0.0,1004.3,9.6
2026-02-24T22:00,25.0,69,0.0,1005.0,4.7
2026-02-24T23:00,24.4,77,0.0,1005.1,2.3
2026-02-25T00:00,23.8,80,0.0,1004.8,4.3
2026-02-25T01:00,23.4,78,0.0,1004.7,4.0
2026-02-25T02:00,23.2,82,0.0,1004.3,2.0
2026-02-25T03:00,22.6,86,0.0,1003.6,4.2
2026-02-25T04:00,22.5,88,0.0,1003.1,3.6
2026-02-25T05:00,22.7,86,0.0,1002.7,3.1
2026-02-25T06:00,22.6,83,0.0,1002.8,3.1
2026-02-25T07:00,23.5,74,0.0,1003.8,3.6
2026-02-25T08:00,25.4,66,0.0,1004.6,2.6
2026-02-25T09:00,27.3,62,0.0,1005.3,3.4
2026-02-25T10:00,29.1,56,0.0,1005.5,3.2
2026-02-25T11:00,31.0,50,0.0,1004.8,3.1
2026-02-25T12:00,32.7,44,0.0,1003.7,2.5
2026-02-25T13:00,33.8,37,0.0,1002.8,11.4
2026-02-25T14:00,34.8,35,0.0,1001.7,12.0
2026-02-25T15:00,34.5,35,0.0,1001.0,9.3
2026-02-25T16:00,32.6,40,0.0,1000.9,5.0
2026-02-25T17:00,31.5,43,0.0,1001.1,2.7
2026-02-25T18:00,30.0,47,0.0,1001.6,1.5
2026-02-25T19:00,28.7,51,0.0,1002.1,10.0
2026-02-25T20:00,28.0,52,0.0,1002.9,10.4
2026-02-25T21:00,27.4,55,0.0,1003.8,11.6
2026-02-25T22:00,26.6,59,0.0,1004.2,12.0
2026-02-25T23:00,25.5,74,0.0,1004.4,10.6
2026-02-26T00:00,25.0,83,0.0,1004.4,8.0
2026-02-26T01:00,24.8,82,0.0,1003.9,6.6
2026-02-26T02:00,24.4,86,0.0,1003.3,8.5
2026-02-26T03:00,24.0,88,0.0,1003.1,8.1
2026-02-26T04:00,23.5,89,0.0,1003.2,8.5
2026-02-26T05:00,23.5,86,0.0,1003.5,8.6
2026-02-26T06:00,23.5,81,0.0,1003.8,7.5
2026-02-26T07:00,24.2,72,0.0,1004.1,5.4
2026-02-26T08:00,26.5,66,0.0,1004.8,6.1
2026-02-26T09:00,29.8,52,0.0,1005.4,0.6
2026-02-26T10:00,31.8,45,0.0,1005.4,3.0
2026-02-26T11:00,33.1,44,0.0,1005.2,4.6
2026-02-26T12:00,33.7,46,0.0,1004.5,7.6
2026-02-26T13:00,33.4,49,0.0,1003.8,8.8
2026-02-26T14:00,32.7,52,0.0,1002.8,12.4
2026-02-26T15:00,31.4,57,0.0,1002.1,15.9
2026-02-26T16:00,30.6,58,0.0,1001.8,14.2
2026-02-26T17:00,29.5,68,0.0,1001.8,12.9
2026-02-26T18:00,28.8,71,0.0,1001.9,10.6
2026-02-26T19:00,28.5,73,0.0,1002.3,6.5
2026-02-26T20:00,27.6,78,0.0,1002.6,2.7
2026-02-26T21:00,26.8,83,0.0,1003.2,4.2
2026-02-26T22:00,26.2,85,0.0,1003.9,6.3
2026-02-26T23:00,25.9,87,0.0,1004.1,7.0
2026-02-27T00:00,25.3,89,0.0,1004.2,3.4
2026-02-27T01:00,25.6,78,0.0,1003.4,8.1
2026-02-27T02:00,24.8,79,0.0,1002.9,5.8
2026-02-27T03:00,24.1,83,0.0,1002.5,6.1
2026-02-27T04:00,23.5,87,0.0,1002.9,6.6
2026-02-27T05:00,23.0,90,0.0,1003.3,7.2
2026-02-27T06:00,22.8,88,0.0,1003.7,5.2
2026-02-27T07:00,23.0,81,0.0,1004.2,6.2
2026-02-27T08:00,25.7,71,0.0,1004.7,5.5
2026-02-27T09:00,28.9,61,0.0,1005.1,2.0
2026-02-27T10:00,31.1,52,0.0,1005.4,3.6
2026-02-27T11:00,32.5,49,0.0,1005.1,5.6
2026-02-27T12:00,33.5,46,0.0,1004.5,4.9
2026-02-27T13:00,32.7,51,0.0,1003.8,12.8
2026-02-27T14:00,31.9,54,0.1,1002.8,13.6
2026-02-27T15:00,31.4,58,0.1,1001.9,14.6
2026-02-27T16:00,31.2,57,0.0,1001.3,12.9
2026-02-27T17:00,30.4,62,0.0,1001.4,11.5
2026-02-27T18:00,29.0,68,0.0,1001.7,8.7
2026-02-27T19:00,28.5,73,0.0,1002.0,8.0
2026-02-27T20:00,28.0,75,0.0,1002.3,4.1
2026-02-27T21:00,27.4,79,0.0,1003.1,0.3
2026-02-27T22:00,26.5,84,0.0,1003.4,2.9
2026-02-27T23:00,26.0,86,0.0,1003.6,3.4
2026-02-28T00:00,25.6,89,0.0,1003.7,3.8
2026-02-28T01:00,25.7,85,0.0,1003.2,9.4
2026-02-28T02:00,25.2,83,0.0,1002.6,7.2
2026-02-28T03:00,24.9,80,0.0,1002.1,6.5
2026-02-28T04:00,24.5,79,0.0,1002.0,7.4
2026-02-28T05:00,24.2,80,0.0,1002.1,6.3
2026-02-28T06:00,23.8,85,0.0,1002.5,5.8
2026-02-28T07:00,24.2,78,0.0,1003.1,5.6
2026-02-28T08:00,26.6,68,0.0,1003.5,5.3
2026-02-28T09:00,29.5,55,0.0,1004.1,1.8
2026-02-28T10:00,31.6,49,0.0,1004.2,3.8
2026-02-28T11:00,33.0,46,0.0,1004.1,4.7
2026-02-28T12:00,33.5,48,0.0,1003.3,8.2
2026-02-28T13:00,32.6,53,0.4,1002.6,14.1
2026-02-28T14:00,32.0,60,0.8,1001.6,12.3
2026-02-28T15:00,31.4,62,0.4,1000.7,12.4
2026-02-28T16:00,30.5,64,0.3,1000.3,11.8
2026-02-28T17:00,29.9,63,0.1,1000.5,9.3
2026-02-28T18:00,29.0,66,0.0,1001.0,7.3
2026-02-28T19:00,28.9,69,0.0,1001.3,5.0
2026-02-28T20:00,28.0,77,0.0,1002.0,6.4
2026-02-28T21:00,27.3,82,0.0,1002.9,6.9
2026-02-28T22:00,26.6,85,0.0,1003.4,3.7
2026-02-28T23:00,25.9,90,0.0,1003.8,0.4
2026-03-01T00:00,25.2,92,0.0,1003.9,5.8
2026-03-01T01:00,25.4,80,0.0,1003.3,11.2
2026-03-01T02:00,25.0,76,0.0,1002.5,10.0
2026-03-01T03:00,24.6,76,0.0,1002.0,8.3
2026-03-01T04:00,24.0,81,0.0,1001.7,6.5
2026-03-01T05:00,23.5,86,0.0,1001.9,5.4
2026-03-01T06:00,22.8,92,0.0,1002.3,1.8
2026-03-01T07:00,23.9,85,0.0,1003.0,4.2
2026-03-01T08:00,26.5,70,0.0,1003.8,2.9
2026-03-01T09:00,29.4,58,0.0,1004.4,4.0
2026-03-01T10:00,31.4,51,0.0,1004.4,1.7
2026-03-01T11:00,33.0,47,0.0,1004.2,2.8
2026-03-01T12:00,34.8,42,0.0,1003.3,0.9
2026-03-01T13:00,36.2,33,0.0,1002.7,7.7
2026-03-01T14:00,35.7,34,0.0,1001.7,6.1
2026-03-01T15:00,34.3,41,0.0,1001.1,6.1
2026-03-01T16:00,32.3,57,0.0,1000.7,10.6
2026-03-01T17:00,31.1,61,0.0,1000.7,9.1
2026-03-01T18:00,30.0,67,0.0,1000.8,3.9
2026-03-01T19:00,30.0,47,0.0,1001.5,10.9
2026-03-01T20:00,28.7,52,0.0,1002.1,12.2
2026-03-01T21:00,28.5,52,0.0,1002.5,16.0
2026-03-01T22:00,28.1,52,0.0,1002.6,16.6
2026-03-01T23:00,27.5,52,0.0,1002.4,14.6
2026-03-02T00:00,26.0,66,0.0,1002.6,11.5
2026-03-02T01:00,25.5,77,0.0,1002.1,9.1
2026-03-02T02:00,25.4,81,0.0,1001.5,7.8
2026-03-02T03:00,25.2,84,0.0,1001.2,7.0
2026-03-02T04:00,24.5,89,0.0,1001.1,3.0
2026-03-02T05:00,24.0,91,0.0,1001.5,2.5
2026-03-02T06:00,23.6,92,0.0,1002.3,0.8
2026-03-02T07:00,23.6,88,0.0,1003.3,7.1
2026-03-02T08:00,26.4,71,0.0,1003.9,6.8
2026-03-02T09:00,29.2,51,0.0,1004.2,5.5
2026-03-02T10:00,31.4,44,0.0,1004.5,0.6
2026-03-02T11:00,33.5,40,0.0,1004.2,5.2
2026-03-02T12:00,35.0,36,0.0,1002.8,6.9
2026-03-02T13:00,35.8,31,0.0,1002.2,9.4
2026-03-02T14:00,35.5,32,0.0,1001.4,10.9
2026-03-02T15:00,34.5,34,0.0,1000.4,6.8
2026-03-02T16:00,34.0,35,0.0,999.6,7.1
2026-03-02T17:00,32.5,37,0.0,999.7,8.3
2026-03-02T18:00,31.0,41,0.0,1000.1,6.2
2026-03-02T19:00,29.9,44,0.0,1000.7,11.8
2026-03-02T20:00,28.8,49,0.0,1001.3,7.7
2026-03-02T21:00,27.6,58,0.0,1002.1,7.1
2026-03-02T22:00,26.9,70,0.0,1002.7,4.6
2026-03-02T23:00,26.4,75,0.0,1002.7,5.2
2026-03-03T00:00,25.9,77,0.0,1002.4,3.7
2026-03-03T01:00,25.5,72,0.0,1002.1,7.8
2026-03-03T02:00,25.3,68,0.0,1001.5,7.7
2026-03-03T03:00,24.8,70,0.0,1001.0,1.5
2026-03-03T04:00,24.2,75,0.0,1000.5,3.6
2026-03-03T05:00,23.6,80,0.0,1000.9,2.2
2026-03-03T06:00,23.5,81,0.0,1001.2,4.2
2026-03-03T07:00,23.1,85,0.0,1001.9,5.9
2026-03-03T08:00,26.2,69,0.0,1002.6,3.1
2026-03-03T09:00,29.5,54,0.0,1003.0,4.2
2026-03-03T10:00,31.1,52,0.0,1003.4,5.0
2026-03-03T11:00,33.3,44,0.0,1003.1,2.7
2026-03-03T12:00,35.6,32,0.0,1001.7,4.9
2026-03-03T13:00,36.5,29,0.0,1001.5,16.3
2026-03-03T14:00,36.2,30,0.0,1000.6,13.6
2026-03-03T15:00,35.3,30,0.0,1000.0,10.4
2026-03-03T16:00,34.3,33,0.0,999.4,9.5
2026-03-03T17:00,32.8,36,0.0,999.3,5.5
2026-03-03T18:00,30.6,48,0.0,999.8,5.4
2026-03-03T19:00,30.2,45,0.0,1000.9,2.3
2026-03-03T20:00,29.2,55,0.0,1001.7,2.9
2026-03-03T21:00,28.5,59,0.0,1002.8,2.7
2026-03-03T22:00,27.5,63,0.0,1003.5,0.9
2026-03-03T23:00,26.8,71,0.0,1003.9,6.7
2026-03-04T00:00,26.2,80,0.0,1004.1,7.2
2026-03-04T01:00,25.7,84,0.0,1003.4,4.3
2026-03-04T02:00,25.3,85,0.0,1003.3,3.4
2026-03-04T03:00,24.8,85,0.0,1002.8,1.9
2026-03-04T04:00,24.5,88,0.0,1002.7,0.5
2026-03-04T05:00,24.0,91,0.0,1002.8,0.4
2026-03-04T06:00,23.5,91,0.0,1003.5,2.9
2026-03-04T07:00,24.4,82,0.0,1003.8,5.6
2026-03-04T08:00,26.6,71,0.0,1004.6,4.2
2026-03-04T09:00,28.8,62,0.0,1005.1,1.1
2026-03-04T10:00,30.6,58,0.0,1005.2,5.7
2026-03-04T11:00,32.6,49,0.0,1005.0,3.5
2026-03-04T12:00,33.8,44,0.1,1003.9,6.5
2026-03-04T13:00,34.2,36,0.4,1003.1,1.9
2026-03-04T14:00,33.8,43,0.0,1002.6,8.1
2026-03-04T15:00,30.9,61,1.0,1001.9,15.0
2026-03-04T16:00,29.6,65,0.6,1001.9,14.2
2026-03-04T17:00,28.4,70,0.6,1002.1,10.8
2026-03-04T18:00,28.0,72,0.1,1002.3,7.2
2026-03-04T19:00,27.9,77,0.0,1002.7,4.5
2026-03-04T20:00,27.2,83,0.1,1003.1,3.2
2026-03-04T21:00,26.7,87,0.1,1003.7,3.4
2026-03-04T22:00,26.2,92,0.0,1004.1,3.1
2026-03-04T23:00,25.6,97,0.0,1004.6,2.7
2026-03-05T00:00,25.2,100,0.0,1004.5,4.5
2026-03-05T01:00,24.6,97,0.0,1003.9,8.1
2026-03-05T02:00,24.2,92,0.0,1003.2,6.9
2026-03-05T03:00,23.5,98,0.0,1002.5,7.1
2026-03-05T04:00,23.5,98,0.0,1002.4,6.5
2026-03-05T05:00,23.6,93,0.0,1002.5,4.7
2026-03-05T06:00,23.5,92,0.0,1002.7,2.4
2026-03-05T07:00,24.3,82,0.0,1003.6,5.4
2026-03-05T08:00,26.8,68,0.0,1004.2,3.7
2026-03-05T09:00,29.8,57,0.0,1005.2,1.3
2026-03-05T10:00,31.5,53,0.0,1005.3,4.8
2026-03-05T11:00,33.0,47,0.2,1005.2,3.1
2026-03-05T12:00,32.6,49,0.5,1004.5,6.2
2026-03-05T13:00,31.4,53,2.1,1004.0,11.9
2026-03-05T14:00,31.1,59,0.6,1003.7,9.1
2026-03-05T15:00,30.9,60,0.1,1002.8,6.1
2026-03-05T16:00,30.0,62,0.0,1002.2,5.9
2026-03-05T17:00,28.8,69,0.7,1002.2,8.2
2026-03-05T18:00,27.5,74,0.8,1002.8,5.5
2026-03-05T19:00,27.3,76,0.0,1003.0,5.2
2026-03-05T20:00,26.8,79,0.0,1003.6,6.5
2026-03-05T21:00,26.4,80,0.0,1003.9,7.3
2026-03-05T22:00,26.0,82,0.0,1004.0,5.8
2026-03-05T23:00,25.5,84,0.0,1004.3,4.1
2026-03-06T00:00,25.0,88,0.0,1004.5,2.6
2026-03-06T01:00,25.5,88,0.0,1005.1,9.4
2026-03-06T02:00,25.6,82,0.0,1004.3,5.9
2026-03-06T03:00,25.1,85,0.0,1003.5,0.6
2026-03-06T04:00,24.6,87,0.0,1003.2,1.2
2026-03-06T05:00,24.3,88,0.0,1003.1,4.4
2026-03-06T06:00,24.3,84,0.0,1003.4,5.8
2026-03-06T07:00,25.0,81,0.0,1003.8,2.4
2026-03-06T08:00,27.1,72,0.0,1004.6,0.5
2026-03-06T09:00,29.5,61,0.0,1004.9,3.3
2026-03-06T10:00,31.0,56,0.0,1005.3,7.1
2026-03-06T11:00,32.3,53,0.0,1005.3,3.6
2026-03-06T12:00,33.7,49,0.1,1004.6,4.6
2026-03-06T13:00,32.0,53,5.3,1004.4,9.9
2026-03-06T14:00,29.7,65,1.4,1004.3,13.6
2026-03-06T15:00,29.5,65,0.5,1003.7,8.7
2026-03-06T16:00,29.7,65,0.2,1002.8,6.5
2026-03-06T17:00,29.6,65,0.1,1002.4,6.2
2026-03-06T18:00,28.8,68,0.0,1002.6,5.9
2026-03-06T19:00,27.2,80,0.0,1002.7,3.8
2026-03-06T20:00,26.7,85,0.0,1003.2,2.4
2026-03-06T21:00,26.0,91,0.0,1003.9,2.2
2026-03-06T22:00,25.5,95,0.0,1004.4,5.6
2026-03-06T23:00,25.5,93,0.0,1004.5,9.1
2026-03-07T00:00,25.5,88,0.0,1004.3,9.4
2026-03-07T01:00,25.6,74,0.0,1003.9,9.9
2026-03-07T02:00,25.3,72,0.0,1002.7,6.2
2026-03-07T03:00,24.5,75,0.0,1001.9,3.7
2026-03-07T04:00,23.6,81,0.0,1001.9,2.8
2026-03-07T05:00,23.1,85,0.0,1001.7,3.5
2026-03-07T06:00,22.5,88,0.0,1002.1,3.9
2026-03-07T07:00,23.2,88,0.0,1002.8,0.9
2026-03-07T08:00,25.5,76,0.0,1003.8,4.5
2026-03-07T09:00,28.1,61,0.0,1004.5,0.7
2026-03-07T10:00,30.5,50,0.0,1004.5,0.6
2026-03-07T11:00,32.7,44,0.0,1004.0,2.1
2026-03-07T12:00,34.0,42,0.0,1003.0,7.4
2026-03-07T13:00,32.7,51,0.0,1002.8,12.0
2026-03-07T14:00,31.9,50,0.0,1002.1,14.4
2026-03-07T15:00,31.3,53,0.0,1001.4,13.4
2026-03-07T16:00,30.5,60,0.0,1000.8,13.2
2026-03-07T17:00,29.6,64,0.0,1000.9,11.9
2026-03-07T18:00,28.6,69,0.0,1001.4,10.0
2026-03-07T19:00,28.0,74,0.0,1001.7,4.6
2026-03-07T20:00,27.2,80,0.0,1002.5,1.3
2026-03-07T21:00,26.7,88,0.0,1002.9,2.9
2026-03-07T22:00,26.1,93,0.0,1003.3,2.5
2026-03-07T23:00,25.5,98,0.0,1003.6,2.9
2026-03-08T00:00,25.2,98,0.0,1003.7,5.5
2026-03-08T01:00,25.4,94,0.0,1003.6,6.2
2026-03-08T02:00,25.0,93,0.0,1003.0,4.6
2026-03-08T03:00,24.5,94,0.0,1002.4,4.7
2026-03-08T04:00,24.0,97,0.0,1002.1,4.4
2026-03-08T05:00,23.9,94,0.0,1002.1,6.6
2026-03-08T06:00,24.0,90,0.0,1002.9,7.4
2026-03-08T07:00,23.6,92,0.0,1003.3,5.3
2026-03-08T08:00,26.5,74,0.0,1004.1,3.8
2026-03-08T09:00,29.2,56,0.0,1004.5,4.3
2026-03-08T10:00,30.9,50,0.0,1004.8,5.0
2026-03-08T11:00,32.3,47,0.0,1004.8,5.3
2026-03-08T12:00,33.0,47,0.0,1004.2,7.9
2026-03-08T13:00,32.0,54,0.2,1003.5,12.8
2026-03-08T14:00,31.0,59,0.0,1002.9,13.1
2026-03-08T15:00,30.6,61,0.2,1002.3,12.5
2026-03-08T16:00,29.9,65,0.1,1001.8,13.9
2026-03-08T17:00,29.4,68,0.0,1001.7,10.8
2026-03-08T18:00,28.8,70,0.0,1002.1,8.0
2026-03-08T19:00,27.8,75,0.0,1002.8,3.5
2026-03-08T20:00,26.9,84,0.0,1003.2,1.3
2026-03-08T21:00,26.2,86,0.0,1004.4,5.7
2026-03-08T22:00,26.0,87,0.0,1004.9,3.5
2026-03-08T23:00,25.4,90,0.0,1005.0,2.9
2026-03-09T00:00,25.0,91,0.0,1004.9,0.4
2026-03-09T01:00,24.8,73,0.0,1004.6,7.4
2026-03-09T02:00,24.0,75,0.0,1004.2,5.6
2026-03-09T03:00,23.2,82,0.0,1004.1,4.1
2026-03-09T04:00,22.7,87,0.0,1004.1,3.9
2026-03-09T05:00,22.2,88,0.0,1004.6,5.9
2026-03-09T06:00,22.2,87,0.0,1004.9,6.4
2026-03-09T07:00,23.1,74,0.0,1005.3,8.8
2026-03-09T08:00,25.5,67,0.0,1006.0,7.2
2026-03-09T09:00,28.5,54,0.0,1006.6,6.3
2026-03-09T10:00,30.9,46,0.0,1006.6,3.7
2026-03-09T11:00,32.5,43,0.0,1006.4,5.6
2026-03-09T12:00,34.0,40,0.0,1005.5,4.0
2026-03-09T13:00,34.0,39,0.0,1004.8,6.9
2026-03-09T14:00,33.7,43,0.1,1004.0,7.6
2026-03-09T15:00,32.7,50,0.2,1003.0,9.5
2026-03-09T16:00,31.4,57,0.0,1002.6,12.1
2026-03-09T17:00,29.6,65,0.0,1002.6,13.1
2026-03-09T18:00,28.4,70,0.0,1002.8,10.8
2026-03-09T19:00,28.1,73,0.0,1003.2,6.4
2026-03-09T20:00,27.5,79,0.0,1003.8,4.6
2026-03-09T21:00,26.6,82,0.0,1004.3,6.7
2026-03-09T22:00,26.0,75,0.0,1004.9,7.0
2026-03-09T23:00,26.0,60,0.0,1004.9,10.1
2026-03-10T00:00,25.1,65,0.0,1005.0,6.8
2026-03-10T01:00,24.5,71,0.0,1004.8,1.6
2026-03-10T02:00,23.9,78,0.0,1004.7,5.6
2026-03-10T03:00,23.5,86,0.0,1004.3,5.5
2026-03-10T04:00,23.5,87,0.0,1004.1,5.3
2026-03-10T05:00,23.2,85,0.0,1004.1,5.8
2026-03-10T06:00,22.8,86,0.0,1004.8,4.7
2026-03-10T07:00,23.1,88,0.0,1005.1,5.4
2026-03-10T08:00,26.4,72,0.0,1005.7,5.1
2026-03-10T09:00,29.5,53,0.0,1006.1,5.9
2026-03-10T10:00,31.4,48,0.0,1006.4,4.0
2026-03-10T11:00,33.0,44,0.0,1006.3,3.3
2026-03-10T12:00,35.1,39,0.0,1005.4,2.7
2026-03-10T13:00,34.0,43,0.0,1005.0,10.3
2026-03-10T14:00,32.2,52,0.8,1004.4,12.0
2026-03-10T15:00,31.0,60,0.9,1003.7,11.2
2026-03-10T16:00,29.9,66,1.1,1003.5,12.0
2026-03-10T17:00,28.9,69,0.6,1003.9,11.3
2026-03-10T18:00,28.0,72,0.1,1004.1,9.4
2026-03-10T19:00,27.5,73,0.0,1004.5,3.1
2026-03-10T20:00,26.6,81,0.0,1004.8,1.4
2026-03-10T21:00,26.0,87,0.0,1005.4,2.0
2026-03-10T22:00,25.5,91,0.0,1005.6,0.7
2026-03-10T23:00,25.0,94,0.0,1006.2,0.4
2026-03-11T00:00,24.3,97,0.0,1006.2,2.7
2026-03-11T01:00,24.6,82,0.0,1005.6,6.6
2026-03-11T02:00,23.6,88,0.0,1004.5,4.3
2026-03-11T03:00,23.1,95,0.0,1004.1,6.3
2026-03-11T04:00,23.1,94,0.0,1003.9,6.1
2026-03-11T05:00,22.8,94,0.0,1004.2,3.1
2026-03-11T06:00,22.6,92,0.0,1005.0,6.0
2026-03-11T07:00,23.6,81,0.0,1005.3,10.0
2026-03-11T08:00,26.4,68,0.0,1005.8,8.1
2026-03-11T09:00,29.5,51,0.0,1006.4,4.7
2026-03-11T10:00,31.5,45,0.0,1006.8,1.8
2026-03-11T11:00,33.2,42,0.0,1006.6,2.6
2026-03-11T12:00,34.8,39,0.0,1005.5,4.9
2026-03-11T13:00,34.5,38,0.1,1005.1,6.2
2026-03-11T14:00,33.0,48,0.3,1004.5,12.0
2026-03-11T15:00,31.0,57,0.1,1004.0,16.5
2026-03-11T16:00,30.4,58,0.1,1003.5,15.0
2026-03-11T17:00,29.4,65,0.1,1003.4,12.0
2026-03-11T18:00,28.2,73,0.0,1003.7,9.6
2026-03-11T19:00,28.0,76,0.0,1004.2,5.6
2026-03-11T20:00,27.4,83,0.0,1004.8,1.9
2026-03-11T21:00,26.8,84,0.0,1005.6,1.8
2026-03-11T22:00,26.1,89,0.0,1006.4,4.2
2026-03-11T23:00,25.8,91,0.0,1007.0,3.8
2026-03-12T00:00,25.1,93,0.0,1006.9,3.8
2026-03-12T01:00,24.6,93,0.0,1006.4,7.2
2026-03-12T02:00,24.5,87,0.0,1005.3,7.3
2026-03-12T03:00,24.5,84,0.0,1004.9,7.3
2026-03-12T04:00,24.0,88,0.0,1005.1,7.8
2026-03-12T05:00,23.6,90,0.0,1005.3,4.8
2026-03-12T06:00,23.2,93,0.0,1006.0,1.6
2026-03-12T07:00,24.3,85,0.0,1006.3,8.3
2026-03-12T08:00,26.8,72,0.0,1006.8,7.8
2026-03-12T09:00,29.4,53,0.0,1007.4,5.6
2026-03-12T10:00,31.5,45,0.0,1007.4,4.8
2026-03-12T11:00,33.1,41,0.0,1007.1,3.2
2026-03-12T12:00,34.2,42,0.0,1005.8,7.3
2026-03-12T13:00,32.8,48,0.3,1005.5,12.5
2026-03-12T14:00,32.2,51,0.5,1004.7,12.7
2026-03-12T15:00,31.2,55,0.8,1004.0,12.6
2026-03-12T16:00,29.4,62,0.7,1003.7,13.9
2026-03-12T17:00,29.5,64,0.1,1003.5,8.2
2026-03-12T18:00,28.4,70,0.0,1003.6,7.5
2026-03-12T19:00,27.4,74,0.0,1004.2,1.4
2026-03-12T20:00,26.7,81,0.0,1004.8,7.4
2026-03-12T21:00,26.6,77,0.0,1005.6,10.1
2026-03-12T22:00,26.2,72,0.0,1006.3,5.9
2026-03-12T23:00,25.3,77,0.0,1006.8,3.1
2026-03-13T00:00,24.5,78,0.0,1006.8,2.8
2026-03-13T01:00,24.6,70,0.0,1006.3,9.3
2026-03-13T02:00,24.1,71,0.0,1005.7,7.7
2026-03-13T03:00,22.9,77,0.0,1005.2,4.1
2026-03-13T04:00,22.2,80,0.0,1005.1,4.9
2026-03-13T05:00,21.8,81,0.0,1005.1,3.9
2026-03-13T06:00,21.2,84,0.0,1005.3,3.2
2026-03-13T07:00,22.3,82,0.0,1006.0,3.5
2026-03-13T08:00,25.2,69,0.0,1006.6,5.0
2026-03-13T09:00,28.3,54,0.0,1007.2,1.5
2026-03-13T10:00,30.9,44,0.0,1007.0,1.0
2026-03-13T11:00,33.3,38,0.0,1006.5,2.3
2026-03-13T12:00,35.4,32,0.0,1005.5,3.6
2026-03-13T13:00,34.9,30,0.0,1005.2,4.7
2026-03-13T14:00,33.4,42,0.0,1004.0,9.7
2026-03-13T15:00,31.8,53,0.0,1003.2,8.9
2026-03-13T16:00,32.0,54,0.0,1002.2,7.6
2026-03-13T17:00,31.0,58,0.0,1002.0,7.3
2026-03-13T18:00,29.5,62,0.0,1002.6,6.0
2026-03-13T19:00,28.4,72,0.0,1003.2,2.8
2026-03-13T20:00,27.0,82,0.0,1003.9,1.5
2026-03-13T21:00,26.0,87,0.0,1004.5,2.0
2026-03-13T22:00,25.2,87,0.0,1005.1,3.2
2026-03-13T23:00,24.5,83,0.0,1005.5,2.9
2026-03-14T00:00,24.0,80,0.0,1005.5,5.3
2026-03-14T01:00,24.4,76,0.0,1005.1,5.0
2026-03-14T02:00,24.0,77,0.0,1004.5,5.7
2026-03-14T03:00,23.6,81,0.0,1004.1,6.2
2026-03-14T04:00,23.5,85,0.0,1003.9,6.7
2026-03-14T05:00,23.3,82,0.0,1004.3,5.7
2026-03-14T06:00,22.9,77,0.0,1004.9,5.5
2026-03-14T07:00,23.0,79,0.0,1005.5,5.2
2026-03-14T08:00,26.0,66,0.0,1006.0,5.9
2026-03-14T09:00,29.6,48,0.0,1006.5,1.6
2026-03-14T10:00,31.9,40,0.0,1007.0,1.5
2026-03-14T11:00,33.6,37,0.0,1006.7,2.4
2026-03-14T12:00,35.2,34,0.0,1005.6,3.6
2026-03-14T13:00,34.0,38,0.0,1005.0,10.1
2026-03-14T14:00,32.5,47,0.0,1004.0,12.8
2026-03-14T15:00,32.2,51,0.1,1003.1,14.4
2026-03-14T16:00,30.9,55,0.1,1002.7,12.9
2026-03-14T17:00,29.9,59,0.1,1002.7,12.1
2026-03-14T18:00,28.7,67,0.0,1003.3,10.2
2026-03-14T19:00,28.0,75,0.1,1003.6,0.9
2026-03-14T20:00,27.2,82,0.0,1004.0,4.8
2026-03-14T21:00,26.5,87,0.0,1004.4,2.2
2026-03-14T22:00,26.0,87,0.0,1004.7,5.6
2026-03-14T23:00,25.7,77,0.0,1004.7,5.4
2026-03-15T00:00,24.8,77,0.0,1004.5,3.8
2026-03-15T01:00,24.7,67,0.0,1004.1,4.1
2026-03-15T02:00,23.5,74,0.0,1003.7,3.9
2026-03-15T03:00,23.2,79,0.0,1003.2,6.8
2026-03-15T04:00,22.8,81,0.0,1003.3,5.7
2026-03-15T05:00,22.4,75,0.0,1003.4,6.7
2026-03-15T06:00,22.2,70,0.0,1003.8,7.4
2026-03-15T07:00,22.9,69,0.0,1004.4,7.7
2026-03-15T08:00,25.8,60,0.0,1005.0,7.1
2026-03-15T09:00,29.4,45,0.0,1005.2,2.3
2026-03-15T10:00,31.9,39,0.0,1005.4,2.2
2026-03-15T11:00,33.7,36,0.0,1005.3,3.1
2026-03-15T12:00,35.3,34,0.0,1004.1,4.6
2026-03-15T13:00,34.9,36,0.0,1003.6,9.6
2026-03-15T14:00,32.2,47,0.0,1003.0,16.4
2026-03-15T15:00,31.4,51,0.0,1002.3,17.7
2026-03-15T16:00,30.7,56,0.0,1001.9,12.3
2026-03-15T17:00,28.5,65,0.4,1002.3,12.7
2026-03-15T18:00,28.5,69,0.1,1002.6,7.9
2026-03-15T19:00,27.7,74,0.0,1003.4,5.8
2026-03-15T20:00,27.0,78,0.0,1003.9,7.2
2026-03-15T21:00,26.4,79,0.0,1004.6,5.3
2026-03-15T22:00,26.1,79,0.0,1004.6,5.5
2026-03-15T23:00,25.2,83,0.0,1004.8,3.2
2026-03-16T00:00,24.4,88,0.0,1004.7,4.7
2026-03-16T01:00,24.8,75,0.0,1003.8,6.6
2026-03-16T02:00,24.0,78,0.0,1003.0,4.6
2026-03-16T03:00,23.2,83,0.0,1002.7,3.4
2026-03-16T04:00,22.9,85,0.0,1002.7,1.4
2026-03-16T05:00,22.7,85,0.0,1003.0,0.9
2026-03-16T06:00,22.4,83,0.0,1003.7,3.2
2026-03-16T07:00,22.5,77,0.0,1004.0,4.8
2026-03-16T08:00,24.9,68,0.0,1004.8,6.2
2026-03-16T09:00,28.5,58,0.0,1005.2,3.7
2026-03-16T10:00,31.2,46,0.0,1005.3,0.5
2026-03-16T11:00,33.1,39,0.0,1004.8,3.8
2026-03-16T12:00,33.8,40,0.0,1003.8,8.0
2026-03-16T13:00,33.0,49,0.1,1003.3,12.9
2026-03-16T14:00,32.0,53,0.0,1002.4,14.1
2026-03-16T15:00,31.9,53,0.0,1001.8,12.8
2026-03-16T16:00,31.4,55,0.0,1001.2,12.3
2026-03-16T17:00,29.5,65,0.0,1001.5,11.0
2026-03-16T18:00,28.0,70,0.5,1002.4,7.5
2026-03-16T19:00,28.1,71,0.0,1002.5,1.5
2026-03-16T20:00,27.5,76,0.0,1003.0,3.4
2026-03-16T21:00,26.6,81,0.0,1003.9,2.6
2026-03-16T22:00,26.0,84,0.0,1004.3,4.5
2026-03-16T23:00,25.6,83,0.0,1005.0,5.5
2026-03-17T00:00,25.1,84,0.0,1005.0,4.2
2026-03-17T01:00,25.2,85,0.0,1004.5,4.8
2026-03-17T02:00,24.7,86,0.0,1003.8,5.2
2026-03-17T03:00,24.2,85,0.0,1003.4,4.2
2026-03-17T04:00,23.9,86,0.0,1003.6,2.2
2026-03-17T05:00,23.7,87,0.0,1004.1,2.0
2026-03-17T06:00,23.5,87,0.0,1004.5,1.4
2026-03-17T07:00,23.9,81,0.0,1005.3,5.2
2026-03-17T08:00,26.5,68,0.0,1006.1,3.5
2026-03-17T09:00,29.3,60,0.0,1007.0,0.9
2026-03-17T10:00,31.5,53,0.0,1007.0,2.2
2026-03-17T11:00,33.1,47,0.0,1006.6,6.5
2026-03-17T12:00,33.2,48,0.0,1005.6,9.4
2026-03-17T13:00,32.5,49,0.0,1005.7,12.2
2026-03-17T14:00,32.7,49,0.0,1004.9,12.4
2026-03-17T15:00,31.6,51,0.9,1004.1,13.9
2026-03-17T16:00,29.6,68,1.6,1003.6,15.0
2026-03-17T17:00,30.0,59,0.1,1003.8,9.4
2026-03-17T18:00,27.5,77,1.3,1004.4,4.9
2026-03-17T19:00,24.6,98,0.3,1004.8,11.3
2026-03-17T20:00,24.5,98,0.0,1005.2,9.7
2026-03-17T21:00,24.6,93,0.0,1005.8,6.9
2026-03-17T22:00,24.5,91,0.0,1006.2,3.4
2026-03-17T23:00,24.3,94,0.0,1006.7,3.6
2026-03-18T00:00,23.9,99,0.0,1006.7,4.5
2026-03-18T01:00,24.1,99,0.0,1006.4,3.6
2026-03-18T02:00,24.0,98,0.0,1006.0,7.9
2026-03-18T03:00,24.0,96,0.1,1005.5,6.7
2026-03-18T04:00,23.5,95,0.0,1005.4,7.2
2026-03-18T05:00,23.1,95,0.0,1005.2,4.2
2026-03-18T06:00,22.9,96,0.0,1005.9,3.9
2026-03-18T07:00,22.8,96,0.0,1006.4,3.6
2026-03-18T08:00,26.0,79,0.0,1007.3,3.9
2026-03-18T09:00,29.0,65,0.0,1007.9,0.8
2026-03-18T10:00,31.0,57,0.0,1007.9,2.0
2026-03-18T11:00,32.7,49,0.0,1007.6,4.1
2026-03-18T12:00,33.2,47,0.1,1006.9,7.2
2026-03-18T13:00,31.2,51,0.7,1006.4,8.9
2026-03-18T14:00,30.0,59,0.9,1006.1,8.3
2026-03-18T15:00,31.4,54,0.1,1004.7,8.7
2026-03-18T16:00,30.5,56,0.3,1004.4,7.7
2026-03-18T17:00,27.7,70,0.7,1004.8,7.6
2026-03-18T18:00,27.2,72,0.2,1004.6,5.2
2026-03-18T19:00,27.0,79,0.0,1004.8,5.6
2026-03-18T20:00,26.3,84,0.0,1005.9,2.7
2026-03-18T21:00,25.6,88,0.0,1006.7,3.0
2026-03-18T22:00,25.5,87,0.0,1007.5,3.4
2026-03-18T23:00,25.2,89,0.0,1008.1,4.3
2026-03-19T00:00,25.1,85,0.0,1007.5,5.2
2026-03-19T01:00,24.8,88,0.0,1007.2,3.2
2026-03-19T02:00,24.6,86,0.0,1006.5,3.1
2026-03-19T03:00,24.5,84,0.0,1005.7,4.2
2026-03-19T04:00,24.3,84,0.0,1005.2,4.3
2026-03-19T05:00,24.2,85,0.0,1004.9,5.1
2026-03-19T06:00,23.5,87,0.0,1005.4,3.9
2026-03-19T07:00,23.0,91,0.0,1006.3,4.5
2026-03-19T08:00,26.0,75,0.0,1006.9,4.2
2026-03-19T09:00,28.8,64,0.0,1007.7,1.6
2026-03-19T10:00,30.8,55,0.0,1007.8,3.0
2026-03-19T11:00,32.5,49,0.0,1007.4,3.5
2026-03-19T12:00,33.8,48,0.0,1006.7,7.2
2026-03-19T13:00,33.2,49,0.8,1006.2,9.9
2026-03-19T14:00,31.2,55,0.2,1005.5,13.5
2026-03-19T15:00,31.0,56,0.0,1005.0,3.1
2026-03-19T16:00,28.5,69,2.0,1005.0,5.7
2026-03-19T17:00,28.3,67,0.1,1004.7,9.8
2026-03-19T18:00,27.4,69,0.1,1004.9,6.0
2026-03-19T19:00,27.0,71,0.0,1005.2,7.5
2026-03-19T20:00,26.1,75,0.0,1005.7,3.5
2026-03-19T21:00,25.5,80,0.0,1006.5,6.3
2026-03-19T22:00,25.2,82,0.0,1006.9,8.1
2026-03-19T23:00,25.2,81,0.0,1007.2,8.1
2026-03-20T00:00,25.0,81,0.0,1006.9,5.2
2026-03-20T01:00,24.0,91,0.0,1006.2,6.4
2026-03-20T02:00,24.0,91,0.0,1005.5,4.6
2026-03-20T03:00,23.9,90,0.0,1005.2,4.7
2026-03-20T04:00,23.5,88,0.0,1005.0,2.3
2026-03-20T05:00,23.1,91,0.0,1005.1,2.6
2026-03-20T06:00,22.9,92,0.0,1005.3,4.1
2026-03-20T07:00,22.9,90,0.0,1005.5,7.1
2026-03-20T08:00,26.0,74,0.0,1006.0,4.3
2026-03-20T09:00,28.9,60,0.0,1006.9,5.1
2026-03-20T10:00,30.7,54,0.0,1007.0,1.7
2026-03-20T11:00,32.3,48,0.0,1006.5,1.2
2026-03-20T12:00,33.8,45,0.0,1005.6,3.5
2026-03-20T13:00,32.3,47,0.2,1005.2,12.3
2026-03-20T14:00,31.0,53,0.6,1004.8,5.3
2026-03-20T15:00,31.0,53,0.3,1004.1,7.9
2026-03-20T16:00,26.1,81,8.9,1004.3,11.0
2026-03-20T17:00,25.5,82,0.7,1004.2,5.2
2026-03-20T18:00,25.4,81,0.2,1004.5,2.8
2026-03-20T19:00,25.8,84,0.0,1004.7,2.8
2026-03-20T20:00,25.0,88,0.0,1005.3,2.6
2026-03-20T21:00,24.4,92,0.1,1006.1,1.8
2026-03-20T22:00,23.9,96,0.0,1006.5,1.8
2026-03-20T23:00,23.8,97,0.0,1007.0,0.7
2026-03-21T00:00,23.3,99,0.2,1006.8,0.7
2026-03-21T01:00,24.2,94,0.0,1006.3,6.0
2026-03-21T02:00,23.6,95,0.0,1005.4,0.9
2026-03-21T03:00,22.9,98,0.0,1004.7,1.0
2026-03-21T04:00,22.5,99,0.0,1004.5,2.3
2026-03-21T05:00,22.7,97,0.0,1004.7,2.8
2026-03-21T06:00,22.4,97,0.0,1005.1,3.7
2026-03-21T07:00,22.5,86,0.0,1005.7,10.1
2026-03-21T08:00,25.4,72,0.0,1006.0,7.9
2026-03-21T09:00,27.9,60,0.0,1006.5,3.4
2026-03-21T10:00,30.1,51,0.0,1006.7,3.0
2026-03-21T11:00,31.6,47,0.0,1006.0,4.2
2026-03-21T12:00,33.2,44,0.0,1005.0,3.6
2026-03-21T13:00,33.1,44,0.0,1004.7,5.5
2026-03-21T14:00,33.0,45,0.2,1003.7,9.6
2026-03-21T15:00,31.4,52,0.8,1003.6,10.3
2026-03-21T16:00,30.2,56,0.1,1003.2,10.8
2026-03-21T17:00,28.8,61,0.3,1003.7,5.0
2026-03-21T18:00,26.5,73,0.3,1004.0,7.7
2026-03-21T19:00,24.8,87,0.0,1004.7,7.5
2026-03-21T20:00,23.4,96,1.0,1005.2,12.0
2026-03-21T21:00,22.9,98,0.2,1005.7,7.6
2026-03-21T22:00,23.2,97,0.0,1006.5,7.9
2026-03-21T23:00,23.2,98,0.0,1006.9,4.2
2026-03-22T00:00,23.3,95,0.0,1006.4,7.0
2026-03-22T01:00,22.9,96,0.0,1005.5,5.9
2026-03-22T02:00,22.7,95,0.0,1004.5,7.2
2026-03-22T03:00,22.6,93,0.0,1004.2,4.4
2026-03-22T04:00,22.5,91,0.0,1004.3,5.2
2026-03-22T05:00,22.2,90,0.0,1004.3,4.3
2026-03-22T06:00,21.9,91,0.0,1004.8,3.5
2026-03-22T07:00,22.3,93,0.0,1005.3,3.6
2026-03-22T08:00,25.7,78,0.0,1005.8,4.7
2026-03-22T09:00,28.7,59,0.0,1006.1,2.6
2026-03-22T10:00,30.6,50,0.0,1006.1,2.5
2026-03-22T11:00,32.2,46,0.0,1005.7,2.7
2026-03-22T12:00,33.7,43,0.0,1004.9,5.0
2026-03-22T13:00,33.0,44,0.2,1004.4,3.6
2026-03-22T14:00,33.8,43,0.1,1003.5,3.4
2026-03-22T15:00,33.0,47,0.2,1003.2,5.5
2026-03-22T16:00,30.0,62,0.9,1002.9,9.7
2026-03-22T17:00,29.9,62,0.2,1002.4,6.0
2026-03-22T18:00,28.9,67,0.1,1002.7,6.2
2026-03-22T19:00,28.0,75,0.3,1003.5,8.8
2026-03-22T20:00,27.1,82,0.0,1004.0,6.8
2026-03-22T21:00,26.5,84,0.0,1004.6,6.5
2026-03-22T22:00,25.8,88,0.0,1005.4,4.9
2026-03-22T23:00,25.2,92,0.0,1005.8,1.1
2026-03-23T00:00,24.9,94,0.0,1005.7,0.8
2026-03-23T01:00,25.2,90,0.0,1005.3,10.3
2026-03-23T02:00,25.0,87,0.0,1004.9,7.9
2026-03-23T03:00,24.8,84,0.0,1004.4,5.6
2026-03-23T04:00,24.1,86,0.0,1004.2,2.9
2026-03-23T05:00,23.9,86,0.0,1004.5,0.6
2026-03-23T06:00,23.0,91,0.0,1004.8,3.1
2026-03-23T07:00,23.9,84,0.0,1005.2,6.3
2026-03-23T08:00,26.1,72,0.0,1005.9,2.1
2026-03-23T09:00,28.4,60,0.0,1006.4,1.8
2026-03-23T10:00,30.3,54,0.0,1006.7,4.8
2026-03-23T11:00,31.8,50,0.0,1006.4,5.0
2026-03-23T12:00,32.8,48,0.0,1005.7,5.4
2026-03-23T13:00,31.4,50,0.0,1005.6,10.7
2026-03-23T14:00,30.3,60,0.7,1004.9,12.2
2026-03-23T15:00,31.1,58,0.1,1004.1,10.6
2026-03-23T16:00,30.8,58,0.1,1003.5,8.8
2026-03-23T17:00,29.6,62,0.7,1003.6,8.0
2026-03-23T18:00,28.0,72,0.3,1003.7,8.5
2026-03-23T19:00,27.5,77,0.0,1004.1,3.6
2026-03-23T20:00,26.8,83,0.0,1004.6,1.8
2026-03-23T21:00,26.0,90,0.0,1005.1,2.7
2026-03-23T22:00,25.7,89,0.0,1005.7,5.0
2026-03-23T23:00,25.5,82,0.0,1006.0,4.9
2026-03-24T00:00,25.2,74,0.0,1005.9,5.6
2026-03-24T01:00,25.0,68,0.0,1005.8,7.7
2026-03-24T02:00,24.6,69,0.0,1005.0,4.6
2026-03-24T03:00,24.0,71,0.0,1004.7,4.4
2026-03-24T04:00,23.4,77,0.0,1004.7,3.8
2026-03-24T05:00,22.8,81,0.0,1004.6,3.2
2026-03-24T06:00,22.2,83,0.0,1004.8,3.2
2026-03-24T07:00,23.5,69,0.0,1005.1,5.2
2026-03-24T08:00,26.1,62,0.0,1006.0,3.1
2026-03-24T09:00,28.6,52,0.0,1006.6,0.4
2026-03-24T10:00,30.8,45,0.0,1006.7,2.5
2026-03-24T11:00,32.5,41,0.0,1006.4,1.9
2026-03-24T12:00,33.5,38,0.0,1005.9,5.0
2026-03-24T13:00,32.8,44,0.0,1005.0,10.8
2026-03-24T14:00,32.4,47,0.0,1004.6,11.2
2026-03-24T15:00,32.0,47,0.0,1003.9,9.2
2026-03-24T16:00,31.3,49,0.0,1003.3,9.1
2026-03-24T17:00,30.2,55,0.0,1003.2,8.7
2026-03-24T18:00,29.0,59,0.0,1003.7,7.4
2026-03-24T19:00,27.6,77,0.0,1004.5,2.6
2026-03-24T20:00,25.2,88,0.0,1005.1,12.6
2026-03-24T21:00,24.1,90,0.6,1005.5,6.6
2026-03-24T22:00,24.2,93,0.0,1005.8,3.4
2026-03-24T23:00,23.8,95,0.0,1006.0,4.3
2026-03-25T00:00,23.4,98,0.0,1005.8,1.0
2026-03-25T01:00,23.2,93,0.0,1005.3,2.7
2026-03-25T02:00,23.3,92,0.0,1004.7,0.6
2026-03-25T03:00,23.2,91,0.0,1004.2,0.6
2026-03-25T04:00,22.9,92,0.0,1004.3,0.6
2026-03-25T05:00,22.6,92,0.0,1004.8,5.7
2026-03-25T06:00,22.6,90,0.0,1005.1,7.0
2026-03-25T07:00,22.8,91,0.0,1005.5,4.7
2026-03-25T08:00,25.8,75,0.0,1006.1,3.0
2026-03-25T09:00,28.2,63,0.0,1006.6,0.6
2026-03-25T10:00,30.2,54,0.0,1006.7,2.5
2026-03-25T11:00,32.0,48,0.0,1006.2,2.4
2026-03-25T12:00,33.0,47,0.0,1005.4,4.4
2026-03-25T13:00,32.3,52,0.0,1004.5,8.7
2026-03-25T14:00,32.2,50,0.5,1003.8,8.3
2026-03-25T15:00,30.6,57,0.4,1003.3,8.6
2026-03-25T16:00,30.3,63,0.1,1002.5,8.5
2026-03-25T17:00,29.2,67,0.0,1002.7,5.5
2026-03-25T18:00,25.5,90,1.4,1003.5,1.7
2026-03-25T19:00,26.0,84,0.9,1003.5,5.7
2026-03-25T20:00,25.6,90,0.1,1004.0,5.6
2026-03-25T21:00,25.1,96,0.0,1004.2,5.3
2026-03-25T22:00,25.0,94,0.0,1004.3,5.7
2026-03-25T23:00,24.6,89,0.0,1004.4,5.2
2026-03-26T00:00,24.1,83,0.0,1004.0,4.8
2026-03-26T01:00,24.4,78,0.0,1004.1,8.7
2026-03-26T02:00,24.1,79,0.0,1003.2,4.2
2026-03-26T03:00,23.2,83,0.0,1003.1,3.5
2026-03-26T04:00,23.0,85,0.0,1003.3,9.0
2026-03-26T05:00,22.9,83,0.0,1003.4,5.4
2026-03-26T06:00,22.5,85,0.0,1003.8,4.0
2026-03-26T07:00,22.7,90,0.0,1004.4,5.0
2026-03-26T08:00,25.8,78,0.0,1004.9,3.5
2026-03-26T09:00,28.9,61,0.0,1005.4,3.6
2026-03-26T10:00,31.2,50,0.0,1005.1,4.9
2026-03-26T11:00,33.0,45,0.0,1004.7,4.0
2026-03-26T12:00,34.3,42,0.0,1003.9,4.1
2026-03-26T13:00,33.5,47,0.0,1003.4,9.9
2026-03-26T14:00,32.6,49,0.2,1002.6,11.1
2026-03-26T15:00,31.4,55,0.2,1002.4,13.3
2026-03-26T16:00,31.0,58,0.1,1002.2,10.4
2026-03-26T17:00,30.2,62,0.1,1001.8,6.5
2026-03-26T18:00,29.1,67,0.0,1002.0,8.7
2026-03-26T19:00,28.2,74,0.0,1003.0,4.1
2026-03-26T20:00,27.8,81,0.0,1003.7,0.7
2026-03-26T21:00,27.2,81,0.0,1004.1,2.2
2026-03-26T22:00,26.5,86,0.0,1004.3,5.8
2026-03-26T23:00,26.0,84,0.0,1004.6,6.5
2026-03-27T00:00,25.6,81,0.0,1004.4,6.6
2026-03-27T01:00,25.5,79,0.0,1004.1,9.1
2026-03-27T02:00,24.8,76,0.0,1003.3,6.8
2026-03-27T03:00,24.1,79,0.0,1003.1,6.4
2026-03-27T04:00,23.5,82,0.0,1003.2,6.7
2026-03-27T05:00,23.1,85,0.0,1003.5,6.6
2026-03-27T06:00,22.8,85,0.0,1003.9,7.1
2026-03-27T07:00,24.0,76,0.0,1004.3,6.2
2026-03-27T08:00,26.8,65,0.0,1004.9,5.1
2026-03-27T09:00,29.8,56,0.0,1005.4,3.5
2026-03-27T10:00,31.9,48,0.0,1005.3,2.9
2026-03-27T11:00,33.4,43,0.0,1004.8,3.9
2026-03-27T12:00,34.7,41,0.0,1004.0,4.9
2026-03-27T13:00,33.0,47,0.2,1003.8,8.5
2026-03-27T14:00,31.0,59,1.7,1003.2,11.8
2026-03-27T15:00,31.9,57,0.1,1002.2,8.2
2026-03-27T16:00,31.1,60,0.0,1001.7,6.2
2026-03-27T17:00,30.4,63,0.1,1001.3,5.5
2026-03-27T18:00,29.3,69,0.0,1001.6,7.8
2026-03-27T19:00,27.9,78,0.0,1002.7,2.9
2026-03-27T20:00,27.5,81,0.0,1003.4,1.4
2026-03-27T21:00,26.9,85,0.0,1004.2,2.4
2026-03-27T22:00,26.5,88,0.0,1004.7,2.9
2026-03-27T23:00,26.2,88,0.0,1004.9,8.4
2026-03-28T00:00,25.5,92,0.0,1005.1,9.3
2026-03-28T01:00,25.1,96,0.0,1005.1,5.6
2026-03-28T02:00,24.6,98,0.0,1004.2,4.6
2026-03-28T03:00,24.4,98,0.0,1003.7,4.9
2026-03-28T04:00,24.0,98,0.0,1003.5,5.1
2026-03-28T05:00,23.6,97,0.0,1003.7,3.3
2026-03-28T06:00,23.5,94,0.0,1004.1,2.8
2026-03-28T07:00,23.9,87,0.0,1004.8,2.9
2026-03-28T08:00,27.4,74,0.0,1005.7,1.5
2026-03-28T09:00,29.5,66,0.0,1006.5,5.4
2026-03-28T10:00,31.0,58,0.0,1006.3,4.8
2026-03-28T11:00,32.5,54,0.0,1005.8,4.0
2026-03-28T12:00,33.5,50,0.0,1005.2,5.9
2026-03-28T13:00,30.2,63,1.1,1005.3,12.3
2026-03-28T14:00,30.6,66,0.9,1004.2,11.6
2026-03-28T15:00,29.5,70,2.9,1003.7,11.6
2026-03-28T16:00,28.9,71,0.3,1003.2,8.3
2026-03-28T17:00,28.6,72,0.1,1002.9,6.3
2026-03-28T18:00,27.9,75,0.0,1003.0,7.0
2026-03-28T19:00,27.8,74,0.0,1004.0,4.5
2026-03-28T20:00,26.9,78,0.0,1004.3,2.7
2026-03-28T21:00,26.2,85,0.0,1004.7,0.7
2026-03-28T22:00,25.7,88,0.0,1004.9,0.8
2026-03-28T23:00,25.5,88,0.0,1005.1,2.1
2026-03-29T00:00,25.2,91,0.0,1004.8,1.5
2026-03-29T01:00,25.5,88,0.0,1004.9,4.1
2026-03-29T02:00,24.9,91,0.0,1004.4,1.7
2026-03-29T03:00,24.4,90,0.0,1003.9,3.9
2026-03-29T04:00,24.8,84,0.0,1003.5,4.5
2026-03-29T05:00,24.6,85,0.0,1003.6,3.1
2026-03-29T06:00,24.3,86,0.0,1004.3,1.0
2026-03-29T07:00,25.1,78,0.0,1004.7,7.9
2026-03-29T08:00,27.6,65,0.0,1005.4,5.4
2026-03-29T09:00,30.2,52,0.0,1006.1,5.1
2026-03-29T10:00,32.0,46,0.0,1006.4,4.8
2026-03-29T11:00,34.2,39,0.0,1005.9,4.8
2026-03-29T12:00,36.0,34,0.0,1005.0,5.6
2026-03-29T13:00,35.8,34,0.0,1004.3,7.6
2026-03-29T14:00,35.5,34,0.0,1003.4,3.6
2026-03-29T15:00,34.0,43,0.0,1002.8,6.6
2026-03-29T16:00,31.2,58,0.6,1002.7,10.2
2026-03-29T17:00,30.0,65,0.1,1003.1,9.5
2026-03-29T18:00,29.3,68,0.1,1003.0,5.8
2026-03-29T19:00,28.9,69,0.0,1003.5,8.6
2026-03-29T20:00,28.2,59,0.0,1004.1,10.0
2026-03-29T21:00,27.7,58,0.0,1004.8,9.2
2026-03-29T22:00,27.8,57,0.0,1005.1,7.8
2026-03-29T23:00,26.8,62,0.0,1005.4,6.2
2026-03-30T00:00,26.0,68,0.0,1005.5,8.4
2026-03-30T01:00,25.2,73,0.0,1005.0,7.6
2026-03-30T02:00,25.0,82,0.0,1004.4,9.2
2026-03-30T03:00,25.0,84,0.0,1003.8,4.8
2026-03-30T04:00,25.0,83,0.0,1003.8,5.1
2026-03-30T05:00,25.1,81,0.0,1004.1,7.0
2026-03-30T06:00,24.7,79,0.0,1004.2,4.6
2026-03-30T07:00,24.6,75,0.0,1004.9,8.0
2026-03-30T08:00,27.6,63,0.0,1005.7,4.5
2026-03-30T09:00,30.5,51,0.0,1006.3,2.6
2026-03-30T10:00,32.4,45,0.0,1006.6,2.3
2026-03-30T11:00,33.9,42,0.0,1006.3,3.9
2026-03-30T12:00,34.8,42,0.0,1005.6,6.9
2026-03-30T13:00,35.0,40,1.5,1004.6,9.2
2026-03-30T14:00,33.2,48,0.6,1004.4,10.7
2026-03-30T15:00,31.7,53,0.7,1003.9,11.0
2026-03-30T16:00,30.2,61,0.2,1003.5,12.4
2026-03-30T17:00,30.0,64,0.0,1002.9,7.9
2026-03-30T18:00,30.0,63,0.0,1003.4,7.3
2026-03-30T19:00,28.8,70,0.0,1004.0,2.4
2026-03-30T20:00,27.8,76,0.0,1004.7,1.0
2026-03-30T21:00,27.1,81,0.0,1005.4,2.9
2026-03-30T22:00,26.4,87,0.0,1006.1,2.1
2026-03-30T23:00,25.9,90,0.0,1006.6,1.9
2026-03-31T00:00,25.8,88,0.0,1006.4,4.3
2026-03-31T01:00,26.3,81,0.0,1005.9,9.0
2026-03-31T02:00,25.8,80,0.0,1005.3,3.1
2026-03-31T03:00,25.1,83,0.0,1004.9,2.4
2026-03-31T04:00,24.8,84,0.0,1004.6,3.0
2026-03-31T05:00,24.5,84,0.0,1004.8,2.7
2026-03-31T06:00,24.3,85,0.0,1005.1,0.6
2026-03-31T07:00,25.3,77,0.0,1005.4,8.4
2026-03-31T08:00,28.0,65,0.0,1006.2,2.0
2026-03-31T09:00,30.1,57,0.0,1006.9,2.8
2026-03-31T10:00,31.9,52,0.0,1006.9,5.3
2026-03-31T11:00,33.0,49,0.0,1006.3,3.4
2026-03-31T12:00,33.8,48,0.0,1005.2,6.8
2026-03-31T13:00,32.6,50,0.2,1004.8,14.1
2026-03-31T14:00,30.5,62,1.4,1004.2,8.7
2026-03-31T15:00,30.8,59,0.4,1003.3,10.8
2026-03-31T16:00,29.8,64,0.8,1003.0,9.9
2026-03-31T17:00,29.7,65,0.0,1002.5,9.2
2026-03-31T18:00,28.9,69,0.0,1002.8,6.3
2026-03-31T19:00,27.5,77,0.0,1003.6,2.2
2026-03-31T20:00,26.8,83,0.1,1003.8,2.2
2026-03-31T21:00,26.2,88,0.0,1004.5,0.9
2026-03-31T22:00,25.6,91,0.0,1005.3,1.2
2026-03-31T23:00,25.1,95,0.0,1005.6,1.5
2026-04-01T00:00,24.9,96,0.0,1005.5,4.2
2026-04-01T01:00,25.0,88,0.0,1004.9,5.3
2026-04-01T02:00,24.9,89,0.0,1004.5,4.1
2026-04-01T03:00,24.4,94,0.0,1004.2,1.7
2026-04-01T04:00,24.2,94,0.0,1004.2,1.0
2026-04-01T05:00,24.0,94,0.4,1004.6,1.8
2026-04-01T06:00,23.8,93,1.0,1004.9,1.8
2026-04-01T07:00,24.8,92,0.0,1005.4,4.8
2026-04-01T08:00,26.8,77,0.0,1006.6,3.4
2026-04-01T09:00,29.0,64,0.0,1007.0,1.5
2026-04-01T10:00,31.0,56,0.0,1006.9,2.0
2026-04-01T11:00,32.7,51,0.0,1006.8,4.4
2026-04-01T12:00,32.6,52,0.0,1006.0,7.0
2026-04-01T13:00,34.3,46,0.0,1005.1,10.3
2026-04-01T14:00,27.0,79,5.4,1005.6,3.7
2026-04-01T15:00,28.2,70,0.1,1004.4,7.0
2026-04-01T16:00,30.1,60,0.0,1003.3,5.7
2026-04-01T17:00,29.9,60,0.0,1003.1,6.9
2026-04-01T18:00,28.4,70,0.0,1003.0,7.6
2026-04-01T19:00,26.7,79,0.0,1004.1,1.3
2026-04-01T20:00,26.0,91,0.2,1004.1,1.0
2026-04-01T21:00,25.6,99,0.0,1004.7,2.3
2026-04-01T22:00,25.4,97,0.0,1005.1,3.1
2026-04-01T23:00,25.2,96,0.0,1005.5,3.4
2026-04-02T00:00,25.2,89,0.0,1005.3,5.5
2026-04-02T01:00,25.0,82,0.0,1004.5,6.1
2026-04-02T02:00,24.5,86,0.0,1004.0,3.7
2026-04-02T03:00,24.4,89,0.0,1003.9,0.9
2026-04-02T04:00,24.1,89,0.0,1003.9,3.6
2026-04-02T05:00,23.8,92,0.0,1004.4,3.0
2026-04-02T06:00,23.6,92,0.0,1004.8,1.7
2026-04-02T07:00,24.5,91,0.0,1005.3,5.8
2026-04-02T08:00,26.2,81,0.0,1006.1,2.9
2026-04-02T09:00,28.6,65,0.0,1006.8,3.8
2026-04-02T10:00,30.6,56,0.0,1006.9,5.6
2026-04-02T11:00,32.2,53,0.0,1006.6,6.8
2026-04-02T12:00,32.7,54,0.0,1005.8,8.4
2026-04-02T13:00,33.0,52,5.6,1004.7,7.0
2026-04-02T14:00,29.1,70,2.7,1004.1,12.6
2026-04-02T15:00,29.8,66,0.1,1003.4,5.2
2026-04-02T16:00,29.0,69,0.3,1003.3,4.5
2026-04-02T17:00,25.7,85,6.4,1003.3,10.6
2026-04-02T18:00,24.8,86,0.2,1004.0,8.4
2026-04-02T19:00,23.9,93,0.1,1004.6,8.1
2026-04-02T20:00,23.9,96,0.2,1005.1,7.5
2026-04-02T21:00,23.9,94,0.0,1005.6,5.7
2026-04-02T22:00,23.8,96,0.0,1005.9,5.4
2026-04-02T23:00,23.9,94,0.0,1006.1,4.2
2026-04-03T00:00,23.9,93,0.0,1005.4,3.1
2026-04-03T01:00,24.1,92,0.0,1004.9,3.7
2026-04-03T02:00,23.5,94,0.0,1004.2,2.7
2026-04-03T03:00,23.8,92,0.0,1003.6,4.1
2026-04-03T04:00,23.5,93,0.0,1003.4,4.3
2026-04-03T05:00,23.0,93,0.0,1003.3,5.0
2026-04-03T06:00,23.1,91,0.0,1003.5,4.7
2026-04-03T07:00,23.4,90,0.0,1004.5,6.0
2026-04-03T08:00,25.6,79,0.0,1005.1,2.9
2026-04-03T09:00,28.2,65,0.0,1005.7,2.7
2026-04-03T10:00,30.3,58,0.0,1006.0,4.2
2026-04-03T11:00,31.8,54,0.0,1005.4,3.0
2026-04-03T12:00,32.8,53,0.0,1004.8,6.0
2026-04-03T13:00,32.7,53,0.0,1004.4,9.0
2026-04-03T14:00,32.6,53,0.0,1003.6,3.8
2026-04-03T15:00,30.8,58,0.5,1002.9,7.0
2026-04-03T16:00,30.2,60,0.8,1002.8,8.3
2026-04-03T17:00,27.6,71,0.5,1003.2,3.9
2026-04-03T18:00,26.9,74,0.1,1003.1,4.2
2026-04-03T19:00,27.2,80,0.0,1004.1,2.2
2026-04-03T20:00,26.2,87,0.0,1004.2,2.2
2026-04-03T21:00,25.7,92,0.0,1004.8,1.8
2026-04-03T22:00,25.4,91,0.0,1005.1,3.5
2026-04-03T23:00,25.0,92,0.0,1005.3,2.3
2026-04-04T00:00,24.6,94,0.0,1005.0,3.2
2026-04-04T01:00,25.1,90,0.0,1005.0,5.2
2026-04-04T02:00,24.9,89,0.0,1004.3,2.7
2026-04-04T03:00,25.0,88,0.0,1003.6,3.8
2026-04-04T04:00,25.0,85,0.0,1003.2,4.1
2026-04-04T05:00,24.6,86,0.0,1003.4,2.8
2026-04-04T06:00,24.5,85,0.0,1004.0,4.0
2026-04-04T07:00,24.9,85,0.0,1004.6,2.3
2026-04-04T08:00,27.1,76,0.0,1005.2,3.5
2026-04-04T09:00,29.6,63,0.0,1005.8,4.2
2026-04-04T10:00,31.3,56,0.0,1005.6,3.9
2026-04-04T11:00,32.5,51,0.0,1004.9,1.3
2026-04-04T12:00,33.7,48,0.0,1004.2,3.7
2026-04-04T13:00,32.7,51,0.0,1003.8,9.6
2026-04-04T14:00,30.6,59,0.7,1003.4,9.8
2026-04-04T15:00,31.0,58,0.1,1002.6,8.6
2026-04-04T16:00,30.1,62,0.1,1002.1,10.2
2026-04-04T17:00,30.0,65,0.0,1002.0,6.2
2026-04-04T18:00,27.1,80,1.4,1002.6,7.6
2026-04-04T19:00,27.1,81,0.0,1003.0,1.5
2026-04-04T20:00,26.4,86,0.0,1003.7,4.3
2026-04-04T21:00,26.0,87,0.0,1004.2,3.4
2026-04-04T22:00,25.8,87,0.0,1004.8,2.8
2026-04-04T23:00,25.3,88,0.0,1005.1,0.9
2026-04-05T00:00,24.9,91,0.0,1005.0,1.2
2026-04-05T01:00,24.9,93,0.0,1004.6,2.6
2026-04-05T02:00,24.4,98,0.0,1004.0,2.5
2026-04-05T03:00,24.2,98,0.0,1003.5,3.1
2026-04-05T04:00,24.0,97,0.0,1003.2,1.9
2026-04-05T05:00,23.9,96,0.0,1003.2,1.7
2026-04-05T06:00,23.8,95,0.0,1003.8,1.9
2026-04-05T07:00,24.9,83,0.0,1003.9,5.1
2026-04-05T08:00,27.1,74,0.0,1004.6,3.1
2026-04-05T09:00,29.4,63,0.0,1005.1,5.6
2026-04-05T10:00,31.1,58,0.0,1005.4,3.9
2026-04-05T11:00,32.4,52,0.0,1005.3,1.1
2026-04-05T12:00,33.2,49,0.0,1004.6,2.8
2026-04-05T13:00,32.4,52,0.1,1004.4,12.4
2026-04-05T14:00,30.5,60,0.6,1004.0,12.2
2026-04-05T15:00,30.4,64,0.3,1003.3,7.7
2026-04-05T16:00,30.5,64,0.2,1002.6,4.4
2026-04-05T17:00,29.4,68,0.2,1002.5,7.6
2026-04-05T18:00,28.5,72,0.0,1002.2,8.4
2026-04-05T19:00,27.7,77,0.0,1002.9,6.0
2026-04-05T20:00,27.2,80,0.0,1003.5,4.6
2026-04-05T21:00,26.5,85,0.0,1003.8,1.1
2026-04-05T22:00,25.6,90,0.0,1004.5,2.2
2026-04-05T23:00,25.0,94,0.0,1004.7,1.5
2026-04-06T00:00,24.5,97,0.0,1004.4,3.0
2026-04-06T01:00,24.6,91,0.0,1004.4,8.3
2026-04-06T02:00,24.4,82,0.0,1003.9,7.9
2026-04-06T03:00,24.3,79,0.0,1003.6,6.8
2026-04-06T04:00,24.2,80,0.0,1003.2,5.7
2026-04-06T05:00,23.6,84,0.0,1003.0,4.1
2026-04-06T06:00,22.9,87,0.0,1003.4,3.8
2026-04-06T07:00,24.2,78,0.0,1003.8,8.4
2026-04-06T08:00,27.1,70,0.0,1004.5,4.3
2026-04-06T09:00,29.8,56,0.0,1005.3,2.2
2026-04-06T10:00,31.5,51,0.0,1005.4,0.7
2026-04-06T11:00,33.0,48,0.0,1005.1,2.3
2026-04-06T12:00,33.2,47,0.0,1004.4,8.0
2026-04-06T13:00,32.0,54,0.1,1004.0,11.9
2026-04-06T14:00,31.5,55,0.1,1003.3,13.4
2026-04-06T15:00,31.6,56,0.0,1002.1,10.2
2026-04-06T16:00,31.2,59,0.0,1001.4,8.8
2026-04-06T17:00,29.9,67,0.1,1001.3,12.5
2026-04-06T18:00,28.8,70,0.0,1001.6,10.2
2026-04-06T19:00,28.5,76,0.0,1001.9,1.5
2026-04-06T20:00,27.7,78,0.0,1002.7,2.2
2026-04-06T21:00,26.7,86,0.0,1003.0,4.9
2026-04-06T22:00,26.3,89,0.0,1003.7,4.7
2026-04-06T23:00,25.9,90,0.0,1004.2,5.4
2026-04-07T00:00,25.4,87,0.0,1003.8,3.9
2026-04-07T01:00,25.5,77,0.0,1003.6,7.8
2026-04-07T02:00,25.0,79,0.0,1003.3,5.0
2026-04-07T03:00,24.5,83,0.0,1002.9,5.8
2026-04-07T04:00,24.0,87,0.0,1002.9,5.4
2026-04-07T05:00,23.7,89,0.0,1002.8,2.7
2026-04-07T06:00,23.9,90,0.0,1003.3,2.3
2026-04-07T07:00,24.5,80,0.0,1003.9,7.2
2026-04-07T08:00,27.2,70,0.0,1004.7,4.5
2026-04-07T09:00,29.8,56,0.0,1005.5,4.0
2026-04-07T10:00,31.8,49,0.0,1005.5,1.8
2026-04-07T11:00,33.3,45,0.0,1005.3,3.8
2026-04-07T12:00,33.7,46,0.0,1004.7,6.5
2026-04-07T13:00,32.5,53,0.0,1003.8,10.8
2026-04-07T14:00,32.4,54,0.0,1003.0,10.8
2026-04-07T15:00,32.5,54,0.0,1002.2,10.8
2026-04-07T16:00,31.5,60,0.0,1001.5,13.2
2026-04-07T17:00,29.9,66,0.1,1001.8,7.9
2026-04-07T18:00,27.1,88,1.5,1002.1,4.0
2026-04-07T19:00,27.3,81,0.2,1002.5,9.1
2026-04-07T20:00,26.8,81,0.0,1003.1,8.2
2026-04-07T21:00,26.4,84,0.0,1003.7,5.8
2026-04-07T22:00,26.0,88,0.0,1004.3,1.5
2026-04-07T23:00,25.7,91,0.0,1004.7,2.8
2026-04-08T00:00,25.5,92,0.0,1004.7,2.8
2026-04-08T01:00,25.7,83,0.0,1004.2,6.9
2026-04-08T02:00,25.3,84,0.0,1003.9,3.3
2026-04-08T03:00,24.9,86,0.0,1003.4,3.1
2026-04-08T04:00,24.4,87,0.0,1003.4,3.2
2026-04-08T05:00,24.1,88,0.0,1003.8,4.5
2026-04-08T06:00,23.6,90,0.0,1004.1,3.7
2026-04-08T07:00,24.6,80,0.0,1004.1,6.8
2026-04-08T08:00,27.5,70,0.0,1004.9,4.1
2026-04-08T09:00,29.9,64,0.0,1005.7,4.0
2026-04-08T10:00,31.3,58,0.0,1006.0,4.9
2026-04-08T11:00,32.4,55,0.0,1006.1,2.9
2026-04-08T12:00,32.2,57,0.0,1005.5,6.5
2026-04-08T13:00,32.7,57,0.1,1005.2,9.2
2026-04-08T14:00,30.7,65,2.8,1004.5,7.6
2026-04-08T15:00,30.8,64,0.3,1003.6,4.6
2026-04-08T16:00,29.8,68,0.1,1002.8,6.4
2026-04-08T17:00,30.0,67,0.0,1002.6,7.8
2026-04-08T18:00,29.1,71,0.0,1002.6,7.6
2026-04-08T19:00,28.4,77,0.0,1003.4,2.2
2026-04-08T20:00,27.7,81,0.0,1003.9,1.0
2026-04-08T21:00,26.9,85,0.0,1004.0,1.8
2026-04-08T22:00,26.2,91,0.0,1004.1,2.0
2026-04-08T23:00,25.9,93,0.0,1004.1,3.6
2026-04-09T00:00,25.8,93,0.0,1003.7,3.6
2026-04-09T01:00,26.3,86,0.0,1003.2,11.0
2026-04-09T02:00,26.1,87,0.0,1003.0,7.7
2026-04-09T03:00,25.3,94,0.0,1003.0,0.9
2026-04-09T04:00,25.0,93,0.0,1002.9,5.8
2026-04-09T05:00,25.1,87,0.0,1003.4,6.1
2026-04-09T06:00,25.0,84,0.0,1004.1,5.9
2026-04-09T07:00,26.1,82,0.0,1004.3,6.5
2026-04-09T08:00,27.9,76,0.0,1004.7,4.5
2026-04-09T09:00,30.0,61,0.0,1005.3,3.5
2026-04-09T10:00,31.8,54,0.0,1005.1,4.6
2026-04-09T11:00,33.7,48,0.0,1004.7,7.5
2026-04-09T12:00,35.5,44,0.0,1004.0,7.7
2026-04-09T13:00,33.7,47,0.1,1004.0,9.7
2026-04-09T14:00,33.4,49,0.5,1002.8,6.0
2026-04-09T15:00,33.5,46,0.3,1002.2,2.3
2026-04-09T16:00,33.2,46,0.1,1001.1,1.8
2026-04-09T17:00,32.0,55,0.0,1001.1,6.1
2026-04-09T18:00,30.0,71,0.0,1001.5,7.5
2026-04-09T19:00,29.6,65,0.0,1001.6,9.7
2026-04-09T20:00,28.9,71,0.0,1002.4,10.1
2026-04-09T21:00,27.6,82,0.0,1002.9,5.1
2026-04-09T22:00,26.7,91,0.0,1003.2,1.5
2026-04-09T23:00,26.2,93,0.0,1003.0,0.7
2026-04-10T00:00,25.8,96,0.0,1002.6,1.7
2026-04-10T01:00,26.0,90,0.0,1002.7,4.3
2026-04-10T02:00,25.6,91,0.0,1002.5,0.4
2026-04-10T03:00,25.1,92,0.0,1002.5,3.1
2026-04-10T04:00,25.4,88,0.0,1001.9,5.8
2026-04-10T05:00,25.3,88,0.0,1001.6,3.8
2026-04-10T06:00,25.0,89,0.0,1002.1,2.2
2026-04-10T07:00,25.5,88,0.0,1003.6,7.2
2026-04-10T08:00,28.5,74,0.0,1003.9,5.2
2026-04-10T09:00,30.8,61,0.0,1004.0,4.1
2026-04-10T10:00,32.7,54,0.0,1004.4,6.0
2026-04-10T11:00,34.1,50,0.0,1004.6,3.2
2026-04-10T12:00,35.3,45,0.0,1003.9,3.9
2026-04-10T13:00,34.0,46,0.2,1003.7,10.2
2026-04-10T14:00,30.3,69,1.4,1003.1,14.3
2026-04-10T15:00,31.1,61,0.6,1002.9,9.2
2026-04-10T16:00,30.5,66,0.2,1002.6,10.4
2026-04-10T17:00,29.9,69,0.1,1002.7,6.7
2026-04-10T18:00,28.5,72,0.1,1003.3,7.5
2026-04-10T19:00,26.8,83,0.0,1003.1,5.3
2026-04-10T20:00,26.8,85,0.0,1003.2,3.4
2026-04-10T21:00,26.1,88,0.0,1004.2,5.4
2026-04-10T22:00,25.6,93,0.0,1004.5,1.4
2026-04-10T23:00,25.3,95,0.0,1005.2,2.7
2026-04-11T00:00,25.1,96,0.0,1005.0,6.1
2026-04-11T01:00,25.6,86,0.0,1003.9,4.8
2026-04-11T02:00,25.1,90,0.0,1003.5,0.5
2026-04-11T03:00,24.8,92,0.0,1003.3,0.7
2026-04-11T04:00,24.5,93,0.0,1003.2,2.8
2026-04-11T05:00,24.5,93,0.0,1003.2,2.1
2026-04-11T06:00,24.4,93,0.0,1003.6,2.6
2026-04-11T07:00,25.5,82,0.0,1003.6,7.3
2026-04-11T08:00,28.0,69,0.0,1004.5,2.7
2026-04-11T09:00,30.0,61,0.0,1005.2,3.7
2026-04-11T10:00,32.0,52,0.0,1005.5,5.4
2026-04-11T11:00,34.0,46,0.0,1005.3,7.8
2026-04-11T12:00,34.2,45,0.0,1004.7,11.3
2026-04-11T13:00,32.8,47,0.0,1003.9,9.0
2026-04-11T14:00,33.2,45,0.0,1003.0,3.3
2026-04-11T15:00,33.1,46,0.0,1002.1,3.2
2026-04-11T16:00,32.1,48,0.0,1001.5,1.8
2026-04-11T17:00,31.2,50,0.0,1001.4,5.2
2026-04-11T18:00,30.2,54,0.0,1002.0,9.5
2026-04-11T19:00,29.7,59,0.0,1002.1,10.3
2026-04-11T20:00,28.8,62,0.0,1002.7,7.9
2026-04-11T21:00,28.4,64,0.0,1002.7,8.0
2026-04-11T22:00,28.5,62,0.0,1002.8,6.2
2026-04-11T23:00,27.4,70,0.0,1003.2,2.9
2026-04-12T00:00,26.6,77,0.0,1003.1,3.0
2026-04-12T01:00,27.1,72,0.0,1002.9,4.5
2026-04-12T02:00,26.6,78,0.0,1002.4,3.4
2026-04-12T03:00,26.5,81,0.0,1002.4,6.9
2026-04-12T04:00,26.1,86,0.0,1002.0,8.9
2026-04-12T05:00,26.2,87,0.0,1002.1,5.6
2026-04-12T06:00,26.0,90,0.0,1002.6,1.7
2026-04-12T07:00,26.4,86,0.0,1002.9,3.9
2026-04-12T08:00,29.1,73,0.0,1003.9,1.8
2026-04-12T09:00,31.6,58,0.0,1004.8,1.8
2026-04-12T10:00,33.3,51,0.0,1005.2,4.9
2026-04-12T11:00,34.2,48,0.0,1005.1,8.6
2026-04-12T12:00,33.1,49,0.0,1005.0,5.4
2026-04-12T13:00,29.4,65,0.3,1005.0,21.6
2026-04-12T14:00,25.8,93,2.8,1004.3,10.9
2026-04-12T15:00,25.5,96,8.5,1003.7,6.9
2026-04-12T16:00,25.5,97,3.8,1002.9,8.9
2026-04-12T17:00,25.7,96,1.1,1003.0,6.1
2026-04-12T18:00,25.5,97,1.5,1003.6,5.1
2026-04-12T19:00,27.0,76,0.7,1003.7,8.0
2026-04-12T20:00,26.4,88,1.3,1003.9,3.7
2026-04-12T21:00,25.9,92,0.2,1003.8,2.2
2026-04-12T22:00,25.7,94,0.0,1004.6,2.3
2026-04-12T23:00,25.7,95,0.0,1005.1,4.8
2026-04-13T00:00,25.3,96,0.0,1004.5,7.2
2026-04-13T01:00,25.1,96,0.0,1004.1,5.4
2026-04-13T02:00,25.0,91,0.0,1003.7,6.1
2026-04-13T03:00,24.9,88,0.0,1003.6,7.3
2026-04-13T04:00,25.0,85,0.0,1003.4,5.1
2026-04-13T05:00,25.0,86,0.0,1003.4,2.8
2026-04-13T06:00,24.6,87,0.0,1003.7,0.9
2026-04-13T07:00,26.3,74,0.0,1004.0,11.5
2026-04-13T08:00,28.9,58,0.0,1004.4,12.5
2026-04-13T09:00,31.1,51,0.0,1005.0,8.6
2026-04-13T10:00,33.3,44,0.0,1005.1,8.1
2026-04-13T11:00,35.3,37,0.0,1004.8,9.3
2026-04-13T12:00,36.9,32,0.0,1004.2,12.6
2026-04-13T13:00,36.2,33,0.0,1004.0,17.6
2026-04-13T14:00,36.5,33,0.0,1003.1,14.1
2026-04-13T15:00,36.1,34,0.0,1002.1,9.9
2026-04-13T16:00,34.5,36,0.0,1001.9,0.5
2026-04-13T17:00,32.0,53,0.0,1002.0,8.6
2026-04-13T18:00,30.2,65,0.0,1002.3,8.4
2026-04-13T19:00,30.5,46,0.0,1002.1,7.9
2026-04-13T20:00,29.4,50,0.0,1002.3,6.6
2026-04-13T21:00,28.5,54,0.0,1003.2,6.9
2026-04-13T22:00,27.4,61,0.0,1004.0,3.1
2026-04-13T23:00,26.6,63,0.0,1004.4,4.7
2026-04-14T00:00,25.9,71,0.0,1004.1,7.8
2026-04-14T01:00,25.9,73,0.0,1004.1,7.0
2026-04-14T02:00,26.0,77,0.0,1003.9,6.5
2026-04-14T03:00,25.8,79,0.0,1003.4,4.5
2026-04-14T04:00,25.2,79,0.0,1003.2,4.9
2026-04-14T05:00,24.8,75,0.0,1003.3,5.4
2026-04-14T06:00,24.4,70,0.0,1003.5,7.9
2026-04-14T07:00,25.0,66,0.0,1004.2,12.7
2026-04-14T08:00,27.7,57,0.0,1004.8,10.7
2026-04-14T09:00,30.4,47,0.0,1005.0,9.3
2026-04-14T10:00,33.0,40,0.0,1004.8,5.9
2026-04-14T11:00,35.6,31,0.0,1004.2,7.4
2026-04-14T12:00,37.3,27,0.0,1003.1,11.5
2026-04-14T13:00,36.7,28,0.0,1002.6,9.4
2026-04-14T14:00,36.3,29,0.0,1001.7,6.2
2026-04-14T15:00,35.8,30,0.0,1000.9,10.1
2026-04-14T16:00,35.2,32,0.0,1000.7,12.1
2026-04-14T17:00,33.6,35,0.0,1000.6,5.3
2026-04-14T18:00,31.4,44,0.0,1001.0,4.8
2026-04-14T19:00,31.1,40,0.0,1001.8,2.3
2026-04-14T20:00,30.0,44,0.0,1002.8,1.4
2026-04-14T21:00,29.0,47,0.0,1003.2,3.5
2026-04-14T22:00,28.2,54,0.0,1003.8,1.7
2026-04-14T23:00,27.3,55,0.0,1004.4,2.4
2026-04-15T00:00,26.7,60,0.0,1003.7,3.3
2026-04-15T01:00,26.5,62,0.0,1003.5,8.9
2026-04-15T02:00,26.0,67,0.0,1003.1,5.2
2026-04-15T03:00,25.2,79,0.0,1002.4,5.9
2026-04-15T04:00,24.6,88,0.0,1002.3,8.3
2026-04-15T05:00,24.4,89,0.0,1002.7,6.6
2026-04-15T06:00,24.0,92,0.0,1003.5,3.3
2026-04-15T07:00,24.5,78,0.0,1004.0,3.8
2026-04-15T08:00,27.4,66,0.0,1004.8,2.7
2026-04-15T09:00,30.0,55,0.0,1005.1,1.8
2026-04-15T10:00,32.4,41,0.0,1004.9,2.0
2026-04-15T11:00,34.2,37,0.0,1004.5,3.8
2026-04-15T12:00,35.5,36,0.0,1003.4,5.0
2026-04-15T13:00,34.5,40,0.0,1003.1,10.3
2026-04-15T14:00,32.7,48,1.1,1002.6,14.7
2026-04-15T15:00,31.2,57,0.8,1002.3,13.3
2026-04-15T16:00,30.6,58,0.2,1002.0,11.1
2026-04-15T17:00,29.6,61,0.4,1002.3,7.2
2026-04-15T18:00,28.5,68,0.0,1002.6,3.1
2026-04-15T19:00,24.9,89,0.0,1003.0,2.2
2026-04-15T20:00,25.5,82,0.0,1003.7,3.1
2026-04-15T21:00,25.1,88,0.0,1004.7,7.6
2026-04-15T22:00,25.3,80,0.0,1005.0,4.7
2026-04-15T23:00,25.8,78,0.0,1005.5,5.3
2026-04-16T00:00,25.2,79,0.0,1005.2,3.6
2026-04-16T01:00,25.6,83,0.0,1005.1,0.4
2026-04-16T02:00,25.5,80,0.0,1004.8,7.5
2026-04-16T03:00,25.4,77,0.0,1003.9,3.6
2026-04-16T04:00,25.4,77,0.0,1003.7,3.9
2026-04-16T05:00,25.3,77,0.0,1004.0,4.2
2026-04-16T06:00,25.0,79,0.0,1004.5,0.2
2026-04-16T07:00,25.5,75,0.0,1004.7,6.6
2026-04-16T08:00,27.5,65,0.0,1005.8,1.1
2026-04-16T09:00,30.0,53,0.0,1006.2,1.5
2026-04-16T10:00,31.5,48,0.0,1006.1,3.0
2026-04-16T11:00,33.3,44,0.0,1005.5,3.8
2026-04-16T12:00,34.5,42,0.0,1004.8,6.0
2026-04-16T13:00,32.8,47,0.8,1004.5,7.7
2026-04-16T14:00,30.5,63,1.4,1003.8,13.7
2026-04-16T15:00,31.6,52,0.7,1002.7,8.9
2026-04-16T16:00,30.8,58,0.7,1002.5,7.5
2026-04-16T17:00,28.9,67,1.4,1002.2,7.2
2026-04-16T18:00,28.4,69,0.0,1002.5,5.8
2026-04-16T19:00,26.9,76,0.0,1003.3,2.9
2026-04-16T20:00,26.3,78,0.0,1003.7,6.2
2026-04-16T21:00,25.9,79,0.0,1004.1,5.4
2026-04-16T22:00,25.6,85,0.0,1004.7,2.7
2026-04-16T23:00,25.5,89,0.0,1005.2,3.6
2026-04-17T00:00,25.0,93,0.0,1005.2,2.5
2026-04-17T01:00,25.5,74,0.0,1005.1,7.6
2026-04-17T02:00,25.5,73,0.0,1004.6,1.4
2026-04-17T03:00,24.9,79,0.0,1004.2,2.7
2026-04-17T04:00,24.9,80,0.0,1003.8,3.9
2026-04-17T05:00,24.2,86,0.0,1004.2,4.7
2026-04-17T06:00,24.0,85,0.0,1004.6,3.2
2026-04-17T07:00,24.9,79,0.0,1004.9,6.2
2026-04-17T08:00,27.0,68,0.0,1005.7,2.4
2026-04-17T09:00,29.2,54,0.0,1006.6,1.5
2026-04-17T10:00,31.5,44,0.0,1006.2,0.5
2026-04-17T11:00,33.2,40,0.0,1005.8,2.3
2026-04-17T12:00,34.0,40,0.0,1005.1,5.7
2026-04-17T13:00,34.0,42,0.2,1004.3,10.8
2026-04-17T14:00,33.1,44,0.4,1003.5,12.4
2026-04-17T15:00,31.5,52,0.3,1003.0,10.1
2026-04-17T16:00,31.5,52,0.1,1002.4,10.7
2026-04-17T17:00,28.9,61,0.6,1002.4,8.8
2026-04-17T18:00,24.9,93,4.6,1003.2,10.6
2026-04-17T19:00,26.0,91,0.1,1003.4,1.8
2026-04-17T20:00,25.5,100,0.0,1003.8,1.6
2026-04-17T21:00,25.2,100,0.0,1004.2,4.2
2026-04-17T22:00,24.9,99,0.0,1005.1,3.6
2026-04-17T23:00,24.7,99,0.0,1005.8,2.6
2026-04-18T00:00,24.8,95,0.0,1006.0,7.0
2026-04-18T01:00,24.3,92,0.0,1005.9,8.2
2026-04-18T02:00,24.0,96,0.0,1005.1,5.9
2026-04-18T03:00,23.8,96,0.0,1004.2,3.0
2026-04-18T04:00,23.4,97,0.0,1003.9,4.1
2026-04-18T05:00,23.0,98,0.0,1003.8,3.3
2026-04-18T06:00,22.7,97,0.0,1003.9,5.1
2026-04-18T07:00,24.2,87,0.0,1004.3,4.1
2026-04-18T08:00,26.5,76,0.0,1005.1,3.1
2026-04-18T09:00,29.4,59,0.0,1005.9,1.9
2026-04-18T10:00,31.8,46,0.0,1006.0,3.2
2026-04-18T11:00,33.6,41,0.0,1005.6,4.1
2026-04-18T12:00,34.0,42,0.0,1005.1,8.0
2026-04-18T13:00,32.1,50,0.7,1004.8,12.3
2026-04-18T14:00,31.8,54,0.2,1003.9,12.2
2026-04-18T15:00,32.4,52,0.0,1003.1,8.8
2026-04-18T16:00,31.4,55,0.2,1002.5,8.3
2026-04-18T17:00,29.5,63,0.7,1002.5,8.3
2026-04-18T18:00,28.1,70,0.3,1003.0,10.8
2026-04-18T19:00,27.8,71,0.2,1002.9,5.3
2026-04-18T20:00,26.8,76,0.0,1003.4,7.0
2026-04-18T21:00,26.3,77,0.0,1004.3,6.7
2026-04-18T22:00,25.9,79,0.0,1005.2,3.6
2026-04-18T23:00,25.6,81,0.0,1005.7,1.4
2026-04-19T00:00,24.9,86,0.0,1005.9,2.3
2026-04-19T01:00,24.5,89,0.0,1005.8,5.8
2026-04-19T02:00,24.4,87,0.3,1005.6,4.9
2026-04-19T03:00,24.2,90,0.0,1005.1,1.3
2026-04-19T04:00,23.7,95,0.0,1004.9,3.7
2026-04-19T05:00,23.4,99,0.0,1005.2,3.1
2026-04-19T06:00,23.1,99,0.0,1005.7,0.6
2026-04-19T07:00,24.5,83,0.0,1005.9,6.3
2026-04-19T08:00,26.5,79,0.0,1006.7,7.1
2026-04-19T09:00,28.9,68,0.0,1007.4,7.0
2026-04-19T10:00,30.8,59,0.0,1007.2,6.7
2026-04-19T11:00,32.3,54,0.0,1006.9,5.1
2026-04-19T12:00,33.5,51,0.0,1006.3,6.7
2026-04-19T13:00,32.8,52,0.0,1005.8,11.5
2026-04-19T14:00,30.7,61,2.8,1005.4,11.8
2026-04-19T15:00,31.4,56,0.1,1004.5,10.4
2026-04-19T16:00,30.2,60,0.7,1004.2,8.9
2026-04-19T17:00,27.3,77,4.2,1004.4,10.7
2026-04-19T18:00,26.8,80,0.2,1004.6,6.4
2026-04-19T19:00,24.8,91,0.0,1005.0,10.7
2026-04-19T20:00,24.9,86,0.0,1005.5,10.7
2026-04-19T21:00,25.0,83,0.0,1005.7,9.9
2026-04-19T22:00,24.9,87,0.0,1006.1,6.6
2026-04-19T23:00,24.1,95,0.0,1006.7,7.4
2026-04-20T00:00,23.7,92,0.0,1006.7,7.1
2026-04-20T01:00,23.5,92,0.0,1006.6,9.1
2026-04-20T02:00,23.2,90,0.0,1006.1,5.8
2026-04-20T03:00,22.2,92,0.0,1005.5,6.8
2026-04-20T04:00,21.4,97,0.0,1005.0,7.0
2026-04-20T05:00,20.9,98,0.0,1005.0,6.3
2026-04-20T06:00,20.4,98,0.0,1005.4,6.5
2026-04-20T07:00,21.1,94,0.0,1006.0,4.9
2026-04-20T08:00,24.6,73,0.0,1006.9,5.5
2026-04-20T09:00,28.2,55,0.0,1007.5,2.6
2026-04-20T10:00,31.0,44,0.0,1007.3,3.2
2026-04-20T11:00,32.7,40,0.0,1006.8,3.2
2026-04-20T12:00,33.8,40,0.0,1006.1,6.0
2026-04-20T13:00,33.0,44,0.0,1005.6,11.0
2026-04-20T14:00,32.3,46,0.1,1005.0,11.6
2026-04-20T15:00,32.4,45,0.0,1004.3,11.1
2026-04-20T16:00,31.7,50,0.0,1003.6,12.5
2026-04-20T17:00,30.5,51,0.0,1003.3,12.0
2026-04-20T18:00,29.2,57,0.0,1004.0,8.5
2026-04-20T19:00,28.6,64,0.0,1004.5,9.3
2026-04-20T20:00,27.6,68,0.0,1005.3,8.8
2026-04-20T21:00,27.2,69,0.0,1006.0,7.1
2026-04-20T22:00,26.2,78,0.0,1006.6,3.6
2026-04-20T23:00,25.6,83,0.0,1007.0,1.1
2026-04-21T00:00,24.5,89,0.0,1007.0,2.7
2026-04-21T01:00,23.6,93,0.0,1006.5,4.7
2026-04-21T02:00,23.7,92,0.0,1006.3,5.2
2026-04-21T03:00,23.6,91,0.0,1005.9,6.0
2026-04-21T04:00,23.4,88,0.0,1005.9,6.7
2026-04-21T05:00,23.3,83,0.0,1006.2,5.6
2026-04-21T06:00,22.9,84,0.0,1006.4,3.1
2026-04-21T07:00,24.3,77,0.0,1006.7,6.5
2026-04-21T08:00,27.5,63,0.0,1007.6,5.3
2026-04-21T09:00,30.0,52,0.0,1008.4,1.7
2026-04-21T10:00,32.1,45,0.0,1008.3,1.8
2026-04-21T11:00,34.0,40,0.0,1007.5,0.2
2026-04-21T12:00,35.1,37,0.0,1006.7,4.0
2026-04-21T13:00,33.8,40,0.1,1006.2,9.6
2026-04-21T14:00,33.2,47,0.8,1005.0,9.2
2026-04-21T15:00,32.5,53,0.9,1004.4,11.0
2026-04-21T16:00,30.5,60,0.5,1004.1,14.2
2026-04-21T17:00,30.3,57,0.2,1004.0,10.9
2026-04-21T18:00,29.5,61,0.0,1004.3,10.5
2026-04-21T19:00,27.8,70,0.0,1004.9,6.6
2026-04-21T20:00,27.4,71,0.0,1005.6,6.9
2026-04-21T21:00,26.5,77,0.0,1006.2,2.4
2026-04-21T22:00,25.8,81,0.0,1006.7,5.2
2026-04-21T23:00,25.0,86,0.0,1007.2,3.0
2026-04-22T00:00,24.5,89,0.0,1007.2,4.6
2026-04-22T01:00,24.6,84,0.0,1007.0,5.4
2026-04-22T02:00,24.5,83,0.0,1006.6,5.2
2026-04-22T03:00,23.8,85,0.0,1005.9,5.7
2026-04-22T04:00,23.5,83,0.0,1005.6,6.7
2026-04-22T05:00,23.2,79,0.0,1006.0,5.4
2026-04-22T06:00,22.8,80,0.0,1006.5,4.3
2026-04-22T07:00,24.3,80,0.0,1006.9,3.7
2026-04-22T08:00,27.6,65,0.0,1007.7,3.3
2026-04-22T09:00,29.9,60,0.0,1008.6,3.9
2026-04-22T10:00,31.8,53,0.0,1008.2,3.9
2026-04-22T11:00,32.8,49,0.0,1007.7,5.2
2026-04-22T12:00,33.5,50,0.0,1007.0,9.9
2026-04-22T13:00,29.8,63,0.0,1006.8,7.8
2026-04-22T14:00,31.9,57,0.3,1005.5,4.7
2026-04-22T15:00,27.9,73,11.0,1005.3,7.6
2026-04-22T16:00,28.0,73,0.2,1004.4,6.0
2026-04-22T17:00,27.6,74,0.0,1004.3,4.0
2026-04-22T18:00,27.1,75,0.0,1004.4,3.9
2026-04-22T19:00,24.1,98,0.0,1005.5,5.8
2026-04-22T20:00,24.4,98,0.0,1005.9,7.4
2026-04-22T21:00,24.2,98,0.0,1006.3,7.6
2026-04-22T22:00,24.1,95,0.0,1006.6,5.0
2026-04-22T23:00,24.0,97,0.0,1007.0,2.8
2026-04-23T00:00,23.9,97,0.0,1006.6,4.1
2026-04-23T01:00,23.4,97,0.0,1006.0,8.1
2026-04-23T02:00,23.4,98,0.0,1005.5,4.9
2026-04-23T03:00,23.0,98,0.0,1005.2,4.1
2026-04-23T04:00,22.8,96,0.0,1004.9,6.0
2026-04-23T05:00,22.8,92,0.0,1005.1,6.2
2026-04-23T06:00,23.0,87,0.0,1005.5,6.0
2026-04-23T07:00,24.0,93,0.0,1006.4,2.4
2026-04-23T08:00,24.8,89,0.1,1007.4,2.7
2026-04-23T09:00,26.7,80,0.0,1008.1,2.5
2026-04-23T10:00,28.9,73,0.1,1008.2,5.6
2026-04-23T11:00,30.6,64,0.1,1007.3,8.7
2026-04-23T12:00,31.2,60,0.1,1006.6,8.7
2026-04-23T13:00,30.5,61,3.2,1006.0,10.0
2026-04-23T14:00,27.7,75,7.1,1005.7,5.9
2026-04-23T15:00,28.9,71,0.2,1005.4,2.5
2026-04-23T16:00,26.9,75,12.1,1005.0,8.7
2026-04-23T17:00,24.5,95,3.4,1004.7,4.0
2026-04-23T18:00,24.7,96,0.8,1005.1,1.8
2026-04-23T19:00,25.1,91,0.2,1005.7,5.3
2026-04-23T20:00,24.6,94,0.2,1006.0,1.3
2026-04-23T21:00,24.2,96,0.1,1006.5,0.7
2026-04-23T22:00,24.0,97,0.0,1007.1,0.4
2026-04-23T23:00,23.6,100,0.0,1007.5,2.2
2026-04-24T00:00,23.6,100,0.0,1007.0,3.6
2026-04-24T01:00,23.4,100,0.0,1006.7,3.6
2026-04-24T02:00,22.9,100,0.0,1006.2,2.4
2026-04-24T03:00,22.6,100,0.0,1005.6,1.2
2026-04-24T04:00,22.5,100,0.0,1005.6,1.0
2026-04-24T05:00,22.4,100,0.0,1005.8,1.7
2026-04-24T06:00,22.3,100,0.0,1006.3,5.1
2026-04-24T07:00,23.5,99,0.0,1006.5,4.5
2026-04-24T08:00,25.4,89,0.0,1007.6,3.1
2026-04-24T09:00,27.2,74,0.0,1008.1,1.2
2026-04-24T10:00,28.5,68,0.0,1008.4,2.5
2026-04-24T11:00,29.1,63,0.0,1008.1,4.2
2026-04-24T12:00,29.3,65,0.0,1007.5,5.0
2026-04-24T13:00,30.2,63,0.0,1006.5,7.4
2026-04-24T14:00,30.7,62,0.3,1005.2,8.4
2026-04-24T15:00,28.0,73,7.2,1004.8,8.4
2026-04-24T16:00,28.0,73,0.4,1004.4,5.9
2026-04-24T17:00,26.1,81,4.5,1004.5,9.3
2026-04-24T18:00,25.2,87,0.3,1004.9,4.2
2026-04-24T19:00,25.6,88,0.0,1005.0,6.4
2026-04-24T20:00,25.0,92,0.0,1005.1,4.7
2026-04-24T21:00,24.5,95,0.0,1005.7,2.4
2026-04-24T22:00,24.0,97,0.0,1006.1,1.6
2026-04-24T23:00,23.7,99,0.0,1006.5,1.5
2026-04-25T00:00,23.5,100,0.0,1006.2,2.8
2026-04-25T01:00,23.5,99,0.0,1005.8,4.3
2026-04-25T02:00,23.5,97,0.0,1005.2,4.7
2026-04-25T03:00,23.3,96,0.0,1004.6,4.3
2026-04-25T04:00,23.0,96,0.0,1004.3,3.4
2026-04-25T05:00,22.7,96,0.0,1004.7,2.2
2026-04-25T06:00,22.6,96,0.0,1005.2,2.0
2026-04-25T07:00,23.9,92,0.0,1005.4,3.1
2026-04-25T08:00,26.4,79,0.0,1006.2,1.0
2026-04-25T09:00,28.6,70,0.0,1007.1,1.9
2026-04-25T10:00,30.2,64,0.0,1007.0,3.4
2026-04-25T11:00,31.4,61,0.0,1006.6,6.0
2026-04-25T12:00,30.1,65,2.6,1006.1,11.1
2026-04-25T13:00,27.4,78,2.9,1006.0,8.7
2026-04-25T14:00,29.4,72,0.3,1005.4,3.3
2026-04-25T15:00,28.7,73,0.7,1004.2,5.6
2026-04-25T16:00,25.1,86,9.9,1004.5,6.3
2026-04-25T17:00,24.9,88,0.4,1003.6,2.9
2026-04-25T18:00,25.4,88,0.1,1003.6,2.8
2026-04-25T19:00,25.6,90,0.0,1004.1,1.9
2026-04-25T20:00,25.0,91,0.0,1004.5,1.2
2026-04-25T21:00,24.5,95,0.0,1005.0,2.6
2026-04-25T22:00,24.3,97,0.0,1005.9,5.4
2026-04-25T23:00,24.1,98,0.0,1006.4,4.7
2026-04-26T00:00,24.0,98,0.0,1006.0,5.6
2026-04-26T01:00,24.0,97,0.0,1005.9,0.8
2026-04-26T02:00,23.6,99,0.0,1005.1,1.8
2026-04-26T03:00,23.3,99,0.0,1004.3,2.4
2026-04-26T04:00,23.1,98,0.0,1004.2,2.6
2026-04-26T05:00,23.1,98,0.0,1004.6,2.6
2026-04-26T06:00,23.2,95,0.0,1005.1,4.0
2026-04-26T07:00,23.6,95,0.0,1005.6,3.4
2026-04-26T08:00,25.8,86,0.0,1006.4,2.9
2026-04-26T09:00,28.2,75,0.0,1007.0,1.3
2026-04-26T10:00,30.0,68,0.1,1006.8,1.5
2026-04-26T11:00,31.6,62,0.0,1006.2,4.0
2026-04-26T12:00,32.1,61,0.0,1005.4,7.1
2026-04-26T13:00,30.9,63,0.0,1004.8,10.3
2026-04-26T14:00,30.5,65,2.8,1004.0,8.3
2026-04-26T15:00,29.9,67,2.0,1003.8,2.8
2026-04-26T16:00,30.1,67,0.1,1003.1,1.3
2026-04-26T17:00,25.8,86,1.9,1003.7,7.0
2026-04-26T18:00,25.8,85,0.6,1003.6,5.1
2026-04-26T19:00,25.7,88,0.1,1004.0,5.2
2026-04-26T20:00,25.5,92,0.0,1004.4,0.8
2026-04-26T21:00,25.2,93,0.0,1005.0,2.7
2026-04-26T22:00,25.0,93,0.0,1005.7,1.2
2026-04-26T23:00,24.5,96,0.0,1006.1,0.7
2026-04-27T00:00,24.0,98,0.0,1006.1,2.6
2026-04-27T01:00,23.9,99,0.0,1005.2,5.6
2026-04-27T02:00,23.9,98,0.0,1004.8,5.9
2026-04-27T03:00,23.7,97,0.0,1004.3,6.6
2026-04-27T04:00,23.5,97,0.0,1004.1,5.9
2026-04-27T05:00,23.3,96,0.0,1004.4,5.5
2026-04-27T06:00,22.9,98,0.0,1004.9,5.0
2026-04-27T07:00,24.1,94,0.0,1005.6,6.3
2026-04-27T08:00,26.0,86,0.0,1006.4,4.1
2026-04-27T09:00,27.8,79,0.0,1007.1,3.2
2026-04-27T10:00,30.1,69,0.0,1007.2,6.0
2026-04-27T11:00,31.5,64,0.0,1006.5,7.3
2026-04-27T12:00,32.3,61,0.1,1006.0,10.1
2026-04-27T13:00,31.8,61,1.8,1005.6,7.2
2026-04-27T14:00,29.0,68,0.1,1005.1,7.8
2026-04-27T15:00,30.8,64,0.1,1004.2,4.9
2026-04-27T16:00,30.5,66,0.1,1003.7,2.5
2026-04-27T17:00,27.8,76,1.7,1004.0,5.6
2026-04-27T18:00,26.8,83,0.1,1004.2,3.6
2026-04-27T19:00,25.5,92,0.0,1004.8,5.4
2026-04-27T20:00,25.4,93,0.0,1005.2,6.3
2026-04-27T21:00,25.1,93,0.0,1005.5,3.1
2026-04-27T22:00,25.0,91,0.0,1006.3,1.2
2026-04-27T23:00,24.5,95,0.0,1006.6,3.3
2026-04-28T00:00,23.9,97,0.0,1006.2,4.3
2026-04-28T01:00,23.8,98,0.0,1006.4,4.9
2026-04-28T02:00,23.4,97,0.0,1005.7,8.9
2026-04-28T03:00,22.9,97,0.0,1005.0,4.0
2026-04-28T04:00,22.5,98,0.0,1004.5,3.7
2026-04-28T05:00,22.0,100,0.0,1004.6,6.0
2026-04-28T06:00,21.8,99,0.0,1004.9,6.7
2026-04-28T07:00,22.9,95,0.0,1005.7,1.5
2026-04-28T08:00,25.6,85,0.0,1006.1,1.1
2026-04-28T09:00,28.2,72,0.0,1006.6,4.7
2026-04-28T10:00,30.0,62,0.0,1006.8,5.2
2026-04-28T11:00,31.5,56,0.0,1006.2,5.3
2026-04-28T12:00,32.2,52,0.0,1005.6,7.5
2026-04-28T13:00,31.6,55,0.1,1005.2,9.9
2026-04-28T14:00,31.6,59,0.1,1003.9,10.5
2026-04-28T15:00,30.9,65,0.1,1003.4,11.1
2026-04-28T16:00,30.0,68,0.0,1002.9,12.3
2026-04-28T17:00,29.5,68,0.0,1002.6,11.0
2026-04-28T18:00,28.7,70,0.0,1002.9,9.4
2026-04-28T19:00,27.6,78,0.0,1003.4,4.3
2026-04-28T20:00,27.1,82,0.0,1003.8,0.6
2026-04-28T21:00,26.0,87,0.0,1004.2,3.1
2026-04-28T22:00,24.8,94,0.0,1005.2,2.7
2026-04-28T23:00,24.0,96,0.0,1005.6,2.0
2026-04-29T00:00,23.2,98,0.0,1005.3,5.1
2026-04-29T01:00,23.9,88,0.0,1005.1,7.2
2026-04-29T02:00,23.0,86,0.0,1004.6,8.2
2026-04-29T03:00,22.0,87,0.0,1004.0,7.7
2026-04-29T04:00,21.7,85,0.0,1003.6,7.8
2026-04-29T05:00,21.4,83,0.0,1003.2,8.1
2026-04-29T06:00,21.2,80,0.0,1003.3,7.2
2026-04-29T07:00,22.5,85,0.0,1003.6,4.8
2026-04-29T08:00,25.8,76,0.0,1003.9,3.7
2026-04-29T09:00,28.8,66,0.0,1004.8,1.6
2026-04-29T10:00,31.0,55,0.0,1004.8,4.4
2026-04-29T11:00,32.3,51,0.0,1004.5,4.6
2026-04-29T12:00,33.1,49,0.0,1003.9,4.3
2026-04-29T13:00,33.0,50,0.0,1003.2,8.5
2026-04-29T14:00,32.2,55,0.0,1002.2,11.6
2026-04-29T15:00,31.2,60,0.1,1001.0,11.9
2026-04-29T16:00,30.8,63,0.1,1000.6,13.1
2026-04-29T17:00,30.1,65,0.0,1000.1,12.6
2026-04-29T18:00,29.0,71,0.0,1000.7,7.6
2026-04-29T19:00,27.9,83,0.0,1001.0,1.3
2026-04-29T20:00,27.1,85,0.0,1001.8,2.2
2026-04-29T21:00,26.5,87,0.0,1002.6,1.7
2026-04-29T22:00,26.1,88,0.0,1003.4,0.7
2026-04-29T23:00,25.5,91,0.0,1003.4,1.9
2026-04-30T00:00,25.2,93,0.0,1003.1,1.9
2026-04-30T01:00,25.0,95,0.0,1002.6,2.9
2026-04-30T02:00,25.0,94,0.0,1002.2,6.7
2026-04-30T03:00,24.8,91,0.0,1001.6,6.4
2026-04-30T04:00,24.5,90,0.0,1001.0,4.5
2026-04-30T05:00,24.0,93,0.0,1001.1,2.7
2026-04-30T06:00,23.5,95,0.0,1001.7,4.0
2026-04-30T07:00,24.5,90,0.0,1002.0,6.2
2026-04-30T08:00,27.4,76,0.0,1002.6,1.5
2026-04-30T09:00,29.8,64,0.0,1003.1,2.7
2026-04-30T10:00,31.4,60,0.0,1003.1,5.7
2026-04-30T11:00,32.5,58,0.0,1002.7,5.1
2026-04-30T12:00,32.9,57,0.0,1002.5,9.6
2026-04-30T13:00,31.0,62,2.1,1002.2,7.3
2026-04-30T14:00,31.1,63,0.2,1001.2,11.4
2026-04-30T15:00,31.6,59,0.3,1000.3,8.3
2026-04-30T16:00,30.8,62,0.4,999.6,6.5
2026-04-30T17:00,30.4,65,0.2,999.6,6.7
2026-04-30T18:00,29.2,70,0.0,1000.5,4.8
2026-04-30T19:00,26.8,87,0.0,1001.1,5.7
2026-04-30T20:00,26.1,91,0.0,1001.6,6.6
2026-04-30T21:00,25.5,94,0.0,1002.5,2.2
2026-04-30T22:00,25.4,94,0.0,1003.6,5.3
2026-04-30T23:00,25.0,94,0.0,1003.8,5.2
2026-05-01T00:00,25.1,90,0.0,1003.5,4.4
2026-05-01T01:00,25.0,94,0.0,1003.0,5.1
2026-05-01T02:00,24.7,93,0.0,1002.4,7.5
2026-05-01T03:00,24.6,91,0.0,1001.6,5.7
2026-05-01T04:00,24.9,88,0.0,1001.1,4.1
2026-05-01T05:00,24.6,89,0.0,1002.0,2.1
2026-05-01T06:00,24.9,87,0.0,1002.4,5.4
2026-05-01T07:00,25.5,90,0.0,1002.5,4.5
2026-05-01T08:00,25.7,88,0.1,1003.7,11.8
2026-05-01T09:00,26.3,85,0.0,1004.5,8.5
2026-05-01T10:00,27.0,84,3.2,1005.5,10.3
2026-05-01T11:00,26.6,87,1.6,1005.2,3.0
2026-05-01T12:00,27.0,84,0.3,1005.0,1.5
2026-05-01T13:00,28.6,76,0.5,1004.3,8.2
2026-05-01T14:00,28.8,73,0.8,1003.3,12.6
2026-05-01T15:00,28.0,77,0.8,1003.1,12.9
2026-05-01T16:00,27.1,80,0.2,1002.4,9.7
2026-05-01T17:00,26.6,82,1.4,1002.8,6.1
2026-05-01T18:00,25.3,92,2.1,1002.7,2.2
2026-05-01T19:00,25.2,94,0.1,1003.5,3.7
2026-05-01T20:00,24.9,98,0.2,1003.9,3.0
2026-05-01T21:00,24.9,98,0.1,1004.4,0.4
2026-05-01T22:00,24.8,98,0.0,1005.2,1.6
2026-05-01T23:00,24.5,99,0.0,1005.8,0.6
2026-05-02T00:00,24.4,99,0.0,1005.2,5.3
2026-05-02T01:00,24.5,97,0.0,1004.6,5.4
2026-05-02T02:00,24.0,97,0.0,1004.3,5.4
2026-05-02T03:00,23.9,97,0.0,1003.9,2.7
2026-05-02T04:00,24.0,97,0.0,1002.6,5.4
2026-05-02T05:00,23.6,98,0.0,1003.1,3.5
2026-05-02T06:00,23.5,98,0.0,1003.5,2.7
2026-05-02T07:00,24.1,97,0.0,1004.4,3.2
2026-05-02T08:00,25.2,94,0.0,1005.3,1.0
2026-05-02T09:00,27.0,86,0.0,1005.3,4.8
2026-05-02T10:00,29.1,75,0.0,1005.9,3.0
2026-05-02T11:00,31.0,66,0.0,1005.5,7.2
2026-05-02T12:00,30.4,68,1.1,1005.8,6.3
2026-05-02T13:00,26.0,91,16.5,1006.1,2.4
2026-05-02T14:00,26.2,92,3.8,1005.3,1.8
2026-05-02T15:00,26.2,92,3.4,1004.8,5.8
2026-05-02T16:00,26.1,89,0.9,1004.6,3.8
2026-05-02T17:00,25.4,96,0.6,1004.7,3.4
2026-05-02T18:00,25.1,98,0.9,1005.1,5.0
2026-05-02T19:00,24.6,97,1.1,1005.9,7.9
2026-05-02T20:00,24.4,98,1.5,1006.1,4.5
2026-05-02T21:00,24.2,98,0.3,1006.5,4.2
2026-05-02T22:00,23.9,98,0.1,1006.7,7.5
2026-05-02T23:00,23.5,97,0.0,1006.5,7.2
2026-05-03T00:00,23.3,98,0.0,1006.3,4.0
2026-05-03T01:00,22.9,98,0.0,1006.1,8.9
2026-05-03T02:00,22.8,98,0.0,1005.6,6.4
2026-05-03T03:00,22.8,98,0.2,1005.2,5.4
2026-05-03T04:00,22.8,98,0.1,1004.9,3.6
2026-05-03T05:00,23.0,98,0.0,1005.1,5.4
2026-05-03T06:00,22.9,98,0.3,1005.5,4.8
2026-05-03T07:00,23.9,96,0.3,1005.4,3.1
2026-05-03T08:00,25.1,95,0.0,1006.7,4.7
2026-05-03T09:00,27.6,83,0.0,1007.2,2.0
2026-05-03T10:00,29.0,74,0.3,1007.4,5.6
2026-05-03T11:00,30.2,67,0.2,1007.1,7.1
2026-05-03T12:00,30.5,66,0.5,1006.5,8.0
2026-05-03T13:00,31.1,63,0.9,1006.2,8.0
2026-05-03T14:00,29.8,68,0.6,1005.6,9.1
2026-05-03T15:00,29.6,69,0.9,1004.7,6.5
2026-05-03T16:00,29.2,71,0.2,1004.4,3.1
2026-05-03T17:00,27.4,79,4.3,1004.0,3.8
2026-05-03T18:00,26.8,84,0.0,1004.2,3.7
2026-05-03T19:00,26.3,89,0.0,1004.7,1.0
2026-05-03T20:00,25.9,90,0.0,1005.3,0.4
2026-05-03T21:00,25.3,93,0.0,1006.2,2.4
2026-05-03T22:00,25.0,96,0.0,1006.2,4.8
2026-05-03T23:00,24.7,96,0.0,1006.3,6.1
2026-05-04T00:00,24.5,96,0.0,1006.0,4.2
2026-05-04T01:00,24.4,96,0.0,1005.7,4.7
2026-05-04T02:00,24.0,96,0.0,1004.9,4.9
2026-05-04T03:00,23.5,97,0.0,1004.2,5.8
2026-05-04T04:00,23.1,97,0.0,1003.7,5.6
2026-05-04T05:00,22.9,98,0.0,1004.1,5.4
2026-05-04T06:00,22.8,98,0.0,1004.4,4.6
2026-05-04T07:00,23.8,93,0.0,1004.9,4.3
2026-05-04T08:00,26.5,81,0.0,1005.9,4.1
2026-05-04T09:00,28.9,71,0.0,1006.3,0.9
2026-05-04T10:00,30.4,68,0.0,1006.2,2.7
2026-05-04T11:00,31.0,67,0.0,1005.5,6.9
2026-05-04T12:00,31.0,67,0.1,1005.1,9.8
2026-05-04T13:00,30.9,63,0.7,1005.1,8.7
2026-05-04T14:00,30.7,64,0.7,1004.4,9.6
2026-05-04T15:00,29.0,72,2.7,1004.1,9.5
2026-05-04T16:00,27.0,80,2.5,1004.5,5.5
2026-05-04T17:00,25.7,91,0.6,1004.2,6.4
2026-05-04T18:00,25.5,92,0.1,1004.1,5.1
2026-05-04T19:00,25.5,92,0.0,1004.0,7.2
2026-05-04T20:00,24.9,94,0.0,1004.6,6.8
2026-05-04T21:00,25.1,91,0.0,1005.1,7.1
2026-05-04T22:00,24.9,92,0.0,1005.6,3.6
2026-05-04T23:00,24.9,92,0.0,1006.0,1.6
2026-05-05T00:00,24.6,93,0.0,1005.5,1.1
2026-05-05T01:00,24.7,96,0.0,1005.0,2.2
2026-05-05T02:00,24.5,98,0.0,1004.2,3.0
2026-05-05T03:00,24.4,97,0.0,1003.4,4.5
2026-05-05T04:00,24.0,96,0.0,1003.2,3.5
2026-05-05T05:00,24.0,96,0.0,1003.9,2.8
2026-05-05T06:00,23.8,97,0.0,1004.6,1.1
2026-05-05T07:00,25.2,91,0.0,1004.8,0.9
2026-05-05T08:00,27.3,81,0.0,1005.1,0.9
2026-05-05T09:00,29.2,73,0.0,1005.7,3.3
2026-05-05T10:00,30.5,66,0.1,1005.6,3.5
2026-05-05T11:00,30.8,66,0.0,1006.0,4.5
2026-05-05T12:00,29.0,75,3.6,1005.6,9.3
2026-05-05T13:00,28.5,77,0.5,1006.2,3.0
2026-05-05T14:00,25.7,91,5.3,1005.4,5.4
2026-05-05T15:00,26.8,85,0.2,1004.6,4.1
2026-05-05T16:00,27.8,80,0.1,1003.7,0.9
2026-05-05T17:00,27.8,81,0.0,1003.9,5.6
2026-05-05T18:00,27.0,85,0.0,1004.2,6.9
2026-05-05T19:00,26.2,93,0.6,1003.8,3.0
2026-05-05T20:00,25.7,98,0.0,1005.1,4.0
2026-05-05T21:00,25.5,99,0.0,1005.2,4.5
2026-05-05T22:00,25.0,99,0.0,1005.6,4.1
2026-05-05T23:00,24.8,99,0.0,1006.0,0.3
2026-05-06T00:00,24.4,99,2.5,1007.1,4.2
2026-05-06T01:00,24.4,99,3.5,1005.6,15.0
2026-05-06T02:00,24.2,99,0.0,1005.2,6.0
2026-05-06T03:00,24.0,99,0.0,1004.6,0.6
2026-05-06T04:00,23.9,99,0.0,1004.7,4.9
2026-05-06T05:00,23.6,99,0.0,1005.0,5.3
2026-05-06T06:00,23.5,99,0.0,1005.5,5.9
2026-05-06T07:00,24.5,96,0.0,1005.1,2.6
2026-05-06T08:00,26.5,89,0.0,1005.8,1.9
2026-05-06T09:00,28.5,78,0.0,1006.6,0.9
2026-05-06T10:00,30.1,71,0.1,1006.6,4.4
2026-05-06T11:00,30.6,71,0.1,1006.3,4.3
2026-05-06T12:00,30.5,73,0.2,1006.1,9.4
2026-05-06T13:00,30.9,68,4.0,1005.6,10.5
2026-05-06T14:00,29.4,73,1.5,1005.6,7.0
2026-05-06T15:00,26.5,85,5.6,1005.5,1.1
2026-05-06T16:00,26.5,86,0.2,1004.8,5.2
2026-05-06T17:00,26.4,86,0.1,1004.5,8.3
2026-05-06T18:00,25.5,91,0.1,1004.7,4.9
2026-05-06T19:00,25.6,93,0.0,1005.3,0.9
2026-05-06T20:00,25.2,96,0.0,1004.7,7.8
2026-05-06T21:00,24.8,96,0.0,1005.5,5.1
2026-05-06T22:00,24.2,98,0.0,1006.1,2.5
2026-05-06T23:00,24.5,97,0.0,1006.6,0.3
2026-05-07T00:00,24.2,99,0.0,1006.4,5.2
2026-05-07T01:00,24.1,99,0.0,1006.5,6.5
2026-05-07T02:00,23.6,100,0.0,1005.8,6.2
2026-05-07T03:00,23.5,99,0.0,1005.1,4.5
2026-05-07T04:00,23.5,99,0.0,1004.5,2.5
2026-05-07T05:00,23.6,98,0.0,1004.6,0.9
2026-05-07T06:00,23.6,99,0.0,1005.0,2.8
2026-05-07T07:00,24.9,96,0.0,1005.5,2.3
2026-05-07T08:00,26.3,89,0.1,1006.1,5.8
2026-05-07T09:00,28.0,79,0.1,1006.7,5.6
2026-05-07T10:00,29.4,73,0.3,1006.8,8.5
2026-05-07T11:00,30.6,70,0.2,1006.8,5.8
2026-05-07T12:00,31.4,66,0.1,1006.0,4.2
2026-05-07T13:00,28.3,77,1.8,1006.0,14.0
2026-05-07T14:00,27.7,78,1.7,1005.6,16.0
2026-05-07T15:00,25.9,86,0.6,1004.8,12.0
2026-05-07T16:00,27.2,80,0.1,1004.1,4.2
2026-05-07T17:00,28.0,77,0.0,1003.3,2.6
2026-05-07T18:00,27.6,80,0.0,1003.5,4.5
2026-05-07T19:00,26.4,93,0.0,1003.9,3.8
2026-05-07T20:00,25.8,97,0.0,1004.4,6.9
2026-05-07T21:00,25.2,98,0.0,1005.0,6.9
2026-05-07T22:00,25.0,97,0.0,1005.4,6.5
2026-05-07T23:00,24.6,97,0.0,1005.5,7.8
2026-05-08T00:00,24.3,98,0.0,1005.1,5.6
2026-05-08T01:00,24.5,98,0.0,1004.9,4.4
2026-05-08T02:00,24.4,99,0.0,1003.8,2.3
2026-05-08T03:00,24.0,99,0.0,1002.8,1.9
2026-05-08T04:00,23.9,100,0.0,1002.7,6.7
2026-05-08T05:00,23.9,99,0.0,1003.1,7.3
2026-05-08T06:00,23.8,99,0.0,1003.6,7.0
2026-05-08T07:00,24.0,96,0.0,1003.4,7.3
2026-05-08T08:00,26.0,89,0.0,1004.3,4.7
2026-05-08T09:00,28.5,81,0.0,1005.1,8.2
2026-05-08T10:00,30.4,69,0.0,1005.0,7.6
2026-05-08T11:00,31.5,64,0.0,1004.7,7.5
2026-05-08T12:00,32.2,62,0.0,1003.8,8.4
2026-05-08T13:00,31.9,62,0.0,1003.3,11.8
2026-05-08T14:00,31.3,65,0.0,1002.5,11.9
2026-05-08T15:00,31.1,66,0.0,1001.8,11.1
2026-05-08T16:00,30.6,67,0.0,1001.3,10.2
2026-05-08T17:00,29.9,71,0.0,1001.4,9.1
2026-05-08T18:00,28.6,76,0.0,1001.6,7.3
2026-05-08T19:00,27.4,86,0.0,1001.6,3.0
2026-05-08T20:00,27.0,89,0.0,1002.1,0.8
2026-05-08T21:00,26.3,91,0.0,1002.4,0.8
2026-05-08T22:00,25.6,94,0.0,1002.7,0.9
2026-05-08T23:00,25.4,94,0.0,1002.9,0.4
2026-05-09T00:00,25.0,95,0.0,1002.9,0.4
2026-05-09T01:00,25.2,95,0.0,1002.5,4.1
2026-05-09T02:00,24.7,95,0.0,1001.9,2.8
2026-05-09T03:00,24.1,98,0.0,1001.3,4.0
2026-05-09T04:00,23.7,99,0.0,1001.1,2.7
2026-05-09T05:00,23.5,99,0.0,1001.2,3.0
2026-05-09T06:00,23.5,99,0.0,1001.7,5.0
2026-05-09T07:00,24.4,95,0.0,1002.5,5.1
2026-05-09T08:00,27.3,81,0.0,1002.9,4.9
2026-05-09T09:00,29.5,69,0.0,1003.1,0.6
2026-05-09T10:00,31.2,61,0.0,1003.2,1.9
2026-05-09T11:00,32.3,57,0.0,1002.7,0.7
2026-05-09T12:00,33.2,54,0.0,1002.0,4.1
2026-05-09T13:00,33.2,54,0.0,1001.4,6.3
2026-05-09T14:00,33.5,56,0.0,1000.2,6.9
2026-05-09T15:00,31.7,66,0.2,999.8,12.0
2026-05-09T16:00,30.1,70,0.1,999.7,15.1
2026-05-09T17:00,29.5,75,0.0,1000.0,14.5
2026-05-09T18:00,29.1,74,0.0,1000.6,9.3
2026-05-09T19:00,28.0,85,0.0,1000.9,3.4
2026-05-09T20:00,27.4,85,0.0,1001.6,5.0
2026-05-09T21:00,26.6,90,0.0,1002.2,3.8
2026-05-09T22:00,26.1,91,0.0,1003.0,2.9
2026-05-09T23:00,25.9,91,0.0,1003.1,2.6
2026-05-10T00:00,25.2,91,0.0,1003.0,3.8
2026-05-10T01:00,24.8,94,0.0,1002.7,2.7
2026-05-10T02:00,24.7,94,0.0,1002.2,6.1
2026-05-10T03:00,24.5,93,0.0,1001.9,5.1
2026-05-10T04:00,24.2,93,0.0,1001.9,5.2
2026-05-10T05:00,24.1,91,0.0,1002.2,6.1
2026-05-10T06:00,24.0,89,0.0,1002.3,4.3
2026-05-10T07:00,25.8,76,0.0,1003.1,8.5
2026-05-10T08:00,28.1,71,0.0,1003.6,4.5
2026-05-10T09:00,30.0,62,0.0,1004.0,3.7
2026-05-10T10:00,31.6,57,0.0,1004.2,2.8
2026-05-10T11:00,33.0,53,0.0,1004.0,2.7
2026-05-10T12:00,33.6,53,0.0,1003.4,3.7
2026-05-10T13:00,33.5,52,0.9,1002.9,9.0
2026-05-10T14:00,32.0,59,0.7,1002.7,12.2
2026-05-10T15:00,30.7,64,1.4,1002.5,10.4
2026-05-10T16:00,30.5,67,0.2,1002.5,7.3
2026-05-10T17:00,28.8,74,3.6,1003.1,6.3
2026-05-10T18:00,27.9,78,0.0,1003.6,2.9
2026-05-10T19:00,28.1,84,0.0,1003.5,0.4
2026-05-10T20:00,27.2,88,0.0,1004.2,2.4
2026-05-10T21:00,26.5,93,0.0,1005.1,0.7
2026-05-10T22:00,25.9,95,0.0,1005.3,2.4
2026-05-10T23:00,25.8,95,0.0,1005.3,8.2
2026-05-11T00:00,25.6,97,0.0,1005.1,8.2
2026-05-11T01:00,25.4,96,0.0,1005.0,4.8
2026-05-11T02:00,25.1,98,0.0,1004.6,4.1
2026-05-11T03:00,24.6,99,0.0,1003.9,2.3
2026-05-11T04:00,24.6,99,0.0,1003.4,4.3
2026-05-11T05:00,24.2,100,0.0,1003.7,3.0
2026-05-11T06:00,23.9,100,0.0,1003.9,2.2
2026-05-11T07:00,24.9,92,0.0,1003.5,8.0
2026-05-11T08:00,27.0,83,0.0,1004.1,4.8
2026-05-11T09:00,30.0,62,0.0,1005.2,8.4
2026-05-11T10:00,31.1,60,0.0,1005.6,6.9
2026-05-11T11:00,32.0,58,0.0,1005.5,5.2
2026-05-11T12:00,32.0,58,0.1,1005.5,9.5
2026-05-11T13:00,28.7,76,0.5,1006.1,8.1
2026-05-11T14:00,29.5,72,0.6,1005.0,3.2
2026-05-11T15:00,30.4,67,0.3,1003.9,1.7
2026-05-11T16:00,29.1,73,0.1,1003.9,8.9
2026-05-11T17:00,28.1,78,0.0,1003.7,4.8
2026-05-11T18:00,27.5,81,0.1,1003.7,2.8
2026-05-11T19:00,26.5,92,0.0,1003.9,4.7
2026-05-11T20:00,26.0,95,0.0,1004.3,2.1
2026-05-11T21:00,25.6,98,0.0,1004.9,1.1
2026-05-11T22:00,25.6,98,0.0,1005.4,2.5
2026-05-11T23:00,25.3,97,0.0,1005.7,2.8
2026-05-12T00:00,25.0,97,0.0,1005.7,1.7
2026-05-12T01:00,25.1,98,0.0,1005.7,3.6
2026-05-12T02:00,24.9,98,0.0,1005.3,3.2
2026-05-12T03:00,24.5,98,0.0,1004.5,3.9
2026-05-12T04:00,24.0,98,0.0,1004.2,5.0
2026-05-12T05:00,23.5,99,0.0,1004.4,5.0
2026-05-12T06:00,23.3,96,0.0,1005.2,5.1
2026-05-12T07:00,25.1,87,0.0,1005.6,5.9
2026-05-12T08:00,27.5,79,0.0,1006.8,4.2
2026-05-12T09:00,29.2,71,0.0,1006.9,2.5
2026-05-12T10:00,30.8,64,0.0,1007.1,7.2
2026-05-12T11:00,31.6,56,0.0,1006.9,8.1
2026-05-12T12:00,28.3,74,0.7,1007.2,9.9
2026-05-12T13:00,30.4,67,0.8,1005.8,9.5
2026-05-12T14:00,30.2,69,0.5,1004.4,8.6
2026-05-12T15:00,30.2,70,0.5,1003.5,7.1
2026-05-12T16:00,29.5,74,0.2,1003.1,9.7
2026-05-12T17:00,28.6,77,0.1,1003.2,10.4
2026-05-12T18:00,27.9,79,0.0,1004.2,9.7
2026-05-12T19:00,28.1,80,0.2,1004.1,5.7
2026-05-12T20:00,27.6,84,0.0,1005.0,3.2
2026-05-12T21:00,27.3,86,0.0,1005.8,3.0
2026-05-12T22:00,26.9,88,0.0,1006.3,3.1
2026-05-12T23:00,26.5,89,0.0,1006.4,4.1
2026-05-13T00:00,26.2,90,0.0,1006.0,5.9
2026-05-13T01:00,26.1,90,0.0,1005.6,3.0
2026-05-13T02:00,25.6,92,0.0,1005.0,4.0
2026-05-13T03:00,25.4,91,0.0,1004.4,4.0
2026-05-13T04:00,25.2,91,0.0,1004.2,3.1
2026-05-13T05:00,25.4,91,0.0,1004.1,1.9
2026-05-13T06:00,25.3,90,0.0,1004.4,2.4
2026-05-13T07:00,26.0,90,0.0,1005.9,4.8
2026-05-13T08:00,27.9,80,0.0,1006.2,3.3
2026-05-13T09:00,29.6,72,0.0,1006.6,2.4
2026-05-13T10:00,31.0,66,0.0,1006.2,0.6
2026-05-13T11:00,32.0,61,0.0,1005.7,2.7
2026-05-13T12:00,32.2,63,0.1,1005.2,6.8
2026-05-13T13:00,31.4,64,1.2,1005.4,9.9
2026-05-13T14:00,30.2,71,0.7,1004.9,8.5
2026-05-13T15:00,28.8,80,0.9,1004.5,3.1
2026-05-13T16:00,27.5,87,0.4,1003.7,8.1
2026-05-13T17:00,27.5,85,0.1,1003.3,8.3
2026-05-13T18:00,27.5,85,0.0,1003.1,7.8
2026-05-13T19:00,27.1,89,0.0,1003.8,4.3
2026-05-13T20:00,26.5,93,0.0,1004.6,0.5
2026-05-13T21:00,26.0,96,0.0,1005.1,1.9
2026-05-13T22:00,25.9,96,0.0,1005.8,1.2
2026-05-13T23:00,25.8,93,0.0,1005.4,6.7
2026-05-14T00:00,25.5,91,0.0,1005.2,2.8
2026-05-14T01:00,25.4,94,0.0,1004.8,1.3
2026-05-14T02:00,25.0,95,0.0,1004.1,3.5
2026-05-14T03:00,24.9,93,0.0,1003.4,5.5
2026-05-14T04:00,24.7,92,0.0,1003.0,5.6
2026-05-14T05:00,24.6,91,0.0,1003.0,5.2
2026-05-14T06:00,24.7,91,0.0,1003.5,3.6
2026-05-14T07:00,25.8,87,0.0,1004.5,4.4
2026-05-14T08:00,27.6,80,0.0,1005.2,1.8
2026-05-14T09:00,29.1,74,0.0,1005.6,1.5
2026-05-14T10:00,30.8,67,0.0,1005.4,4.3
2026-05-14T11:00,31.8,65,0.1,1005.4,5.4
2026-05-14T12:00,31.7,66,0.1,1005.1,5.3
2026-05-14T13:00,30.9,68,0.6,1005.5,7.2
2026-05-14T14:00,30.2,72,0.6,1004.5,4.0
2026-05-14T15:00,31.0,68,0.4,1003.0,5.0
2026-05-14T16:00,31.2,65,0.1,1002.4,6.5
2026-05-14T17:00,30.2,69,0.2,1002.0,9.7
2026-05-14T18:00,29.1,75,0.0,1002.2,10.3
2026-05-14T19:00,28.0,81,0.0,1003.6,6.5
2026-05-14T20:00,27.4,82,0.0,1003.8,3.7
2026-05-14T21:00,27.0,84,0.0,1004.1,0.6
2026-05-14T22:00,26.4,91,0.0,1005.1,1.7
2026-05-14T23:00,26.0,93,0.0,1005.1,1.8
2026-05-15T00:00,25.6,96,0.0,1005.2,1.3
2026-05-15T01:00,25.5,95,0.0,1005.4,4.2
2026-05-15T02:00,25.0,95,0.0,1004.7,5.4
2026-05-15T03:00,24.7,95,0.0,1003.5,3.5
2026-05-15T04:00,24.3,94,0.0,1003.3,5.4
2026-05-15T05:00,24.2,94,0.0,1003.3,2.9
2026-05-15T06:00,24.4,93,0.0,1003.7,2.2
2026-05-15T07:00,25.9,86,0.0,1004.8,4.8
2026-05-15T08:00,28.1,74,0.0,1005.3,4.6
2026-05-15T09:00,30.0,67,0.0,1005.0,3.0
2026-05-15T10:00,31.3,62,0.0,1005.0,2.7
2026-05-15T11:00,32.4,59,0.0,1004.9,4.6
2026-05-15T12:00,32.2,61,0.1,1004.5,7.2
2026-05-15T13:00,31.1,67,1.5,1005.3,10.1
2026-05-15T14:00,30.7,70,0.5,1004.4,8.2
2026-05-15T15:00,28.6,78,1.5,1003.9,6.3
2026-05-15T16:00,27.3,86,1.6,1003.9,1.0
2026-05-15T17:00,27.5,88,0.7,1003.2,2.5
2026-05-15T18:00,27.2,90,0.1,1003.2,2.5
2026-05-15T19:00,27.2,90,0.0,1004.0,2.8
2026-05-15T20:00,26.5,94,0.0,1004.2,1.1
2026-05-15T21:00,26.2,96,0.0,1004.9,0.7
2026-05-15T22:00,26.0,96,0.0,1005.4,3.6
2026-05-15T23:00,25.7,95,0.0,1005.6,3.5
2026-05-16T00:00,25.5,93,0.0,1005.3,4.8
2026-05-16T01:00,25.1,93,0.0,1005.4,5.7
2026-05-16T02:00,24.8,93,0.0,1004.8,4.5
2026-05-16T03:00,24.6,91,0.0,1003.9,4.1
2026-05-16T04:00,24.7,88,0.0,1003.3,4.0
2026-05-16T05:00,24.7,88,0.0,1003.2,2.8
2026-05-16T06:00,24.5,89,0.0,1003.8,1.9
2026-05-16T07:00,26.0,85,0.0,1004.4,4.3
2026-05-16T08:00,27.6,80,0.0,1004.9,1.9
2026-05-16T09:00,29.6,72,0.0,1005.5,3.0
2026-05-16T10:00,30.8,67,0.0,1005.5,4.1
2026-05-16T11:00,29.8,73,1.1,1005.5,9.9
2026-05-16T12:00,26.7,93,5.4,1006.0,10.2
2026-05-16T13:00,30.5,67,4.1,1005.6,3.6
2026-05-16T14:00,30.0,72,0.5,1004.4,5.8
2026-05-16T15:00,29.3,73,0.2,1003.3,7.1
2026-05-16T16:00,27.7,84,1.8,1003.4,4.7
2026-05-16T17:00,26.6,91,4.0,1003.3,3.5
2026-05-16T18:00,25.8,97,0.3,1003.6,6.2
2026-05-16T19:00,25.9,96,0.0,1003.7,1.7
2026-05-16T20:00,25.4,99,0.0,1004.3,2.7
2026-05-16T21:00,25.0,97,0.0,1004.7,5.6
2026-05-16T22:00,24.7,95,0.0,1004.5,4.6
2026-05-16T23:00,24.6,96,0.0,1004.8,1.0
2026-05-17T00:00,24.5,97,0.0,1005.0,0.5
2026-05-17T01:00,24.5,97,0.0,1006.0,1.0
2026-05-17T02:00,24.4,98,0.0,1005.2,2.7
2026-05-17T03:00,24.3,96,0.0,1004.2,3.8
2026-05-17T04:00,24.1,94,0.0,1003.5,5.6
2026-05-17T05:00,24.0,93,0.0,1003.1,5.8
2026-05-17T06:00,24.0,92,0.0,1003.6,0.8
2026-05-17T07:00,24.9,92,0.0,1003.7,4.6
2026-05-17T08:00,26.9,82,0.0,1004.7,1.3
2026-05-17T09:00,28.6,74,0.0,1005.5,3.0
2026-05-17T10:00,30.0,69,0.2,1005.7,2.6
2026-05-17T11:00,30.1,71,0.2,1005.7,5.2
2026-05-17T12:00,30.2,72,0.1,1005.2,7.1
2026-05-17T13:00,29.1,78,1.4,1005.7,7.9
2026-05-17T14:00,28.5,79,1.2,1004.9,8.1
2026-05-17T15:00,28.2,79,0.9,1004.1,7.6
2026-05-17T16:00,27.2,84,3.1,1004.0,3.2
2026-05-17T17:00,26.7,91,0.6,1003.2,4.0
2026-05-17T18:00,26.8,88,0.0,1003.1,3.5
2026-05-17T19:00,27.0,90,0.0,1004.0,3.4
2026-05-17T20:00,26.1,94,0.0,1004.5,6.8
2026-05-17T21:00,25.6,94,0.0,1005.0,7.6
2026-05-17T22:00,25.5,92,0.0,1005.1,6.2
2026-05-17T23:00,25.5,92,0.0,1004.6,6.2
2026-05-18T00:00,25.0,93,0.0,1004.5,3.6
2026-05-18T01:00,24.9,94,0.0,1005.3,2.6
2026-05-18T02:00,24.5,95,0.0,1004.9,4.2
2026-05-18T03:00,24.4,94,0.0,1004.3,5.6
2026-05-18T04:00,24.6,92,0.0,1003.9,7.1
2026-05-18T05:00,24.4,92,0.0,1003.7,5.4
2026-05-18T06:00,24.1,93,0.0,1003.9,4.7
2026-05-18T07:00,25.0,93,0.0,1004.4,3.6
2026-05-18T08:00,27.5,82,0.0,1005.2,2.9
2026-05-18T09:00,29.3,73,0.1,1005.6,2.2
2026-05-18T10:00,30.7,67,0.1,1005.6,4.5
2026-05-18T11:00,31.5,65,0.0,1005.7,7.5
2026-05-18T12:00,28.4,82,3.3,1005.8,13.4
2026-05-18T13:00,27.1,88,4.2,1006.2,6.9
2026-05-18T14:00,28.6,80,0.7,1005.3,6.1
2026-05-18T15:00,29.5,78,0.7,1003.6,7.4
2026-05-18T16:00,29.5,75,0.4,1002.4,6.1
2026-05-18T17:00,29.5,73,0.1,1001.8,5.3
2026-05-18T18:00,28.6,77,0.0,1002.1,5.2
2026-05-18T19:00,27.7,88,0.0,1002.6,1.5
2026-05-18T20:00,26.9,93,0.0,1003.3,0.7
2026-05-18T21:00,26.5,96,0.0,1004.3,0.7
2026-05-18T22:00,26.1,97,0.0,1004.8,2.4
2026-05-18T23:00,26.0,97,0.0,1005.0,5.0
2026-05-19T00:00,25.8,95,0.0,1005.0,5.9
2026-05-19T01:00,25.8,96,0.0,1005.0,3.4
2026-05-19T02:00,25.4,96,0.0,1004.4,4.2
2026-05-19T03:00,25.4,94,0.0,1003.6,4.9
2026-05-19T04:00,25.3,93,0.0,1003.2,4.9
2026-05-19T05:00,25.1,93,0.0,1003.0,3.1
2026-05-19T06:00,25.0,93,0.0,1003.3,4.6
2026-05-19T07:00,26.5,91,0.0,1004.4,4.7
2026-05-19T08:00,28.1,84,0.0,1004.7,3.8
2026-05-19T09:00,29.0,80,0.0,1004.8,6.2
2026-05-19T10:00,29.9,76,0.0,1004.8,6.4
2026-05-19T11:00,30.6,72,0.0,1004.9,9.5
2026-05-19T12:00,30.6,71,0.1,1004.5,11.2
2026-05-19T13:00,30.4,73,0.1,1004.7,12.1
2026-05-19T14:00,30.7,73,0.0,1003.1,8.6
2026-05-19T15:00,31.2,71,0.0,1001.6,7.2
2026-05-19T16:00,31.0,70,0.0,1000.9,8.4
2026-05-19T17:00,29.6,77,0.0,1000.8,10.8
2026-05-19T18:00,28.7,81,0.0,1001.1,8.9
2026-05-19T19:00,28.4,83,0.0,1002.4,7.6
2026-05-19T20:00,28.1,85,0.0,1002.6,5.6
2026-05-19T21:00,27.8,89,0.0,1003.1,2.4
2026-05-19T22:00,27.5,90,0.0,1003.2,1.0
2026-05-19T23:00,27.0,92,0.0,1003.4,1.0
2026-05-20T00:00,26.5,94,0.0,1003.3,1.3
2026-05-20T01:00,26.2,94,0.0,1003.6,0.8
2026-05-20T02:00,26.0,93,0.0,1002.9,3.1
2026-05-20T03:00,25.9,91,0.0,1002.5,4.9
2026-05-20T04:00,25.6,91,0.0,1002.1,3.4
2026-05-20T05:00,25.6,90,0.0,1002.3,2.8
2026-05-20T06:00,25.6,90,0.0,1002.5,3.1
2026-05-20T07:00,25.9,90,0.0,1004.1,7.5
2026-05-20T08:00,26.6,85,0.0,1003.9,7.8
2026-05-20T09:00,28.3,79,0.0,1004.4,5.6
2026-05-20T10:00,29.6,73,0.0,1004.8,6.2
2026-05-20T11:00,29.2,77,0.3,1004.2,4.1
2026-05-20T12:00,28.8,78,0.4,1004.4,7.0
2026-05-20T13:00,28.4,78,0.7,1004.7,7.2
2026-05-20T14:00,27.2,88,6.7,1004.3,8.9
2026-05-20T15:00,26.8,92,1.7,1003.7,6.5
2026-05-20T16:00,26.5,93,1.0,1002.7,5.7
2026-05-20T17:00,26.9,91,0.3,1001.8,3.3
2026-05-20T18:00,27.0,92,0.0,1001.9,6.3
2026-05-20T19:00,27.7,88,0.0,1002.9,2.3
2026-05-20T20:00,27.0,92,0.0,1003.4,4.6
2026-05-20T21:00,26.6,93,0.0,1003.7,4.9
2026-05-20T22:00,26.1,93,0.0,1003.8,2.8
2026-05-20T23:00,25.8,95,0.0,1003.8,4.8
2026-05-21T00:00,25.5,98,0.0,1003.6,5.7
2026-05-21T01:00,25.5,94,0.0,1003.8,5.7
2026-05-21T02:00,25.2,96,0.0,1003.1,2.9
2026-05-21T03:00,25.0,97,0.0,1002.5,0.8
2026-05-21T04:00,24.8,98,0.0,1002.6,2.2
2026-05-21T05:00,24.8,98,0.0,1002.9,4.4
2026-05-21T06:00,24.3,97,0.0,1003.5,6.0
2026-05-21T07:00,25.6,90,0.0,1004.2,7.3
2026-05-21T08:00,27.8,82,0.0,1005.0,5.6
2026-05-21T09:00,29.4,78,0.0,1005.5,8.3
2026-05-21T10:00,30.9,66,0.0,1005.0,4.9
2026-05-21T11:00,32.0,60,0.0,1004.2,1.8
2026-05-21T12:00,32.6,59,0.0,1003.1,3.8
2026-05-21T13:00,31.8,66,0.0,1003.8,10.3
2026-05-21T14:00,30.6,72,0.7,1003.4,10.9
2026-05-21T15:00,30.4,74,0.2,1002.9,9.6
2026-05-21T16:00,28.8,79,0.8,1002.6,8.4
2026-05-21T17:00,27.1,91,1.9,1002.8,5.8
2026-05-21T18:00,26.1,95,0.5,1003.1,9.2
2026-05-21T19:00,26.0,97,0.0,1003.9,5.8
2026-05-21T20:00,25.9,99,0.2,1004.1,0.7
2026-05-21T21:00,25.9,99,0.0,1004.8,1.3
2026-05-21T22:00,25.7,99,0.0,1005.7,1.1
2026-05-21T23:00,25.5,100,0.0,1005.7,6.2
2026-05-22T00:00,25.2,99,0.0,1005.0,6.5
2026-05-22T01:00,25.2,99,0.0,1004.9,1.3
2026-05-22T02:00,25.1,99,0.0,1004.0,3.7
2026-05-22T03:00,25.2,99,0.0,1004.0,1.6
2026-05-22T04:00,24.9,99,0.0,1004.2,5.2
2026-05-22T05:00,24.6,99,0.1,1003.7,1.0
2026-05-22T06:00,24.6,99,0.1,1003.6,2.7
2026-05-22T07:00,25.0,98,0.0,1005.4,4.4
2026-05-22T08:00,25.3,98,0.6,1006.2,2.1
2026-05-22T09:00,26.1,91,0.1,1006.1,3.2
2026-05-22T10:00,27.5,83,0.1,1005.3,3.0
2026-05-22T11:00,29.0,74,0.0,1005.0,4.5
2026-05-22T12:00,29.4,75,0.1,1004.8,10.6
2026-05-22T13:00,30.5,72,0.1,1004.6,11.7
2026-05-22T14:00,29.6,73,0.0,1004.0,13.5
2026-05-22T15:00,29.9,72,0.1,1003.2,8.9
2026-05-22T16:00,28.9,78,0.2,1002.6,8.1
2026-05-22T17:00,28.4,80,0.1,1002.8,10.7
2026-05-22T18:00,28.0,82,0.1,1003.1,6.5
2026-05-22T19:00,26.5,96,0.1,1004.8,1.5
2026-05-22T20:00,26.0,98,0.0,1005.6,6.6
2026-05-22T21:00,25.4,97,0.0,1006.4,6.1
2026-05-22T22:00,25.0,97,0.0,1005.5,2.4
2026-05-22T23:00,24.8,99,0.0,1005.6,2.8
